[2025-07-29T00:07:34.112Z] [INFO] Health check solicitado
[2025-07-29T00:08:17.520Z] [INFO] Health check solicitado
[2025-07-29T00:08:26.239Z] [INFO] [7c5907c5-29ea-49c7-9ea7-d89624c93ae5] Iniciando render parametrizado
[2025-07-29T00:08:26.240Z] [DEBUG] [7c5907c5-29ea-49c7-9ea7-d89624c93ae5] 🔍 DEBUG - audioFile: {"fieldname":"audio","originalname":"sample_audio3.wav","encoding":"7bit","mimetype":"audio/wav","destination":"C:\\Users\\Denys Victoriano\\Documents\\GitHub\\clone\\zentraw\\Zentraw\\3d_visualizer\\uploads","filename":"1753747706209_audio.wav","path":"C:\\Users\\Denys Victoriano\\Documents\\GitHub\\clone\\zentraw\\Zentraw\\3d_visualizer\\uploads\\1753747706209_audio.wav","size":909502}
[2025-07-29T00:08:26.241Z] [DEBUG] [7c5907c5-29ea-49c7-9ea7-d89624c93ae5] 🔍 DEBUG - imageFile: {"fieldname":"image","originalname":"cover_spotify.png","encoding":"7bit","mimetype":"image/png","destination":"C:\\Users\\Denys Victoriano\\Documents\\GitHub\\clone\\zentraw\\Zentraw\\3d_visualizer\\uploads","filename":"1753747706214_image.png","path":"C:\\Users\\Denys Victoriano\\Documents\\GitHub\\clone\\zentraw\\Zentraw\\3d_visualizer\\uploads\\1753747706214_image.png","size":6594976}
[2025-07-29T00:08:26.355Z] [INFO] [7c5907c5-29ea-49c7-9ea7-d89624c93ae5] Executando Blender: C:\Program Files\Blender Foundation\Blender 4.5\blender.exe C:\Users\Denys Victoriano\Documents\GitHub\clone\zentraw\Zentraw\3d_visualizer\Blender\template.blend --background --python C:\Users\Denys Victoriano\Documents\GitHub\clone\zentraw\Zentraw\3d_visualizer\Blender\render_audio_visualizer_v1.4.0.a.8.2.py -- C:\Users\Denys Victoriano\Documents\GitHub\clone\zentraw\Zentraw\3d_visualizer\uploads\1753747706209_audio.wav C:\Users\Denys Victoriano\Documents\GitHub\clone\zentraw\Zentraw\3d_visualizer\uploads\1753747706214_image.png C:\Users\Denys Victoriano\Documents\GitHub\clone\zentraw\Zentraw\3d_visualizer\outputs\output_v1.4.0.a.8.mp4 C:\Users\Denys Victoriano\Documents\GitHub\clone\zentraw\Zentraw\3d_visualizer\temp\config_7c5907c5-29ea-49c7-9ea7-d89624c93ae5.json
[2025-07-29T00:08:29.751Z] [DEBUG] [7c5907c5-29ea-49c7-9ea7-d89624c93ae5] Blender Output: Blender 4.5.0 (hash 8cb6b388974a built 2025-07-15 01:36:24)
Read blend: "C:\Users\Denys Victoriano\Documents\GitHub\clone\zentraw\Zentraw\3d_visualizer\Blender\template.blend"
Fra:1 Mem:119.40M (Peak 132.71M) | Time:00:00.58 | Rendering 1 / 64 samples

[2025-07-29T00:08:29.899Z] [DEBUG] [7c5907c5-29ea-49c7-9ea7-d89624c93ae5] Blender Output: Fra:1 Mem:119.72M (Peak 132.71M) | Time:00:00.73 | Rendering 25 / 64 samples

[2025-07-29T00:08:30.034Z] [DEBUG] [7c5907c5-29ea-49c7-9ea7-d89624c93ae5] Blender Output: Fra:1 Mem:119.72M (Peak 132.71M) | Time:00:00.87 | Rendering 50 / 64 samples

[2025-07-29T00:08:30.108Z] [DEBUG] [7c5907c5-29ea-49c7-9ea7-d89624c93ae5] Blender Output: Fra:1 Mem:119.72M (Peak 132.71M) | Time:00:00.94 | Rendering 64 / 64 samples

[2025-07-29T00:08:30.390Z] [DEBUG] [7c5907c5-29ea-49c7-9ea7-d89624c93ae5] Blender Output: Append frame 1
Time: 00:01.22 (Saving: 00:00.23)


[2025-07-29T00:08:30.436Z] [DEBUG] [7c5907c5-29ea-49c7-9ea7-d89624c93ae5] Blender Output: Fra:2 Mem:119.86M (Peak 151.36M) | Time:00:00.04 | Rendering 1 / 64 samples

[2025-07-29T00:08:30.589Z] [DEBUG] [7c5907c5-29ea-49c7-9ea7-d89624c93ae5] Blender Output: Fra:2 Mem:119.91M (Peak 151.36M) | Time:00:00.19 | Rendering 25 / 64 samples

[2025-07-29T00:08:30.744Z] [DEBUG] [7c5907c5-29ea-49c7-9ea7-d89624c93ae5] Blender Output: Fra:2 Mem:119.91M (Peak 151.36M) | Time:00:00.35 | Rendering 50 / 64 samples

[2025-07-29T00:08:30.830Z] [DEBUG] [7c5907c5-29ea-49c7-9ea7-d89624c93ae5] Blender Output: Fra:2 Mem:119.91M (Peak 151.36M) | Time:00:00.43 | Rendering 64 / 64 samples

[2025-07-29T00:08:30.912Z] [DEBUG] [7c5907c5-29ea-49c7-9ea7-d89624c93ae5] Blender Output: Append frame 2
Time: 00:00.52 (Saving: 00:00.03)


[2025-07-29T00:08:30.947Z] [DEBUG] [7c5907c5-29ea-49c7-9ea7-d89624c93ae5] Blender Output: Fra:3 Mem:119.91M (Peak 151.55M) | Time:00:00.03 | Rendering 1 / 64 samples

[2025-07-29T00:08:31.099Z] [DEBUG] [7c5907c5-29ea-49c7-9ea7-d89624c93ae5] Blender Output: Fra:3 Mem:119.91M (Peak 151.55M) | Time:00:00.18 | Rendering 25 / 64 samples

[2025-07-29T00:08:31.255Z] [DEBUG] [7c5907c5-29ea-49c7-9ea7-d89624c93ae5] Blender Output: Fra:3 Mem:119.91M (Peak 151.55M) | Time:00:00.34 | Rendering 50 / 64 samples

[2025-07-29T00:08:31.342Z] [DEBUG] [7c5907c5-29ea-49c7-9ea7-d89624c93ae5] Blender Output: Fra:3 Mem:119.91M (Peak 151.55M) | Time:00:00.42 | Rendering 64 / 64 samples

[2025-07-29T00:08:31.421Z] [DEBUG] [7c5907c5-29ea-49c7-9ea7-d89624c93ae5] Blender Output: Append frame 3
Time: 00:00.50 (Saving: 00:00.03)


[2025-07-29T00:08:31.458Z] [DEBUG] [7c5907c5-29ea-49c7-9ea7-d89624c93ae5] Blender Output: Fra:4 Mem:119.91M (Peak 151.55M) | Time:00:00.03 | Rendering 1 / 64 samples

[2025-07-29T00:08:31.609Z] [DEBUG] [7c5907c5-29ea-49c7-9ea7-d89624c93ae5] Blender Output: Fra:4 Mem:119.91M (Peak 151.55M) | Time:00:00.18 | Rendering 25 / 64 samples

[2025-07-29T00:08:31.762Z] [DEBUG] [7c5907c5-29ea-49c7-9ea7-d89624c93ae5] Blender Output: Fra:4 Mem:119.91M (Peak 151.55M) | Time:00:00.34 | Rendering 50 / 64 samples

[2025-07-29T00:08:31.848Z] [DEBUG] [7c5907c5-29ea-49c7-9ea7-d89624c93ae5] Blender Output: Fra:4 Mem:119.91M (Peak 151.55M) | Time:00:00.42 | Rendering 64 / 64 samples

[2025-07-29T00:08:31.927Z] [DEBUG] [7c5907c5-29ea-49c7-9ea7-d89624c93ae5] Blender Output: Append frame 4
Time: 00:00.50 (Saving: 00:00.03)


[2025-07-29T00:08:31.963Z] [DEBUG] [7c5907c5-29ea-49c7-9ea7-d89624c93ae5] Blender Output: Fra:5 Mem:119.91M (Peak 151.55M) | Time:00:00.03 | Rendering 1 / 64 samples

[2025-07-29T00:08:32.117Z] [DEBUG] [7c5907c5-29ea-49c7-9ea7-d89624c93ae5] Blender Output: Fra:5 Mem:119.91M (Peak 151.55M) | Time:00:00.19 | Rendering 25 / 64 samples

[2025-07-29T00:08:32.275Z] [DEBUG] [7c5907c5-29ea-49c7-9ea7-d89624c93ae5] Blender Output: Fra:5 Mem:119.91M (Peak 151.55M) | Time:00:00.34 | Rendering 50 / 64 samples

[2025-07-29T00:08:32.362Z] [DEBUG] [7c5907c5-29ea-49c7-9ea7-d89624c93ae5] Blender Output: Fra:5 Mem:119.91M (Peak 151.55M) | Time:00:00.43 | Rendering 64 / 64 samples

[2025-07-29T00:08:32.440Z] [DEBUG] [7c5907c5-29ea-49c7-9ea7-d89624c93ae5] Blender Output: Append frame 5
Time: 00:00.51 (Saving: 00:00.03)


[2025-07-29T00:08:32.476Z] [DEBUG] [7c5907c5-29ea-49c7-9ea7-d89624c93ae5] Blender Output: Fra:6 Mem:119.91M (Peak 151.55M) | Time:00:00.03 | Rendering 1 / 64 samples

[2025-07-29T00:08:32.632Z] [DEBUG] [7c5907c5-29ea-49c7-9ea7-d89624c93ae5] Blender Output: Fra:6 Mem:119.91M (Peak 151.55M) | Time:00:00.19 | Rendering 25 / 64 samples

[2025-07-29T00:08:32.792Z] [DEBUG] [7c5907c5-29ea-49c7-9ea7-d89624c93ae5] Blender Output: Fra:6 Mem:119.91M (Peak 151.55M) | Time:00:00.35 | Rendering 50 / 64 samples

[2025-07-29T00:08:32.882Z] [DEBUG] [7c5907c5-29ea-49c7-9ea7-d89624c93ae5] Blender Output: Fra:6 Mem:119.91M (Peak 151.55M) | Time:00:00.44 | Rendering 64 / 64 samples

[2025-07-29T00:08:32.959Z] [DEBUG] [7c5907c5-29ea-49c7-9ea7-d89624c93ae5] Blender Output: Append frame 6
Time: 00:00.51 (Saving: 00:00.03)


[2025-07-29T00:08:32.996Z] [DEBUG] [7c5907c5-29ea-49c7-9ea7-d89624c93ae5] Blender Output: Fra:7 Mem:119.91M (Peak 151.55M) | Time:00:00.03 | Rendering 1 / 64 samples

[2025-07-29T00:08:33.148Z] [DEBUG] [7c5907c5-29ea-49c7-9ea7-d89624c93ae5] Blender Output: Fra:7 Mem:119.91M (Peak 151.55M) | Time:00:00.18 | Rendering 25 / 64 samples

[2025-07-29T00:08:33.301Z] [DEBUG] [7c5907c5-29ea-49c7-9ea7-d89624c93ae5] Blender Output: Fra:7 Mem:119.91M (Peak 151.55M) | Time:00:00.34 | Rendering 50 / 64 samples

[2025-07-29T00:08:33.388Z] [DEBUG] [7c5907c5-29ea-49c7-9ea7-d89624c93ae5] Blender Output: Fra:7 Mem:119.91M (Peak 151.55M) | Time:00:00.42 | Rendering 64 / 64 samples

[2025-07-29T00:08:33.466Z] [DEBUG] [7c5907c5-29ea-49c7-9ea7-d89624c93ae5] Blender Output: Append frame 7
Time: 00:00.50 (Saving: 00:00.03)


[2025-07-29T00:08:33.503Z] [DEBUG] [7c5907c5-29ea-49c7-9ea7-d89624c93ae5] Blender Output: Fra:8 Mem:119.91M (Peak 151.55M) | Time:00:00.03 | Rendering 1 / 64 samples

[2025-07-29T00:08:33.659Z] [DEBUG] [7c5907c5-29ea-49c7-9ea7-d89624c93ae5] Blender Output: Fra:8 Mem:119.91M (Peak 151.55M) | Time:00:00.19 | Rendering 25 / 64 samples

[2025-07-29T00:08:33.821Z] [DEBUG] [7c5907c5-29ea-49c7-9ea7-d89624c93ae5] Blender Output: Fra:8 Mem:119.91M (Peak 151.55M) | Time:00:00.35 | Rendering 50 / 64 samples

[2025-07-29T00:08:33.911Z] [DEBUG] [7c5907c5-29ea-49c7-9ea7-d89624c93ae5] Blender Output: Fra:8 Mem:119.91M (Peak 151.55M) | Time:00:00.44 | Rendering 64 / 64 samples

[2025-07-29T00:08:33.990Z] [DEBUG] [7c5907c5-29ea-49c7-9ea7-d89624c93ae5] Blender Output: Append frame 8
Time: 00:00.52 (Saving: 00:00.03)


[2025-07-29T00:08:34.030Z] [DEBUG] [7c5907c5-29ea-49c7-9ea7-d89624c93ae5] Blender Output: Fra:9 Mem:119.91M (Peak 151.55M) | Time:00:00.04 | Rendering 1 / 64 samples

[2025-07-29T00:08:34.188Z] [DEBUG] [7c5907c5-29ea-49c7-9ea7-d89624c93ae5] Blender Output: Fra:9 Mem:119.91M (Peak 151.55M) | Time:00:00.19 | Rendering 25 / 64 samples

[2025-07-29T00:08:34.349Z] [DEBUG] [7c5907c5-29ea-49c7-9ea7-d89624c93ae5] Blender Output: Fra:9 Mem:119.91M (Peak 151.55M) | Time:00:00.35 | Rendering 50 / 64 samples

[2025-07-29T00:08:34.441Z] [DEBUG] [7c5907c5-29ea-49c7-9ea7-d89624c93ae5] Blender Output: Fra:9 Mem:119.91M (Peak 151.55M) | Time:00:00.45 | Rendering 64 / 64 samples

[2025-07-29T00:08:34.522Z] [DEBUG] [7c5907c5-29ea-49c7-9ea7-d89624c93ae5] Blender Output: Append frame 9
Time: 00:00.53 (Saving: 00:00.03)


[2025-07-29T00:08:34.559Z] [DEBUG] [7c5907c5-29ea-49c7-9ea7-d89624c93ae5] Blender Output: Fra:10 Mem:119.91M (Peak 151.55M) | Time:00:00.03 | Rendering 1 / 64 samples

[2025-07-29T00:08:34.715Z] [DEBUG] [7c5907c5-29ea-49c7-9ea7-d89624c93ae5] Blender Output: Fra:10 Mem:119.91M (Peak 151.55M) | Time:00:00.19 | Rendering 25 / 64 samples

[2025-07-29T00:08:34.873Z] [DEBUG] [7c5907c5-29ea-49c7-9ea7-d89624c93ae5] Blender Output: Fra:10 Mem:119.91M (Peak 151.55M) | Time:00:00.35 | Rendering 50 / 64 samples

[2025-07-29T00:08:34.960Z] [DEBUG] [7c5907c5-29ea-49c7-9ea7-d89624c93ae5] Blender Output: Fra:10 Mem:119.91M (Peak 151.55M) | Time:00:00.43 | Rendering 64 / 64 samples

[2025-07-29T00:08:35.046Z] [DEBUG] [7c5907c5-29ea-49c7-9ea7-d89624c93ae5] Blender Output: Append frame 10
Time: 00:00.52 (Saving: 00:00.03)


[2025-07-29T00:08:35.082Z] [DEBUG] [7c5907c5-29ea-49c7-9ea7-d89624c93ae5] Blender Output: Fra:11 Mem:119.91M (Peak 151.55M) | Time:00:00.03 | Rendering 1 / 64 samples

[2025-07-29T00:08:35.237Z] [DEBUG] [7c5907c5-29ea-49c7-9ea7-d89624c93ae5] Blender Output: Fra:11 Mem:119.91M (Peak 151.55M) | Time:00:00.19 | Rendering 25 / 64 samples

[2025-07-29T00:08:35.399Z] [DEBUG] [7c5907c5-29ea-49c7-9ea7-d89624c93ae5] Blender Output: Fra:11 Mem:119.91M (Peak 151.55M) | Time:00:00.35 | Rendering 50 / 64 samples

[2025-07-29T00:08:35.487Z] [DEBUG] [7c5907c5-29ea-49c7-9ea7-d89624c93ae5] Blender Output: Fra:11 Mem:119.91M (Peak 151.55M) | Time:00:00.44 | Rendering 64 / 64 samples

[2025-07-29T00:08:35.565Z] [DEBUG] [7c5907c5-29ea-49c7-9ea7-d89624c93ae5] Blender Output: Append frame 11
Time: 00:00.51 (Saving: 00:00.03)


[2025-07-29T00:08:35.602Z] [DEBUG] [7c5907c5-29ea-49c7-9ea7-d89624c93ae5] Blender Output: Fra:12 Mem:119.91M (Peak 151.55M) | Time:00:00.03 | Rendering 1 / 64 samples

[2025-07-29T00:08:35.753Z] [DEBUG] [7c5907c5-29ea-49c7-9ea7-d89624c93ae5] Blender Output: Fra:12 Mem:119.91M (Peak 151.55M) | Time:00:00.18 | Rendering 25 / 64 samples

[2025-07-29T00:08:35.908Z] [DEBUG] [7c5907c5-29ea-49c7-9ea7-d89624c93ae5] Blender Output: Fra:12 Mem:119.91M (Peak 151.55M) | Time:00:00.34 | Rendering 50 / 64 samples

[2025-07-29T00:08:35.995Z] [DEBUG] [7c5907c5-29ea-49c7-9ea7-d89624c93ae5] Blender Output: Fra:12 Mem:119.91M (Peak 151.55M) | Time:00:00.43 | Rendering 64 / 64 samples

[2025-07-29T00:08:36.075Z] [DEBUG] [7c5907c5-29ea-49c7-9ea7-d89624c93ae5] Blender Output: Append frame 12
Time: 00:00.50 (Saving: 00:00.03)


[2025-07-29T00:08:36.111Z] [DEBUG] [7c5907c5-29ea-49c7-9ea7-d89624c93ae5] Blender Output: Fra:13 Mem:119.91M (Peak 151.55M) | Time:00:00.03 | Rendering 1 / 64 samples

[2025-07-29T00:08:36.262Z] [DEBUG] [7c5907c5-29ea-49c7-9ea7-d89624c93ae5] Blender Output: Fra:13 Mem:119.91M (Peak 151.55M) | Time:00:00.18 | Rendering 25 / 64 samples

[2025-07-29T00:08:36.416Z] [DEBUG] [7c5907c5-29ea-49c7-9ea7-d89624c93ae5] Blender Output: Fra:13 Mem:119.91M (Peak 151.55M) | Time:00:00.34 | Rendering 50 / 64 samples

[2025-07-29T00:08:36.505Z] [DEBUG] [7c5907c5-29ea-49c7-9ea7-d89624c93ae5] Blender Output: Fra:13 Mem:119.91M (Peak 151.55M) | Time:00:00.43 | Rendering 64 / 64 samples

[2025-07-29T00:08:36.584Z] [DEBUG] [7c5907c5-29ea-49c7-9ea7-d89624c93ae5] Blender Output: Append frame 13
Time: 00:00.50 (Saving: 00:00.03)


[2025-07-29T00:08:36.620Z] [DEBUG] [7c5907c5-29ea-49c7-9ea7-d89624c93ae5] Blender Output: Fra:14 Mem:119.91M (Peak 151.55M) | Time:00:00.03 | Rendering 1 / 64 samples

[2025-07-29T00:08:36.770Z] [DEBUG] [7c5907c5-29ea-49c7-9ea7-d89624c93ae5] Blender Output: Fra:14 Mem:119.91M (Peak 151.55M) | Time:00:00.18 | Rendering 25 / 64 samples

[2025-07-29T00:08:36.922Z] [DEBUG] [7c5907c5-29ea-49c7-9ea7-d89624c93ae5] Blender Output: Fra:14 Mem:119.91M (Peak 151.55M) | Time:00:00.33 | Rendering 50 / 64 samples

[2025-07-29T00:08:37.010Z] [DEBUG] [7c5907c5-29ea-49c7-9ea7-d89624c93ae5] Blender Output: Fra:14 Mem:119.91M (Peak 151.55M) | Time:00:00.42 | Rendering 64 / 64 samples

[2025-07-29T00:08:37.087Z] [DEBUG] [7c5907c5-29ea-49c7-9ea7-d89624c93ae5] Blender Output: Append frame 14
Time: 00:00.50 (Saving: 00:00.03)


[2025-07-29T00:08:37.136Z] [DEBUG] [7c5907c5-29ea-49c7-9ea7-d89624c93ae5] Blender Output: Fra:15 Mem:119.91M (Peak 151.55M) | Time:00:00.04 | Rendering 1 / 64 samples

[2025-07-29T00:08:37.293Z] [DEBUG] [7c5907c5-29ea-49c7-9ea7-d89624c93ae5] Blender Output: Fra:15 Mem:119.91M (Peak 151.55M) | Time:00:00.20 | Rendering 25 / 64 samples

[2025-07-29T00:08:37.456Z] [DEBUG] [7c5907c5-29ea-49c7-9ea7-d89624c93ae5] Blender Output: Fra:15 Mem:119.91M (Peak 151.55M) | Time:00:00.36 | Rendering 50 / 64 samples

[2025-07-29T00:08:37.549Z] [DEBUG] [7c5907c5-29ea-49c7-9ea7-d89624c93ae5] Blender Output: Fra:15 Mem:119.91M (Peak 151.55M) | Time:00:00.46 | Rendering 64 / 64 samples

[2025-07-29T00:08:37.625Z] [DEBUG] [7c5907c5-29ea-49c7-9ea7-d89624c93ae5] Blender Output: Append frame 15
Time: 00:00.53 (Saving: 00:00.03)


[2025-07-29T00:08:37.663Z] [DEBUG] [7c5907c5-29ea-49c7-9ea7-d89624c93ae5] Blender Output: Fra:16 Mem:119.91M (Peak 151.55M) | Time:00:00.03 | Rendering 1 / 64 samples

[2025-07-29T00:08:37.819Z] [DEBUG] [7c5907c5-29ea-49c7-9ea7-d89624c93ae5] Blender Output: Fra:16 Mem:119.91M (Peak 151.55M) | Time:00:00.19 | Rendering 25 / 64 samples

[2025-07-29T00:08:37.979Z] [DEBUG] [7c5907c5-29ea-49c7-9ea7-d89624c93ae5] Blender Output: Fra:16 Mem:119.91M (Peak 151.55M) | Time:00:00.35 | Rendering 50 / 64 samples

[2025-07-29T00:08:38.067Z] [DEBUG] [7c5907c5-29ea-49c7-9ea7-d89624c93ae5] Blender Output: Fra:16 Mem:119.91M (Peak 151.55M) | Time:00:00.44 | Rendering 64 / 64 samples

[2025-07-29T00:08:38.146Z] [DEBUG] [7c5907c5-29ea-49c7-9ea7-d89624c93ae5] Blender Output: Append frame 16
Time: 00:00.52 (Saving: 00:00.03)


[2025-07-29T00:08:38.183Z] [DEBUG] [7c5907c5-29ea-49c7-9ea7-d89624c93ae5] Blender Output: Fra:17 Mem:119.91M (Peak 151.55M) | Time:00:00.03 | Rendering 1 / 64 samples

[2025-07-29T00:08:38.336Z] [DEBUG] [7c5907c5-29ea-49c7-9ea7-d89624c93ae5] Blender Output: Fra:17 Mem:119.91M (Peak 151.55M) | Time:00:00.19 | Rendering 25 / 64 samples

[2025-07-29T00:08:38.496Z] [DEBUG] [7c5907c5-29ea-49c7-9ea7-d89624c93ae5] Blender Output: Fra:17 Mem:119.91M (Peak 151.55M) | Time:00:00.34 | Rendering 50 / 64 samples

[2025-07-29T00:08:38.582Z] [DEBUG] [7c5907c5-29ea-49c7-9ea7-d89624c93ae5] Blender Output: Fra:17 Mem:119.91M (Peak 151.55M) | Time:00:00.43 | Rendering 64 / 64 samples

[2025-07-29T00:08:38.662Z] [DEBUG] [7c5907c5-29ea-49c7-9ea7-d89624c93ae5] Blender Output: Append frame 17
Time: 00:00.51 (Saving: 00:00.03)


[2025-07-29T00:08:38.700Z] [DEBUG] [7c5907c5-29ea-49c7-9ea7-d89624c93ae5] Blender Output: Fra:18 Mem:119.91M (Peak 151.55M) | Time:00:00.03 | Rendering 1 / 64 samples

[2025-07-29T00:08:38.851Z] [DEBUG] [7c5907c5-29ea-49c7-9ea7-d89624c93ae5] Blender Output: Fra:18 Mem:119.91M (Peak 151.55M) | Time:00:00.18 | Rendering 25 / 64 samples

[2025-07-29T00:08:39.008Z] [DEBUG] [7c5907c5-29ea-49c7-9ea7-d89624c93ae5] Blender Output: Fra:18 Mem:119.91M (Peak 151.55M) | Time:00:00.34 | Rendering 50 / 64 samples

[2025-07-29T00:08:39.098Z] [DEBUG] [7c5907c5-29ea-49c7-9ea7-d89624c93ae5] Blender Output: Fra:18 Mem:119.91M (Peak 151.55M) | Time:00:00.43 | Rendering 64 / 64 samples

[2025-07-29T00:08:39.177Z] [DEBUG] [7c5907c5-29ea-49c7-9ea7-d89624c93ae5] Blender Output: Append frame 18
Time: 00:00.51 (Saving: 00:00.03)


[2025-07-29T00:08:39.213Z] [DEBUG] [7c5907c5-29ea-49c7-9ea7-d89624c93ae5] Blender Output: Fra:19 Mem:119.91M (Peak 151.55M) | Time:00:00.03 | Rendering 1 / 64 samples

[2025-07-29T00:08:39.364Z] [DEBUG] [7c5907c5-29ea-49c7-9ea7-d89624c93ae5] Blender Output: Fra:19 Mem:119.91M (Peak 151.55M) | Time:00:00.18 | Rendering 25 / 64 samples

[2025-07-29T00:08:39.518Z] [DEBUG] [7c5907c5-29ea-49c7-9ea7-d89624c93ae5] Blender Output: Fra:19 Mem:119.91M (Peak 151.55M) | Time:00:00.34 | Rendering 50 / 64 samples

[2025-07-29T00:08:39.604Z] [DEBUG] [7c5907c5-29ea-49c7-9ea7-d89624c93ae5] Blender Output: Fra:19 Mem:119.91M (Peak 151.55M) | Time:00:00.42 | Rendering 64 / 64 samples

[2025-07-29T00:08:39.685Z] [DEBUG] [7c5907c5-29ea-49c7-9ea7-d89624c93ae5] Blender Output: Append frame 19
Time: 00:00.50 (Saving: 00:00.03)


[2025-07-29T00:08:39.721Z] [DEBUG] [7c5907c5-29ea-49c7-9ea7-d89624c93ae5] Blender Output: Fra:20 Mem:119.91M (Peak 151.55M) | Time:00:00.03 | Rendering 1 / 64 samples

[2025-07-29T00:08:39.871Z] [DEBUG] [7c5907c5-29ea-49c7-9ea7-d89624c93ae5] Blender Output: Fra:20 Mem:119.91M (Peak 151.55M) | Time:00:00.18 | Rendering 25 / 64 samples

[2025-07-29T00:08:40.023Z] [DEBUG] [7c5907c5-29ea-49c7-9ea7-d89624c93ae5] Blender Output: Fra:20 Mem:119.91M (Peak 151.55M) | Time:00:00.33 | Rendering 50 / 64 samples

[2025-07-29T00:08:40.112Z] [DEBUG] [7c5907c5-29ea-49c7-9ea7-d89624c93ae5] Blender Output: Fra:20 Mem:119.91M (Peak 151.55M) | Time:00:00.42 | Rendering 64 / 64 samples

[2025-07-29T00:08:40.189Z] [DEBUG] [7c5907c5-29ea-49c7-9ea7-d89624c93ae5] Blender Output: Append frame 20
Time: 00:00.50 (Saving: 00:00.03)


[2025-07-29T00:08:40.226Z] [DEBUG] [7c5907c5-29ea-49c7-9ea7-d89624c93ae5] Blender Output: Fra:21 Mem:119.91M (Peak 151.55M) | Time:00:00.03 | Rendering 1 / 64 samples

[2025-07-29T00:08:40.382Z] [DEBUG] [7c5907c5-29ea-49c7-9ea7-d89624c93ae5] Blender Output: Fra:21 Mem:119.91M (Peak 151.55M) | Time:00:00.19 | Rendering 25 / 64 samples

[2025-07-29T00:08:40.540Z] [DEBUG] [7c5907c5-29ea-49c7-9ea7-d89624c93ae5] Blender Output: Fra:21 Mem:119.91M (Peak 151.55M) | Time:00:00.35 | Rendering 50 / 64 samples

[2025-07-29T00:08:40.630Z] [DEBUG] [7c5907c5-29ea-49c7-9ea7-d89624c93ae5] Blender Output: Fra:21 Mem:119.91M (Peak 151.55M) | Time:00:00.44 | Rendering 64 / 64 samples

[2025-07-29T00:08:40.712Z] [DEBUG] [7c5907c5-29ea-49c7-9ea7-d89624c93ae5] Blender Output: Append frame 21
Time: 00:00.52 (Saving: 00:00.03)


[2025-07-29T00:08:40.750Z] [DEBUG] [7c5907c5-29ea-49c7-9ea7-d89624c93ae5] Blender Output: Fra:22 Mem:119.91M (Peak 151.55M) | Time:00:00.03 | Rendering 1 / 64 samples

[2025-07-29T00:08:40.919Z] [DEBUG] [7c5907c5-29ea-49c7-9ea7-d89624c93ae5] Blender Output: Fra:22 Mem:119.91M (Peak 151.55M) | Time:00:00.20 | Rendering 25 / 64 samples

[2025-07-29T00:08:41.083Z] [DEBUG] [7c5907c5-29ea-49c7-9ea7-d89624c93ae5] Blender Output: Fra:22 Mem:119.91M (Peak 151.55M) | Time:00:00.37 | Rendering 50 / 64 samples

[2025-07-29T00:08:41.172Z] [DEBUG] [7c5907c5-29ea-49c7-9ea7-d89624c93ae5] Blender Output: Fra:22 Mem:119.91M (Peak 151.55M) | Time:00:00.46 | Rendering 64 / 64 samples

[2025-07-29T00:08:41.250Z] [DEBUG] [7c5907c5-29ea-49c7-9ea7-d89624c93ae5] Blender Output: Append frame 22
Time: 00:00.53 (Saving: 00:00.03)


[2025-07-29T00:08:41.288Z] [DEBUG] [7c5907c5-29ea-49c7-9ea7-d89624c93ae5] Blender Output: Fra:23 Mem:119.91M (Peak 151.55M) | Time:00:00.03 | Rendering 1 / 64 samples

[2025-07-29T00:08:41.445Z] [DEBUG] [7c5907c5-29ea-49c7-9ea7-d89624c93ae5] Blender Output: Fra:23 Mem:119.91M (Peak 151.55M) | Time:00:00.19 | Rendering 25 / 64 samples

[2025-07-29T00:08:41.604Z] [DEBUG] [7c5907c5-29ea-49c7-9ea7-d89624c93ae5] Blender Output: Fra:23 Mem:119.91M (Peak 151.55M) | Time:00:00.35 | Rendering 50 / 64 samples

[2025-07-29T00:08:41.693Z] [DEBUG] [7c5907c5-29ea-49c7-9ea7-d89624c93ae5] Blender Output: Fra:23 Mem:119.91M (Peak 151.55M) | Time:00:00.44 | Rendering 64 / 64 samples

[2025-07-29T00:08:41.768Z] [DEBUG] [7c5907c5-29ea-49c7-9ea7-d89624c93ae5] Blender Output: Append frame 23
Time: 00:00.51 (Saving: 00:00.03)


[2025-07-29T00:08:41.805Z] [DEBUG] [7c5907c5-29ea-49c7-9ea7-d89624c93ae5] Blender Output: Fra:24 Mem:119.91M (Peak 151.55M) | Time:00:00.03 | Rendering 1 / 64 samples

[2025-07-29T00:08:41.955Z] [DEBUG] [7c5907c5-29ea-49c7-9ea7-d89624c93ae5] Blender Output: Fra:24 Mem:119.91M (Peak 151.55M) | Time:00:00.18 | Rendering 25 / 64 samples

[2025-07-29T00:08:42.108Z] [DEBUG] [7c5907c5-29ea-49c7-9ea7-d89624c93ae5] Blender Output: Fra:24 Mem:119.91M (Peak 151.55M) | Time:00:00.33 | Rendering 50 / 64 samples

[2025-07-29T00:08:42.194Z] [DEBUG] [7c5907c5-29ea-49c7-9ea7-d89624c93ae5] Blender Output: Fra:24 Mem:119.91M (Peak 151.55M) | Time:00:00.42 | Rendering 64 / 64 samples

[2025-07-29T00:08:42.274Z] [DEBUG] [7c5907c5-29ea-49c7-9ea7-d89624c93ae5] Blender Output: Append frame 24
Time: 00:00.50 (Saving: 00:00.03)


[2025-07-29T00:08:42.311Z] [DEBUG] [7c5907c5-29ea-49c7-9ea7-d89624c93ae5] Blender Output: Fra:25 Mem:119.91M (Peak 151.55M) | Time:00:00.03 | Rendering 1 / 64 samples

[2025-07-29T00:08:42.463Z] [DEBUG] [7c5907c5-29ea-49c7-9ea7-d89624c93ae5] Blender Output: Fra:25 Mem:119.91M (Peak 151.55M) | Time:00:00.18 | Rendering 25 / 64 samples

[2025-07-29T00:08:42.617Z] [DEBUG] [7c5907c5-29ea-49c7-9ea7-d89624c93ae5] Blender Output: Fra:25 Mem:119.91M (Peak 151.55M) | Time:00:00.34 | Rendering 50 / 64 samples

[2025-07-29T00:08:42.704Z] [DEBUG] [7c5907c5-29ea-49c7-9ea7-d89624c93ae5] Blender Output: Fra:25 Mem:119.91M (Peak 151.55M) | Time:00:00.43 | Rendering 64 / 64 samples

[2025-07-29T00:08:42.783Z] [DEBUG] [7c5907c5-29ea-49c7-9ea7-d89624c93ae5] Blender Output: Append frame 25
Time: 00:00.50 (Saving: 00:00.03)


[2025-07-29T00:08:42.820Z] [DEBUG] [7c5907c5-29ea-49c7-9ea7-d89624c93ae5] Blender Output: Fra:26 Mem:119.91M (Peak 151.55M) | Time:00:00.03 | Rendering 1 / 64 samples

[2025-07-29T00:08:42.972Z] [DEBUG] [7c5907c5-29ea-49c7-9ea7-d89624c93ae5] Blender Output: Fra:26 Mem:119.91M (Peak 151.55M) | Time:00:00.18 | Rendering 25 / 64 samples

[2025-07-29T00:08:43.128Z] [DEBUG] [7c5907c5-29ea-49c7-9ea7-d89624c93ae5] Blender Output: Fra:26 Mem:119.91M (Peak 151.55M) | Time:00:00.34 | Rendering 50 / 64 samples

[2025-07-29T00:08:43.214Z] [DEBUG] [7c5907c5-29ea-49c7-9ea7-d89624c93ae5] Blender Output: Fra:26 Mem:119.91M (Peak 151.55M) | Time:00:00.43 | Rendering 64 / 64 samples

[2025-07-29T00:08:43.292Z] [DEBUG] [7c5907c5-29ea-49c7-9ea7-d89624c93ae5] Blender Output: Append frame 26
Time: 00:00.50 (Saving: 00:00.03)


[2025-07-29T00:08:43.330Z] [DEBUG] [7c5907c5-29ea-49c7-9ea7-d89624c93ae5] Blender Output: Fra:27 Mem:119.91M (Peak 151.55M) | Time:00:00.03 | Rendering 1 / 64 samples

[2025-07-29T00:08:43.481Z] [DEBUG] [7c5907c5-29ea-49c7-9ea7-d89624c93ae5] Blender Output: Fra:27 Mem:119.91M (Peak 151.55M) | Time:00:00.18 | Rendering 25 / 64 samples

[2025-07-29T00:08:43.636Z] [DEBUG] [7c5907c5-29ea-49c7-9ea7-d89624c93ae5] Blender Output: Fra:27 Mem:119.91M (Peak 151.55M) | Time:00:00.34 | Rendering 50 / 64 samples

[2025-07-29T00:08:43.722Z] [DEBUG] [7c5907c5-29ea-49c7-9ea7-d89624c93ae5] Blender Output: Fra:27 Mem:119.91M (Peak 151.55M) | Time:00:00.42 | Rendering 64 / 64 samples

[2025-07-29T00:08:43.800Z] [DEBUG] [7c5907c5-29ea-49c7-9ea7-d89624c93ae5] Blender Output: Append frame 27
Time: 00:00.50 (Saving: 00:00.03)


[2025-07-29T00:08:43.836Z] [DEBUG] [7c5907c5-29ea-49c7-9ea7-d89624c93ae5] Blender Output: Fra:28 Mem:119.91M (Peak 151.55M) | Time:00:00.03 | Rendering 1 / 64 samples

[2025-07-29T00:08:43.987Z] [DEBUG] [7c5907c5-29ea-49c7-9ea7-d89624c93ae5] Blender Output: Fra:28 Mem:119.91M (Peak 151.55M) | Time:00:00.18 | Rendering 25 / 64 samples

[2025-07-29T00:08:44.141Z] [DEBUG] [7c5907c5-29ea-49c7-9ea7-d89624c93ae5] Blender Output: Fra:28 Mem:119.91M (Peak 151.55M) | Time:00:00.34 | Rendering 50 / 64 samples

[2025-07-29T00:08:44.227Z] [DEBUG] [7c5907c5-29ea-49c7-9ea7-d89624c93ae5] Blender Output: Fra:28 Mem:119.91M (Peak 151.55M) | Time:00:00.42 | Rendering 64 / 64 samples

[2025-07-29T00:08:44.302Z] [DEBUG] [7c5907c5-29ea-49c7-9ea7-d89624c93ae5] Blender Output: Append frame 28
Time: 00:00.50 (Saving: 00:00.03)


[2025-07-29T00:08:44.339Z] [DEBUG] [7c5907c5-29ea-49c7-9ea7-d89624c93ae5] Blender Output: Fra:29 Mem:119.91M (Peak 151.55M) | Time:00:00.03 | Rendering 1 / 64 samples

[2025-07-29T00:08:44.489Z] [DEBUG] [7c5907c5-29ea-49c7-9ea7-d89624c93ae5] Blender Output: Fra:29 Mem:119.91M (Peak 151.55M) | Time:00:00.18 | Rendering 25 / 64 samples

[2025-07-29T00:08:44.643Z] [DEBUG] [7c5907c5-29ea-49c7-9ea7-d89624c93ae5] Blender Output: Fra:29 Mem:119.91M (Peak 151.55M) | Time:00:00.34 | Rendering 50 / 64 samples

[2025-07-29T00:08:44.729Z] [DEBUG] [7c5907c5-29ea-49c7-9ea7-d89624c93ae5] Blender Output: Fra:29 Mem:119.91M (Peak 151.55M) | Time:00:00.42 | Rendering 64 / 64 samples

[2025-07-29T00:08:44.808Z] [DEBUG] [7c5907c5-29ea-49c7-9ea7-d89624c93ae5] Blender Output: Append frame 29
Time: 00:00.50 (Saving: 00:00.03)


[2025-07-29T00:08:44.844Z] [DEBUG] [7c5907c5-29ea-49c7-9ea7-d89624c93ae5] Blender Output: Fra:30 Mem:119.91M (Peak 151.55M) | Time:00:00.03 | Rendering 1 / 64 samples

[2025-07-29T00:08:44.997Z] [DEBUG] [7c5907c5-29ea-49c7-9ea7-d89624c93ae5] Blender Output: Fra:30 Mem:119.91M (Peak 151.55M) | Time:00:00.18 | Rendering 25 / 64 samples

[2025-07-29T00:08:45.151Z] [DEBUG] [7c5907c5-29ea-49c7-9ea7-d89624c93ae5] Blender Output: Fra:30 Mem:119.91M (Peak 151.55M) | Time:00:00.34 | Rendering 50 / 64 samples

[2025-07-29T00:08:45.239Z] [DEBUG] [7c5907c5-29ea-49c7-9ea7-d89624c93ae5] Blender Output: Fra:30 Mem:119.91M (Peak 151.55M) | Time:00:00.43 | Rendering 64 / 64 samples

[2025-07-29T00:08:45.319Z] [DEBUG] [7c5907c5-29ea-49c7-9ea7-d89624c93ae5] Blender Output: Append frame 30
Time: 00:00.51 (Saving: 00:00.03)


[2025-07-29T00:08:45.356Z] [DEBUG] [7c5907c5-29ea-49c7-9ea7-d89624c93ae5] Blender Output: Fra:31 Mem:119.91M (Peak 151.55M) | Time:00:00.03 | Rendering 1 / 64 samples

[2025-07-29T00:08:45.508Z] [DEBUG] [7c5907c5-29ea-49c7-9ea7-d89624c93ae5] Blender Output: Fra:31 Mem:119.91M (Peak 151.55M) | Time:00:00.18 | Rendering 25 / 64 samples

[2025-07-29T00:08:45.665Z] [DEBUG] [7c5907c5-29ea-49c7-9ea7-d89624c93ae5] Blender Output: Fra:31 Mem:119.91M (Peak 151.55M) | Time:00:00.34 | Rendering 50 / 64 samples

[2025-07-29T00:08:45.753Z] [DEBUG] [7c5907c5-29ea-49c7-9ea7-d89624c93ae5] Blender Output: Fra:31 Mem:119.91M (Peak 151.55M) | Time:00:00.43 | Rendering 64 / 64 samples

[2025-07-29T00:08:45.832Z] [DEBUG] [7c5907c5-29ea-49c7-9ea7-d89624c93ae5] Blender Output: Append frame 31
Time: 00:00.51 (Saving: 00:00.03)


[2025-07-29T00:08:45.869Z] [DEBUG] [7c5907c5-29ea-49c7-9ea7-d89624c93ae5] Blender Output: Fra:32 Mem:119.91M (Peak 151.55M) | Time:00:00.03 | Rendering 1 / 64 samples

[2025-07-29T00:08:46.023Z] [DEBUG] [7c5907c5-29ea-49c7-9ea7-d89624c93ae5] Blender Output: Fra:32 Mem:119.91M (Peak 151.55M) | Time:00:00.19 | Rendering 25 / 64 samples

[2025-07-29T00:08:46.180Z] [DEBUG] [7c5907c5-29ea-49c7-9ea7-d89624c93ae5] Blender Output: Fra:32 Mem:119.91M (Peak 151.55M) | Time:00:00.34 | Rendering 50 / 64 samples

[2025-07-29T00:08:46.268Z] [DEBUG] [7c5907c5-29ea-49c7-9ea7-d89624c93ae5] Blender Output: Fra:32 Mem:119.91M (Peak 151.55M) | Time:00:00.43 | Rendering 64 / 64 samples

[2025-07-29T00:08:46.349Z] [DEBUG] [7c5907c5-29ea-49c7-9ea7-d89624c93ae5] Blender Output: Append frame 32
Time: 00:00.51 (Saving: 00:00.03)


[2025-07-29T00:08:46.386Z] [DEBUG] [7c5907c5-29ea-49c7-9ea7-d89624c93ae5] Blender Output: Fra:33 Mem:119.91M (Peak 151.55M) | Time:00:00.03 | Rendering 1 / 64 samples

[2025-07-29T00:08:46.542Z] [DEBUG] [7c5907c5-29ea-49c7-9ea7-d89624c93ae5] Blender Output: Fra:33 Mem:119.91M (Peak 151.55M) | Time:00:00.19 | Rendering 25 / 64 samples

[2025-07-29T00:08:46.701Z] [DEBUG] [7c5907c5-29ea-49c7-9ea7-d89624c93ae5] Blender Output: Fra:33 Mem:119.91M (Peak 151.55M) | Time:00:00.35 | Rendering 50 / 64 samples

[2025-07-29T00:08:46.790Z] [DEBUG] [7c5907c5-29ea-49c7-9ea7-d89624c93ae5] Blender Output: Fra:33 Mem:119.91M (Peak 151.55M) | Time:00:00.44 | Rendering 64 / 64 samples

[2025-07-29T00:08:46.870Z] [DEBUG] [7c5907c5-29ea-49c7-9ea7-d89624c93ae5] Blender Output: Append frame 33
Time: 00:00.52 (Saving: 00:00.03)


[2025-07-29T00:08:46.906Z] [DEBUG] [7c5907c5-29ea-49c7-9ea7-d89624c93ae5] Blender Output: Fra:34 Mem:119.91M (Peak 151.55M) | Time:00:00.03 | Rendering 1 / 64 samples

[2025-07-29T00:08:47.057Z] [DEBUG] [7c5907c5-29ea-49c7-9ea7-d89624c93ae5] Blender Output: Fra:34 Mem:119.91M (Peak 151.55M) | Time:00:00.18 | Rendering 25 / 64 samples

[2025-07-29T00:08:47.212Z] [DEBUG] [7c5907c5-29ea-49c7-9ea7-d89624c93ae5] Blender Output: Fra:34 Mem:119.91M (Peak 151.55M) | Time:00:00.34 | Rendering 50 / 64 samples

[2025-07-29T00:08:47.299Z] [DEBUG] [7c5907c5-29ea-49c7-9ea7-d89624c93ae5] Blender Output: Fra:34 Mem:119.91M (Peak 151.55M) | Time:00:00.42 | Rendering 64 / 64 samples

[2025-07-29T00:08:47.378Z] [DEBUG] [7c5907c5-29ea-49c7-9ea7-d89624c93ae5] Blender Output: Append frame 34
Time: 00:00.50 (Saving: 00:00.03)


[2025-07-29T00:08:47.415Z] [DEBUG] [7c5907c5-29ea-49c7-9ea7-d89624c93ae5] Blender Output: Fra:35 Mem:119.91M (Peak 151.55M) | Time:00:00.03 | Rendering 1 / 64 samples

[2025-07-29T00:08:47.569Z] [DEBUG] [7c5907c5-29ea-49c7-9ea7-d89624c93ae5] Blender Output: Fra:35 Mem:119.91M (Peak 151.55M) | Time:00:00.19 | Rendering 25 / 64 samples

[2025-07-29T00:08:47.725Z] [DEBUG] [7c5907c5-29ea-49c7-9ea7-d89624c93ae5] Blender Output: Fra:35 Mem:119.91M (Peak 151.55M) | Time:00:00.34 | Rendering 50 / 64 samples

[2025-07-29T00:08:47.814Z] [DEBUG] [7c5907c5-29ea-49c7-9ea7-d89624c93ae5] Blender Output: Fra:35 Mem:119.91M (Peak 151.55M) | Time:00:00.43 | Rendering 64 / 64 samples

[2025-07-29T00:08:47.891Z] [DEBUG] [7c5907c5-29ea-49c7-9ea7-d89624c93ae5] Blender Output: Append frame 35
Time: 00:00.51 (Saving: 00:00.03)


[2025-07-29T00:08:47.929Z] [DEBUG] [7c5907c5-29ea-49c7-9ea7-d89624c93ae5] Blender Output: Fra:36 Mem:119.91M (Peak 151.55M) | Time:00:00.03 | Rendering 1 / 64 samples

[2025-07-29T00:08:48.081Z] [DEBUG] [7c5907c5-29ea-49c7-9ea7-d89624c93ae5] Blender Output: Fra:36 Mem:119.91M (Peak 151.55M) | Time:00:00.18 | Rendering 25 / 64 samples

[2025-07-29T00:08:48.235Z] [DEBUG] [7c5907c5-29ea-49c7-9ea7-d89624c93ae5] Blender Output: Fra:36 Mem:119.91M (Peak 151.55M) | Time:00:00.34 | Rendering 50 / 64 samples

[2025-07-29T00:08:48.323Z] [DEBUG] [7c5907c5-29ea-49c7-9ea7-d89624c93ae5] Blender Output: Fra:36 Mem:119.91M (Peak 151.55M) | Time:00:00.43 | Rendering 64 / 64 samples

[2025-07-29T00:08:48.399Z] [DEBUG] [7c5907c5-29ea-49c7-9ea7-d89624c93ae5] Blender Output: Append frame 36
Time: 00:00.50 (Saving: 00:00.03)


[2025-07-29T00:08:48.436Z] [DEBUG] [7c5907c5-29ea-49c7-9ea7-d89624c93ae5] Blender Output: Fra:37 Mem:119.91M (Peak 151.55M) | Time:00:00.03 | Rendering 1 / 64 samples

[2025-07-29T00:08:48.591Z] [DEBUG] [7c5907c5-29ea-49c7-9ea7-d89624c93ae5] Blender Output: Fra:37 Mem:119.91M (Peak 151.55M) | Time:00:00.19 | Rendering 25 / 64 samples

[2025-07-29T00:08:48.752Z] [DEBUG] [7c5907c5-29ea-49c7-9ea7-d89624c93ae5] Blender Output: Fra:37 Mem:119.91M (Peak 151.55M) | Time:00:00.35 | Rendering 50 / 64 samples

[2025-07-29T00:08:48.842Z] [DEBUG] [7c5907c5-29ea-49c7-9ea7-d89624c93ae5] Blender Output: Fra:37 Mem:119.91M (Peak 151.55M) | Time:00:00.44 | Rendering 64 / 64 samples

[2025-07-29T00:08:48.917Z] [DEBUG] [7c5907c5-29ea-49c7-9ea7-d89624c93ae5] Blender Output: Append frame 37
Time: 00:00.51 (Saving: 00:00.03)


[2025-07-29T00:08:48.954Z] [DEBUG] [7c5907c5-29ea-49c7-9ea7-d89624c93ae5] Blender Output: Fra:38 Mem:119.91M (Peak 151.55M) | Time:00:00.03 | Rendering 1 / 64 samples

[2025-07-29T00:08:49.105Z] [DEBUG] [7c5907c5-29ea-49c7-9ea7-d89624c93ae5] Blender Output: Fra:38 Mem:119.91M (Peak 151.55M) | Time:00:00.18 | Rendering 25 / 64 samples

[2025-07-29T00:08:49.264Z] [DEBUG] [7c5907c5-29ea-49c7-9ea7-d89624c93ae5] Blender Output: Fra:38 Mem:119.91M (Peak 151.55M) | Time:00:00.34 | Rendering 50 / 64 samples

[2025-07-29T00:08:49.351Z] [DEBUG] [7c5907c5-29ea-49c7-9ea7-d89624c93ae5] Blender Output: Fra:38 Mem:119.91M (Peak 151.55M) | Time:00:00.43 | Rendering 64 / 64 samples

[2025-07-29T00:08:49.431Z] [DEBUG] [7c5907c5-29ea-49c7-9ea7-d89624c93ae5] Blender Output: Append frame 38
Time: 00:00.51 (Saving: 00:00.03)


[2025-07-29T00:08:49.468Z] [DEBUG] [7c5907c5-29ea-49c7-9ea7-d89624c93ae5] Blender Output: Fra:39 Mem:119.91M (Peak 151.55M) | Time:00:00.03 | Rendering 1 / 64 samples

[2025-07-29T00:08:49.620Z] [DEBUG] [7c5907c5-29ea-49c7-9ea7-d89624c93ae5] Blender Output: Fra:39 Mem:119.91M (Peak 151.55M) | Time:00:00.18 | Rendering 25 / 64 samples

[2025-07-29T00:08:49.775Z] [DEBUG] [7c5907c5-29ea-49c7-9ea7-d89624c93ae5] Blender Output: Fra:39 Mem:119.91M (Peak 151.55M) | Time:00:00.34 | Rendering 50 / 64 samples

[2025-07-29T00:08:49.862Z] [DEBUG] [7c5907c5-29ea-49c7-9ea7-d89624c93ae5] Blender Output: Fra:39 Mem:119.91M (Peak 151.55M) | Time:00:00.43 | Rendering 64 / 64 samples

[2025-07-29T00:08:49.943Z] [DEBUG] [7c5907c5-29ea-49c7-9ea7-d89624c93ae5] Blender Output: Append frame 39
Time: 00:00.51 (Saving: 00:00.03)


[2025-07-29T00:08:49.980Z] [DEBUG] [7c5907c5-29ea-49c7-9ea7-d89624c93ae5] Blender Output: Fra:40 Mem:119.91M (Peak 151.55M) | Time:00:00.03 | Rendering 1 / 64 samples

[2025-07-29T00:08:50.133Z] [DEBUG] [7c5907c5-29ea-49c7-9ea7-d89624c93ae5] Blender Output: Fra:40 Mem:119.91M (Peak 151.55M) | Time:00:00.18 | Rendering 25 / 64 samples

[2025-07-29T00:08:50.288Z] [DEBUG] [7c5907c5-29ea-49c7-9ea7-d89624c93ae5] Blender Output: Fra:40 Mem:119.91M (Peak 151.55M) | Time:00:00.34 | Rendering 50 / 64 samples

[2025-07-29T00:08:50.374Z] [DEBUG] [7c5907c5-29ea-49c7-9ea7-d89624c93ae5] Blender Output: Fra:40 Mem:119.91M (Peak 151.55M) | Time:00:00.43 | Rendering 64 / 64 samples

[2025-07-29T00:08:50.451Z] [DEBUG] [7c5907c5-29ea-49c7-9ea7-d89624c93ae5] Blender Output: Append frame 40
Time: 00:00.50 (Saving: 00:00.03)


[2025-07-29T00:08:50.487Z] [DEBUG] [7c5907c5-29ea-49c7-9ea7-d89624c93ae5] Blender Output: Fra:41 Mem:119.91M (Peak 151.55M) | Time:00:00.03 | Rendering 1 / 64 samples

[2025-07-29T00:08:50.638Z] [DEBUG] [7c5907c5-29ea-49c7-9ea7-d89624c93ae5] Blender Output: Fra:41 Mem:119.91M (Peak 151.55M) | Time:00:00.18 | Rendering 25 / 64 samples

[2025-07-29T00:08:50.792Z] [DEBUG] [7c5907c5-29ea-49c7-9ea7-d89624c93ae5] Blender Output: Fra:41 Mem:119.91M (Peak 151.55M) | Time:00:00.34 | Rendering 50 / 64 samples

[2025-07-29T00:08:50.880Z] [DEBUG] [7c5907c5-29ea-49c7-9ea7-d89624c93ae5] Blender Output: Fra:41 Mem:119.91M (Peak 151.55M) | Time:00:00.42 | Rendering 64 / 64 samples

[2025-07-29T00:08:50.961Z] [DEBUG] [7c5907c5-29ea-49c7-9ea7-d89624c93ae5] Blender Output: Append frame 41
Time: 00:00.50 (Saving: 00:00.03)


[2025-07-29T00:08:50.997Z] [DEBUG] [7c5907c5-29ea-49c7-9ea7-d89624c93ae5] Blender Output: Fra:42 Mem:119.91M (Peak 151.55M) | Time:00:00.03 | Rendering 1 / 64 samples

[2025-07-29T00:08:51.148Z] [DEBUG] [7c5907c5-29ea-49c7-9ea7-d89624c93ae5] Blender Output: Fra:42 Mem:119.91M (Peak 151.55M) | Time:00:00.18 | Rendering 25 / 64 samples

[2025-07-29T00:08:51.301Z] [DEBUG] [7c5907c5-29ea-49c7-9ea7-d89624c93ae5] Blender Output: Fra:42 Mem:119.91M (Peak 151.55M) | Time:00:00.34 | Rendering 50 / 64 samples

[2025-07-29T00:08:51.388Z] [DEBUG] [7c5907c5-29ea-49c7-9ea7-d89624c93ae5] Blender Output: Fra:42 Mem:119.91M (Peak 151.55M) | Time:00:00.42 | Rendering 64 / 64 samples

[2025-07-29T00:08:51.465Z] [DEBUG] [7c5907c5-29ea-49c7-9ea7-d89624c93ae5] Blender Output: Append frame 42
Time: 00:00.50 (Saving: 00:00.03)


[2025-07-29T00:08:51.502Z] [DEBUG] [7c5907c5-29ea-49c7-9ea7-d89624c93ae5] Blender Output: Fra:43 Mem:119.91M (Peak 151.55M) | Time:00:00.03 | Rendering 1 / 64 samples

[2025-07-29T00:08:51.652Z] [DEBUG] [7c5907c5-29ea-49c7-9ea7-d89624c93ae5] Blender Output: Fra:43 Mem:119.91M (Peak 151.55M) | Time:00:00.18 | Rendering 25 / 64 samples

[2025-07-29T00:08:51.807Z] [DEBUG] [7c5907c5-29ea-49c7-9ea7-d89624c93ae5] Blender Output: Fra:43 Mem:119.91M (Peak 151.55M) | Time:00:00.34 | Rendering 50 / 64 samples

[2025-07-29T00:08:51.893Z] [DEBUG] [7c5907c5-29ea-49c7-9ea7-d89624c93ae5] Blender Output: Fra:43 Mem:119.91M (Peak 151.55M) | Time:00:00.42 | Rendering 64 / 64 samples

[2025-07-29T00:08:51.972Z] [DEBUG] [7c5907c5-29ea-49c7-9ea7-d89624c93ae5] Blender Output: Append frame 43
Time: 00:00.50 (Saving: 00:00.03)


[2025-07-29T00:08:52.008Z] [DEBUG] [7c5907c5-29ea-49c7-9ea7-d89624c93ae5] Blender Output: Fra:44 Mem:119.91M (Peak 151.55M) | Time:00:00.03 | Rendering 1 / 64 samples

[2025-07-29T00:08:52.161Z] [DEBUG] [7c5907c5-29ea-49c7-9ea7-d89624c93ae5] Blender Output: Fra:44 Mem:119.91M (Peak 151.55M) | Time:00:00.18 | Rendering 25 / 64 samples

[2025-07-29T00:08:52.319Z] [DEBUG] [7c5907c5-29ea-49c7-9ea7-d89624c93ae5] Blender Output: Fra:44 Mem:119.91M (Peak 151.55M) | Time:00:00.34 | Rendering 50 / 64 samples

[2025-07-29T00:08:52.407Z] [DEBUG] [7c5907c5-29ea-49c7-9ea7-d89624c93ae5] Blender Output: Fra:44 Mem:119.91M (Peak 151.55M) | Time:00:00.43 | Rendering 64 / 64 samples

[2025-07-29T00:08:52.482Z] [DEBUG] [7c5907c5-29ea-49c7-9ea7-d89624c93ae5] Blender Output: Append frame 44
Time: 00:00.50 (Saving: 00:00.03)


[2025-07-29T00:08:52.517Z] [DEBUG] [7c5907c5-29ea-49c7-9ea7-d89624c93ae5] Blender Output: Fra:45 Mem:119.91M (Peak 151.55M) | Time:00:00.03 | Rendering 1 / 64 samples

[2025-07-29T00:08:52.674Z] [DEBUG] [7c5907c5-29ea-49c7-9ea7-d89624c93ae5] Blender Output: Fra:45 Mem:119.91M (Peak 151.55M) | Time:00:00.19 | Rendering 25 / 64 samples

[2025-07-29T00:08:52.835Z] [DEBUG] [7c5907c5-29ea-49c7-9ea7-d89624c93ae5] Blender Output: Fra:45 Mem:119.91M (Peak 151.55M) | Time:00:00.35 | Rendering 50 / 64 samples

[2025-07-29T00:08:52.925Z] [DEBUG] [7c5907c5-29ea-49c7-9ea7-d89624c93ae5] Blender Output: Fra:45 Mem:119.91M (Peak 151.55M) | Time:00:00.44 | Rendering 64 / 64 samples

[2025-07-29T00:08:53.004Z] [DEBUG] [7c5907c5-29ea-49c7-9ea7-d89624c93ae5] Blender Output: Append frame 45
Time: 00:00.52 (Saving: 00:00.03)


[2025-07-29T00:08:53.040Z] [DEBUG] [7c5907c5-29ea-49c7-9ea7-d89624c93ae5] Blender Output: Fra:46 Mem:119.91M (Peak 151.55M) | Time:00:00.03 | Rendering 1 / 64 samples

[2025-07-29T00:08:53.192Z] [DEBUG] [7c5907c5-29ea-49c7-9ea7-d89624c93ae5] Blender Output: Fra:46 Mem:119.91M (Peak 151.55M) | Time:00:00.18 | Rendering 25 / 64 samples

[2025-07-29T00:08:53.349Z] [DEBUG] [7c5907c5-29ea-49c7-9ea7-d89624c93ae5] Blender Output: Fra:46 Mem:119.91M (Peak 151.55M) | Time:00:00.34 | Rendering 50 / 64 samples

[2025-07-29T00:08:53.436Z] [DEBUG] [7c5907c5-29ea-49c7-9ea7-d89624c93ae5] Blender Output: Fra:46 Mem:119.91M (Peak 151.55M) | Time:00:00.43 | Rendering 64 / 64 samples

[2025-07-29T00:08:53.514Z] [DEBUG] [7c5907c5-29ea-49c7-9ea7-d89624c93ae5] Blender Output: Append frame 46
Time: 00:00.50 (Saving: 00:00.03)


[2025-07-29T00:08:53.550Z] [DEBUG] [7c5907c5-29ea-49c7-9ea7-d89624c93ae5] Blender Output: Fra:47 Mem:119.91M (Peak 151.55M) | Time:00:00.03 | Rendering 1 / 64 samples

[2025-07-29T00:08:53.706Z] [DEBUG] [7c5907c5-29ea-49c7-9ea7-d89624c93ae5] Blender Output: Fra:47 Mem:119.91M (Peak 151.55M) | Time:00:00.19 | Rendering 25 / 64 samples

[2025-07-29T00:08:53.864Z] [DEBUG] [7c5907c5-29ea-49c7-9ea7-d89624c93ae5] Blender Output: Fra:47 Mem:119.91M (Peak 151.55M) | Time:00:00.35 | Rendering 50 / 64 samples

[2025-07-29T00:08:53.953Z] [DEBUG] [7c5907c5-29ea-49c7-9ea7-d89624c93ae5] Blender Output: Fra:47 Mem:119.91M (Peak 151.55M) | Time:00:00.43 | Rendering 64 / 64 samples

[2025-07-29T00:08:54.032Z] [DEBUG] [7c5907c5-29ea-49c7-9ea7-d89624c93ae5] Blender Output: Append frame 47
Time: 00:00.51 (Saving: 00:00.03)


[2025-07-29T00:08:54.069Z] [DEBUG] [7c5907c5-29ea-49c7-9ea7-d89624c93ae5] Blender Output: Fra:48 Mem:119.91M (Peak 151.55M) | Time:00:00.03 | Rendering 1 / 64 samples

[2025-07-29T00:08:54.227Z] [DEBUG] [7c5907c5-29ea-49c7-9ea7-d89624c93ae5] Blender Output: Fra:48 Mem:119.91M (Peak 151.55M) | Time:00:00.19 | Rendering 25 / 64 samples

[2025-07-29T00:08:54.389Z] [DEBUG] [7c5907c5-29ea-49c7-9ea7-d89624c93ae5] Blender Output: Fra:48 Mem:119.91M (Peak 151.55M) | Time:00:00.35 | Rendering 50 / 64 samples

[2025-07-29T00:08:54.479Z] [DEBUG] [7c5907c5-29ea-49c7-9ea7-d89624c93ae5] Blender Output: Fra:48 Mem:119.91M (Peak 151.55M) | Time:00:00.44 | Rendering 64 / 64 samples

[2025-07-29T00:08:54.554Z] [DEBUG] [7c5907c5-29ea-49c7-9ea7-d89624c93ae5] Blender Output: Append frame 48
Time: 00:00.52 (Saving: 00:00.03)


[2025-07-29T00:08:54.590Z] [DEBUG] [7c5907c5-29ea-49c7-9ea7-d89624c93ae5] Blender Output: Fra:49 Mem:119.91M (Peak 151.55M) | Time:00:00.03 | Rendering 1 / 64 samples

[2025-07-29T00:08:54.743Z] [DEBUG] [7c5907c5-29ea-49c7-9ea7-d89624c93ae5] Blender Output: Fra:49 Mem:119.91M (Peak 151.55M) | Time:00:00.18 | Rendering 25 / 64 samples

[2025-07-29T00:08:54.898Z] [DEBUG] [7c5907c5-29ea-49c7-9ea7-d89624c93ae5] Blender Output: Fra:49 Mem:119.91M (Peak 151.55M) | Time:00:00.34 | Rendering 50 / 64 samples

[2025-07-29T00:08:54.986Z] [DEBUG] [7c5907c5-29ea-49c7-9ea7-d89624c93ae5] Blender Output: Fra:49 Mem:119.91M (Peak 151.55M) | Time:00:00.43 | Rendering 64 / 64 samples

[2025-07-29T00:08:55.063Z] [DEBUG] [7c5907c5-29ea-49c7-9ea7-d89624c93ae5] Blender Output: Append frame 49
Time: 00:00.50 (Saving: 00:00.03)


[2025-07-29T00:08:55.100Z] [DEBUG] [7c5907c5-29ea-49c7-9ea7-d89624c93ae5] Blender Output: Fra:50 Mem:119.91M (Peak 151.55M) | Time:00:00.03 | Rendering 1 / 64 samples

[2025-07-29T00:08:55.249Z] [DEBUG] [7c5907c5-29ea-49c7-9ea7-d89624c93ae5] Blender Output: Fra:50 Mem:119.91M (Peak 151.55M) | Time:00:00.18 | Rendering 25 / 64 samples

[2025-07-29T00:08:55.404Z] [DEBUG] [7c5907c5-29ea-49c7-9ea7-d89624c93ae5] Blender Output: Fra:50 Mem:119.91M (Peak 151.55M) | Time:00:00.34 | Rendering 50 / 64 samples

[2025-07-29T00:08:55.492Z] [DEBUG] [7c5907c5-29ea-49c7-9ea7-d89624c93ae5] Blender Output: Fra:50 Mem:119.91M (Peak 151.55M) | Time:00:00.42 | Rendering 64 / 64 samples

[2025-07-29T00:08:55.571Z] [DEBUG] [7c5907c5-29ea-49c7-9ea7-d89624c93ae5] Blender Output: Append frame 50
Time: 00:00.50 (Saving: 00:00.03)


[2025-07-29T00:08:55.608Z] [DEBUG] [7c5907c5-29ea-49c7-9ea7-d89624c93ae5] Blender Output: Fra:51 Mem:119.91M (Peak 151.55M) | Time:00:00.03 | Rendering 1 / 64 samples

[2025-07-29T00:08:55.762Z] [DEBUG] [7c5907c5-29ea-49c7-9ea7-d89624c93ae5] Blender Output: Fra:51 Mem:119.91M (Peak 151.55M) | Time:00:00.19 | Rendering 25 / 64 samples

[2025-07-29T00:08:55.919Z] [DEBUG] [7c5907c5-29ea-49c7-9ea7-d89624c93ae5] Blender Output: Fra:51 Mem:119.91M (Peak 151.55M) | Time:00:00.34 | Rendering 50 / 64 samples

[2025-07-29T00:08:56.008Z] [DEBUG] [7c5907c5-29ea-49c7-9ea7-d89624c93ae5] Blender Output: Fra:51 Mem:119.91M (Peak 151.55M) | Time:00:00.43 | Rendering 64 / 64 samples

[2025-07-29T00:08:56.086Z] [DEBUG] [7c5907c5-29ea-49c7-9ea7-d89624c93ae5] Blender Output: Append frame 51
Time: 00:00.51 (Saving: 00:00.03)


[2025-07-29T00:08:56.123Z] [DEBUG] [7c5907c5-29ea-49c7-9ea7-d89624c93ae5] Blender Output: Fra:52 Mem:119.91M (Peak 151.55M) | Time:00:00.03 | Rendering 1 / 64 samples

[2025-07-29T00:08:56.276Z] [DEBUG] [7c5907c5-29ea-49c7-9ea7-d89624c93ae5] Blender Output: Fra:52 Mem:119.91M (Peak 151.55M) | Time:00:00.18 | Rendering 25 / 64 samples

[2025-07-29T00:08:56.430Z] [DEBUG] [7c5907c5-29ea-49c7-9ea7-d89624c93ae5] Blender Output: Fra:52 Mem:119.91M (Peak 151.55M) | Time:00:00.34 | Rendering 50 / 64 samples

[2025-07-29T00:08:56.517Z] [DEBUG] [7c5907c5-29ea-49c7-9ea7-d89624c93ae5] Blender Output: Fra:52 Mem:119.91M (Peak 151.55M) | Time:00:00.43 | Rendering 64 / 64 samples

[2025-07-29T00:08:56.598Z] [DEBUG] [7c5907c5-29ea-49c7-9ea7-d89624c93ae5] Blender Output: Append frame 52
Time: 00:00.51 (Saving: 00:00.03)


[2025-07-29T00:08:56.634Z] [DEBUG] [7c5907c5-29ea-49c7-9ea7-d89624c93ae5] Blender Output: Fra:53 Mem:119.91M (Peak 151.55M) | Time:00:00.03 | Rendering 1 / 64 samples

[2025-07-29T00:08:56.784Z] [DEBUG] [7c5907c5-29ea-49c7-9ea7-d89624c93ae5] Blender Output: Fra:53 Mem:119.91M (Peak 151.55M) | Time:00:00.18 | Rendering 25 / 64 samples

[2025-07-29T00:08:56.938Z] [DEBUG] [7c5907c5-29ea-49c7-9ea7-d89624c93ae5] Blender Output: Fra:53 Mem:119.91M (Peak 151.55M) | Time:00:00.34 | Rendering 50 / 64 samples

[2025-07-29T00:08:57.025Z] [DEBUG] [7c5907c5-29ea-49c7-9ea7-d89624c93ae5] Blender Output: Fra:53 Mem:119.91M (Peak 151.55M) | Time:00:00.42 | Rendering 64 / 64 samples

[2025-07-29T00:08:57.101Z] [DEBUG] [7c5907c5-29ea-49c7-9ea7-d89624c93ae5] Blender Output: Append frame 53
Time: 00:00.50 (Saving: 00:00.03)


[2025-07-29T00:08:57.138Z] [DEBUG] [7c5907c5-29ea-49c7-9ea7-d89624c93ae5] Blender Output: Fra:54 Mem:119.91M (Peak 151.55M) | Time:00:00.03 | Rendering 1 / 64 samples

[2025-07-29T00:08:57.293Z] [DEBUG] [7c5907c5-29ea-49c7-9ea7-d89624c93ae5] Blender Output: Fra:54 Mem:119.91M (Peak 151.55M) | Time:00:00.19 | Rendering 25 / 64 samples

[2025-07-29T00:08:57.451Z] [DEBUG] [7c5907c5-29ea-49c7-9ea7-d89624c93ae5] Blender Output: Fra:54 Mem:119.91M (Peak 151.55M) | Time:00:00.35 | Rendering 50 / 64 samples

[2025-07-29T00:08:57.541Z] [DEBUG] [7c5907c5-29ea-49c7-9ea7-d89624c93ae5] Blender Output: Fra:54 Mem:119.91M (Peak 151.55M) | Time:00:00.44 | Rendering 64 / 64 samples

[2025-07-29T00:08:57.621Z] [DEBUG] [7c5907c5-29ea-49c7-9ea7-d89624c93ae5] Blender Output: Append frame 54
Time: 00:00.51 (Saving: 00:00.03)


[2025-07-29T00:08:57.657Z] [DEBUG] [7c5907c5-29ea-49c7-9ea7-d89624c93ae5] Blender Output: Fra:55 Mem:119.91M (Peak 151.55M) | Time:00:00.03 | Rendering 1 / 64 samples

[2025-07-29T00:08:57.807Z] [DEBUG] [7c5907c5-29ea-49c7-9ea7-d89624c93ae5] Blender Output: Fra:55 Mem:119.91M (Peak 151.55M) | Time:00:00.18 | Rendering 25 / 64 samples

[2025-07-29T00:08:57.959Z] [DEBUG] [7c5907c5-29ea-49c7-9ea7-d89624c93ae5] Blender Output: Fra:55 Mem:119.91M (Peak 151.55M) | Time:00:00.33 | Rendering 50 / 64 samples

[2025-07-29T00:08:58.045Z] [DEBUG] [7c5907c5-29ea-49c7-9ea7-d89624c93ae5] Blender Output: Fra:55 Mem:119.91M (Peak 151.55M) | Time:00:00.42 | Rendering 64 / 64 samples

[2025-07-29T00:08:58.119Z] [DEBUG] [7c5907c5-29ea-49c7-9ea7-d89624c93ae5] Blender Output: Append frame 55
Time: 00:00.49 (Saving: 00:00.03)


[2025-07-29T00:08:58.155Z] [DEBUG] [7c5907c5-29ea-49c7-9ea7-d89624c93ae5] Blender Output: Fra:56 Mem:119.91M (Peak 151.55M) | Time:00:00.03 | Rendering 1 / 64 samples

[2025-07-29T00:08:58.311Z] [DEBUG] [7c5907c5-29ea-49c7-9ea7-d89624c93ae5] Blender Output: Fra:56 Mem:119.91M (Peak 151.55M) | Time:00:00.19 | Rendering 25 / 64 samples

[2025-07-29T00:08:58.468Z] [DEBUG] [7c5907c5-29ea-49c7-9ea7-d89624c93ae5] Blender Output: Fra:56 Mem:119.91M (Peak 151.55M) | Time:00:00.34 | Rendering 50 / 64 samples

[2025-07-29T00:08:58.556Z] [DEBUG] [7c5907c5-29ea-49c7-9ea7-d89624c93ae5] Blender Output: Fra:56 Mem:119.91M (Peak 151.55M) | Time:00:00.43 | Rendering 64 / 64 samples

[2025-07-29T00:08:58.634Z] [DEBUG] [7c5907c5-29ea-49c7-9ea7-d89624c93ae5] Blender Output: Append frame 56
Time: 00:00.51 (Saving: 00:00.03)


[2025-07-29T00:08:58.670Z] [DEBUG] [7c5907c5-29ea-49c7-9ea7-d89624c93ae5] Blender Output: Fra:57 Mem:119.91M (Peak 151.55M) | Time:00:00.03 | Rendering 1 / 64 samples

[2025-07-29T00:08:58.820Z] [DEBUG] [7c5907c5-29ea-49c7-9ea7-d89624c93ae5] Blender Output: Fra:57 Mem:119.91M (Peak 151.55M) | Time:00:00.18 | Rendering 25 / 64 samples

[2025-07-29T00:08:58.973Z] [DEBUG] [7c5907c5-29ea-49c7-9ea7-d89624c93ae5] Blender Output: Fra:57 Mem:119.91M (Peak 151.55M) | Time:00:00.33 | Rendering 50 / 64 samples

[2025-07-29T00:08:59.059Z] [DEBUG] [7c5907c5-29ea-49c7-9ea7-d89624c93ae5] Blender Output: Fra:57 Mem:119.91M (Peak 151.55M) | Time:00:00.42 | Rendering 64 / 64 samples

[2025-07-29T00:08:59.137Z] [DEBUG] [7c5907c5-29ea-49c7-9ea7-d89624c93ae5] Blender Output: Append frame 57
Time: 00:00.50 (Saving: 00:00.03)


[2025-07-29T00:08:59.174Z] [DEBUG] [7c5907c5-29ea-49c7-9ea7-d89624c93ae5] Blender Output: Fra:58 Mem:119.91M (Peak 151.55M) | Time:00:00.03 | Rendering 1 / 64 samples

[2025-07-29T00:08:59.327Z] [DEBUG] [7c5907c5-29ea-49c7-9ea7-d89624c93ae5] Blender Output: Fra:58 Mem:119.91M (Peak 151.55M) | Time:00:00.19 | Rendering 25 / 64 samples

[2025-07-29T00:08:59.482Z] [DEBUG] [7c5907c5-29ea-49c7-9ea7-d89624c93ae5] Blender Output: Fra:58 Mem:119.91M (Peak 151.55M) | Time:00:00.34 | Rendering 50 / 64 samples

[2025-07-29T00:08:59.570Z] [DEBUG] [7c5907c5-29ea-49c7-9ea7-d89624c93ae5] Blender Output: Fra:58 Mem:119.91M (Peak 151.55M) | Time:00:00.43 | Rendering 64 / 64 samples

[2025-07-29T00:08:59.645Z] [DEBUG] [7c5907c5-29ea-49c7-9ea7-d89624c93ae5] Blender Output: Append frame 58
Time: 00:00.50 (Saving: 00:00.03)


[2025-07-29T00:08:59.682Z] [DEBUG] [7c5907c5-29ea-49c7-9ea7-d89624c93ae5] Blender Output: Fra:59 Mem:119.91M (Peak 151.55M) | Time:00:00.03 | Rendering 1 / 64 samples

[2025-07-29T00:08:59.836Z] [DEBUG] [7c5907c5-29ea-49c7-9ea7-d89624c93ae5] Blender Output: Fra:59 Mem:119.91M (Peak 151.55M) | Time:00:00.19 | Rendering 25 / 64 samples

[2025-07-29T00:08:59.994Z] [DEBUG] [7c5907c5-29ea-49c7-9ea7-d89624c93ae5] Blender Output: Fra:59 Mem:119.91M (Peak 151.55M) | Time:00:00.34 | Rendering 50 / 64 samples

[2025-07-29T00:09:00.082Z] [DEBUG] [7c5907c5-29ea-49c7-9ea7-d89624c93ae5] Blender Output: Fra:59 Mem:119.91M (Peak 151.55M) | Time:00:00.43 | Rendering 64 / 64 samples

[2025-07-29T00:09:00.160Z] [DEBUG] [7c5907c5-29ea-49c7-9ea7-d89624c93ae5] Blender Output: Append frame 59
Time: 00:00.51 (Saving: 00:00.03)


[2025-07-29T00:09:00.196Z] [DEBUG] [7c5907c5-29ea-49c7-9ea7-d89624c93ae5] Blender Output: Fra:60 Mem:119.91M (Peak 151.55M) | Time:00:00.03 | Rendering 1 / 64 samples

[2025-07-29T00:09:00.353Z] [DEBUG] [7c5907c5-29ea-49c7-9ea7-d89624c93ae5] Blender Output: Fra:60 Mem:119.91M (Peak 151.55M) | Time:00:00.19 | Rendering 25 / 64 samples

[2025-07-29T00:09:00.511Z] [DEBUG] [7c5907c5-29ea-49c7-9ea7-d89624c93ae5] Blender Output: Fra:60 Mem:119.91M (Peak 151.55M) | Time:00:00.35 | Rendering 50 / 64 samples

[2025-07-29T00:09:00.600Z] [DEBUG] [7c5907c5-29ea-49c7-9ea7-d89624c93ae5] Blender Output: Fra:60 Mem:119.91M (Peak 151.55M) | Time:00:00.44 | Rendering 64 / 64 samples

[2025-07-29T00:09:00.678Z] [DEBUG] [7c5907c5-29ea-49c7-9ea7-d89624c93ae5] Blender Output: Append frame 60
Time: 00:00.51 (Saving: 00:00.03)


[2025-07-29T00:09:00.715Z] [DEBUG] [7c5907c5-29ea-49c7-9ea7-d89624c93ae5] Blender Output: Fra:61 Mem:119.91M (Peak 151.55M) | Time:00:00.03 | Rendering 1 / 64 samples

[2025-07-29T00:09:00.873Z] [DEBUG] [7c5907c5-29ea-49c7-9ea7-d89624c93ae5] Blender Output: Fra:61 Mem:119.91M (Peak 151.55M) | Time:00:00.19 | Rendering 25 / 64 samples

[2025-07-29T00:09:01.033Z] [DEBUG] [7c5907c5-29ea-49c7-9ea7-d89624c93ae5] Blender Output: Fra:61 Mem:119.91M (Peak 151.55M) | Time:00:00.35 | Rendering 50 / 64 samples

[2025-07-29T00:09:01.123Z] [DEBUG] [7c5907c5-29ea-49c7-9ea7-d89624c93ae5] Blender Output: Fra:61 Mem:119.91M (Peak 151.55M) | Time:00:00.44 | Rendering 64 / 64 samples

[2025-07-29T00:09:01.200Z] [DEBUG] [7c5907c5-29ea-49c7-9ea7-d89624c93ae5] Blender Output: Append frame 61
Time: 00:00.52 (Saving: 00:00.03)


[2025-07-29T00:09:01.237Z] [DEBUG] [7c5907c5-29ea-49c7-9ea7-d89624c93ae5] Blender Output: Fra:62 Mem:119.91M (Peak 151.55M) | Time:00:00.03 | Rendering 1 / 64 samples

[2025-07-29T00:09:01.396Z] [DEBUG] [7c5907c5-29ea-49c7-9ea7-d89624c93ae5] Blender Output: Fra:62 Mem:119.91M (Peak 151.55M) | Time:00:00.19 | Rendering 25 / 64 samples

[2025-07-29T00:09:01.557Z] [DEBUG] [7c5907c5-29ea-49c7-9ea7-d89624c93ae5] Blender Output: Fra:62 Mem:119.91M (Peak 151.55M) | Time:00:00.35 | Rendering 50 / 64 samples

[2025-07-29T00:09:01.648Z] [DEBUG] [7c5907c5-29ea-49c7-9ea7-d89624c93ae5] Blender Output: Fra:62 Mem:119.91M (Peak 151.55M) | Time:00:00.44 | Rendering 64 / 64 samples

[2025-07-29T00:09:01.725Z] [DEBUG] [7c5907c5-29ea-49c7-9ea7-d89624c93ae5] Blender Output: Append frame 62
Time: 00:00.52 (Saving: 00:00.03)


[2025-07-29T00:09:01.761Z] [DEBUG] [7c5907c5-29ea-49c7-9ea7-d89624c93ae5] Blender Output: Fra:63 Mem:119.91M (Peak 151.55M) | Time:00:00.03 | Rendering 1 / 64 samples

[2025-07-29T00:09:01.912Z] [DEBUG] [7c5907c5-29ea-49c7-9ea7-d89624c93ae5] Blender Output: Fra:63 Mem:119.91M (Peak 151.55M) | Time:00:00.18 | Rendering 25 / 64 samples

[2025-07-29T00:09:02.066Z] [DEBUG] [7c5907c5-29ea-49c7-9ea7-d89624c93ae5] Blender Output: Fra:63 Mem:119.91M (Peak 151.55M) | Time:00:00.34 | Rendering 50 / 64 samples

[2025-07-29T00:09:02.152Z] [DEBUG] [7c5907c5-29ea-49c7-9ea7-d89624c93ae5] Blender Output: Fra:63 Mem:119.91M (Peak 151.55M) | Time:00:00.42 | Rendering 64 / 64 samples

[2025-07-29T00:09:02.230Z] [DEBUG] [7c5907c5-29ea-49c7-9ea7-d89624c93ae5] Blender Output: Append frame 63
Time: 00:00.50 (Saving: 00:00.03)


[2025-07-29T00:09:02.267Z] [DEBUG] [7c5907c5-29ea-49c7-9ea7-d89624c93ae5] Blender Output: Fra:64 Mem:119.91M (Peak 151.55M) | Time:00:00.03 | Rendering 1 / 64 samples

[2025-07-29T00:09:02.419Z] [DEBUG] [7c5907c5-29ea-49c7-9ea7-d89624c93ae5] Blender Output: Fra:64 Mem:119.91M (Peak 151.55M) | Time:00:00.18 | Rendering 25 / 64 samples

[2025-07-29T00:09:02.574Z] [DEBUG] [7c5907c5-29ea-49c7-9ea7-d89624c93ae5] Blender Output: Fra:64 Mem:119.91M (Peak 151.55M) | Time:00:00.34 | Rendering 50 / 64 samples

[2025-07-29T00:09:02.662Z] [DEBUG] [7c5907c5-29ea-49c7-9ea7-d89624c93ae5] Blender Output: Fra:64 Mem:119.91M (Peak 151.55M) | Time:00:00.43 | Rendering 64 / 64 samples

[2025-07-29T00:09:02.739Z] [DEBUG] [7c5907c5-29ea-49c7-9ea7-d89624c93ae5] Blender Output: Append frame 64
Time: 00:00.50 (Saving: 00:00.03)


[2025-07-29T00:09:02.775Z] [DEBUG] [7c5907c5-29ea-49c7-9ea7-d89624c93ae5] Blender Output: Fra:65 Mem:119.91M (Peak 151.55M) | Time:00:00.03 | Rendering 1 / 64 samples

[2025-07-29T00:09:02.928Z] [DEBUG] [7c5907c5-29ea-49c7-9ea7-d89624c93ae5] Blender Output: Fra:65 Mem:119.91M (Peak 151.55M) | Time:00:00.18 | Rendering 25 / 64 samples

[2025-07-29T00:09:03.084Z] [DEBUG] [7c5907c5-29ea-49c7-9ea7-d89624c93ae5] Blender Output: Fra:65 Mem:119.91M (Peak 151.55M) | Time:00:00.34 | Rendering 50 / 64 samples

[2025-07-29T00:09:03.173Z] [DEBUG] [7c5907c5-29ea-49c7-9ea7-d89624c93ae5] Blender Output: Fra:65 Mem:119.91M (Peak 151.55M) | Time:00:00.43 | Rendering 64 / 64 samples

[2025-07-29T00:09:03.248Z] [DEBUG] [7c5907c5-29ea-49c7-9ea7-d89624c93ae5] Blender Output: Append frame 65
Time: 00:00.50 (Saving: 00:00.03)


[2025-07-29T00:09:03.285Z] [DEBUG] [7c5907c5-29ea-49c7-9ea7-d89624c93ae5] Blender Output: Fra:66 Mem:119.91M (Peak 151.55M) | Time:00:00.03 | Rendering 1 / 64 samples

[2025-07-29T00:09:03.437Z] [DEBUG] [7c5907c5-29ea-49c7-9ea7-d89624c93ae5] Blender Output: Fra:66 Mem:119.91M (Peak 151.55M) | Time:00:00.18 | Rendering 25 / 64 samples

[2025-07-29T00:09:03.591Z] [DEBUG] [7c5907c5-29ea-49c7-9ea7-d89624c93ae5] Blender Output: Fra:66 Mem:119.91M (Peak 151.55M) | Time:00:00.34 | Rendering 50 / 64 samples

[2025-07-29T00:09:03.678Z] [DEBUG] [7c5907c5-29ea-49c7-9ea7-d89624c93ae5] Blender Output: Fra:66 Mem:119.91M (Peak 151.55M) | Time:00:00.42 | Rendering 64 / 64 samples

[2025-07-29T00:09:03.755Z] [DEBUG] [7c5907c5-29ea-49c7-9ea7-d89624c93ae5] Blender Output: Append frame 66
Time: 00:00.50 (Saving: 00:00.03)


[2025-07-29T00:09:03.792Z] [DEBUG] [7c5907c5-29ea-49c7-9ea7-d89624c93ae5] Blender Output: Fra:67 Mem:119.91M (Peak 151.55M) | Time:00:00.03 | Rendering 1 / 64 samples

[2025-07-29T00:09:03.944Z] [DEBUG] [7c5907c5-29ea-49c7-9ea7-d89624c93ae5] Blender Output: Fra:67 Mem:119.91M (Peak 151.55M) | Time:00:00.18 | Rendering 25 / 64 samples

[2025-07-29T00:09:04.099Z] [DEBUG] [7c5907c5-29ea-49c7-9ea7-d89624c93ae5] Blender Output: Fra:67 Mem:119.91M (Peak 151.55M) | Time:00:00.34 | Rendering 50 / 64 samples

[2025-07-29T00:09:04.186Z] [DEBUG] [7c5907c5-29ea-49c7-9ea7-d89624c93ae5] Blender Output: Fra:67 Mem:119.91M (Peak 151.55M) | Time:00:00.43 | Rendering 64 / 64 samples

[2025-07-29T00:09:04.264Z] [DEBUG] [7c5907c5-29ea-49c7-9ea7-d89624c93ae5] Blender Output: Append frame 67
Time: 00:00.50 (Saving: 00:00.03)


[2025-07-29T00:09:04.301Z] [DEBUG] [7c5907c5-29ea-49c7-9ea7-d89624c93ae5] Blender Output: Fra:68 Mem:119.91M (Peak 151.55M) | Time:00:00.03 | Rendering 1 / 64 samples

[2025-07-29T00:09:04.450Z] [DEBUG] [7c5907c5-29ea-49c7-9ea7-d89624c93ae5] Blender Output: Fra:68 Mem:119.91M (Peak 151.55M) | Time:00:00.18 | Rendering 25 / 64 samples

[2025-07-29T00:09:04.605Z] [DEBUG] [7c5907c5-29ea-49c7-9ea7-d89624c93ae5] Blender Output: Fra:68 Mem:119.91M (Peak 151.55M) | Time:00:00.34 | Rendering 50 / 64 samples

[2025-07-29T00:09:04.692Z] [DEBUG] [7c5907c5-29ea-49c7-9ea7-d89624c93ae5] Blender Output: Fra:68 Mem:119.91M (Peak 151.55M) | Time:00:00.42 | Rendering 64 / 64 samples

[2025-07-29T00:09:04.767Z] [DEBUG] [7c5907c5-29ea-49c7-9ea7-d89624c93ae5] Blender Output: Append frame 68
Time: 00:00.50 (Saving: 00:00.03)


[2025-07-29T00:09:04.804Z] [DEBUG] [7c5907c5-29ea-49c7-9ea7-d89624c93ae5] Blender Output: Fra:69 Mem:119.91M (Peak 151.55M) | Time:00:00.03 | Rendering 1 / 64 samples

[2025-07-29T00:09:04.958Z] [DEBUG] [7c5907c5-29ea-49c7-9ea7-d89624c93ae5] Blender Output: Fra:69 Mem:119.91M (Peak 151.55M) | Time:00:00.19 | Rendering 25 / 64 samples

[2025-07-29T00:09:05.114Z] [DEBUG] [7c5907c5-29ea-49c7-9ea7-d89624c93ae5] Blender Output: Fra:69 Mem:119.91M (Peak 151.55M) | Time:00:00.34 | Rendering 50 / 64 samples

[2025-07-29T00:09:05.202Z] [DEBUG] [7c5907c5-29ea-49c7-9ea7-d89624c93ae5] Blender Output: Fra:69 Mem:119.91M (Peak 151.55M) | Time:00:00.43 | Rendering 64 / 64 samples

[2025-07-29T00:09:05.280Z] [DEBUG] [7c5907c5-29ea-49c7-9ea7-d89624c93ae5] Blender Output: Append frame 69
Time: 00:00.51 (Saving: 00:00.03)


[2025-07-29T00:09:05.316Z] [DEBUG] [7c5907c5-29ea-49c7-9ea7-d89624c93ae5] Blender Output: Fra:70 Mem:119.91M (Peak 151.55M) | Time:00:00.03 | Rendering 1 / 64 samples

[2025-07-29T00:09:05.466Z] [DEBUG] [7c5907c5-29ea-49c7-9ea7-d89624c93ae5] Blender Output: Fra:70 Mem:119.91M (Peak 151.55M) | Time:00:00.18 | Rendering 25 / 64 samples

[2025-07-29T00:09:05.619Z] [DEBUG] [7c5907c5-29ea-49c7-9ea7-d89624c93ae5] Blender Output: Fra:70 Mem:119.91M (Peak 151.55M) | Time:00:00.33 | Rendering 50 / 64 samples

[2025-07-29T00:09:05.706Z] [DEBUG] [7c5907c5-29ea-49c7-9ea7-d89624c93ae5] Blender Output: Fra:70 Mem:119.91M (Peak 151.55M) | Time:00:00.42 | Rendering 64 / 64 samples

[2025-07-29T00:09:05.781Z] [DEBUG] [7c5907c5-29ea-49c7-9ea7-d89624c93ae5] Blender Output: Append frame 70
Time: 00:00.50 (Saving: 00:00.03)


[2025-07-29T00:09:05.817Z] [DEBUG] [7c5907c5-29ea-49c7-9ea7-d89624c93ae5] Blender Output: Fra:71 Mem:119.91M (Peak 151.55M) | Time:00:00.03 | Rendering 1 / 64 samples

[2025-07-29T00:09:05.968Z] [DEBUG] [7c5907c5-29ea-49c7-9ea7-d89624c93ae5] Blender Output: Fra:71 Mem:119.91M (Peak 151.55M) | Time:00:00.18 | Rendering 25 / 64 samples

[2025-07-29T00:09:06.121Z] [DEBUG] [7c5907c5-29ea-49c7-9ea7-d89624c93ae5] Blender Output: Fra:71 Mem:119.91M (Peak 151.55M) | Time:00:00.33 | Rendering 50 / 64 samples

[2025-07-29T00:09:06.206Z] [DEBUG] [7c5907c5-29ea-49c7-9ea7-d89624c93ae5] Blender Output: Fra:71 Mem:119.91M (Peak 151.55M) | Time:00:00.42 | Rendering 64 / 64 samples

[2025-07-29T00:09:06.281Z] [DEBUG] [7c5907c5-29ea-49c7-9ea7-d89624c93ae5] Blender Output: Append frame 71
Time: 00:00.49 (Saving: 00:00.03)


[2025-07-29T00:09:06.318Z] [DEBUG] [7c5907c5-29ea-49c7-9ea7-d89624c93ae5] Blender Output: Fra:72 Mem:119.91M (Peak 151.55M) | Time:00:00.03 | Rendering 1 / 64 samples

[2025-07-29T00:09:06.470Z] [DEBUG] [7c5907c5-29ea-49c7-9ea7-d89624c93ae5] Blender Output: Fra:72 Mem:119.91M (Peak 151.55M) | Time:00:00.18 | Rendering 25 / 64 samples

[2025-07-29T00:09:06.625Z] [DEBUG] [7c5907c5-29ea-49c7-9ea7-d89624c93ae5] Blender Output: Fra:72 Mem:119.91M (Peak 151.55M) | Time:00:00.34 | Rendering 50 / 64 samples

[2025-07-29T00:09:06.713Z] [DEBUG] [7c5907c5-29ea-49c7-9ea7-d89624c93ae5] Blender Output: Fra:72 Mem:119.91M (Peak 151.55M) | Time:00:00.43 | Rendering 64 / 64 samples

[2025-07-29T00:09:06.791Z] [DEBUG] [7c5907c5-29ea-49c7-9ea7-d89624c93ae5] Blender Output: Append frame 72
Time: 00:00.50 (Saving: 00:00.03)


[2025-07-29T00:09:06.826Z] [DEBUG] [7c5907c5-29ea-49c7-9ea7-d89624c93ae5] Blender Output: Fra:73 Mem:119.91M (Peak 151.55M) | Time:00:00.03 | Rendering 1 / 64 samples

[2025-07-29T00:09:06.979Z] [DEBUG] [7c5907c5-29ea-49c7-9ea7-d89624c93ae5] Blender Output: Fra:73 Mem:119.91M (Peak 151.55M) | Time:00:00.18 | Rendering 25 / 64 samples

[2025-07-29T00:09:07.135Z] [DEBUG] [7c5907c5-29ea-49c7-9ea7-d89624c93ae5] Blender Output: Fra:73 Mem:119.91M (Peak 151.55M) | Time:00:00.34 | Rendering 50 / 64 samples

[2025-07-29T00:09:07.223Z] [DEBUG] [7c5907c5-29ea-49c7-9ea7-d89624c93ae5] Blender Output: Fra:73 Mem:119.91M (Peak 151.55M) | Time:00:00.43 | Rendering 64 / 64 samples

[2025-07-29T00:09:07.298Z] [DEBUG] [7c5907c5-29ea-49c7-9ea7-d89624c93ae5] Blender Output: Append frame 73
Time: 00:00.50 (Saving: 00:00.03)


[2025-07-29T00:09:07.335Z] [DEBUG] [7c5907c5-29ea-49c7-9ea7-d89624c93ae5] Blender Output: Fra:74 Mem:119.91M (Peak 151.55M) | Time:00:00.03 | Rendering 1 / 64 samples

[2025-07-29T00:09:07.487Z] [DEBUG] [7c5907c5-29ea-49c7-9ea7-d89624c93ae5] Blender Output: Fra:74 Mem:119.91M (Peak 151.55M) | Time:00:00.18 | Rendering 25 / 64 samples

[2025-07-29T00:09:07.642Z] [DEBUG] [7c5907c5-29ea-49c7-9ea7-d89624c93ae5] Blender Output: Fra:74 Mem:119.91M (Peak 151.55M) | Time:00:00.34 | Rendering 50 / 64 samples

[2025-07-29T00:09:07.730Z] [DEBUG] [7c5907c5-29ea-49c7-9ea7-d89624c93ae5] Blender Output: Fra:74 Mem:119.91M (Peak 151.55M) | Time:00:00.43 | Rendering 64 / 64 samples

[2025-07-29T00:09:07.809Z] [DEBUG] [7c5907c5-29ea-49c7-9ea7-d89624c93ae5] Blender Output: Append frame 74
Time: 00:00.51 (Saving: 00:00.03)


[2025-07-29T00:09:07.846Z] [DEBUG] [7c5907c5-29ea-49c7-9ea7-d89624c93ae5] Blender Output: Fra:75 Mem:119.91M (Peak 151.55M) | Time:00:00.03 | Rendering 1 / 64 samples

[2025-07-29T00:09:07.999Z] [DEBUG] [7c5907c5-29ea-49c7-9ea7-d89624c93ae5] Blender Output: Fra:75 Mem:119.91M (Peak 151.55M) | Time:00:00.19 | Rendering 25 / 64 samples

[2025-07-29T00:09:08.156Z] [DEBUG] [7c5907c5-29ea-49c7-9ea7-d89624c93ae5] Blender Output: Fra:75 Mem:119.91M (Peak 151.55M) | Time:00:00.34 | Rendering 50 / 64 samples

[2025-07-29T00:09:08.245Z] [DEBUG] [7c5907c5-29ea-49c7-9ea7-d89624c93ae5] Blender Output: Fra:75 Mem:119.91M (Peak 151.55M) | Time:00:00.43 | Rendering 64 / 64 samples

[2025-07-29T00:09:08.325Z] [DEBUG] [7c5907c5-29ea-49c7-9ea7-d89624c93ae5] Blender Output: Append frame 75
Time: 00:00.51 (Saving: 00:00.03)


[2025-07-29T00:09:08.361Z] [DEBUG] [7c5907c5-29ea-49c7-9ea7-d89624c93ae5] Blender Output: Fra:76 Mem:119.91M (Peak 151.55M) | Time:00:00.03 | Rendering 1 / 64 samples

[2025-07-29T00:09:08.513Z] [DEBUG] [7c5907c5-29ea-49c7-9ea7-d89624c93ae5] Blender Output: Fra:76 Mem:119.91M (Peak 151.55M) | Time:00:00.18 | Rendering 25 / 64 samples

[2025-07-29T00:09:08.668Z] [DEBUG] [7c5907c5-29ea-49c7-9ea7-d89624c93ae5] Blender Output: Fra:76 Mem:119.91M (Peak 151.55M) | Time:00:00.34 | Rendering 50 / 64 samples

[2025-07-29T00:09:08.756Z] [DEBUG] [7c5907c5-29ea-49c7-9ea7-d89624c93ae5] Blender Output: Fra:76 Mem:119.91M (Peak 151.55M) | Time:00:00.43 | Rendering 64 / 64 samples

[2025-07-29T00:09:08.834Z] [DEBUG] [7c5907c5-29ea-49c7-9ea7-d89624c93ae5] Blender Output: Append frame 76
Time: 00:00.50 (Saving: 00:00.03)


[2025-07-29T00:09:08.870Z] [DEBUG] [7c5907c5-29ea-49c7-9ea7-d89624c93ae5] Blender Output: Fra:77 Mem:119.91M (Peak 151.55M) | Time:00:00.03 | Rendering 1 / 64 samples

[2025-07-29T00:09:09.023Z] [DEBUG] [7c5907c5-29ea-49c7-9ea7-d89624c93ae5] Blender Output: Fra:77 Mem:119.91M (Peak 151.55M) | Time:00:00.18 | Rendering 25 / 64 samples

[2025-07-29T00:09:09.180Z] [DEBUG] [7c5907c5-29ea-49c7-9ea7-d89624c93ae5] Blender Output: Fra:77 Mem:119.91M (Peak 151.55M) | Time:00:00.34 | Rendering 50 / 64 samples

[2025-07-29T00:09:09.268Z] [DEBUG] [7c5907c5-29ea-49c7-9ea7-d89624c93ae5] Blender Output: Fra:77 Mem:119.91M (Peak 151.55M) | Time:00:00.43 | Rendering 64 / 64 samples

[2025-07-29T00:09:09.343Z] [DEBUG] [7c5907c5-29ea-49c7-9ea7-d89624c93ae5] Blender Output: Append frame 77
Time: 00:00.50 (Saving: 00:00.03)


[2025-07-29T00:09:09.380Z] [DEBUG] [7c5907c5-29ea-49c7-9ea7-d89624c93ae5] Blender Output: Fra:78 Mem:119.91M (Peak 151.55M) | Time:00:00.03 | Rendering 1 / 64 samples

[2025-07-29T00:09:09.531Z] [DEBUG] [7c5907c5-29ea-49c7-9ea7-d89624c93ae5] Blender Output: Fra:78 Mem:119.91M (Peak 151.55M) | Time:00:00.18 | Rendering 25 / 64 samples

[2025-07-29T00:09:09.686Z] [DEBUG] [7c5907c5-29ea-49c7-9ea7-d89624c93ae5] Blender Output: Fra:78 Mem:119.91M (Peak 151.55M) | Time:00:00.34 | Rendering 50 / 64 samples

[2025-07-29T00:09:09.773Z] [DEBUG] [7c5907c5-29ea-49c7-9ea7-d89624c93ae5] Blender Output: Fra:78 Mem:119.91M (Peak 151.55M) | Time:00:00.42 | Rendering 64 / 64 samples

[2025-07-29T00:09:09.847Z] [DEBUG] [7c5907c5-29ea-49c7-9ea7-d89624c93ae5] Blender Output: Append frame 78
Time: 00:00.50 (Saving: 00:00.03)


[2025-07-29T00:09:09.884Z] [DEBUG] [7c5907c5-29ea-49c7-9ea7-d89624c93ae5] Blender Output: Fra:79 Mem:119.91M (Peak 151.55M) | Time:00:00.03 | Rendering 1 / 64 samples

[2025-07-29T00:09:10.035Z] [DEBUG] [7c5907c5-29ea-49c7-9ea7-d89624c93ae5] Blender Output: Fra:79 Mem:119.91M (Peak 151.55M) | Time:00:00.18 | Rendering 25 / 64 samples

[2025-07-29T00:09:10.190Z] [DEBUG] [7c5907c5-29ea-49c7-9ea7-d89624c93ae5] Blender Output: Fra:79 Mem:119.91M (Peak 151.55M) | Time:00:00.34 | Rendering 50 / 64 samples

[2025-07-29T00:09:10.279Z] [DEBUG] [7c5907c5-29ea-49c7-9ea7-d89624c93ae5] Blender Output: Fra:79 Mem:119.91M (Peak 151.55M) | Time:00:00.43 | Rendering 64 / 64 samples

[2025-07-29T00:09:10.354Z] [DEBUG] [7c5907c5-29ea-49c7-9ea7-d89624c93ae5] Blender Output: Append frame 79
Time: 00:00.50 (Saving: 00:00.03)


[2025-07-29T00:09:10.391Z] [DEBUG] [7c5907c5-29ea-49c7-9ea7-d89624c93ae5] Blender Output: Fra:80 Mem:119.91M (Peak 151.55M) | Time:00:00.03 | Rendering 1 / 64 samples

[2025-07-29T00:09:10.547Z] [DEBUG] [7c5907c5-29ea-49c7-9ea7-d89624c93ae5] Blender Output: Fra:80 Mem:119.91M (Peak 151.55M) | Time:00:00.19 | Rendering 25 / 64 samples

[2025-07-29T00:09:10.705Z] [DEBUG] [7c5907c5-29ea-49c7-9ea7-d89624c93ae5] Blender Output: Fra:80 Mem:119.91M (Peak 151.55M) | Time:00:00.35 | Rendering 50 / 64 samples

[2025-07-29T00:09:10.794Z] [DEBUG] [7c5907c5-29ea-49c7-9ea7-d89624c93ae5] Blender Output: Fra:80 Mem:119.91M (Peak 151.55M) | Time:00:00.43 | Rendering 64 / 64 samples

[2025-07-29T00:09:10.870Z] [DEBUG] [7c5907c5-29ea-49c7-9ea7-d89624c93ae5] Blender Output: Append frame 80
Time: 00:00.51 (Saving: 00:00.03)


[2025-07-29T00:09:10.908Z] [DEBUG] [7c5907c5-29ea-49c7-9ea7-d89624c93ae5] Blender Output: Fra:81 Mem:119.91M (Peak 151.55M) | Time:00:00.03 | Rendering 1 / 64 samples

[2025-07-29T00:09:11.059Z] [DEBUG] [7c5907c5-29ea-49c7-9ea7-d89624c93ae5] Blender Output: Fra:81 Mem:119.91M (Peak 151.55M) | Time:00:00.18 | Rendering 25 / 64 samples

[2025-07-29T00:09:11.214Z] [DEBUG] [7c5907c5-29ea-49c7-9ea7-d89624c93ae5] Blender Output: Fra:81 Mem:119.91M (Peak 151.55M) | Time:00:00.34 | Rendering 50 / 64 samples

[2025-07-29T00:09:11.303Z] [DEBUG] [7c5907c5-29ea-49c7-9ea7-d89624c93ae5] Blender Output: Fra:81 Mem:119.91M (Peak 151.55M) | Time:00:00.43 | Rendering 64 / 64 samples

[2025-07-29T00:09:11.376Z] [DEBUG] [7c5907c5-29ea-49c7-9ea7-d89624c93ae5] Blender Output: Append frame 81
Time: 00:00.50 (Saving: 00:00.03)


[2025-07-29T00:09:11.413Z] [DEBUG] [7c5907c5-29ea-49c7-9ea7-d89624c93ae5] Blender Output: Fra:82 Mem:119.91M (Peak 151.55M) | Time:00:00.03 | Rendering 1 / 64 samples

[2025-07-29T00:09:11.565Z] [DEBUG] [7c5907c5-29ea-49c7-9ea7-d89624c93ae5] Blender Output: Fra:82 Mem:119.91M (Peak 151.55M) | Time:00:00.18 | Rendering 25 / 64 samples

[2025-07-29T00:09:11.719Z] [DEBUG] [7c5907c5-29ea-49c7-9ea7-d89624c93ae5] Blender Output: Fra:82 Mem:119.91M (Peak 151.55M) | Time:00:00.34 | Rendering 50 / 64 samples

[2025-07-29T00:09:11.805Z] [DEBUG] [7c5907c5-29ea-49c7-9ea7-d89624c93ae5] Blender Output: Fra:82 Mem:119.91M (Peak 151.55M) | Time:00:00.42 | Rendering 64 / 64 samples

[2025-07-29T00:09:11.884Z] [DEBUG] [7c5907c5-29ea-49c7-9ea7-d89624c93ae5] Blender Output: Append frame 82
Time: 00:00.50 (Saving: 00:00.03)


[2025-07-29T00:09:11.920Z] [DEBUG] [7c5907c5-29ea-49c7-9ea7-d89624c93ae5] Blender Output: Fra:83 Mem:119.91M (Peak 151.55M) | Time:00:00.03 | Rendering 1 / 64 samples

[2025-07-29T00:09:12.070Z] [DEBUG] [7c5907c5-29ea-49c7-9ea7-d89624c93ae5] Blender Output: Fra:83 Mem:119.91M (Peak 151.55M) | Time:00:00.18 | Rendering 25 / 64 samples

[2025-07-29T00:09:12.223Z] [DEBUG] [7c5907c5-29ea-49c7-9ea7-d89624c93ae5] Blender Output: Fra:83 Mem:119.91M (Peak 151.55M) | Time:00:00.33 | Rendering 50 / 64 samples

[2025-07-29T00:09:12.309Z] [DEBUG] [7c5907c5-29ea-49c7-9ea7-d89624c93ae5] Blender Output: Fra:83 Mem:119.91M (Peak 151.55M) | Time:00:00.42 | Rendering 64 / 64 samples

[2025-07-29T00:09:12.386Z] [DEBUG] [7c5907c5-29ea-49c7-9ea7-d89624c93ae5] Blender Output: Append frame 83
Time: 00:00.50 (Saving: 00:00.03)


[2025-07-29T00:09:12.423Z] [DEBUG] [7c5907c5-29ea-49c7-9ea7-d89624c93ae5] Blender Output: Fra:84 Mem:119.91M (Peak 151.55M) | Time:00:00.03 | Rendering 1 / 64 samples

[2025-07-29T00:09:12.573Z] [DEBUG] [7c5907c5-29ea-49c7-9ea7-d89624c93ae5] Blender Output: Fra:84 Mem:119.91M (Peak 151.55M) | Time:00:00.18 | Rendering 25 / 64 samples

[2025-07-29T00:09:12.726Z] [DEBUG] [7c5907c5-29ea-49c7-9ea7-d89624c93ae5] Blender Output: Fra:84 Mem:119.91M (Peak 151.55M) | Time:00:00.33 | Rendering 50 / 64 samples

[2025-07-29T00:09:12.812Z] [DEBUG] [7c5907c5-29ea-49c7-9ea7-d89624c93ae5] Blender Output: Fra:84 Mem:119.91M (Peak 151.55M) | Time:00:00.42 | Rendering 64 / 64 samples

[2025-07-29T00:09:12.887Z] [DEBUG] [7c5907c5-29ea-49c7-9ea7-d89624c93ae5] Blender Output: Append frame 84
Time: 00:00.50 (Saving: 00:00.03)


[2025-07-29T00:09:12.923Z] [DEBUG] [7c5907c5-29ea-49c7-9ea7-d89624c93ae5] Blender Output: Fra:85 Mem:119.91M (Peak 151.55M) | Time:00:00.03 | Rendering 1 / 64 samples

[2025-07-29T00:09:13.074Z] [DEBUG] [7c5907c5-29ea-49c7-9ea7-d89624c93ae5] Blender Output: Fra:85 Mem:119.91M (Peak 151.55M) | Time:00:00.18 | Rendering 25 / 64 samples

[2025-07-29T00:09:13.227Z] [DEBUG] [7c5907c5-29ea-49c7-9ea7-d89624c93ae5] Blender Output: Fra:85 Mem:119.91M (Peak 151.55M) | Time:00:00.34 | Rendering 50 / 64 samples

[2025-07-29T00:09:13.314Z] [DEBUG] [7c5907c5-29ea-49c7-9ea7-d89624c93ae5] Blender Output: Fra:85 Mem:119.91M (Peak 151.55M) | Time:00:00.42 | Rendering 64 / 64 samples

[2025-07-29T00:09:13.393Z] [DEBUG] [7c5907c5-29ea-49c7-9ea7-d89624c93ae5] Blender Output: Append frame 85
Time: 00:00.50 (Saving: 00:00.03)


[2025-07-29T00:09:13.429Z] [DEBUG] [7c5907c5-29ea-49c7-9ea7-d89624c93ae5] Blender Output: Fra:86 Mem:119.91M (Peak 151.55M) | Time:00:00.03 | Rendering 1 / 64 samples

[2025-07-29T00:09:13.580Z] [DEBUG] [7c5907c5-29ea-49c7-9ea7-d89624c93ae5] Blender Output: Fra:86 Mem:119.91M (Peak 151.55M) | Time:00:00.18 | Rendering 25 / 64 samples

[2025-07-29T00:09:13.735Z] [DEBUG] [7c5907c5-29ea-49c7-9ea7-d89624c93ae5] Blender Output: Fra:86 Mem:119.91M (Peak 151.55M) | Time:00:00.34 | Rendering 50 / 64 samples

[2025-07-29T00:09:13.821Z] [DEBUG] [7c5907c5-29ea-49c7-9ea7-d89624c93ae5] Blender Output: Fra:86 Mem:119.91M (Peak 151.55M) | Time:00:00.42 | Rendering 64 / 64 samples

[2025-07-29T00:09:13.899Z] [DEBUG] [7c5907c5-29ea-49c7-9ea7-d89624c93ae5] Blender Output: Append frame 86
Time: 00:00.50 (Saving: 00:00.03)


[2025-07-29T00:09:13.936Z] [DEBUG] [7c5907c5-29ea-49c7-9ea7-d89624c93ae5] Blender Output: Fra:87 Mem:119.91M (Peak 151.55M) | Time:00:00.03 | Rendering 1 / 64 samples

[2025-07-29T00:09:14.088Z] [DEBUG] [7c5907c5-29ea-49c7-9ea7-d89624c93ae5] Blender Output: Fra:87 Mem:119.91M (Peak 151.55M) | Time:00:00.18 | Rendering 25 / 64 samples

[2025-07-29T00:09:14.244Z] [DEBUG] [7c5907c5-29ea-49c7-9ea7-d89624c93ae5] Blender Output: Fra:87 Mem:119.91M (Peak 151.55M) | Time:00:00.34 | Rendering 50 / 64 samples

[2025-07-29T00:09:14.332Z] [DEBUG] [7c5907c5-29ea-49c7-9ea7-d89624c93ae5] Blender Output: Fra:87 Mem:119.91M (Peak 151.55M) | Time:00:00.43 | Rendering 64 / 64 samples

[2025-07-29T00:09:14.410Z] [DEBUG] [7c5907c5-29ea-49c7-9ea7-d89624c93ae5] Blender Output: Append frame 87
Time: 00:00.51 (Saving: 00:00.03)


[2025-07-29T00:09:14.447Z] [DEBUG] [7c5907c5-29ea-49c7-9ea7-d89624c93ae5] Blender Output: Fra:88 Mem:119.91M (Peak 151.55M) | Time:00:00.03 | Rendering 1 / 64 samples

[2025-07-29T00:09:14.605Z] [DEBUG] [7c5907c5-29ea-49c7-9ea7-d89624c93ae5] Blender Output: Fra:88 Mem:119.91M (Peak 151.55M) | Time:00:00.19 | Rendering 25 / 64 samples

[2025-07-29T00:09:14.764Z] [DEBUG] [7c5907c5-29ea-49c7-9ea7-d89624c93ae5] Blender Output: Fra:88 Mem:119.91M (Peak 151.55M) | Time:00:00.35 | Rendering 50 / 64 samples

[2025-07-29T00:09:14.852Z] [DEBUG] [7c5907c5-29ea-49c7-9ea7-d89624c93ae5] Blender Output: Fra:88 Mem:119.91M (Peak 151.55M) | Time:00:00.44 | Rendering 64 / 64 samples

[2025-07-29T00:09:14.926Z] [DEBUG] [7c5907c5-29ea-49c7-9ea7-d89624c93ae5] Blender Output: Append frame 88
Time: 00:00.51 (Saving: 00:00.03)


[2025-07-29T00:09:14.963Z] [DEBUG] [7c5907c5-29ea-49c7-9ea7-d89624c93ae5] Blender Output: Fra:89 Mem:119.91M (Peak 151.55M) | Time:00:00.03 | Rendering 1 / 64 samples

[2025-07-29T00:09:15.117Z] [DEBUG] [7c5907c5-29ea-49c7-9ea7-d89624c93ae5] Blender Output: Fra:89 Mem:119.91M (Peak 151.55M) | Time:00:00.19 | Rendering 25 / 64 samples

[2025-07-29T00:09:15.274Z] [DEBUG] [7c5907c5-29ea-49c7-9ea7-d89624c93ae5] Blender Output: Fra:89 Mem:119.91M (Peak 151.55M) | Time:00:00.34 | Rendering 50 / 64 samples

[2025-07-29T00:09:15.361Z] [DEBUG] [7c5907c5-29ea-49c7-9ea7-d89624c93ae5] Blender Output: Fra:89 Mem:119.91M (Peak 151.55M) | Time:00:00.43 | Rendering 64 / 64 samples

[2025-07-29T00:09:15.438Z] [DEBUG] [7c5907c5-29ea-49c7-9ea7-d89624c93ae5] Blender Output: Append frame 89
Time: 00:00.51 (Saving: 00:00.03)


[2025-07-29T00:09:15.475Z] [DEBUG] [7c5907c5-29ea-49c7-9ea7-d89624c93ae5] Blender Output: Fra:90 Mem:119.91M (Peak 151.55M) | Time:00:00.03 | Rendering 1 / 64 samples

[2025-07-29T00:09:15.627Z] [DEBUG] [7c5907c5-29ea-49c7-9ea7-d89624c93ae5] Blender Output: Fra:90 Mem:119.91M (Peak 151.55M) | Time:00:00.18 | Rendering 25 / 64 samples

[2025-07-29T00:09:15.783Z] [DEBUG] [7c5907c5-29ea-49c7-9ea7-d89624c93ae5] Blender Output: Fra:90 Mem:119.91M (Peak 151.55M) | Time:00:00.34 | Rendering 50 / 64 samples

[2025-07-29T00:09:15.870Z] [DEBUG] [7c5907c5-29ea-49c7-9ea7-d89624c93ae5] Blender Output: Fra:90 Mem:119.91M (Peak 151.55M) | Time:00:00.43 | Rendering 64 / 64 samples

[2025-07-29T00:09:15.944Z] [DEBUG] [7c5907c5-29ea-49c7-9ea7-d89624c93ae5] Blender Output: Append frame 90
Time: 00:00.50 (Saving: 00:00.03)


[2025-07-29T00:09:15.979Z] [DEBUG] [7c5907c5-29ea-49c7-9ea7-d89624c93ae5] Blender Output: Fra:91 Mem:119.91M (Peak 151.55M) | Time:00:00.03 | Rendering 1 / 64 samples

[2025-07-29T00:09:16.132Z] [DEBUG] [7c5907c5-29ea-49c7-9ea7-d89624c93ae5] Blender Output: Fra:91 Mem:119.91M (Peak 151.55M) | Time:00:00.18 | Rendering 25 / 64 samples

[2025-07-29T00:09:16.288Z] [DEBUG] [7c5907c5-29ea-49c7-9ea7-d89624c93ae5] Blender Output: Fra:91 Mem:119.91M (Peak 151.55M) | Time:00:00.34 | Rendering 50 / 64 samples

[2025-07-29T00:09:16.376Z] [DEBUG] [7c5907c5-29ea-49c7-9ea7-d89624c93ae5] Blender Output: Fra:91 Mem:119.91M (Peak 151.55M) | Time:00:00.43 | Rendering 64 / 64 samples

[2025-07-29T00:09:16.450Z] [DEBUG] [7c5907c5-29ea-49c7-9ea7-d89624c93ae5] Blender Output: Append frame 91
Time: 00:00.50 (Saving: 00:00.03)


[2025-07-29T00:09:16.486Z] [DEBUG] [7c5907c5-29ea-49c7-9ea7-d89624c93ae5] Blender Output: Fra:92 Mem:119.91M (Peak 151.55M) | Time:00:00.03 | Rendering 1 / 64 samples

[2025-07-29T00:09:16.638Z] [DEBUG] [7c5907c5-29ea-49c7-9ea7-d89624c93ae5] Blender Output: Fra:92 Mem:119.91M (Peak 151.55M) | Time:00:00.18 | Rendering 25 / 64 samples

[2025-07-29T00:09:16.794Z] [DEBUG] [7c5907c5-29ea-49c7-9ea7-d89624c93ae5] Blender Output: Fra:92 Mem:119.91M (Peak 151.55M) | Time:00:00.34 | Rendering 50 / 64 samples

[2025-07-29T00:09:16.881Z] [DEBUG] [7c5907c5-29ea-49c7-9ea7-d89624c93ae5] Blender Output: Fra:92 Mem:119.91M (Peak 151.55M) | Time:00:00.43 | Rendering 64 / 64 samples

[2025-07-29T00:09:16.957Z] [DEBUG] [7c5907c5-29ea-49c7-9ea7-d89624c93ae5] Blender Output: Append frame 92
Time: 00:00.50 (Saving: 00:00.03)


[2025-07-29T00:09:16.993Z] [DEBUG] [7c5907c5-29ea-49c7-9ea7-d89624c93ae5] Blender Output: Fra:93 Mem:119.91M (Peak 151.55M) | Time:00:00.03 | Rendering 1 / 64 samples

[2025-07-29T00:09:17.146Z] [DEBUG] [7c5907c5-29ea-49c7-9ea7-d89624c93ae5] Blender Output: Fra:93 Mem:119.91M (Peak 151.55M) | Time:00:00.18 | Rendering 25 / 64 samples

[2025-07-29T00:09:17.301Z] [DEBUG] [7c5907c5-29ea-49c7-9ea7-d89624c93ae5] Blender Output: Fra:93 Mem:119.91M (Peak 151.55M) | Time:00:00.34 | Rendering 50 / 64 samples

[2025-07-29T00:09:17.387Z] [DEBUG] [7c5907c5-29ea-49c7-9ea7-d89624c93ae5] Blender Output: Fra:93 Mem:119.91M (Peak 151.55M) | Time:00:00.42 | Rendering 64 / 64 samples

[2025-07-29T00:09:17.461Z] [DEBUG] [7c5907c5-29ea-49c7-9ea7-d89624c93ae5] Blender Output: Append frame 93
Time: 00:00.50 (Saving: 00:00.03)


[2025-07-29T00:09:17.498Z] [DEBUG] [7c5907c5-29ea-49c7-9ea7-d89624c93ae5] Blender Output: Fra:94 Mem:119.91M (Peak 151.55M) | Time:00:00.03 | Rendering 1 / 64 samples

[2025-07-29T00:09:17.648Z] [DEBUG] [7c5907c5-29ea-49c7-9ea7-d89624c93ae5] Blender Output: Fra:94 Mem:119.91M (Peak 151.55M) | Time:00:00.18 | Rendering 25 / 64 samples

[2025-07-29T00:09:17.802Z] [DEBUG] [7c5907c5-29ea-49c7-9ea7-d89624c93ae5] Blender Output: Fra:94 Mem:119.91M (Peak 151.55M) | Time:00:00.34 | Rendering 50 / 64 samples

[2025-07-29T00:09:17.889Z] [DEBUG] [7c5907c5-29ea-49c7-9ea7-d89624c93ae5] Blender Output: Fra:94 Mem:119.91M (Peak 151.55M) | Time:00:00.42 | Rendering 64 / 64 samples

[2025-07-29T00:09:17.967Z] [DEBUG] [7c5907c5-29ea-49c7-9ea7-d89624c93ae5] Blender Output: Append frame 94
Time: 00:00.50 (Saving: 00:00.03)


[2025-07-29T00:09:18.003Z] [DEBUG] [7c5907c5-29ea-49c7-9ea7-d89624c93ae5] Blender Output: Fra:95 Mem:119.91M (Peak 151.55M) | Time:00:00.03 | Rendering 1 / 64 samples

[2025-07-29T00:09:18.154Z] [DEBUG] [7c5907c5-29ea-49c7-9ea7-d89624c93ae5] Blender Output: Fra:95 Mem:119.91M (Peak 151.55M) | Time:00:00.18 | Rendering 25 / 64 samples

[2025-07-29T00:09:18.310Z] [DEBUG] [7c5907c5-29ea-49c7-9ea7-d89624c93ae5] Blender Output: Fra:95 Mem:119.91M (Peak 151.55M) | Time:00:00.34 | Rendering 50 / 64 samples

[2025-07-29T00:09:18.396Z] [DEBUG] [7c5907c5-29ea-49c7-9ea7-d89624c93ae5] Blender Output: Fra:95 Mem:119.91M (Peak 151.55M) | Time:00:00.42 | Rendering 64 / 64 samples

[2025-07-29T00:09:18.471Z] [DEBUG] [7c5907c5-29ea-49c7-9ea7-d89624c93ae5] Blender Output: Append frame 95
Time: 00:00.50 (Saving: 00:00.03)


[2025-07-29T00:09:18.508Z] [DEBUG] [7c5907c5-29ea-49c7-9ea7-d89624c93ae5] Blender Output: Fra:96 Mem:119.91M (Peak 151.55M) | Time:00:00.03 | Rendering 1 / 64 samples

[2025-07-29T00:09:18.658Z] [DEBUG] [7c5907c5-29ea-49c7-9ea7-d89624c93ae5] Blender Output: Fra:96 Mem:119.91M (Peak 151.55M) | Time:00:00.18 | Rendering 25 / 64 samples

[2025-07-29T00:09:18.810Z] [DEBUG] [7c5907c5-29ea-49c7-9ea7-d89624c93ae5] Blender Output: Fra:96 Mem:119.91M (Peak 151.55M) | Time:00:00.33 | Rendering 50 / 64 samples

[2025-07-29T00:09:18.896Z] [DEBUG] [7c5907c5-29ea-49c7-9ea7-d89624c93ae5] Blender Output: Fra:96 Mem:119.91M (Peak 151.55M) | Time:00:00.42 | Rendering 64 / 64 samples

[2025-07-29T00:09:18.973Z] [DEBUG] [7c5907c5-29ea-49c7-9ea7-d89624c93ae5] Blender Output: Append frame 96
Time: 00:00.50 (Saving: 00:00.03)


[2025-07-29T00:09:19.009Z] [DEBUG] [7c5907c5-29ea-49c7-9ea7-d89624c93ae5] Blender Output: Fra:97 Mem:119.91M (Peak 151.55M) | Time:00:00.03 | Rendering 1 / 64 samples

[2025-07-29T00:09:19.162Z] [DEBUG] [7c5907c5-29ea-49c7-9ea7-d89624c93ae5] Blender Output: Fra:97 Mem:119.91M (Peak 151.55M) | Time:00:00.18 | Rendering 25 / 64 samples

[2025-07-29T00:09:19.319Z] [DEBUG] [7c5907c5-29ea-49c7-9ea7-d89624c93ae5] Blender Output: Fra:97 Mem:119.91M (Peak 151.55M) | Time:00:00.34 | Rendering 50 / 64 samples

[2025-07-29T00:09:19.406Z] [DEBUG] [7c5907c5-29ea-49c7-9ea7-d89624c93ae5] Blender Output: Fra:97 Mem:119.91M (Peak 151.55M) | Time:00:00.43 | Rendering 64 / 64 samples

[2025-07-29T00:09:19.480Z] [DEBUG] [7c5907c5-29ea-49c7-9ea7-d89624c93ae5] Blender Output: Append frame 97
Time: 00:00.50 (Saving: 00:00.03)


[2025-07-29T00:09:19.516Z] [DEBUG] [7c5907c5-29ea-49c7-9ea7-d89624c93ae5] Blender Output: Fra:98 Mem:119.91M (Peak 151.55M) | Time:00:00.03 | Rendering 1 / 64 samples

[2025-07-29T00:09:19.667Z] [DEBUG] [7c5907c5-29ea-49c7-9ea7-d89624c93ae5] Blender Output: Fra:98 Mem:119.91M (Peak 151.55M) | Time:00:00.18 | Rendering 25 / 64 samples

[2025-07-29T00:09:19.821Z] [DEBUG] [7c5907c5-29ea-49c7-9ea7-d89624c93ae5] Blender Output: Fra:98 Mem:119.91M (Peak 151.55M) | Time:00:00.34 | Rendering 50 / 64 samples

[2025-07-29T00:09:19.908Z] [DEBUG] [7c5907c5-29ea-49c7-9ea7-d89624c93ae5] Blender Output: Fra:98 Mem:119.91M (Peak 151.55M) | Time:00:00.42 | Rendering 64 / 64 samples

[2025-07-29T00:09:19.984Z] [DEBUG] [7c5907c5-29ea-49c7-9ea7-d89624c93ae5] Blender Output: Append frame 98
Time: 00:00.50 (Saving: 00:00.03)


[2025-07-29T00:09:20.021Z] [DEBUG] [7c5907c5-29ea-49c7-9ea7-d89624c93ae5] Blender Output: Fra:99 Mem:119.91M (Peak 151.55M) | Time:00:00.03 | Rendering 1 / 64 samples

[2025-07-29T00:09:20.172Z] [DEBUG] [7c5907c5-29ea-49c7-9ea7-d89624c93ae5] Blender Output: Fra:99 Mem:119.91M (Peak 151.55M) | Time:00:00.18 | Rendering 25 / 64 samples

[2025-07-29T00:09:20.327Z] [DEBUG] [7c5907c5-29ea-49c7-9ea7-d89624c93ae5] Blender Output: Fra:99 Mem:119.91M (Peak 151.55M) | Time:00:00.34 | Rendering 50 / 64 samples

[2025-07-29T00:09:20.411Z] [DEBUG] [7c5907c5-29ea-49c7-9ea7-d89624c93ae5] Blender Output: Fra:99 Mem:119.91M (Peak 151.55M) | Time:00:00.42 | Rendering 64 / 64 samples

[2025-07-29T00:09:20.487Z] [DEBUG] [7c5907c5-29ea-49c7-9ea7-d89624c93ae5] Blender Output: Append frame 99
Time: 00:00.50 (Saving: 00:00.03)


[2025-07-29T00:09:20.524Z] [DEBUG] [7c5907c5-29ea-49c7-9ea7-d89624c93ae5] Blender Output: Fra:100 Mem:119.91M (Peak 151.55M) | Time:00:00.03 | Rendering 1 / 64 samples

[2025-07-29T00:09:20.681Z] [DEBUG] [7c5907c5-29ea-49c7-9ea7-d89624c93ae5] Blender Output: Fra:100 Mem:119.91M (Peak 151.55M) | Time:00:00.19 | Rendering 25 / 64 samples

[2025-07-29T00:09:20.841Z] [DEBUG] [7c5907c5-29ea-49c7-9ea7-d89624c93ae5] Blender Output: Fra:100 Mem:119.91M (Peak 151.55M) | Time:00:00.35 | Rendering 50 / 64 samples

[2025-07-29T00:09:20.930Z] [DEBUG] [7c5907c5-29ea-49c7-9ea7-d89624c93ae5] Blender Output: Fra:100 Mem:119.91M (Peak 151.55M) | Time:00:00.44 | Rendering 64 / 64 samples

[2025-07-29T00:09:21.005Z] [DEBUG] [7c5907c5-29ea-49c7-9ea7-d89624c93ae5] Blender Output: Append frame 100
Time: 00:00.51 (Saving: 00:00.03)


[2025-07-29T00:09:21.041Z] [DEBUG] [7c5907c5-29ea-49c7-9ea7-d89624c93ae5] Blender Output: Fra:101 Mem:119.91M (Peak 151.55M) | Time:00:00.03 | Rendering 1 / 64 samples

[2025-07-29T00:09:21.196Z] [DEBUG] [7c5907c5-29ea-49c7-9ea7-d89624c93ae5] Blender Output: Fra:101 Mem:119.91M (Peak 151.55M) | Time:00:00.19 | Rendering 25 / 64 samples

[2025-07-29T00:09:21.353Z] [DEBUG] [7c5907c5-29ea-49c7-9ea7-d89624c93ae5] Blender Output: Fra:101 Mem:119.91M (Peak 151.55M) | Time:00:00.34 | Rendering 50 / 64 samples

[2025-07-29T00:09:21.442Z] [DEBUG] [7c5907c5-29ea-49c7-9ea7-d89624c93ae5] Blender Output: Fra:101 Mem:119.91M (Peak 151.55M) | Time:00:00.43 | Rendering 64 / 64 samples

[2025-07-29T00:09:21.519Z] [DEBUG] [7c5907c5-29ea-49c7-9ea7-d89624c93ae5] Blender Output: Append frame 101
Time: 00:00.51 (Saving: 00:00.03)


[2025-07-29T00:09:21.556Z] [DEBUG] [7c5907c5-29ea-49c7-9ea7-d89624c93ae5] Blender Output: Fra:102 Mem:119.91M (Peak 151.55M) | Time:00:00.03 | Rendering 1 / 64 samples

[2025-07-29T00:09:21.709Z] [DEBUG] [7c5907c5-29ea-49c7-9ea7-d89624c93ae5] Blender Output: Fra:102 Mem:119.91M (Peak 151.55M) | Time:00:00.19 | Rendering 25 / 64 samples

[2025-07-29T00:09:21.865Z] [DEBUG] [7c5907c5-29ea-49c7-9ea7-d89624c93ae5] Blender Output: Fra:102 Mem:119.91M (Peak 151.55M) | Time:00:00.34 | Rendering 50 / 64 samples

[2025-07-29T00:09:21.952Z] [DEBUG] [7c5907c5-29ea-49c7-9ea7-d89624c93ae5] Blender Output: Fra:102 Mem:119.91M (Peak 151.55M) | Time:00:00.43 | Rendering 64 / 64 samples

[2025-07-29T00:09:22.028Z] [DEBUG] [7c5907c5-29ea-49c7-9ea7-d89624c93ae5] Blender Output: Append frame 102
Time: 00:00.50 (Saving: 00:00.03)


[2025-07-29T00:09:22.064Z] [DEBUG] [7c5907c5-29ea-49c7-9ea7-d89624c93ae5] Blender Output: Fra:103 Mem:119.91M (Peak 151.55M) | Time:00:00.03 | Rendering 1 / 64 samples

[2025-07-29T00:09:22.217Z] [DEBUG] [7c5907c5-29ea-49c7-9ea7-d89624c93ae5] Blender Output: Fra:103 Mem:119.91M (Peak 151.55M) | Time:00:00.18 | Rendering 25 / 64 samples

[2025-07-29T00:09:22.375Z] [DEBUG] [7c5907c5-29ea-49c7-9ea7-d89624c93ae5] Blender Output: Fra:103 Mem:119.91M (Peak 151.55M) | Time:00:00.34 | Rendering 50 / 64 samples

[2025-07-29T00:09:22.462Z] [DEBUG] [7c5907c5-29ea-49c7-9ea7-d89624c93ae5] Blender Output: Fra:103 Mem:119.91M (Peak 151.55M) | Time:00:00.43 | Rendering 64 / 64 samples

[2025-07-29T00:09:22.539Z] [DEBUG] [7c5907c5-29ea-49c7-9ea7-d89624c93ae5] Blender Output: Append frame 103
Time: 00:00.51 (Saving: 00:00.03)


[2025-07-29T00:09:22.609Z] [DEBUG] [7c5907c5-29ea-49c7-9ea7-d89624c93ae5] Blender Output: Fra:104 Mem:119.91M (Peak 151.55M) | Time:00:00.07 | Rendering 1 / 64 samples

[2025-07-29T00:09:22.763Z] [DEBUG] [7c5907c5-29ea-49c7-9ea7-d89624c93ae5] Blender Output: Fra:104 Mem:119.91M (Peak 151.55M) | Time:00:00.22 | Rendering 25 / 64 samples

[2025-07-29T00:09:22.920Z] [DEBUG] [7c5907c5-29ea-49c7-9ea7-d89624c93ae5] Blender Output: Fra:104 Mem:119.91M (Peak 151.55M) | Time:00:00.38 | Rendering 50 / 64 samples

[2025-07-29T00:09:23.008Z] [DEBUG] [7c5907c5-29ea-49c7-9ea7-d89624c93ae5] Blender Output: Fra:104 Mem:119.91M (Peak 151.55M) | Time:00:00.46 | Rendering 64 / 64 samples

[2025-07-29T00:09:23.082Z] [DEBUG] [7c5907c5-29ea-49c7-9ea7-d89624c93ae5] Blender Output: Append frame 104
Time: 00:00.54 (Saving: 00:00.03)


[2025-07-29T00:09:23.118Z] [DEBUG] [7c5907c5-29ea-49c7-9ea7-d89624c93ae5] Blender Output: Fra:105 Mem:119.91M (Peak 151.55M) | Time:00:00.03 | Rendering 1 / 64 samples

[2025-07-29T00:09:23.270Z] [DEBUG] [7c5907c5-29ea-49c7-9ea7-d89624c93ae5] Blender Output: Fra:105 Mem:119.91M (Peak 151.55M) | Time:00:00.18 | Rendering 25 / 64 samples

[2025-07-29T00:09:23.425Z] [DEBUG] [7c5907c5-29ea-49c7-9ea7-d89624c93ae5] Blender Output: Fra:105 Mem:119.91M (Peak 151.55M) | Time:00:00.34 | Rendering 50 / 64 samples

[2025-07-29T00:09:23.512Z] [DEBUG] [7c5907c5-29ea-49c7-9ea7-d89624c93ae5] Blender Output: Fra:105 Mem:119.91M (Peak 151.55M) | Time:00:00.43 | Rendering 64 / 64 samples

[2025-07-29T00:09:23.588Z] [DEBUG] [7c5907c5-29ea-49c7-9ea7-d89624c93ae5] Blender Output: Append frame 105
Time: 00:00.50 (Saving: 00:00.03)


[2025-07-29T00:09:23.625Z] [DEBUG] [7c5907c5-29ea-49c7-9ea7-d89624c93ae5] Blender Output: Fra:106 Mem:119.91M (Peak 151.55M) | Time:00:00.03 | Rendering 1 / 64 samples

[2025-07-29T00:09:23.784Z] [DEBUG] [7c5907c5-29ea-49c7-9ea7-d89624c93ae5] Blender Output: Fra:106 Mem:119.91M (Peak 151.55M) | Time:00:00.19 | Rendering 25 / 64 samples

[2025-07-29T00:09:23.945Z] [DEBUG] [7c5907c5-29ea-49c7-9ea7-d89624c93ae5] Blender Output: Fra:106 Mem:119.91M (Peak 151.55M) | Time:00:00.35 | Rendering 50 / 64 samples

[2025-07-29T00:09:24.035Z] [DEBUG] [7c5907c5-29ea-49c7-9ea7-d89624c93ae5] Blender Output: Fra:106 Mem:119.91M (Peak 151.55M) | Time:00:00.44 | Rendering 64 / 64 samples

[2025-07-29T00:09:24.109Z] [DEBUG] [7c5907c5-29ea-49c7-9ea7-d89624c93ae5] Blender Output: Append frame 106
Time: 00:00.52 (Saving: 00:00.03)


[2025-07-29T00:09:24.145Z] [DEBUG] [7c5907c5-29ea-49c7-9ea7-d89624c93ae5] Blender Output: Fra:107 Mem:119.91M (Peak 151.55M) | Time:00:00.03 | Rendering 1 / 64 samples

[2025-07-29T00:09:24.297Z] [DEBUG] [7c5907c5-29ea-49c7-9ea7-d89624c93ae5] Blender Output: Fra:107 Mem:119.91M (Peak 151.55M) | Time:00:00.18 | Rendering 25 / 64 samples

[2025-07-29T00:09:24.452Z] [DEBUG] [7c5907c5-29ea-49c7-9ea7-d89624c93ae5] Blender Output: Fra:107 Mem:119.91M (Peak 151.55M) | Time:00:00.34 | Rendering 50 / 64 samples

[2025-07-29T00:09:24.539Z] [DEBUG] [7c5907c5-29ea-49c7-9ea7-d89624c93ae5] Blender Output: Fra:107 Mem:119.91M (Peak 151.55M) | Time:00:00.42 | Rendering 64 / 64 samples

[2025-07-29T00:09:24.616Z] [DEBUG] [7c5907c5-29ea-49c7-9ea7-d89624c93ae5] Blender Output: Append frame 107
Time: 00:00.50 (Saving: 00:00.03)


[2025-07-29T00:09:24.654Z] [DEBUG] [7c5907c5-29ea-49c7-9ea7-d89624c93ae5] Blender Output: Fra:108 Mem:119.91M (Peak 151.55M) | Time:00:00.03 | Rendering 1 / 64 samples

[2025-07-29T00:09:24.804Z] [DEBUG] [7c5907c5-29ea-49c7-9ea7-d89624c93ae5] Blender Output: Fra:108 Mem:119.91M (Peak 151.55M) | Time:00:00.18 | Rendering 25 / 64 samples

[2025-07-29T00:09:24.957Z] [DEBUG] [7c5907c5-29ea-49c7-9ea7-d89624c93ae5] Blender Output: Fra:108 Mem:119.91M (Peak 151.55M) | Time:00:00.34 | Rendering 50 / 64 samples

[2025-07-29T00:09:25.043Z] [DEBUG] [7c5907c5-29ea-49c7-9ea7-d89624c93ae5] Blender Output: Fra:108 Mem:119.91M (Peak 151.55M) | Time:00:00.42 | Rendering 64 / 64 samples

[2025-07-29T00:09:25.119Z] [DEBUG] [7c5907c5-29ea-49c7-9ea7-d89624c93ae5] Blender Output: Append frame 108
Time: 00:00.50 (Saving: 00:00.03)


[2025-07-29T00:09:25.156Z] [DEBUG] [7c5907c5-29ea-49c7-9ea7-d89624c93ae5] Blender Output: Fra:109 Mem:119.91M (Peak 151.55M) | Time:00:00.03 | Rendering 1 / 64 samples

[2025-07-29T00:09:25.317Z] [DEBUG] [7c5907c5-29ea-49c7-9ea7-d89624c93ae5] Blender Output: Fra:109 Mem:119.91M (Peak 151.55M) | Time:00:00.19 | Rendering 25 / 64 samples

[2025-07-29T00:09:25.482Z] [DEBUG] [7c5907c5-29ea-49c7-9ea7-d89624c93ae5] Blender Output: Fra:109 Mem:119.91M (Peak 151.55M) | Time:00:00.36 | Rendering 50 / 64 samples

[2025-07-29T00:09:25.574Z] [DEBUG] [7c5907c5-29ea-49c7-9ea7-d89624c93ae5] Blender Output: Fra:109 Mem:119.91M (Peak 151.55M) | Time:00:00.45 | Rendering 64 / 64 samples

[2025-07-29T00:09:25.651Z] [DEBUG] [7c5907c5-29ea-49c7-9ea7-d89624c93ae5] Blender Output: Append frame 109
Time: 00:00.53 (Saving: 00:00.03)


[2025-07-29T00:09:25.688Z] [DEBUG] [7c5907c5-29ea-49c7-9ea7-d89624c93ae5] Blender Output: Fra:110 Mem:119.91M (Peak 151.55M) | Time:00:00.03 | Rendering 1 / 64 samples

[2025-07-29T00:09:25.840Z] [DEBUG] [7c5907c5-29ea-49c7-9ea7-d89624c93ae5] Blender Output: Fra:110 Mem:119.91M (Peak 151.55M) | Time:00:00.18 | Rendering 25 / 64 samples

[2025-07-29T00:09:25.994Z] [DEBUG] [7c5907c5-29ea-49c7-9ea7-d89624c93ae5] Blender Output: Fra:110 Mem:119.91M (Peak 151.55M) | Time:00:00.34 | Rendering 50 / 64 samples

[2025-07-29T00:09:26.079Z] [DEBUG] [7c5907c5-29ea-49c7-9ea7-d89624c93ae5] Blender Output: Fra:110 Mem:119.91M (Peak 151.55M) | Time:00:00.42 | Rendering 64 / 64 samples

[2025-07-29T00:09:26.153Z] [DEBUG] [7c5907c5-29ea-49c7-9ea7-d89624c93ae5] Blender Output: Append frame 110
Time: 00:00.50 (Saving: 00:00.03)


[2025-07-29T00:09:26.190Z] [DEBUG] [7c5907c5-29ea-49c7-9ea7-d89624c93ae5] Blender Output: Fra:111 Mem:119.91M (Peak 151.55M) | Time:00:00.03 | Rendering 1 / 64 samples

[2025-07-29T00:09:26.343Z] [DEBUG] [7c5907c5-29ea-49c7-9ea7-d89624c93ae5] Blender Output: Fra:111 Mem:119.91M (Peak 151.55M) | Time:00:00.18 | Rendering 25 / 64 samples

[2025-07-29T00:09:26.495Z] [DEBUG] [7c5907c5-29ea-49c7-9ea7-d89624c93ae5] Blender Output: Fra:111 Mem:119.91M (Peak 151.55M) | Time:00:00.34 | Rendering 50 / 64 samples

[2025-07-29T00:09:26.581Z] [DEBUG] [7c5907c5-29ea-49c7-9ea7-d89624c93ae5] Blender Output: Fra:111 Mem:119.91M (Peak 151.55M) | Time:00:00.42 | Rendering 64 / 64 samples

[2025-07-29T00:09:26.660Z] [DEBUG] [7c5907c5-29ea-49c7-9ea7-d89624c93ae5] Blender Output: Append frame 111
Time: 00:00.50 (Saving: 00:00.03)


[2025-07-29T00:09:26.697Z] [DEBUG] [7c5907c5-29ea-49c7-9ea7-d89624c93ae5] Blender Output: Fra:112 Mem:119.91M (Peak 151.55M) | Time:00:00.03 | Rendering 1 / 64 samples

[2025-07-29T00:09:26.846Z] [DEBUG] [7c5907c5-29ea-49c7-9ea7-d89624c93ae5] Blender Output: Fra:112 Mem:119.91M (Peak 151.55M) | Time:00:00.18 | Rendering 25 / 64 samples

[2025-07-29T00:09:27.000Z] [DEBUG] [7c5907c5-29ea-49c7-9ea7-d89624c93ae5] Blender Output: Fra:112 Mem:119.91M (Peak 151.55M) | Time:00:00.33 | Rendering 50 / 64 samples

[2025-07-29T00:09:27.086Z] [DEBUG] [7c5907c5-29ea-49c7-9ea7-d89624c93ae5] Blender Output: Fra:112 Mem:119.91M (Peak 151.55M) | Time:00:00.42 | Rendering 64 / 64 samples

[2025-07-29T00:09:27.164Z] [DEBUG] [7c5907c5-29ea-49c7-9ea7-d89624c93ae5] Blender Output: Append frame 112
Time: 00:00.50 (Saving: 00:00.03)


[2025-07-29T00:09:27.199Z] [DEBUG] [7c5907c5-29ea-49c7-9ea7-d89624c93ae5] Blender Output: Fra:113 Mem:119.91M (Peak 151.55M) | Time:00:00.03 | Rendering 1 / 64 samples

[2025-07-29T00:09:27.350Z] [DEBUG] [7c5907c5-29ea-49c7-9ea7-d89624c93ae5] Blender Output: Fra:113 Mem:119.91M (Peak 151.55M) | Time:00:00.18 | Rendering 25 / 64 samples

[2025-07-29T00:09:27.503Z] [DEBUG] [7c5907c5-29ea-49c7-9ea7-d89624c93ae5] Blender Output: Fra:113 Mem:119.91M (Peak 151.55M) | Time:00:00.33 | Rendering 50 / 64 samples

[2025-07-29T00:09:27.588Z] [DEBUG] [7c5907c5-29ea-49c7-9ea7-d89624c93ae5] Blender Output: Fra:113 Mem:119.91M (Peak 151.55M) | Time:00:00.42 | Rendering 64 / 64 samples

[2025-07-29T00:09:27.664Z] [DEBUG] [7c5907c5-29ea-49c7-9ea7-d89624c93ae5] Blender Output: Append frame 113
Time: 00:00.49 (Saving: 00:00.03)


[2025-07-29T00:09:27.700Z] [DEBUG] [7c5907c5-29ea-49c7-9ea7-d89624c93ae5] Blender Output: Fra:114 Mem:119.91M (Peak 151.55M) | Time:00:00.03 | Rendering 1 / 64 samples

[2025-07-29T00:09:27.854Z] [DEBUG] [7c5907c5-29ea-49c7-9ea7-d89624c93ae5] Blender Output: Fra:114 Mem:119.91M (Peak 151.55M) | Time:00:00.19 | Rendering 25 / 64 samples

[2025-07-29T00:09:28.011Z] [DEBUG] [7c5907c5-29ea-49c7-9ea7-d89624c93ae5] Blender Output: Fra:114 Mem:119.91M (Peak 151.55M) | Time:00:00.34 | Rendering 50 / 64 samples

[2025-07-29T00:09:28.100Z] [DEBUG] [7c5907c5-29ea-49c7-9ea7-d89624c93ae5] Blender Output: Fra:114 Mem:119.91M (Peak 151.55M) | Time:00:00.43 | Rendering 64 / 64 samples

[2025-07-29T00:09:28.173Z] [DEBUG] [7c5907c5-29ea-49c7-9ea7-d89624c93ae5] Blender Output: Append frame 114
Time: 00:00.50 (Saving: 00:00.03)


[2025-07-29T00:09:28.214Z] [DEBUG] [7c5907c5-29ea-49c7-9ea7-d89624c93ae5] Blender Output: Fra:115 Mem:119.91M (Peak 151.55M) | Time:00:00.04 | Rendering 1 / 64 samples

[2025-07-29T00:09:28.374Z] [DEBUG] [7c5907c5-29ea-49c7-9ea7-d89624c93ae5] Blender Output: Fra:115 Mem:119.91M (Peak 151.55M) | Time:00:00.20 | Rendering 25 / 64 samples

[2025-07-29T00:09:28.529Z] [DEBUG] [7c5907c5-29ea-49c7-9ea7-d89624c93ae5] Blender Output: Fra:115 Mem:119.91M (Peak 151.55M) | Time:00:00.35 | Rendering 50 / 64 samples

[2025-07-29T00:09:28.617Z] [DEBUG] [7c5907c5-29ea-49c7-9ea7-d89624c93ae5] Blender Output: Fra:115 Mem:119.91M (Peak 151.55M) | Time:00:00.44 | Rendering 64 / 64 samples

[2025-07-29T00:09:28.690Z] [DEBUG] [7c5907c5-29ea-49c7-9ea7-d89624c93ae5] Blender Output: Append frame 115
Time: 00:00.51 (Saving: 00:00.03)


[2025-07-29T00:09:28.726Z] [DEBUG] [7c5907c5-29ea-49c7-9ea7-d89624c93ae5] Blender Output: Fra:116 Mem:119.91M (Peak 151.55M) | Time:00:00.03 | Rendering 1 / 64 samples

[2025-07-29T00:09:28.881Z] [DEBUG] [7c5907c5-29ea-49c7-9ea7-d89624c93ae5] Blender Output: Fra:116 Mem:119.91M (Peak 151.55M) | Time:00:00.19 | Rendering 25 / 64 samples

[2025-07-29T00:09:29.038Z] [DEBUG] [7c5907c5-29ea-49c7-9ea7-d89624c93ae5] Blender Output: Fra:116 Mem:119.91M (Peak 151.55M) | Time:00:00.34 | Rendering 50 / 64 samples

[2025-07-29T00:09:29.127Z] [DEBUG] [7c5907c5-29ea-49c7-9ea7-d89624c93ae5] Blender Output: Fra:116 Mem:119.91M (Peak 151.55M) | Time:00:00.43 | Rendering 64 / 64 samples

[2025-07-29T00:09:29.209Z] [DEBUG] [7c5907c5-29ea-49c7-9ea7-d89624c93ae5] Blender Output: Append frame 116
Time: 00:00.51 (Saving: 00:00.03)


[2025-07-29T00:09:29.245Z] [DEBUG] [7c5907c5-29ea-49c7-9ea7-d89624c93ae5] Blender Output: Fra:117 Mem:119.91M (Peak 151.55M) | Time:00:00.03 | Rendering 1 / 64 samples

[2025-07-29T00:09:29.399Z] [DEBUG] [7c5907c5-29ea-49c7-9ea7-d89624c93ae5] Blender Output: Fra:117 Mem:119.91M (Peak 151.55M) | Time:00:00.19 | Rendering 25 / 64 samples

[2025-07-29T00:09:29.556Z] [DEBUG] [7c5907c5-29ea-49c7-9ea7-d89624c93ae5] Blender Output: Fra:117 Mem:119.91M (Peak 151.55M) | Time:00:00.34 | Rendering 50 / 64 samples

[2025-07-29T00:09:29.642Z] [DEBUG] [7c5907c5-29ea-49c7-9ea7-d89624c93ae5] Blender Output: Fra:117 Mem:119.91M (Peak 151.55M) | Time:00:00.43 | Rendering 64 / 64 samples

[2025-07-29T00:09:29.719Z] [DEBUG] [7c5907c5-29ea-49c7-9ea7-d89624c93ae5] Blender Output: Append frame 117
Time: 00:00.50 (Saving: 00:00.03)


[2025-07-29T00:09:29.756Z] [DEBUG] [7c5907c5-29ea-49c7-9ea7-d89624c93ae5] Blender Output: Fra:118 Mem:119.91M (Peak 151.55M) | Time:00:00.03 | Rendering 1 / 64 samples

[2025-07-29T00:09:29.911Z] [DEBUG] [7c5907c5-29ea-49c7-9ea7-d89624c93ae5] Blender Output: Fra:118 Mem:119.91M (Peak 151.55M) | Time:00:00.19 | Rendering 25 / 64 samples

[2025-07-29T00:09:30.073Z] [DEBUG] [7c5907c5-29ea-49c7-9ea7-d89624c93ae5] Blender Output: Fra:118 Mem:119.91M (Peak 151.55M) | Time:00:00.35 | Rendering 50 / 64 samples

[2025-07-29T00:09:30.161Z] [DEBUG] [7c5907c5-29ea-49c7-9ea7-d89624c93ae5] Blender Output: Fra:118 Mem:119.91M (Peak 151.55M) | Time:00:00.44 | Rendering 64 / 64 samples

[2025-07-29T00:09:30.238Z] [DEBUG] [7c5907c5-29ea-49c7-9ea7-d89624c93ae5] Blender Output: Append frame 118
Time: 00:00.51 (Saving: 00:00.03)


[2025-07-29T00:09:30.275Z] [DEBUG] [7c5907c5-29ea-49c7-9ea7-d89624c93ae5] Blender Output: Fra:119 Mem:119.91M (Peak 151.55M) | Time:00:00.03 | Rendering 1 / 64 samples

[2025-07-29T00:09:30.430Z] [DEBUG] [7c5907c5-29ea-49c7-9ea7-d89624c93ae5] Blender Output: Fra:119 Mem:119.91M (Peak 151.55M) | Time:00:00.19 | Rendering 25 / 64 samples

[2025-07-29T00:09:30.586Z] [DEBUG] [7c5907c5-29ea-49c7-9ea7-d89624c93ae5] Blender Output: Fra:119 Mem:119.91M (Peak 151.55M) | Time:00:00.34 | Rendering 50 / 64 samples

[2025-07-29T00:09:30.674Z] [DEBUG] [7c5907c5-29ea-49c7-9ea7-d89624c93ae5] Blender Output: Fra:119 Mem:119.91M (Peak 151.55M) | Time:00:00.43 | Rendering 64 / 64 samples

[2025-07-29T00:09:30.750Z] [DEBUG] [7c5907c5-29ea-49c7-9ea7-d89624c93ae5] Blender Output: Append frame 119
Time: 00:00.51 (Saving: 00:00.03)


[2025-07-29T00:09:30.788Z] [DEBUG] [7c5907c5-29ea-49c7-9ea7-d89624c93ae5] Blender Output: Fra:120 Mem:119.91M (Peak 151.55M) | Time:00:00.03 | Rendering 1 / 64 samples

[2025-07-29T00:09:30.940Z] [DEBUG] [7c5907c5-29ea-49c7-9ea7-d89624c93ae5] Blender Output: Fra:120 Mem:119.91M (Peak 151.55M) | Time:00:00.19 | Rendering 25 / 64 samples

[2025-07-29T00:09:31.096Z] [DEBUG] [7c5907c5-29ea-49c7-9ea7-d89624c93ae5] Blender Output: Fra:120 Mem:119.91M (Peak 151.55M) | Time:00:00.34 | Rendering 50 / 64 samples

[2025-07-29T00:09:31.184Z] [DEBUG] [7c5907c5-29ea-49c7-9ea7-d89624c93ae5] Blender Output: Fra:120 Mem:119.91M (Peak 151.55M) | Time:00:00.43 | Rendering 64 / 64 samples

[2025-07-29T00:09:31.262Z] [DEBUG] [7c5907c5-29ea-49c7-9ea7-d89624c93ae5] Blender Output: Append frame 120
Time: 00:00.51 (Saving: 00:00.03)


[2025-07-29T00:09:31.297Z] [DEBUG] [7c5907c5-29ea-49c7-9ea7-d89624c93ae5] Blender Output: Fra:121 Mem:119.91M (Peak 151.55M) | Time:00:00.03 | Rendering 1 / 64 samples

[2025-07-29T00:09:31.449Z] [DEBUG] [7c5907c5-29ea-49c7-9ea7-d89624c93ae5] Blender Output: Fra:121 Mem:119.91M (Peak 151.55M) | Time:00:00.18 | Rendering 25 / 64 samples

[2025-07-29T00:09:31.603Z] [DEBUG] [7c5907c5-29ea-49c7-9ea7-d89624c93ae5] Blender Output: Fra:121 Mem:119.91M (Peak 151.55M) | Time:00:00.34 | Rendering 50 / 64 samples

[2025-07-29T00:09:31.690Z] [DEBUG] [7c5907c5-29ea-49c7-9ea7-d89624c93ae5] Blender Output: Fra:121 Mem:119.91M (Peak 151.55M) | Time:00:00.42 | Rendering 64 / 64 samples

[2025-07-29T00:09:31.767Z] [DEBUG] [7c5907c5-29ea-49c7-9ea7-d89624c93ae5] Blender Output: Append frame 121
Time: 00:00.50 (Saving: 00:00.03)


[2025-07-29T00:09:31.804Z] [DEBUG] [7c5907c5-29ea-49c7-9ea7-d89624c93ae5] Blender Output: Fra:122 Mem:119.91M (Peak 151.55M) | Time:00:00.03 | Rendering 1 / 64 samples

[2025-07-29T00:09:31.956Z] [DEBUG] [7c5907c5-29ea-49c7-9ea7-d89624c93ae5] Blender Output: Fra:122 Mem:119.91M (Peak 151.55M) | Time:00:00.18 | Rendering 25 / 64 samples

[2025-07-29T00:09:32.111Z] [DEBUG] [7c5907c5-29ea-49c7-9ea7-d89624c93ae5] Blender Output: Fra:122 Mem:119.91M (Peak 151.55M) | Time:00:00.34 | Rendering 50 / 64 samples

[2025-07-29T00:09:32.198Z] [DEBUG] [7c5907c5-29ea-49c7-9ea7-d89624c93ae5] Blender Output: Fra:122 Mem:119.91M (Peak 151.55M) | Time:00:00.43 | Rendering 64 / 64 samples

[2025-07-29T00:09:32.277Z] [DEBUG] [7c5907c5-29ea-49c7-9ea7-d89624c93ae5] Blender Output: Append frame 122
Time: 00:00.50 (Saving: 00:00.03)


[2025-07-29T00:09:32.314Z] [DEBUG] [7c5907c5-29ea-49c7-9ea7-d89624c93ae5] Blender Output: Fra:123 Mem:119.91M (Peak 151.55M) | Time:00:00.03 | Rendering 1 / 64 samples

[2025-07-29T00:09:32.465Z] [DEBUG] [7c5907c5-29ea-49c7-9ea7-d89624c93ae5] Blender Output: Fra:123 Mem:119.91M (Peak 151.55M) | Time:00:00.18 | Rendering 25 / 64 samples

[2025-07-29T00:09:32.619Z] [DEBUG] [7c5907c5-29ea-49c7-9ea7-d89624c93ae5] Blender Output: Fra:123 Mem:119.91M (Peak 151.55M) | Time:00:00.34 | Rendering 50 / 64 samples

[2025-07-29T00:09:32.706Z] [DEBUG] [7c5907c5-29ea-49c7-9ea7-d89624c93ae5] Blender Output: Fra:123 Mem:119.91M (Peak 151.55M) | Time:00:00.42 | Rendering 64 / 64 samples

[2025-07-29T00:09:32.782Z] [DEBUG] [7c5907c5-29ea-49c7-9ea7-d89624c93ae5] Blender Output: Append frame 123
Time: 00:00.50 (Saving: 00:00.03)


[2025-07-29T00:09:32.819Z] [DEBUG] [7c5907c5-29ea-49c7-9ea7-d89624c93ae5] Blender Output: Fra:124 Mem:119.91M (Peak 151.55M) | Time:00:00.03 | Rendering 1 / 64 samples

[2025-07-29T00:09:32.969Z] [DEBUG] [7c5907c5-29ea-49c7-9ea7-d89624c93ae5] Blender Output: Fra:124 Mem:119.91M (Peak 151.55M) | Time:00:00.18 | Rendering 25 / 64 samples

[2025-07-29T00:09:33.121Z] [DEBUG] [7c5907c5-29ea-49c7-9ea7-d89624c93ae5] Blender Output: Fra:124 Mem:119.91M (Peak 151.55M) | Time:00:00.33 | Rendering 50 / 64 samples

[2025-07-29T00:09:33.207Z] [DEBUG] [7c5907c5-29ea-49c7-9ea7-d89624c93ae5] Blender Output: Fra:124 Mem:119.91M (Peak 151.55M) | Time:00:00.42 | Rendering 64 / 64 samples

[2025-07-29T00:09:33.284Z] [DEBUG] [7c5907c5-29ea-49c7-9ea7-d89624c93ae5] Blender Output: Append frame 124
Time: 00:00.50 (Saving: 00:00.03)


[2025-07-29T00:09:33.319Z] [DEBUG] [7c5907c5-29ea-49c7-9ea7-d89624c93ae5] Blender Output: Fra:125 Mem:119.91M (Peak 151.55M) | Time:00:00.03 | Rendering 1 / 64 samples

[2025-07-29T00:09:33.470Z] [DEBUG] [7c5907c5-29ea-49c7-9ea7-d89624c93ae5] Blender Output: Fra:125 Mem:119.91M (Peak 151.55M) | Time:00:00.18 | Rendering 25 / 64 samples

[2025-07-29T00:09:33.622Z] [DEBUG] [7c5907c5-29ea-49c7-9ea7-d89624c93ae5] Blender Output: Fra:125 Mem:119.91M (Peak 151.55M) | Time:00:00.33 | Rendering 50 / 64 samples

[2025-07-29T00:09:33.707Z] [DEBUG] [7c5907c5-29ea-49c7-9ea7-d89624c93ae5] Blender Output: Fra:125 Mem:119.91M (Peak 151.55M) | Time:00:00.42 | Rendering 64 / 64 samples

[2025-07-29T00:09:33.783Z] [DEBUG] [7c5907c5-29ea-49c7-9ea7-d89624c93ae5] Blender Output: Append frame 125
Time: 00:00.49 (Saving: 00:00.03)


[2025-07-29T00:09:33.821Z] [DEBUG] [7c5907c5-29ea-49c7-9ea7-d89624c93ae5] Blender Output: Fra:126 Mem:119.91M (Peak 151.55M) | Time:00:00.03 | Rendering 1 / 64 samples

[2025-07-29T00:09:33.971Z] [DEBUG] [7c5907c5-29ea-49c7-9ea7-d89624c93ae5] Blender Output: Fra:126 Mem:119.91M (Peak 151.55M) | Time:00:00.18 | Rendering 25 / 64 samples

[2025-07-29T00:09:34.123Z] [DEBUG] [7c5907c5-29ea-49c7-9ea7-d89624c93ae5] Blender Output: Fra:126 Mem:119.91M (Peak 151.55M) | Time:00:00.33 | Rendering 50 / 64 samples

[2025-07-29T00:09:34.208Z] [DEBUG] [7c5907c5-29ea-49c7-9ea7-d89624c93ae5] Blender Output: Fra:126 Mem:119.91M (Peak 151.55M) | Time:00:00.42 | Rendering 64 / 64 samples

[2025-07-29T00:09:34.285Z] [DEBUG] [7c5907c5-29ea-49c7-9ea7-d89624c93ae5] Blender Output: Append frame 126
Time: 00:00.50 (Saving: 00:00.03)


[2025-07-29T00:09:34.322Z] [DEBUG] [7c5907c5-29ea-49c7-9ea7-d89624c93ae5] Blender Output: Fra:127 Mem:119.91M (Peak 151.55M) | Time:00:00.03 | Rendering 1 / 64 samples

[2025-07-29T00:09:34.471Z] [DEBUG] [7c5907c5-29ea-49c7-9ea7-d89624c93ae5] Blender Output: Fra:127 Mem:119.91M (Peak 151.55M) | Time:00:00.18 | Rendering 25 / 64 samples

[2025-07-29T00:09:34.623Z] [DEBUG] [7c5907c5-29ea-49c7-9ea7-d89624c93ae5] Blender Output: Fra:127 Mem:119.91M (Peak 151.55M) | Time:00:00.33 | Rendering 50 / 64 samples

[2025-07-29T00:09:34.708Z] [DEBUG] [7c5907c5-29ea-49c7-9ea7-d89624c93ae5] Blender Output: Fra:127 Mem:119.91M (Peak 151.55M) | Time:00:00.42 | Rendering 64 / 64 samples

[2025-07-29T00:09:34.782Z] [DEBUG] [7c5907c5-29ea-49c7-9ea7-d89624c93ae5] Blender Output: Append frame 127
Time: 00:00.49 (Saving: 00:00.03)


[2025-07-29T00:09:34.820Z] [DEBUG] [7c5907c5-29ea-49c7-9ea7-d89624c93ae5] Blender Output: Fra:128 Mem:119.91M (Peak 151.55M) | Time:00:00.03 | Rendering 1 / 64 samples

[2025-07-29T00:09:34.970Z] [DEBUG] [7c5907c5-29ea-49c7-9ea7-d89624c93ae5] Blender Output: Fra:128 Mem:119.91M (Peak 151.55M) | Time:00:00.18 | Rendering 25 / 64 samples

[2025-07-29T00:09:35.123Z] [DEBUG] [7c5907c5-29ea-49c7-9ea7-d89624c93ae5] Blender Output: Fra:128 Mem:119.91M (Peak 151.55M) | Time:00:00.34 | Rendering 50 / 64 samples

[2025-07-29T00:09:35.208Z] [DEBUG] [7c5907c5-29ea-49c7-9ea7-d89624c93ae5] Blender Output: Fra:128 Mem:119.91M (Peak 151.55M) | Time:00:00.42 | Rendering 64 / 64 samples

[2025-07-29T00:09:35.285Z] [DEBUG] [7c5907c5-29ea-49c7-9ea7-d89624c93ae5] Blender Output: Append frame 128
Time: 00:00.50 (Saving: 00:00.03)


[2025-07-29T00:09:35.321Z] [DEBUG] [7c5907c5-29ea-49c7-9ea7-d89624c93ae5] Blender Output: Fra:129 Mem:119.91M (Peak 151.55M) | Time:00:00.03 | Rendering 1 / 64 samples

[2025-07-29T00:09:35.474Z] [DEBUG] [7c5907c5-29ea-49c7-9ea7-d89624c93ae5] Blender Output: Fra:129 Mem:119.91M (Peak 151.55M) | Time:00:00.18 | Rendering 25 / 64 samples

[2025-07-29T00:09:35.629Z] [DEBUG] [7c5907c5-29ea-49c7-9ea7-d89624c93ae5] Blender Output: Fra:129 Mem:119.91M (Peak 151.55M) | Time:00:00.34 | Rendering 50 / 64 samples

[2025-07-29T00:09:35.716Z] [DEBUG] [7c5907c5-29ea-49c7-9ea7-d89624c93ae5] Blender Output: Fra:129 Mem:119.91M (Peak 151.55M) | Time:00:00.43 | Rendering 64 / 64 samples

[2025-07-29T00:09:35.791Z] [DEBUG] [7c5907c5-29ea-49c7-9ea7-d89624c93ae5] Blender Output: Append frame 129
Time: 00:00.50 (Saving: 00:00.03)


[2025-07-29T00:09:35.827Z] [DEBUG] [7c5907c5-29ea-49c7-9ea7-d89624c93ae5] Blender Output: Fra:130 Mem:119.91M (Peak 151.55M) | Time:00:00.03 | Rendering 1 / 64 samples

[2025-07-29T00:09:35.984Z] [DEBUG] [7c5907c5-29ea-49c7-9ea7-d89624c93ae5] Blender Output: Fra:130 Mem:119.91M (Peak 151.55M) | Time:00:00.19 | Rendering 25 / 64 samples

[2025-07-29T00:09:36.138Z] [DEBUG] [7c5907c5-29ea-49c7-9ea7-d89624c93ae5] Blender Output: Fra:130 Mem:119.91M (Peak 151.55M) | Time:00:00.34 | Rendering 50 / 64 samples

[2025-07-29T00:09:36.226Z] [DEBUG] [7c5907c5-29ea-49c7-9ea7-d89624c93ae5] Blender Output: Fra:130 Mem:119.91M (Peak 151.55M) | Time:00:00.43 | Rendering 64 / 64 samples

[2025-07-29T00:09:36.305Z] [DEBUG] [7c5907c5-29ea-49c7-9ea7-d89624c93ae5] Blender Output: Append frame 130
Time: 00:00.51 (Saving: 00:00.03)


[2025-07-29T00:09:36.343Z] [DEBUG] [7c5907c5-29ea-49c7-9ea7-d89624c93ae5] Blender Output: Fra:131 Mem:119.91M (Peak 151.55M) | Time:00:00.03 | Rendering 1 / 64 samples

[2025-07-29T00:09:36.495Z] [DEBUG] [7c5907c5-29ea-49c7-9ea7-d89624c93ae5] Blender Output: Fra:131 Mem:119.91M (Peak 151.55M) | Time:00:00.19 | Rendering 25 / 64 samples

[2025-07-29T00:09:36.652Z] [DEBUG] [7c5907c5-29ea-49c7-9ea7-d89624c93ae5] Blender Output: Fra:131 Mem:119.91M (Peak 151.55M) | Time:00:00.34 | Rendering 50 / 64 samples

[2025-07-29T00:09:36.739Z] [DEBUG] [7c5907c5-29ea-49c7-9ea7-d89624c93ae5] Blender Output: Fra:131 Mem:119.91M (Peak 151.55M) | Time:00:00.43 | Rendering 64 / 64 samples

[2025-07-29T00:09:36.817Z] [DEBUG] [7c5907c5-29ea-49c7-9ea7-d89624c93ae5] Blender Output: Append frame 131
Time: 00:00.51 (Saving: 00:00.03)


[2025-07-29T00:09:36.854Z] [DEBUG] [7c5907c5-29ea-49c7-9ea7-d89624c93ae5] Blender Output: Fra:132 Mem:119.91M (Peak 151.55M) | Time:00:00.03 | Rendering 1 / 64 samples

[2025-07-29T00:09:37.007Z] [DEBUG] [7c5907c5-29ea-49c7-9ea7-d89624c93ae5] Blender Output: Fra:132 Mem:119.91M (Peak 151.55M) | Time:00:00.19 | Rendering 25 / 64 samples

[2025-07-29T00:09:37.164Z] [DEBUG] [7c5907c5-29ea-49c7-9ea7-d89624c93ae5] Blender Output: Fra:132 Mem:119.91M (Peak 151.55M) | Time:00:00.34 | Rendering 50 / 64 samples

[2025-07-29T00:09:37.250Z] [DEBUG] [7c5907c5-29ea-49c7-9ea7-d89624c93ae5] Blender Output: Fra:132 Mem:119.91M (Peak 151.55M) | Time:00:00.43 | Rendering 64 / 64 samples

[2025-07-29T00:09:37.326Z] [DEBUG] [7c5907c5-29ea-49c7-9ea7-d89624c93ae5] Blender Output: Append frame 132
Time: 00:00.50 (Saving: 00:00.03)


[2025-07-29T00:09:37.374Z] [DEBUG] [7c5907c5-29ea-49c7-9ea7-d89624c93ae5] Blender Output: Fra:133 Mem:119.91M (Peak 151.55M) | Time:00:00.04 | Rendering 1 / 64 samples

[2025-07-29T00:09:37.532Z] [DEBUG] [7c5907c5-29ea-49c7-9ea7-d89624c93ae5] Blender Output: Fra:133 Mem:119.91M (Peak 151.55M) | Time:00:00.20 | Rendering 25 / 64 samples

[2025-07-29T00:09:37.692Z] [DEBUG] [7c5907c5-29ea-49c7-9ea7-d89624c93ae5] Blender Output: Fra:133 Mem:119.91M (Peak 151.55M) | Time:00:00.36 | Rendering 50 / 64 samples

[2025-07-29T00:09:37.781Z] [DEBUG] [7c5907c5-29ea-49c7-9ea7-d89624c93ae5] Blender Output: Fra:133 Mem:119.91M (Peak 151.55M) | Time:00:00.45 | Rendering 64 / 64 samples

[2025-07-29T00:09:37.854Z] [DEBUG] [7c5907c5-29ea-49c7-9ea7-d89624c93ae5] Blender Output: Append frame 133
Time: 00:00.52 (Saving: 00:00.03)


[2025-07-29T00:09:37.891Z] [DEBUG] [7c5907c5-29ea-49c7-9ea7-d89624c93ae5] Blender Output: Fra:134 Mem:119.91M (Peak 151.55M) | Time:00:00.03 | Rendering 1 / 64 samples

[2025-07-29T00:09:38.045Z] [DEBUG] [7c5907c5-29ea-49c7-9ea7-d89624c93ae5] Blender Output: Fra:134 Mem:119.91M (Peak 151.55M) | Time:00:00.19 | Rendering 25 / 64 samples

[2025-07-29T00:09:38.201Z] [DEBUG] [7c5907c5-29ea-49c7-9ea7-d89624c93ae5] Blender Output: Fra:134 Mem:119.91M (Peak 151.55M) | Time:00:00.34 | Rendering 50 / 64 samples

[2025-07-29T00:09:38.290Z] [DEBUG] [7c5907c5-29ea-49c7-9ea7-d89624c93ae5] Blender Output: Fra:134 Mem:119.91M (Peak 151.55M) | Time:00:00.43 | Rendering 64 / 64 samples

[2025-07-29T00:09:38.365Z] [DEBUG] [7c5907c5-29ea-49c7-9ea7-d89624c93ae5] Blender Output: Append frame 134
Time: 00:00.51 (Saving: 00:00.03)


[2025-07-29T00:09:38.400Z] [DEBUG] [7c5907c5-29ea-49c7-9ea7-d89624c93ae5] Blender Output: Fra:135 Mem:119.91M (Peak 151.55M) | Time:00:00.03 | Rendering 1 / 64 samples

[2025-07-29T00:09:38.553Z] [DEBUG] [7c5907c5-29ea-49c7-9ea7-d89624c93ae5] Blender Output: Fra:135 Mem:119.91M (Peak 151.55M) | Time:00:00.18 | Rendering 25 / 64 samples

[2025-07-29T00:09:38.707Z] [DEBUG] [7c5907c5-29ea-49c7-9ea7-d89624c93ae5] Blender Output: Fra:135 Mem:119.91M (Peak 151.55M) | Time:00:00.34 | Rendering 50 / 64 samples

[2025-07-29T00:09:38.793Z] [DEBUG] [7c5907c5-29ea-49c7-9ea7-d89624c93ae5] Blender Output: Fra:135 Mem:119.91M (Peak 151.55M) | Time:00:00.42 | Rendering 64 / 64 samples

[2025-07-29T00:09:38.865Z] [DEBUG] [7c5907c5-29ea-49c7-9ea7-d89624c93ae5] Blender Output: Append frame 135
Time: 00:00.50 (Saving: 00:00.03)


[2025-07-29T00:09:38.901Z] [DEBUG] [7c5907c5-29ea-49c7-9ea7-d89624c93ae5] Blender Output: Fra:136 Mem:119.91M (Peak 151.55M) | Time:00:00.03 | Rendering 1 / 64 samples

[2025-07-29T00:09:39.052Z] [DEBUG] [7c5907c5-29ea-49c7-9ea7-d89624c93ae5] Blender Output: Fra:136 Mem:119.91M (Peak 151.55M) | Time:00:00.18 | Rendering 25 / 64 samples

[2025-07-29T00:09:39.210Z] [DEBUG] [7c5907c5-29ea-49c7-9ea7-d89624c93ae5] Blender Output: Fra:136 Mem:119.91M (Peak 151.55M) | Time:00:00.34 | Rendering 50 / 64 samples

[2025-07-29T00:09:39.296Z] [DEBUG] [7c5907c5-29ea-49c7-9ea7-d89624c93ae5] Blender Output: Fra:136 Mem:119.91M (Peak 151.55M) | Time:00:00.43 | Rendering 64 / 64 samples

[2025-07-29T00:09:39.372Z] [DEBUG] [7c5907c5-29ea-49c7-9ea7-d89624c93ae5] Blender Output: Append frame 136
Time: 00:00.50 (Saving: 00:00.03)


[2025-07-29T00:09:39.410Z] [DEBUG] [7c5907c5-29ea-49c7-9ea7-d89624c93ae5] Blender Output: Fra:137 Mem:119.91M (Peak 151.55M) | Time:00:00.03 | Rendering 1 / 64 samples

[2025-07-29T00:09:39.560Z] [DEBUG] [7c5907c5-29ea-49c7-9ea7-d89624c93ae5] Blender Output: Fra:137 Mem:119.91M (Peak 151.55M) | Time:00:00.18 | Rendering 25 / 64 samples

[2025-07-29T00:09:39.714Z] [DEBUG] [7c5907c5-29ea-49c7-9ea7-d89624c93ae5] Blender Output: Fra:137 Mem:119.91M (Peak 151.55M) | Time:00:00.34 | Rendering 50 / 64 samples

[2025-07-29T00:09:39.798Z] [DEBUG] [7c5907c5-29ea-49c7-9ea7-d89624c93ae5] Blender Output: Fra:137 Mem:119.91M (Peak 151.55M) | Time:00:00.42 | Rendering 64 / 64 samples

[2025-07-29T00:09:39.877Z] [DEBUG] [7c5907c5-29ea-49c7-9ea7-d89624c93ae5] Blender Output: Append frame 137
Time: 00:00.50 (Saving: 00:00.03)


[2025-07-29T00:09:39.913Z] [DEBUG] [7c5907c5-29ea-49c7-9ea7-d89624c93ae5] Blender Output: Fra:138 Mem:119.91M (Peak 151.55M) | Time:00:00.03 | Rendering 1 / 64 samples

[2025-07-29T00:09:40.064Z] [DEBUG] [7c5907c5-29ea-49c7-9ea7-d89624c93ae5] Blender Output: Fra:138 Mem:119.91M (Peak 151.55M) | Time:00:00.18 | Rendering 25 / 64 samples

[2025-07-29T00:09:40.216Z] [DEBUG] [7c5907c5-29ea-49c7-9ea7-d89624c93ae5] Blender Output: Fra:138 Mem:119.91M (Peak 151.55M) | Time:00:00.33 | Rendering 50 / 64 samples

[2025-07-29T00:09:40.304Z] [DEBUG] [7c5907c5-29ea-49c7-9ea7-d89624c93ae5] Blender Output: Fra:138 Mem:119.91M (Peak 151.55M) | Time:00:00.42 | Rendering 64 / 64 samples

[2025-07-29T00:09:40.380Z] [DEBUG] [7c5907c5-29ea-49c7-9ea7-d89624c93ae5] Blender Output: Append frame 138
Time: 00:00.50 (Saving: 00:00.03)


[2025-07-29T00:09:40.417Z] [DEBUG] [7c5907c5-29ea-49c7-9ea7-d89624c93ae5] Blender Output: Fra:139 Mem:119.91M (Peak 151.55M) | Time:00:00.03 | Rendering 1 / 64 samples

[2025-07-29T00:09:40.567Z] [DEBUG] [7c5907c5-29ea-49c7-9ea7-d89624c93ae5] Blender Output: Fra:139 Mem:119.91M (Peak 151.55M) | Time:00:00.18 | Rendering 25 / 64 samples

[2025-07-29T00:09:40.718Z] [DEBUG] [7c5907c5-29ea-49c7-9ea7-d89624c93ae5] Blender Output: Fra:139 Mem:119.91M (Peak 151.55M) | Time:00:00.33 | Rendering 50 / 64 samples

[2025-07-29T00:09:40.804Z] [DEBUG] [7c5907c5-29ea-49c7-9ea7-d89624c93ae5] Blender Output: Fra:139 Mem:119.91M (Peak 151.55M) | Time:00:00.42 | Rendering 64 / 64 samples

[2025-07-29T00:09:40.881Z] [DEBUG] [7c5907c5-29ea-49c7-9ea7-d89624c93ae5] Blender Output: Append frame 139
Time: 00:00.50 (Saving: 00:00.03)


[2025-07-29T00:09:40.917Z] [DEBUG] [7c5907c5-29ea-49c7-9ea7-d89624c93ae5] Blender Output: Fra:140 Mem:119.91M (Peak 151.55M) | Time:00:00.03 | Rendering 1 / 64 samples

[2025-07-29T00:09:41.068Z] [DEBUG] [7c5907c5-29ea-49c7-9ea7-d89624c93ae5] Blender Output: Fra:140 Mem:119.91M (Peak 151.55M) | Time:00:00.18 | Rendering 25 / 64 samples

[2025-07-29T00:09:41.219Z] [DEBUG] [7c5907c5-29ea-49c7-9ea7-d89624c93ae5] Blender Output: Fra:140 Mem:119.91M (Peak 151.55M) | Time:00:00.33 | Rendering 50 / 64 samples

[2025-07-29T00:09:41.305Z] [DEBUG] [7c5907c5-29ea-49c7-9ea7-d89624c93ae5] Blender Output: Fra:140 Mem:119.91M (Peak 151.55M) | Time:00:00.42 | Rendering 64 / 64 samples

[2025-07-29T00:09:41.382Z] [DEBUG] [7c5907c5-29ea-49c7-9ea7-d89624c93ae5] Blender Output: Append frame 140
Time: 00:00.50 (Saving: 00:00.03)


[2025-07-29T00:09:41.418Z] [DEBUG] [7c5907c5-29ea-49c7-9ea7-d89624c93ae5] Blender Output: Fra:141 Mem:119.91M (Peak 151.55M) | Time:00:00.03 | Rendering 1 / 64 samples

[2025-07-29T00:09:41.570Z] [DEBUG] [7c5907c5-29ea-49c7-9ea7-d89624c93ae5] Blender Output: Fra:141 Mem:119.91M (Peak 151.55M) | Time:00:00.18 | Rendering 25 / 64 samples

[2025-07-29T00:09:41.723Z] [DEBUG] [7c5907c5-29ea-49c7-9ea7-d89624c93ae5] Blender Output: Fra:141 Mem:119.91M (Peak 151.55M) | Time:00:00.34 | Rendering 50 / 64 samples

[2025-07-29T00:09:41.808Z] [DEBUG] [7c5907c5-29ea-49c7-9ea7-d89624c93ae5] Blender Output: Fra:141 Mem:119.91M (Peak 151.55M) | Time:00:00.42 | Rendering 64 / 64 samples

[2025-07-29T00:09:41.884Z] [DEBUG] [7c5907c5-29ea-49c7-9ea7-d89624c93ae5] Blender Output: Append frame 141
Time: 00:00.50 (Saving: 00:00.03)


[2025-07-29T00:09:41.920Z] [DEBUG] [7c5907c5-29ea-49c7-9ea7-d89624c93ae5] Blender Output: Fra:142 Mem:119.91M (Peak 151.55M) | Time:00:00.03 | Rendering 1 / 64 samples

[2025-07-29T00:09:42.072Z] [DEBUG] [7c5907c5-29ea-49c7-9ea7-d89624c93ae5] Blender Output: Fra:142 Mem:119.91M (Peak 151.55M) | Time:00:00.18 | Rendering 25 / 64 samples

[2025-07-29T00:09:42.224Z] [DEBUG] [7c5907c5-29ea-49c7-9ea7-d89624c93ae5] Blender Output: Fra:142 Mem:119.91M (Peak 151.55M) | Time:00:00.34 | Rendering 50 / 64 samples

[2025-07-29T00:09:42.310Z] [DEBUG] [7c5907c5-29ea-49c7-9ea7-d89624c93ae5] Blender Output: Fra:142 Mem:119.91M (Peak 151.55M) | Time:00:00.42 | Rendering 64 / 64 samples

[2025-07-29T00:09:42.385Z] [DEBUG] [7c5907c5-29ea-49c7-9ea7-d89624c93ae5] Blender Output: Append frame 142
Time: 00:00.50 (Saving: 00:00.03)


[2025-07-29T00:09:42.566Z] [DEBUG] [7c5907c5-29ea-49c7-9ea7-d89624c93ae5] Blender Output: 🎯 V1.4.0.a.8.2 - CYCLES RENDER CORREÇÃO INICIADO
🛡️ BLINDAGEM: V1.4.0.a.7 sync perfeito preservado
🔧 HOTFIX: APIs compatíveis com Blender 4.5+ e EEVEE_NEXT
📂 Working directory: C:\Users\Denys Victoriano\Documents\GitHub\clone\zentraw\Zentraw\3d_visualizer\Blender
🐍 Python script: C:\Users\Denys Victoriano\Documents\GitHub\clone\zentraw\Zentraw\3d_visualizer\Blender\render_audio_visualizer_v1.4.0.a.8.2.py
🔍 Verificando existência dos arquivos...
✅ Todos os arquivos validados com sucesso
🎵 Áudio: C:\Users\Denys Victoriano\Documents\GitHub\clone\zentraw\Zentraw\3d_visualizer\uploads\1753747706209_audio.wav
🖼️ Imagem: C:\Users\Denys Victoriano\Documents\GitHub\clone\zentraw\Zentraw\3d_visualizer\uploads\1753747706214_image.png
📁 Output (absoluto): C:\Users\Denys Victoriano\Documents\GitHub\clone\zentraw\Zentraw\3d_visualizer\outputs\output_v1.4.0.a.8.mp4
⚙️ Config: C:\Users\Denys Victoriano\Documents\GitHub\clone\zentraw\Zentraw\3d_visualizer\temp\config_7c5907c5-29ea-49c7-9ea7-d89624c93ae5.json
🔧 Correção: Output redirecionado para: C:/Users/Denys Victoriano/Documents/GitHub/clone/zentraw/Zentraw/3d_visualizer/outputs\output_v1.4.0.a.8.2_20250728_210827.mp4
📊 CONFIGURAÇÕES APLICADAS V1.4.0.a.8.1 HOTFIX:
   🎬 Resolução: 1920x1080 (Full HD padrão)
   🎞️ FPS: 30
   🔍 Samples: 128
🚀 Forçando render engine: CYCLES
   📊 Amplitude Multiplier: 3.0x (V1.4.0.a.7 BLINDADO)
   🌊 Suavização: 1
   🎧 Canais: mono
   📦 Escala Base: 1.0x
   📈 Escala Máxima: 5.0x
   🎯 Partículas: 64
   📏 Espaçamento: 1.2
🎬 Setting up scene...
🚀 Render engine: BLENDER_EEVEE_NEXT
📐 Resolução: 1920x1080
⚡ Eevee configurado para velocidade (samples: 64)
✅ Samples Eevee configurados
🔒 Definindo caminho de saída do render: C:/Users/Denys Victoriano/Documents/GitHub/clone/zentraw/Zentraw/3d_visualizer/outputs\output_v1.4.0.a.8.2_20250728_210827.mp4
🔍 DEBUG - Output path com timestamp: C:/Users/Denys Victoriano/Documents/GitHub/clone/zentraw/Zentraw/3d_visualizer/outputs\output_v1.4.0.a.8.2_20250728_210827_20250728_210827.mp4
🎵 Carregando áudio...
🎵 Áudio carregado: 227324 samples, 48000Hz, 2 canais
⏱️ Duração: 4.74s, 142 frames @ 30fps
🎯 Criando sistema de cubos...
✅ 64 cubos criados
🎵 Animando baseado no áudio...
✅ Animação completa
🖼️ Adicionando imagem de fundo: C:\Users\Denys Victoriano\Documents\GitHub\clone\zentraw\Zentraw\3d_visualizer\uploads\1753747706214_image.png
🎵 Configurando áudio no sequencer...
🎬 Iniciando render...
📊 Engine: BLENDER_EEVEE_NEXT
📐 Resolução: 1920x1080
⏱️ Frames: 142
🎵 Com áudio: True
🎉 Render concluído com sucesso!
✅ SUCESSO - Arquivo criado: C:/Users/Denys Victoriano/Documents/GitHub/clone/zentraw/Zentraw/3d_visualizer/outputs\output_v1.4.0.a.8.2_20250728_210827_20250728_210827.mp4 (327515 bytes)
📊 Arquivo de resultado criado: C:/Users/Denys Victoriano/Documents/GitHub/clone/zentraw/Zentraw/3d_visualizer/outputs\output_v1.4.0.a.8.2_20250728_210827_result.json
📂 Arquivos no diretório de saída (C:/Users/Denys Victoriano/Documents/GitHub/clone/zentraw/Zentraw/3d_visualizer/outputs):
 - output_v1.4.0.a.8.2_20250728_164335_20250728_164335.mp4
 - output_v1.4.0.a.8.2_20250728_164335_result.json
 - output_v1.4.0.a.8.2_20250728_183504_20250728_183504.mp4
 - output_v1.4.0.a.8.2_20250728_183504_result.json
 - output_v1.4.0.a.8.2_20250728_184817_20250728_184817.mp4
 - output_v1.4.0.a.8.2_20250728_184817_result.json
 - output_v1.4.0.a.8.2_20250728_202027_20250728_202027.mp4
 - output_v1.4.0.a.8.2_20250728_202027_result.json
 - output_v1.4.0.a.8.2_20250728_204618_20250728_204618.mp4
 - output_v1.4.0.a.8.2_20250728_204618_result.json
 - output_v1.4.0.a.8.2_20250728_210827_20250728_210827.mp4
 - output_v1.4.0.a.8.2_20250728_210827_result.json
 - output_v1.4.0.a.8.mp4

[2025-07-29T00:09:42.833Z] [DEBUG] [7c5907c5-29ea-49c7-9ea7-d89624c93ae5] Blender Output: 
Blender quit

[2025-07-29T00:09:42.892Z] [INFO] [7c5907c5-29ea-49c7-9ea7-d89624c93ae5] Blender process finalizado com código: 0
[2025-07-29T00:09:42.893Z] [SUCCESS] [7c5907c5-29ea-49c7-9ea7-d89624c93ae5] Render concluído: C:\Users\Denys Victoriano\Documents\GitHub\clone\zentraw\Zentraw\3d_visualizer\outputs\output_v1.4.0.a.8.mp4
[2025-07-29T16:21:28.374Z] [INFO] 🚀 Zentraw V1.4.0.a.8 Backend iniciado na porta 3004
[2025-07-29T16:21:28.377Z] [INFO] 🛡️ Sistema de blindagem V1.4.0.a.7 ativo
[2025-07-29T16:21:28.377Z] [INFO] ⚙️ Interface parametrizada completa disponível
[2025-07-29T16:21:28.378Z] [INFO] 📁 Diretórios: uploads=C:\Users\Denys Victoriano\Documents\GitHub\clone\zentraw\Zentraw\3d_visualizer\uploads, outputs=C:\Users\Denys Victoriano\Documents\GitHub\clone\zentraw\Zentraw\3d_visualizer\outputs, logs=C:\Users\Denys Victoriano\Documents\GitHub\clone\zentraw\Zentraw\3d_visualizer\logs
[2025-07-29T16:21:44.378Z] [INFO] Health check solicitado
[2025-07-29T16:22:08.412Z] [INFO] [c3496f2e-c258-4043-a96c-86acdeb08480] Iniciando render parametrizado
[2025-07-29T16:22:08.413Z] [DEBUG] [c3496f2e-c258-4043-a96c-86acdeb08480] 🔍 DEBUG - audioFile: {"fieldname":"audio","originalname":"sample_audio3.wav","encoding":"7bit","mimetype":"audio/wav","destination":"C:\\Users\\Denys Victoriano\\Documents\\GitHub\\clone\\zentraw\\Zentraw\\3d_visualizer\\uploads","filename":"1753806128365_audio.wav","path":"C:\\Users\\Denys Victoriano\\Documents\\GitHub\\clone\\zentraw\\Zentraw\\3d_visualizer\\uploads\\1753806128365_audio.wav","size":909502}
[2025-07-29T16:22:08.414Z] [DEBUG] [c3496f2e-c258-4043-a96c-86acdeb08480] 🔍 DEBUG - imageFile: {"fieldname":"image","originalname":"cover_spotify.png","encoding":"7bit","mimetype":"image/png","destination":"C:\\Users\\Denys Victoriano\\Documents\\GitHub\\clone\\zentraw\\Zentraw\\3d_visualizer\\uploads","filename":"1753806128374_image.png","path":"C:\\Users\\Denys Victoriano\\Documents\\GitHub\\clone\\zentraw\\Zentraw\\3d_visualizer\\uploads\\1753806128374_image.png","size":6594976}
[2025-07-29T16:22:08.522Z] [INFO] [c3496f2e-c258-4043-a96c-86acdeb08480] Executando Blender: C:\Program Files\Blender Foundation\Blender 4.5\blender.exe C:\Users\Denys Victoriano\Documents\GitHub\clone\zentraw\Zentraw\3d_visualizer\Blender\template.blend --background --python C:\Users\Denys Victoriano\Documents\GitHub\clone\zentraw\Zentraw\3d_visualizer\Blender\render_audio_visualizer_v1.4.0.a.8.1.py -- C:\Users\Denys Victoriano\Documents\GitHub\clone\zentraw\Zentraw\3d_visualizer\uploads\1753806128365_audio.wav C:\Users\Denys Victoriano\Documents\GitHub\clone\zentraw\Zentraw\3d_visualizer\uploads\1753806128374_image.png C:\Users\Denys Victoriano\Documents\GitHub\clone\zentraw\Zentraw\3d_visualizer\outputs\output_v1.4.0.a.8.mp4 C:\Users\Denys Victoriano\Documents\GitHub\clone\zentraw\Zentraw\3d_visualizer\temp\config_c3496f2e-c258-4043-a96c-86acdeb08480.json
[2025-07-29T16:22:17.060Z] [DEBUG] [c3496f2e-c258-4043-a96c-86acdeb08480] Blender Output: Blender 4.5.0 (hash 8cb6b388974a built 2025-07-15 01:36:24)
Read blend: "C:\Users\Denys Victoriano\Documents\GitHub\clone\zentraw\Zentraw\3d_visualizer\Blender\template.blend"
Fra:1 Mem:119.40M (Peak 132.71M) | Time:00:01.03 | Rendering 1 / 64 samples

[2025-07-29T16:22:17.209Z] [DEBUG] [c3496f2e-c258-4043-a96c-86acdeb08480] Blender Output: Fra:1 Mem:119.72M (Peak 132.71M) | Time:00:01.18 | Rendering 25 / 64 samples

[2025-07-29T16:22:17.351Z] [DEBUG] [c3496f2e-c258-4043-a96c-86acdeb08480] Blender Output: Fra:1 Mem:119.72M (Peak 132.71M) | Time:00:01.32 | Rendering 50 / 64 samples

[2025-07-29T16:22:17.429Z] [DEBUG] [c3496f2e-c258-4043-a96c-86acdeb08480] Blender Output: Fra:1 Mem:119.72M (Peak 132.71M) | Time:00:01.40 | Rendering 64 / 64 samples

[2025-07-29T16:22:17.730Z] [DEBUG] [c3496f2e-c258-4043-a96c-86acdeb08480] Blender Output: Append frame 1
Time: 00:01.70 (Saving: 00:00.24)


[2025-07-29T16:22:17.783Z] [DEBUG] [c3496f2e-c258-4043-a96c-86acdeb08480] Blender Output: Fra:2 Mem:119.86M (Peak 151.36M) | Time:00:00.05 | Rendering 1 / 64 samples

[2025-07-29T16:22:17.935Z] [DEBUG] [c3496f2e-c258-4043-a96c-86acdeb08480] Blender Output: Fra:2 Mem:119.91M (Peak 151.36M) | Time:00:00.20 | Rendering 25 / 64 samples

[2025-07-29T16:22:18.090Z] [DEBUG] [c3496f2e-c258-4043-a96c-86acdeb08480] Blender Output: Fra:2 Mem:119.91M (Peak 151.36M) | Time:00:00.36 | Rendering 50 / 64 samples

[2025-07-29T16:22:18.178Z] [DEBUG] [c3496f2e-c258-4043-a96c-86acdeb08480] Blender Output: Fra:2 Mem:119.91M (Peak 151.36M) | Time:00:00.44 | Rendering 64 / 64 samples

[2025-07-29T16:22:18.285Z] [DEBUG] [c3496f2e-c258-4043-a96c-86acdeb08480] Blender Output: Append frame 2
Time: 00:00.55 (Saving: 00:00.04)


[2025-07-29T16:22:18.320Z] [DEBUG] [c3496f2e-c258-4043-a96c-86acdeb08480] Blender Output: Fra:3 Mem:119.91M (Peak 151.55M) | Time:00:00.03 | Rendering 1 / 64 samples

[2025-07-29T16:22:18.474Z] [DEBUG] [c3496f2e-c258-4043-a96c-86acdeb08480] Blender Output: Fra:3 Mem:119.91M (Peak 151.55M) | Time:00:00.18 | Rendering 25 / 64 samples

[2025-07-29T16:22:18.629Z] [DEBUG] [c3496f2e-c258-4043-a96c-86acdeb08480] Blender Output: Fra:3 Mem:119.91M (Peak 151.55M) | Time:00:00.34 | Rendering 50 / 64 samples

[2025-07-29T16:22:18.717Z] [DEBUG] [c3496f2e-c258-4043-a96c-86acdeb08480] Blender Output: Fra:3 Mem:119.91M (Peak 151.55M) | Time:00:00.43 | Rendering 64 / 64 samples

[2025-07-29T16:22:18.803Z] [DEBUG] [c3496f2e-c258-4043-a96c-86acdeb08480] Blender Output: Append frame 3
Time: 00:00.51 (Saving: 00:00.03)


[2025-07-29T16:22:18.840Z] [DEBUG] [c3496f2e-c258-4043-a96c-86acdeb08480] Blender Output: Fra:4 Mem:119.91M (Peak 151.55M) | Time:00:00.03 | Rendering 1 / 64 samples

[2025-07-29T16:22:18.992Z] [DEBUG] [c3496f2e-c258-4043-a96c-86acdeb08480] Blender Output: Fra:4 Mem:119.91M (Peak 151.55M) | Time:00:00.18 | Rendering 25 / 64 samples

[2025-07-29T16:22:19.147Z] [DEBUG] [c3496f2e-c258-4043-a96c-86acdeb08480] Blender Output: Fra:4 Mem:119.91M (Peak 151.55M) | Time:00:00.34 | Rendering 50 / 64 samples

[2025-07-29T16:22:19.237Z] [DEBUG] [c3496f2e-c258-4043-a96c-86acdeb08480] Blender Output: Fra:4 Mem:119.91M (Peak 151.55M) | Time:00:00.43 | Rendering 64 / 64 samples

[2025-07-29T16:22:19.315Z] [DEBUG] [c3496f2e-c258-4043-a96c-86acdeb08480] Blender Output: Append frame 4
Time: 00:00.51 (Saving: 00:00.03)


[2025-07-29T16:22:19.351Z] [DEBUG] [c3496f2e-c258-4043-a96c-86acdeb08480] Blender Output: Fra:5 Mem:119.91M (Peak 151.55M) | Time:00:00.03 | Rendering 1 / 64 samples

[2025-07-29T16:22:19.505Z] [DEBUG] [c3496f2e-c258-4043-a96c-86acdeb08480] Blender Output: Fra:5 Mem:119.91M (Peak 151.55M) | Time:00:00.18 | Rendering 25 / 64 samples

[2025-07-29T16:22:19.662Z] [DEBUG] [c3496f2e-c258-4043-a96c-86acdeb08480] Blender Output: Fra:5 Mem:119.91M (Peak 151.55M) | Time:00:00.34 | Rendering 50 / 64 samples

[2025-07-29T16:22:19.751Z] [DEBUG] [c3496f2e-c258-4043-a96c-86acdeb08480] Blender Output: Fra:5 Mem:119.91M (Peak 151.55M) | Time:00:00.43 | Rendering 64 / 64 samples

[2025-07-29T16:22:19.833Z] [DEBUG] [c3496f2e-c258-4043-a96c-86acdeb08480] Blender Output: Append frame 5
Time: 00:00.51 (Saving: 00:00.03)


[2025-07-29T16:22:19.869Z] [DEBUG] [c3496f2e-c258-4043-a96c-86acdeb08480] Blender Output: Fra:6 Mem:119.91M (Peak 151.55M) | Time:00:00.03 | Rendering 1 / 64 samples

[2025-07-29T16:22:20.023Z] [DEBUG] [c3496f2e-c258-4043-a96c-86acdeb08480] Blender Output: Fra:6 Mem:119.91M (Peak 151.55M) | Time:00:00.18 | Rendering 25 / 64 samples

[2025-07-29T16:22:20.180Z] [DEBUG] [c3496f2e-c258-4043-a96c-86acdeb08480] Blender Output: Fra:6 Mem:119.91M (Peak 151.55M) | Time:00:00.34 | Rendering 50 / 64 samples

[2025-07-29T16:22:20.272Z] [DEBUG] [c3496f2e-c258-4043-a96c-86acdeb08480] Blender Output: Fra:6 Mem:119.91M (Peak 151.55M) | Time:00:00.43 | Rendering 64 / 64 samples

[2025-07-29T16:22:20.351Z] [DEBUG] [c3496f2e-c258-4043-a96c-86acdeb08480] Blender Output: Append frame 6
Time: 00:00.51 (Saving: 00:00.03)


[2025-07-29T16:22:20.386Z] [DEBUG] [c3496f2e-c258-4043-a96c-86acdeb08480] Blender Output: Fra:7 Mem:119.91M (Peak 151.55M) | Time:00:00.03 | Rendering 1 / 64 samples

[2025-07-29T16:22:20.545Z] [DEBUG] [c3496f2e-c258-4043-a96c-86acdeb08480] Blender Output: Fra:7 Mem:119.91M (Peak 151.55M) | Time:00:00.19 | Rendering 25 / 64 samples

[2025-07-29T16:22:20.703Z] [DEBUG] [c3496f2e-c258-4043-a96c-86acdeb08480] Blender Output: Fra:7 Mem:119.91M (Peak 151.55M) | Time:00:00.35 | Rendering 50 / 64 samples

[2025-07-29T16:22:20.792Z] [DEBUG] [c3496f2e-c258-4043-a96c-86acdeb08480] Blender Output: Fra:7 Mem:119.91M (Peak 151.55M) | Time:00:00.44 | Rendering 64 / 64 samples

[2025-07-29T16:22:20.870Z] [DEBUG] [c3496f2e-c258-4043-a96c-86acdeb08480] Blender Output: Append frame 7
Time: 00:00.51 (Saving: 00:00.03)


[2025-07-29T16:22:20.906Z] [DEBUG] [c3496f2e-c258-4043-a96c-86acdeb08480] Blender Output: Fra:8 Mem:119.91M (Peak 151.55M) | Time:00:00.03 | Rendering 1 / 64 samples

[2025-07-29T16:22:21.069Z] [DEBUG] [c3496f2e-c258-4043-a96c-86acdeb08480] Blender Output: Fra:8 Mem:119.91M (Peak 151.55M) | Time:00:00.19 | Rendering 25 / 64 samples

[2025-07-29T16:22:21.234Z] [DEBUG] [c3496f2e-c258-4043-a96c-86acdeb08480] Blender Output: Fra:8 Mem:119.91M (Peak 151.55M) | Time:00:00.36 | Rendering 50 / 64 samples

[2025-07-29T16:22:21.326Z] [DEBUG] [c3496f2e-c258-4043-a96c-86acdeb08480] Blender Output: Fra:8 Mem:119.91M (Peak 151.55M) | Time:00:00.45 | Rendering 64 / 64 samples

[2025-07-29T16:22:21.406Z] [DEBUG] [c3496f2e-c258-4043-a96c-86acdeb08480] Blender Output: Append frame 8
Time: 00:00.53 (Saving: 00:00.03)


[2025-07-29T16:22:21.448Z] [DEBUG] [c3496f2e-c258-4043-a96c-86acdeb08480] Blender Output: Fra:9 Mem:119.91M (Peak 151.55M) | Time:00:00.04 | Rendering 1 / 64 samples

[2025-07-29T16:22:21.612Z] [DEBUG] [c3496f2e-c258-4043-a96c-86acdeb08480] Blender Output: Fra:9 Mem:119.91M (Peak 151.55M) | Time:00:00.20 | Rendering 25 / 64 samples

[2025-07-29T16:22:21.772Z] [DEBUG] [c3496f2e-c258-4043-a96c-86acdeb08480] Blender Output: Fra:9 Mem:119.91M (Peak 151.55M) | Time:00:00.36 | Rendering 50 / 64 samples

[2025-07-29T16:22:21.863Z] [DEBUG] [c3496f2e-c258-4043-a96c-86acdeb08480] Blender Output: Fra:9 Mem:119.91M (Peak 151.55M) | Time:00:00.45 | Rendering 64 / 64 samples

[2025-07-29T16:22:21.941Z] [DEBUG] [c3496f2e-c258-4043-a96c-86acdeb08480] Blender Output: Append frame 9
Time: 00:00.53 (Saving: 00:00.03)


[2025-07-29T16:22:21.979Z] [DEBUG] [c3496f2e-c258-4043-a96c-86acdeb08480] Blender Output: Fra:10 Mem:119.91M (Peak 151.55M) | Time:00:00.03 | Rendering 1 / 64 samples

[2025-07-29T16:22:22.131Z] [DEBUG] [c3496f2e-c258-4043-a96c-86acdeb08480] Blender Output: Fra:10 Mem:119.91M (Peak 151.55M) | Time:00:00.18 | Rendering 25 / 64 samples

[2025-07-29T16:22:22.286Z] [DEBUG] [c3496f2e-c258-4043-a96c-86acdeb08480] Blender Output: Fra:10 Mem:119.91M (Peak 151.55M) | Time:00:00.34 | Rendering 50 / 64 samples

[2025-07-29T16:22:22.375Z] [DEBUG] [c3496f2e-c258-4043-a96c-86acdeb08480] Blender Output: Fra:10 Mem:119.91M (Peak 151.55M) | Time:00:00.43 | Rendering 64 / 64 samples

[2025-07-29T16:22:22.461Z] [DEBUG] [c3496f2e-c258-4043-a96c-86acdeb08480] Blender Output: Append frame 10
Time: 00:00.51 (Saving: 00:00.03)


[2025-07-29T16:22:22.496Z] [DEBUG] [c3496f2e-c258-4043-a96c-86acdeb08480] Blender Output: Fra:11 Mem:119.91M (Peak 151.55M) | Time:00:00.03 | Rendering 1 / 64 samples

[2025-07-29T16:22:22.650Z] [DEBUG] [c3496f2e-c258-4043-a96c-86acdeb08480] Blender Output: Fra:11 Mem:119.91M (Peak 151.55M) | Time:00:00.18 | Rendering 25 / 64 samples

[2025-07-29T16:22:22.807Z] [DEBUG] [c3496f2e-c258-4043-a96c-86acdeb08480] Blender Output: Fra:11 Mem:119.91M (Peak 151.55M) | Time:00:00.34 | Rendering 50 / 64 samples

[2025-07-29T16:22:22.897Z] [DEBUG] [c3496f2e-c258-4043-a96c-86acdeb08480] Blender Output: Fra:11 Mem:119.91M (Peak 151.55M) | Time:00:00.43 | Rendering 64 / 64 samples

[2025-07-29T16:22:22.976Z] [DEBUG] [c3496f2e-c258-4043-a96c-86acdeb08480] Blender Output: Append frame 11
Time: 00:00.51 (Saving: 00:00.03)


[2025-07-29T16:22:23.013Z] [DEBUG] [c3496f2e-c258-4043-a96c-86acdeb08480] Blender Output: Fra:12 Mem:119.91M (Peak 151.55M) | Time:00:00.03 | Rendering 1 / 64 samples

[2025-07-29T16:22:23.166Z] [DEBUG] [c3496f2e-c258-4043-a96c-86acdeb08480] Blender Output: Fra:12 Mem:119.91M (Peak 151.55M) | Time:00:00.18 | Rendering 25 / 64 samples

[2025-07-29T16:22:23.322Z] [DEBUG] [c3496f2e-c258-4043-a96c-86acdeb08480] Blender Output: Fra:12 Mem:119.91M (Peak 151.55M) | Time:00:00.34 | Rendering 50 / 64 samples

[2025-07-29T16:22:23.410Z] [DEBUG] [c3496f2e-c258-4043-a96c-86acdeb08480] Blender Output: Fra:12 Mem:119.91M (Peak 151.55M) | Time:00:00.43 | Rendering 64 / 64 samples

[2025-07-29T16:22:23.491Z] [DEBUG] [c3496f2e-c258-4043-a96c-86acdeb08480] Blender Output: Append frame 12
Time: 00:00.51 (Saving: 00:00.03)


[2025-07-29T16:22:23.527Z] [DEBUG] [c3496f2e-c258-4043-a96c-86acdeb08480] Blender Output: Fra:13 Mem:119.91M (Peak 151.55M) | Time:00:00.03 | Rendering 1 / 64 samples

[2025-07-29T16:22:23.681Z] [DEBUG] [c3496f2e-c258-4043-a96c-86acdeb08480] Blender Output: Fra:13 Mem:119.91M (Peak 151.55M) | Time:00:00.18 | Rendering 25 / 64 samples

[2025-07-29T16:22:23.837Z] [DEBUG] [c3496f2e-c258-4043-a96c-86acdeb08480] Blender Output: Fra:13 Mem:119.91M (Peak 151.55M) | Time:00:00.34 | Rendering 50 / 64 samples

[2025-07-29T16:22:23.927Z] [DEBUG] [c3496f2e-c258-4043-a96c-86acdeb08480] Blender Output: Fra:13 Mem:119.91M (Peak 151.55M) | Time:00:00.43 | Rendering 64 / 64 samples

[2025-07-29T16:22:24.009Z] [DEBUG] [c3496f2e-c258-4043-a96c-86acdeb08480] Blender Output: Append frame 13
Time: 00:00.51 (Saving: 00:00.03)


[2025-07-29T16:22:24.045Z] [DEBUG] [c3496f2e-c258-4043-a96c-86acdeb08480] Blender Output: Fra:14 Mem:119.91M (Peak 151.55M) | Time:00:00.03 | Rendering 1 / 64 samples

[2025-07-29T16:22:24.200Z] [DEBUG] [c3496f2e-c258-4043-a96c-86acdeb08480] Blender Output: Fra:14 Mem:119.91M (Peak 151.55M) | Time:00:00.19 | Rendering 25 / 64 samples

[2025-07-29T16:22:24.359Z] [DEBUG] [c3496f2e-c258-4043-a96c-86acdeb08480] Blender Output: Fra:14 Mem:119.91M (Peak 151.55M) | Time:00:00.35 | Rendering 50 / 64 samples

[2025-07-29T16:22:24.449Z] [DEBUG] [c3496f2e-c258-4043-a96c-86acdeb08480] Blender Output: Fra:14 Mem:119.91M (Peak 151.55M) | Time:00:00.44 | Rendering 64 / 64 samples

[2025-07-29T16:22:24.532Z] [DEBUG] [c3496f2e-c258-4043-a96c-86acdeb08480] Blender Output: Append frame 14
Time: 00:00.52 (Saving: 00:00.03)


[2025-07-29T16:22:24.569Z] [DEBUG] [c3496f2e-c258-4043-a96c-86acdeb08480] Blender Output: Fra:15 Mem:119.91M (Peak 151.55M) | Time:00:00.03 | Rendering 1 / 64 samples

[2025-07-29T16:22:24.731Z] [DEBUG] [c3496f2e-c258-4043-a96c-86acdeb08480] Blender Output: Fra:15 Mem:119.91M (Peak 151.55M) | Time:00:00.19 | Rendering 25 / 64 samples

[2025-07-29T16:22:24.893Z] [DEBUG] [c3496f2e-c258-4043-a96c-86acdeb08480] Blender Output: Fra:15 Mem:119.91M (Peak 151.55M) | Time:00:00.36 | Rendering 50 / 64 samples

[2025-07-29T16:22:24.985Z] [DEBUG] [c3496f2e-c258-4043-a96c-86acdeb08480] Blender Output: Fra:15 Mem:119.91M (Peak 151.55M) | Time:00:00.45 | Rendering 64 / 64 samples

[2025-07-29T16:22:25.068Z] [DEBUG] [c3496f2e-c258-4043-a96c-86acdeb08480] Blender Output: Append frame 15
Time: 00:00.53 (Saving: 00:00.03)


[2025-07-29T16:22:25.104Z] [DEBUG] [c3496f2e-c258-4043-a96c-86acdeb08480] Blender Output: Fra:16 Mem:119.91M (Peak 151.55M) | Time:00:00.03 | Rendering 1 / 64 samples

[2025-07-29T16:22:25.258Z] [DEBUG] [c3496f2e-c258-4043-a96c-86acdeb08480] Blender Output: Fra:16 Mem:119.91M (Peak 151.55M) | Time:00:00.18 | Rendering 25 / 64 samples

[2025-07-29T16:22:25.422Z] [DEBUG] [c3496f2e-c258-4043-a96c-86acdeb08480] Blender Output: Fra:16 Mem:119.91M (Peak 151.55M) | Time:00:00.35 | Rendering 50 / 64 samples

[2025-07-29T16:22:25.510Z] [DEBUG] [c3496f2e-c258-4043-a96c-86acdeb08480] Blender Output: Fra:16 Mem:119.91M (Peak 151.55M) | Time:00:00.44 | Rendering 64 / 64 samples

[2025-07-29T16:22:25.590Z] [DEBUG] [c3496f2e-c258-4043-a96c-86acdeb08480] Blender Output: Append frame 16
Time: 00:00.52 (Saving: 00:00.03)


[2025-07-29T16:22:25.626Z] [DEBUG] [c3496f2e-c258-4043-a96c-86acdeb08480] Blender Output: Fra:17 Mem:119.91M (Peak 151.55M) | Time:00:00.03 | Rendering 1 / 64 samples

[2025-07-29T16:22:25.780Z] [DEBUG] [c3496f2e-c258-4043-a96c-86acdeb08480] Blender Output: Fra:17 Mem:119.91M (Peak 151.55M) | Time:00:00.18 | Rendering 25 / 64 samples

[2025-07-29T16:22:25.936Z] [DEBUG] [c3496f2e-c258-4043-a96c-86acdeb08480] Blender Output: Fra:17 Mem:119.91M (Peak 151.55M) | Time:00:00.34 | Rendering 50 / 64 samples

[2025-07-29T16:22:26.028Z] [DEBUG] [c3496f2e-c258-4043-a96c-86acdeb08480] Blender Output: Fra:17 Mem:119.91M (Peak 151.55M) | Time:00:00.43 | Rendering 64 / 64 samples

[2025-07-29T16:22:26.110Z] [DEBUG] [c3496f2e-c258-4043-a96c-86acdeb08480] Blender Output: Append frame 17
Time: 00:00.51 (Saving: 00:00.03)


[2025-07-29T16:22:26.147Z] [DEBUG] [c3496f2e-c258-4043-a96c-86acdeb08480] Blender Output: Fra:18 Mem:119.91M (Peak 151.55M) | Time:00:00.03 | Rendering 1 / 64 samples

[2025-07-29T16:22:26.299Z] [DEBUG] [c3496f2e-c258-4043-a96c-86acdeb08480] Blender Output: Fra:18 Mem:119.91M (Peak 151.55M) | Time:00:00.18 | Rendering 25 / 64 samples

[2025-07-29T16:22:26.455Z] [DEBUG] [c3496f2e-c258-4043-a96c-86acdeb08480] Blender Output: Fra:18 Mem:119.91M (Peak 151.55M) | Time:00:00.34 | Rendering 50 / 64 samples

[2025-07-29T16:22:26.542Z] [DEBUG] [c3496f2e-c258-4043-a96c-86acdeb08480] Blender Output: Fra:18 Mem:119.91M (Peak 151.55M) | Time:00:00.43 | Rendering 64 / 64 samples

[2025-07-29T16:22:26.617Z] [DEBUG] [c3496f2e-c258-4043-a96c-86acdeb08480] Blender Output: Append frame 18
Time: 00:00.50 (Saving: 00:00.03)


[2025-07-29T16:22:26.653Z] [DEBUG] [c3496f2e-c258-4043-a96c-86acdeb08480] Blender Output: Fra:19 Mem:119.91M (Peak 151.55M) | Time:00:00.03 | Rendering 1 / 64 samples

[2025-07-29T16:22:26.808Z] [DEBUG] [c3496f2e-c258-4043-a96c-86acdeb08480] Blender Output: Fra:19 Mem:119.91M (Peak 151.55M) | Time:00:00.19 | Rendering 25 / 64 samples

[2025-07-29T16:22:26.964Z] [DEBUG] [c3496f2e-c258-4043-a96c-86acdeb08480] Blender Output: Fra:19 Mem:119.91M (Peak 151.55M) | Time:00:00.34 | Rendering 50 / 64 samples

[2025-07-29T16:22:27.052Z] [DEBUG] [c3496f2e-c258-4043-a96c-86acdeb08480] Blender Output: Fra:19 Mem:119.91M (Peak 151.55M) | Time:00:00.43 | Rendering 64 / 64 samples

[2025-07-29T16:22:27.132Z] [DEBUG] [c3496f2e-c258-4043-a96c-86acdeb08480] Blender Output: Append frame 19
Time: 00:00.51 (Saving: 00:00.03)


[2025-07-29T16:22:27.169Z] [DEBUG] [c3496f2e-c258-4043-a96c-86acdeb08480] Blender Output: Fra:20 Mem:119.91M (Peak 151.55M) | Time:00:00.03 | Rendering 1 / 64 samples

[2025-07-29T16:22:27.322Z] [DEBUG] [c3496f2e-c258-4043-a96c-86acdeb08480] Blender Output: Fra:20 Mem:119.91M (Peak 151.55M) | Time:00:00.18 | Rendering 25 / 64 samples

[2025-07-29T16:22:27.479Z] [DEBUG] [c3496f2e-c258-4043-a96c-86acdeb08480] Blender Output: Fra:20 Mem:119.91M (Peak 151.55M) | Time:00:00.34 | Rendering 50 / 64 samples

[2025-07-29T16:22:27.571Z] [DEBUG] [c3496f2e-c258-4043-a96c-86acdeb08480] Blender Output: Fra:20 Mem:119.91M (Peak 151.55M) | Time:00:00.43 | Rendering 64 / 64 samples

[2025-07-29T16:22:27.646Z] [DEBUG] [c3496f2e-c258-4043-a96c-86acdeb08480] Blender Output: Append frame 20
Time: 00:00.51 (Saving: 00:00.03)


[2025-07-29T16:22:27.683Z] [DEBUG] [c3496f2e-c258-4043-a96c-86acdeb08480] Blender Output: Fra:21 Mem:119.91M (Peak 151.55M) | Time:00:00.03 | Rendering 1 / 64 samples

[2025-07-29T16:22:27.836Z] [DEBUG] [c3496f2e-c258-4043-a96c-86acdeb08480] Blender Output: Fra:21 Mem:119.91M (Peak 151.55M) | Time:00:00.19 | Rendering 25 / 64 samples

[2025-07-29T16:22:27.992Z] [DEBUG] [c3496f2e-c258-4043-a96c-86acdeb08480] Blender Output: Fra:21 Mem:119.91M (Peak 151.55M) | Time:00:00.34 | Rendering 50 / 64 samples

[2025-07-29T16:22:28.080Z] [DEBUG] [c3496f2e-c258-4043-a96c-86acdeb08480] Blender Output: Fra:21 Mem:119.91M (Peak 151.55M) | Time:00:00.43 | Rendering 64 / 64 samples

[2025-07-29T16:22:28.161Z] [DEBUG] [c3496f2e-c258-4043-a96c-86acdeb08480] Blender Output: Append frame 21
Time: 00:00.51 (Saving: 00:00.03)


[2025-07-29T16:22:28.218Z] [DEBUG] [c3496f2e-c258-4043-a96c-86acdeb08480] Blender Output: Fra:22 Mem:119.91M (Peak 151.55M) | Time:00:00.05 | Rendering 1 / 64 samples

[2025-07-29T16:22:28.372Z] [DEBUG] [c3496f2e-c258-4043-a96c-86acdeb08480] Blender Output: Fra:22 Mem:119.91M (Peak 151.55M) | Time:00:00.21 | Rendering 25 / 64 samples

[2025-07-29T16:22:28.527Z] [DEBUG] [c3496f2e-c258-4043-a96c-86acdeb08480] Blender Output: Fra:22 Mem:119.91M (Peak 151.55M) | Time:00:00.36 | Rendering 50 / 64 samples

[2025-07-29T16:22:28.614Z] [DEBUG] [c3496f2e-c258-4043-a96c-86acdeb08480] Blender Output: Fra:22 Mem:119.91M (Peak 151.55M) | Time:00:00.45 | Rendering 64 / 64 samples

[2025-07-29T16:22:28.696Z] [DEBUG] [c3496f2e-c258-4043-a96c-86acdeb08480] Blender Output: Append frame 22
Time: 00:00.53 (Saving: 00:00.03)


[2025-07-29T16:22:28.732Z] [DEBUG] [c3496f2e-c258-4043-a96c-86acdeb08480] Blender Output: Fra:23 Mem:119.91M (Peak 151.55M) | Time:00:00.03 | Rendering 1 / 64 samples

[2025-07-29T16:22:28.886Z] [DEBUG] [c3496f2e-c258-4043-a96c-86acdeb08480] Blender Output: Fra:23 Mem:119.91M (Peak 151.55M) | Time:00:00.19 | Rendering 25 / 64 samples

[2025-07-29T16:22:29.042Z] [DEBUG] [c3496f2e-c258-4043-a96c-86acdeb08480] Blender Output: Fra:23 Mem:119.91M (Peak 151.55M) | Time:00:00.34 | Rendering 50 / 64 samples

[2025-07-29T16:22:29.134Z] [DEBUG] [c3496f2e-c258-4043-a96c-86acdeb08480] Blender Output: Fra:23 Mem:119.91M (Peak 151.55M) | Time:00:00.43 | Rendering 64 / 64 samples

[2025-07-29T16:22:29.216Z] [DEBUG] [c3496f2e-c258-4043-a96c-86acdeb08480] Blender Output: Append frame 23
Time: 00:00.51 (Saving: 00:00.03)


[2025-07-29T16:22:29.254Z] [DEBUG] [c3496f2e-c258-4043-a96c-86acdeb08480] Blender Output: Fra:24 Mem:119.91M (Peak 151.55M) | Time:00:00.03 | Rendering 1 / 64 samples

[2025-07-29T16:22:29.410Z] [DEBUG] [c3496f2e-c258-4043-a96c-86acdeb08480] Blender Output: Fra:24 Mem:119.91M (Peak 151.55M) | Time:00:00.19 | Rendering 25 / 64 samples

[2025-07-29T16:22:29.568Z] [DEBUG] [c3496f2e-c258-4043-a96c-86acdeb08480] Blender Output: Fra:24 Mem:119.91M (Peak 151.55M) | Time:00:00.35 | Rendering 50 / 64 samples

[2025-07-29T16:22:29.656Z] [DEBUG] [c3496f2e-c258-4043-a96c-86acdeb08480] Blender Output: Fra:24 Mem:119.91M (Peak 151.55M) | Time:00:00.44 | Rendering 64 / 64 samples

[2025-07-29T16:22:29.736Z] [DEBUG] [c3496f2e-c258-4043-a96c-86acdeb08480] Blender Output: Append frame 24
Time: 00:00.52 (Saving: 00:00.03)


[2025-07-29T16:22:29.773Z] [DEBUG] [c3496f2e-c258-4043-a96c-86acdeb08480] Blender Output: Fra:25 Mem:119.91M (Peak 151.55M) | Time:00:00.03 | Rendering 1 / 64 samples

[2025-07-29T16:22:29.926Z] [DEBUG] [c3496f2e-c258-4043-a96c-86acdeb08480] Blender Output: Fra:25 Mem:119.91M (Peak 151.55M) | Time:00:00.19 | Rendering 25 / 64 samples

[2025-07-29T16:22:30.087Z] [DEBUG] [c3496f2e-c258-4043-a96c-86acdeb08480] Blender Output: Fra:25 Mem:119.91M (Peak 151.55M) | Time:00:00.35 | Rendering 50 / 64 samples

[2025-07-29T16:22:30.175Z] [DEBUG] [c3496f2e-c258-4043-a96c-86acdeb08480] Blender Output: Fra:25 Mem:119.91M (Peak 151.55M) | Time:00:00.43 | Rendering 64 / 64 samples

[2025-07-29T16:22:30.255Z] [DEBUG] [c3496f2e-c258-4043-a96c-86acdeb08480] Blender Output: Append frame 25
Time: 00:00.51 (Saving: 00:00.03)


[2025-07-29T16:22:30.293Z] [DEBUG] [c3496f2e-c258-4043-a96c-86acdeb08480] Blender Output: Fra:26 Mem:119.91M (Peak 151.55M) | Time:00:00.03 | Rendering 1 / 64 samples

[2025-07-29T16:22:30.448Z] [DEBUG] [c3496f2e-c258-4043-a96c-86acdeb08480] Blender Output: Fra:26 Mem:119.91M (Peak 151.55M) | Time:00:00.19 | Rendering 25 / 64 samples

[2025-07-29T16:22:30.605Z] [DEBUG] [c3496f2e-c258-4043-a96c-86acdeb08480] Blender Output: Fra:26 Mem:119.91M (Peak 151.55M) | Time:00:00.34 | Rendering 50 / 64 samples

[2025-07-29T16:22:30.695Z] [DEBUG] [c3496f2e-c258-4043-a96c-86acdeb08480] Blender Output: Fra:26 Mem:119.91M (Peak 151.55M) | Time:00:00.43 | Rendering 64 / 64 samples

[2025-07-29T16:22:30.773Z] [DEBUG] [c3496f2e-c258-4043-a96c-86acdeb08480] Blender Output: Append frame 26
Time: 00:00.51 (Saving: 00:00.03)


[2025-07-29T16:22:30.810Z] [DEBUG] [c3496f2e-c258-4043-a96c-86acdeb08480] Blender Output: Fra:27 Mem:119.91M (Peak 151.55M) | Time:00:00.03 | Rendering 1 / 64 samples

[2025-07-29T16:22:30.963Z] [DEBUG] [c3496f2e-c258-4043-a96c-86acdeb08480] Blender Output: Fra:27 Mem:119.91M (Peak 151.55M) | Time:00:00.19 | Rendering 25 / 64 samples

[2025-07-29T16:22:31.121Z] [DEBUG] [c3496f2e-c258-4043-a96c-86acdeb08480] Blender Output: Fra:27 Mem:119.91M (Peak 151.55M) | Time:00:00.34 | Rendering 50 / 64 samples

[2025-07-29T16:22:31.209Z] [DEBUG] [c3496f2e-c258-4043-a96c-86acdeb08480] Blender Output: Fra:27 Mem:119.91M (Peak 151.55M) | Time:00:00.43 | Rendering 64 / 64 samples

[2025-07-29T16:22:31.288Z] [DEBUG] [c3496f2e-c258-4043-a96c-86acdeb08480] Blender Output: Append frame 27
Time: 00:00.51 (Saving: 00:00.03)


[2025-07-29T16:22:31.326Z] [DEBUG] [c3496f2e-c258-4043-a96c-86acdeb08480] Blender Output: Fra:28 Mem:119.91M (Peak 151.55M) | Time:00:00.03 | Rendering 1 / 64 samples

[2025-07-29T16:22:31.482Z] [DEBUG] [c3496f2e-c258-4043-a96c-86acdeb08480] Blender Output: Fra:28 Mem:119.91M (Peak 151.55M) | Time:00:00.19 | Rendering 25 / 64 samples

[2025-07-29T16:22:31.639Z] [DEBUG] [c3496f2e-c258-4043-a96c-86acdeb08480] Blender Output: Fra:28 Mem:119.91M (Peak 151.55M) | Time:00:00.35 | Rendering 50 / 64 samples

[2025-07-29T16:22:31.727Z] [DEBUG] [c3496f2e-c258-4043-a96c-86acdeb08480] Blender Output: Fra:28 Mem:119.91M (Peak 151.55M) | Time:00:00.43 | Rendering 64 / 64 samples

[2025-07-29T16:22:31.807Z] [DEBUG] [c3496f2e-c258-4043-a96c-86acdeb08480] Blender Output: Append frame 28
Time: 00:00.51 (Saving: 00:00.03)


[2025-07-29T16:22:31.843Z] [DEBUG] [c3496f2e-c258-4043-a96c-86acdeb08480] Blender Output: Fra:29 Mem:119.91M (Peak 151.55M) | Time:00:00.03 | Rendering 1 / 64 samples

[2025-07-29T16:22:31.995Z] [DEBUG] [c3496f2e-c258-4043-a96c-86acdeb08480] Blender Output: Fra:29 Mem:119.91M (Peak 151.55M) | Time:00:00.18 | Rendering 25 / 64 samples

[2025-07-29T16:22:32.152Z] [DEBUG] [c3496f2e-c258-4043-a96c-86acdeb08480] Blender Output: Fra:29 Mem:119.91M (Peak 151.55M) | Time:00:00.34 | Rendering 50 / 64 samples

[2025-07-29T16:22:32.239Z] [DEBUG] [c3496f2e-c258-4043-a96c-86acdeb08480] Blender Output: Fra:29 Mem:119.91M (Peak 151.55M) | Time:00:00.43 | Rendering 64 / 64 samples

[2025-07-29T16:22:32.318Z] [DEBUG] [c3496f2e-c258-4043-a96c-86acdeb08480] Blender Output: Append frame 29
Time: 00:00.51 (Saving: 00:00.03)


[2025-07-29T16:22:32.356Z] [DEBUG] [c3496f2e-c258-4043-a96c-86acdeb08480] Blender Output: Fra:30 Mem:119.91M (Peak 151.55M) | Time:00:00.03 | Rendering 1 / 64 samples

[2025-07-29T16:22:32.512Z] [DEBUG] [c3496f2e-c258-4043-a96c-86acdeb08480] Blender Output: Fra:30 Mem:119.91M (Peak 151.55M) | Time:00:00.19 | Rendering 25 / 64 samples

[2025-07-29T16:22:32.673Z] [DEBUG] [c3496f2e-c258-4043-a96c-86acdeb08480] Blender Output: Fra:30 Mem:119.91M (Peak 151.55M) | Time:00:00.35 | Rendering 50 / 64 samples

[2025-07-29T16:22:32.761Z] [DEBUG] [c3496f2e-c258-4043-a96c-86acdeb08480] Blender Output: Fra:30 Mem:119.91M (Peak 151.55M) | Time:00:00.44 | Rendering 64 / 64 samples

[2025-07-29T16:22:32.841Z] [DEBUG] [c3496f2e-c258-4043-a96c-86acdeb08480] Blender Output: Append frame 30
Time: 00:00.52 (Saving: 00:00.03)


[2025-07-29T16:22:32.878Z] [DEBUG] [c3496f2e-c258-4043-a96c-86acdeb08480] Blender Output: Fra:31 Mem:119.91M (Peak 151.55M) | Time:00:00.03 | Rendering 1 / 64 samples

[2025-07-29T16:22:33.034Z] [DEBUG] [c3496f2e-c258-4043-a96c-86acdeb08480] Blender Output: Fra:31 Mem:119.91M (Peak 151.55M) | Time:00:00.19 | Rendering 25 / 64 samples

[2025-07-29T16:22:33.193Z] [DEBUG] [c3496f2e-c258-4043-a96c-86acdeb08480] Blender Output: Fra:31 Mem:119.91M (Peak 151.55M) | Time:00:00.35 | Rendering 50 / 64 samples

[2025-07-29T16:22:33.282Z] [DEBUG] [c3496f2e-c258-4043-a96c-86acdeb08480] Blender Output: Fra:31 Mem:119.91M (Peak 151.55M) | Time:00:00.44 | Rendering 64 / 64 samples

[2025-07-29T16:22:33.360Z] [DEBUG] [c3496f2e-c258-4043-a96c-86acdeb08480] Blender Output: Append frame 31
Time: 00:00.51 (Saving: 00:00.03)


[2025-07-29T16:22:33.397Z] [DEBUG] [c3496f2e-c258-4043-a96c-86acdeb08480] Blender Output: Fra:32 Mem:119.91M (Peak 151.55M) | Time:00:00.03 | Rendering 1 / 64 samples

[2025-07-29T16:22:33.554Z] [DEBUG] [c3496f2e-c258-4043-a96c-86acdeb08480] Blender Output: Fra:32 Mem:119.91M (Peak 151.55M) | Time:00:00.19 | Rendering 25 / 64 samples

[2025-07-29T16:22:33.716Z] [DEBUG] [c3496f2e-c258-4043-a96c-86acdeb08480] Blender Output: Fra:32 Mem:119.91M (Peak 151.55M) | Time:00:00.35 | Rendering 50 / 64 samples

[2025-07-29T16:22:33.806Z] [DEBUG] [c3496f2e-c258-4043-a96c-86acdeb08480] Blender Output: Fra:32 Mem:119.91M (Peak 151.55M) | Time:00:00.44 | Rendering 64 / 64 samples

[2025-07-29T16:22:33.885Z] [DEBUG] [c3496f2e-c258-4043-a96c-86acdeb08480] Blender Output: Append frame 32
Time: 00:00.52 (Saving: 00:00.03)


[2025-07-29T16:22:33.921Z] [DEBUG] [c3496f2e-c258-4043-a96c-86acdeb08480] Blender Output: Fra:33 Mem:119.91M (Peak 151.55M) | Time:00:00.03 | Rendering 1 / 64 samples

[2025-07-29T16:22:34.076Z] [DEBUG] [c3496f2e-c258-4043-a96c-86acdeb08480] Blender Output: Fra:33 Mem:119.91M (Peak 151.55M) | Time:00:00.19 | Rendering 25 / 64 samples

[2025-07-29T16:22:34.234Z] [DEBUG] [c3496f2e-c258-4043-a96c-86acdeb08480] Blender Output: Fra:33 Mem:119.91M (Peak 151.55M) | Time:00:00.34 | Rendering 50 / 64 samples

[2025-07-29T16:22:34.327Z] [DEBUG] [c3496f2e-c258-4043-a96c-86acdeb08480] Blender Output: Fra:33 Mem:119.91M (Peak 151.55M) | Time:00:00.44 | Rendering 64 / 64 samples

[2025-07-29T16:22:34.405Z] [DEBUG] [c3496f2e-c258-4043-a96c-86acdeb08480] Blender Output: Append frame 33
Time: 00:00.52 (Saving: 00:00.03)


[2025-07-29T16:22:34.443Z] [DEBUG] [c3496f2e-c258-4043-a96c-86acdeb08480] Blender Output: Fra:34 Mem:119.91M (Peak 151.55M) | Time:00:00.03 | Rendering 1 / 64 samples

[2025-07-29T16:22:34.596Z] [DEBUG] [c3496f2e-c258-4043-a96c-86acdeb08480] Blender Output: Fra:34 Mem:119.91M (Peak 151.55M) | Time:00:00.19 | Rendering 25 / 64 samples

[2025-07-29T16:22:34.753Z] [DEBUG] [c3496f2e-c258-4043-a96c-86acdeb08480] Blender Output: Fra:34 Mem:119.91M (Peak 151.55M) | Time:00:00.34 | Rendering 50 / 64 samples

[2025-07-29T16:22:34.843Z] [DEBUG] [c3496f2e-c258-4043-a96c-86acdeb08480] Blender Output: Fra:34 Mem:119.91M (Peak 151.55M) | Time:00:00.43 | Rendering 64 / 64 samples

[2025-07-29T16:22:34.924Z] [DEBUG] [c3496f2e-c258-4043-a96c-86acdeb08480] Blender Output: Append frame 34
Time: 00:00.51 (Saving: 00:00.03)


[2025-07-29T16:22:34.961Z] [DEBUG] [c3496f2e-c258-4043-a96c-86acdeb08480] Blender Output: Fra:35 Mem:119.91M (Peak 151.55M) | Time:00:00.03 | Rendering 1 / 64 samples

[2025-07-29T16:22:35.117Z] [DEBUG] [c3496f2e-c258-4043-a96c-86acdeb08480] Blender Output: Fra:35 Mem:119.91M (Peak 151.55M) | Time:00:00.19 | Rendering 25 / 64 samples

[2025-07-29T16:22:35.278Z] [DEBUG] [c3496f2e-c258-4043-a96c-86acdeb08480] Blender Output: Fra:35 Mem:119.91M (Peak 151.55M) | Time:00:00.35 | Rendering 50 / 64 samples

[2025-07-29T16:22:35.367Z] [DEBUG] [c3496f2e-c258-4043-a96c-86acdeb08480] Blender Output: Fra:35 Mem:119.91M (Peak 151.55M) | Time:00:00.44 | Rendering 64 / 64 samples

[2025-07-29T16:22:35.447Z] [DEBUG] [c3496f2e-c258-4043-a96c-86acdeb08480] Blender Output: Append frame 35
Time: 00:00.52 (Saving: 00:00.03)


[2025-07-29T16:22:35.484Z] [DEBUG] [c3496f2e-c258-4043-a96c-86acdeb08480] Blender Output: Fra:36 Mem:119.91M (Peak 151.55M) | Time:00:00.03 | Rendering 1 / 64 samples

[2025-07-29T16:22:35.641Z] [DEBUG] [c3496f2e-c258-4043-a96c-86acdeb08480] Blender Output: Fra:36 Mem:119.91M (Peak 151.55M) | Time:00:00.19 | Rendering 25 / 64 samples

[2025-07-29T16:22:35.801Z] [DEBUG] [c3496f2e-c258-4043-a96c-86acdeb08480] Blender Output: Fra:36 Mem:119.91M (Peak 151.55M) | Time:00:00.35 | Rendering 50 / 64 samples

[2025-07-29T16:22:35.891Z] [DEBUG] [c3496f2e-c258-4043-a96c-86acdeb08480] Blender Output: Fra:36 Mem:119.91M (Peak 151.55M) | Time:00:00.44 | Rendering 64 / 64 samples

[2025-07-29T16:22:35.972Z] [DEBUG] [c3496f2e-c258-4043-a96c-86acdeb08480] Blender Output: Append frame 36
Time: 00:00.52 (Saving: 00:00.03)


[2025-07-29T16:22:36.009Z] [DEBUG] [c3496f2e-c258-4043-a96c-86acdeb08480] Blender Output: Fra:37 Mem:119.91M (Peak 151.55M) | Time:00:00.03 | Rendering 1 / 64 samples

[2025-07-29T16:22:36.168Z] [DEBUG] [c3496f2e-c258-4043-a96c-86acdeb08480] Blender Output: Fra:37 Mem:119.91M (Peak 151.55M) | Time:00:00.19 | Rendering 25 / 64 samples

[2025-07-29T16:22:36.334Z] [DEBUG] [c3496f2e-c258-4043-a96c-86acdeb08480] Blender Output: Fra:37 Mem:119.91M (Peak 151.55M) | Time:00:00.36 | Rendering 50 / 64 samples

[2025-07-29T16:22:36.427Z] [DEBUG] [c3496f2e-c258-4043-a96c-86acdeb08480] Blender Output: Fra:37 Mem:119.91M (Peak 151.55M) | Time:00:00.45 | Rendering 64 / 64 samples

[2025-07-29T16:22:36.508Z] [DEBUG] [c3496f2e-c258-4043-a96c-86acdeb08480] Blender Output: Append frame 37
Time: 00:00.53 (Saving: 00:00.03)


[2025-07-29T16:22:36.545Z] [DEBUG] [c3496f2e-c258-4043-a96c-86acdeb08480] Blender Output: Fra:38 Mem:119.91M (Peak 151.55M) | Time:00:00.03 | Rendering 1 / 64 samples

[2025-07-29T16:22:36.698Z] [DEBUG] [c3496f2e-c258-4043-a96c-86acdeb08480] Blender Output: Fra:38 Mem:119.91M (Peak 151.55M) | Time:00:00.18 | Rendering 25 / 64 samples

[2025-07-29T16:22:36.854Z] [DEBUG] [c3496f2e-c258-4043-a96c-86acdeb08480] Blender Output: Fra:38 Mem:119.91M (Peak 151.55M) | Time:00:00.34 | Rendering 50 / 64 samples

[2025-07-29T16:22:36.943Z] [DEBUG] [c3496f2e-c258-4043-a96c-86acdeb08480] Blender Output: Fra:38 Mem:119.91M (Peak 151.55M) | Time:00:00.43 | Rendering 64 / 64 samples

[2025-07-29T16:22:37.021Z] [DEBUG] [c3496f2e-c258-4043-a96c-86acdeb08480] Blender Output: Append frame 38
Time: 00:00.51 (Saving: 00:00.03)


[2025-07-29T16:22:37.059Z] [DEBUG] [c3496f2e-c258-4043-a96c-86acdeb08480] Blender Output: Fra:39 Mem:119.91M (Peak 151.55M) | Time:00:00.03 | Rendering 1 / 64 samples

[2025-07-29T16:22:37.215Z] [DEBUG] [c3496f2e-c258-4043-a96c-86acdeb08480] Blender Output: Fra:39 Mem:119.91M (Peak 151.55M) | Time:00:00.19 | Rendering 25 / 64 samples

[2025-07-29T16:22:37.373Z] [DEBUG] [c3496f2e-c258-4043-a96c-86acdeb08480] Blender Output: Fra:39 Mem:119.91M (Peak 151.55M) | Time:00:00.35 | Rendering 50 / 64 samples

[2025-07-29T16:22:37.465Z] [DEBUG] [c3496f2e-c258-4043-a96c-86acdeb08480] Blender Output: Fra:39 Mem:119.91M (Peak 151.55M) | Time:00:00.44 | Rendering 64 / 64 samples

[2025-07-29T16:22:37.547Z] [DEBUG] [c3496f2e-c258-4043-a96c-86acdeb08480] Blender Output: Append frame 39
Time: 00:00.52 (Saving: 00:00.03)


[2025-07-29T16:22:37.585Z] [DEBUG] [c3496f2e-c258-4043-a96c-86acdeb08480] Blender Output: Fra:40 Mem:119.91M (Peak 151.55M) | Time:00:00.03 | Rendering 1 / 64 samples

[2025-07-29T16:22:37.739Z] [DEBUG] [c3496f2e-c258-4043-a96c-86acdeb08480] Blender Output: Fra:40 Mem:119.91M (Peak 151.55M) | Time:00:00.19 | Rendering 25 / 64 samples

[2025-07-29T16:22:37.896Z] [DEBUG] [c3496f2e-c258-4043-a96c-86acdeb08480] Blender Output: Fra:40 Mem:119.91M (Peak 151.55M) | Time:00:00.34 | Rendering 50 / 64 samples

[2025-07-29T16:22:37.986Z] [DEBUG] [c3496f2e-c258-4043-a96c-86acdeb08480] Blender Output: Fra:40 Mem:119.91M (Peak 151.55M) | Time:00:00.43 | Rendering 64 / 64 samples

[2025-07-29T16:22:38.065Z] [DEBUG] [c3496f2e-c258-4043-a96c-86acdeb08480] Blender Output: Append frame 40
Time: 00:00.51 (Saving: 00:00.03)


[2025-07-29T16:22:38.101Z] [DEBUG] [c3496f2e-c258-4043-a96c-86acdeb08480] Blender Output: Fra:41 Mem:119.91M (Peak 151.55M) | Time:00:00.03 | Rendering 1 / 64 samples

[2025-07-29T16:22:38.256Z] [DEBUG] [c3496f2e-c258-4043-a96c-86acdeb08480] Blender Output: Fra:41 Mem:119.91M (Peak 151.55M) | Time:00:00.19 | Rendering 25 / 64 samples

[2025-07-29T16:22:38.413Z] [DEBUG] [c3496f2e-c258-4043-a96c-86acdeb08480] Blender Output: Fra:41 Mem:119.91M (Peak 151.55M) | Time:00:00.34 | Rendering 50 / 64 samples

[2025-07-29T16:22:38.507Z] [DEBUG] [c3496f2e-c258-4043-a96c-86acdeb08480] Blender Output: Fra:41 Mem:119.91M (Peak 151.55M) | Time:00:00.44 | Rendering 64 / 64 samples

[2025-07-29T16:22:38.585Z] [DEBUG] [c3496f2e-c258-4043-a96c-86acdeb08480] Blender Output: Append frame 41
Time: 00:00.52 (Saving: 00:00.03)


[2025-07-29T16:22:38.622Z] [DEBUG] [c3496f2e-c258-4043-a96c-86acdeb08480] Blender Output: Fra:42 Mem:119.91M (Peak 151.55M) | Time:00:00.03 | Rendering 1 / 64 samples

[2025-07-29T16:22:38.778Z] [DEBUG] [c3496f2e-c258-4043-a96c-86acdeb08480] Blender Output: Fra:42 Mem:119.91M (Peak 151.55M) | Time:00:00.19 | Rendering 25 / 64 samples

[2025-07-29T16:22:38.939Z] [DEBUG] [c3496f2e-c258-4043-a96c-86acdeb08480] Blender Output: Fra:42 Mem:119.91M (Peak 151.55M) | Time:00:00.35 | Rendering 50 / 64 samples

[2025-07-29T16:22:39.028Z] [DEBUG] [c3496f2e-c258-4043-a96c-86acdeb08480] Blender Output: Fra:42 Mem:119.91M (Peak 151.55M) | Time:00:00.44 | Rendering 64 / 64 samples

[2025-07-29T16:22:39.110Z] [DEBUG] [c3496f2e-c258-4043-a96c-86acdeb08480] Blender Output: Append frame 42
Time: 00:00.52 (Saving: 00:00.04)


[2025-07-29T16:22:39.146Z] [DEBUG] [c3496f2e-c258-4043-a96c-86acdeb08480] Blender Output: Fra:43 Mem:119.91M (Peak 151.55M) | Time:00:00.03 | Rendering 1 / 64 samples

[2025-07-29T16:22:39.299Z] [DEBUG] [c3496f2e-c258-4043-a96c-86acdeb08480] Blender Output: Fra:43 Mem:119.91M (Peak 151.55M) | Time:00:00.18 | Rendering 25 / 64 samples

[2025-07-29T16:22:39.455Z] [DEBUG] [c3496f2e-c258-4043-a96c-86acdeb08480] Blender Output: Fra:43 Mem:119.91M (Peak 151.55M) | Time:00:00.34 | Rendering 50 / 64 samples

[2025-07-29T16:22:39.545Z] [DEBUG] [c3496f2e-c258-4043-a96c-86acdeb08480] Blender Output: Fra:43 Mem:119.91M (Peak 151.55M) | Time:00:00.43 | Rendering 64 / 64 samples

[2025-07-29T16:22:39.626Z] [DEBUG] [c3496f2e-c258-4043-a96c-86acdeb08480] Blender Output: Append frame 43
Time: 00:00.51 (Saving: 00:00.03)


[2025-07-29T16:22:39.663Z] [DEBUG] [c3496f2e-c258-4043-a96c-86acdeb08480] Blender Output: Fra:44 Mem:119.91M (Peak 151.55M) | Time:00:00.03 | Rendering 1 / 64 samples

[2025-07-29T16:22:39.817Z] [DEBUG] [c3496f2e-c258-4043-a96c-86acdeb08480] Blender Output: Fra:44 Mem:119.91M (Peak 151.55M) | Time:00:00.19 | Rendering 25 / 64 samples

[2025-07-29T16:22:39.976Z] [DEBUG] [c3496f2e-c258-4043-a96c-86acdeb08480] Blender Output: Fra:44 Mem:119.91M (Peak 151.55M) | Time:00:00.34 | Rendering 50 / 64 samples

[2025-07-29T16:22:40.066Z] [DEBUG] [c3496f2e-c258-4043-a96c-86acdeb08480] Blender Output: Fra:44 Mem:119.91M (Peak 151.55M) | Time:00:00.44 | Rendering 64 / 64 samples

[2025-07-29T16:22:40.146Z] [DEBUG] [c3496f2e-c258-4043-a96c-86acdeb08480] Blender Output: Append frame 44
Time: 00:00.52 (Saving: 00:00.03)


[2025-07-29T16:22:40.182Z] [DEBUG] [c3496f2e-c258-4043-a96c-86acdeb08480] Blender Output: Fra:45 Mem:119.91M (Peak 151.55M) | Time:00:00.03 | Rendering 1 / 64 samples

[2025-07-29T16:22:40.339Z] [DEBUG] [c3496f2e-c258-4043-a96c-86acdeb08480] Blender Output: Fra:45 Mem:119.91M (Peak 151.55M) | Time:00:00.19 | Rendering 25 / 64 samples

[2025-07-29T16:22:40.496Z] [DEBUG] [c3496f2e-c258-4043-a96c-86acdeb08480] Blender Output: Fra:45 Mem:119.91M (Peak 151.55M) | Time:00:00.35 | Rendering 50 / 64 samples

[2025-07-29T16:22:40.586Z] [DEBUG] [c3496f2e-c258-4043-a96c-86acdeb08480] Blender Output: Fra:45 Mem:119.91M (Peak 151.55M) | Time:00:00.43 | Rendering 64 / 64 samples

[2025-07-29T16:22:40.668Z] [DEBUG] [c3496f2e-c258-4043-a96c-86acdeb08480] Blender Output: Append frame 45
Time: 00:00.52 (Saving: 00:00.03)


[2025-07-29T16:22:40.704Z] [DEBUG] [c3496f2e-c258-4043-a96c-86acdeb08480] Blender Output: Fra:46 Mem:119.91M (Peak 151.55M) | Time:00:00.03 | Rendering 1 / 64 samples

[2025-07-29T16:22:40.858Z] [DEBUG] [c3496f2e-c258-4043-a96c-86acdeb08480] Blender Output: Fra:46 Mem:119.91M (Peak 151.55M) | Time:00:00.19 | Rendering 25 / 64 samples

[2025-07-29T16:22:41.019Z] [DEBUG] [c3496f2e-c258-4043-a96c-86acdeb08480] Blender Output: Fra:46 Mem:119.91M (Peak 151.55M) | Time:00:00.35 | Rendering 50 / 64 samples

[2025-07-29T16:22:41.112Z] [DEBUG] [c3496f2e-c258-4043-a96c-86acdeb08480] Blender Output: Fra:46 Mem:119.91M (Peak 151.55M) | Time:00:00.44 | Rendering 64 / 64 samples

[2025-07-29T16:22:41.195Z] [DEBUG] [c3496f2e-c258-4043-a96c-86acdeb08480] Blender Output: Append frame 46
Time: 00:00.52 (Saving: 00:00.04)


[2025-07-29T16:22:41.240Z] [DEBUG] [c3496f2e-c258-4043-a96c-86acdeb08480] Blender Output: Fra:47 Mem:119.91M (Peak 151.55M) | Time:00:00.04 | Rendering 1 / 64 samples

[2025-07-29T16:22:41.404Z] [DEBUG] [c3496f2e-c258-4043-a96c-86acdeb08480] Blender Output: Fra:47 Mem:119.91M (Peak 151.55M) | Time:00:00.20 | Rendering 25 / 64 samples

[2025-07-29T16:22:41.571Z] [DEBUG] [c3496f2e-c258-4043-a96c-86acdeb08480] Blender Output: Fra:47 Mem:119.91M (Peak 151.55M) | Time:00:00.37 | Rendering 50 / 64 samples

[2025-07-29T16:22:41.666Z] [DEBUG] [c3496f2e-c258-4043-a96c-86acdeb08480] Blender Output: Fra:47 Mem:119.91M (Peak 151.55M) | Time:00:00.47 | Rendering 64 / 64 samples

[2025-07-29T16:22:41.749Z] [DEBUG] [c3496f2e-c258-4043-a96c-86acdeb08480] Blender Output: Append frame 47
Time: 00:00.55 (Saving: 00:00.03)


[2025-07-29T16:22:41.788Z] [DEBUG] [c3496f2e-c258-4043-a96c-86acdeb08480] Blender Output: Fra:48 Mem:119.91M (Peak 151.55M) | Time:00:00.03 | Rendering 1 / 64 samples

[2025-07-29T16:22:41.954Z] [DEBUG] [c3496f2e-c258-4043-a96c-86acdeb08480] Blender Output: Fra:48 Mem:119.91M (Peak 151.55M) | Time:00:00.20 | Rendering 25 / 64 samples

[2025-07-29T16:22:42.125Z] [DEBUG] [c3496f2e-c258-4043-a96c-86acdeb08480] Blender Output: Fra:48 Mem:119.91M (Peak 151.55M) | Time:00:00.37 | Rendering 50 / 64 samples

[2025-07-29T16:22:42.221Z] [DEBUG] [c3496f2e-c258-4043-a96c-86acdeb08480] Blender Output: Fra:48 Mem:119.91M (Peak 151.55M) | Time:00:00.47 | Rendering 64 / 64 samples

[2025-07-29T16:22:42.303Z] [DEBUG] [c3496f2e-c258-4043-a96c-86acdeb08480] Blender Output: Append frame 48
Time: 00:00.55 (Saving: 00:00.03)


[2025-07-29T16:22:42.359Z] [DEBUG] [c3496f2e-c258-4043-a96c-86acdeb08480] Blender Output: Fra:49 Mem:119.91M (Peak 151.55M) | Time:00:00.05 | Rendering 1 / 64 samples

[2025-07-29T16:22:42.524Z] [DEBUG] [c3496f2e-c258-4043-a96c-86acdeb08480] Blender Output: Fra:49 Mem:119.91M (Peak 151.55M) | Time:00:00.22 | Rendering 25 / 64 samples

[2025-07-29T16:22:42.691Z] [DEBUG] [c3496f2e-c258-4043-a96c-86acdeb08480] Blender Output: Fra:49 Mem:119.91M (Peak 151.55M) | Time:00:00.38 | Rendering 50 / 64 samples

[2025-07-29T16:22:42.784Z] [DEBUG] [c3496f2e-c258-4043-a96c-86acdeb08480] Blender Output: Fra:49 Mem:119.91M (Peak 151.55M) | Time:00:00.48 | Rendering 64 / 64 samples

[2025-07-29T16:22:42.869Z] [DEBUG] [c3496f2e-c258-4043-a96c-86acdeb08480] Blender Output: Append frame 49
Time: 00:00.56 (Saving: 00:00.04)


[2025-07-29T16:22:42.906Z] [DEBUG] [c3496f2e-c258-4043-a96c-86acdeb08480] Blender Output: Fra:50 Mem:119.91M (Peak 151.55M) | Time:00:00.03 | Rendering 1 / 64 samples

[2025-07-29T16:22:43.068Z] [DEBUG] [c3496f2e-c258-4043-a96c-86acdeb08480] Blender Output: Fra:50 Mem:119.91M (Peak 151.55M) | Time:00:00.19 | Rendering 25 / 64 samples

[2025-07-29T16:22:43.239Z] [DEBUG] [c3496f2e-c258-4043-a96c-86acdeb08480] Blender Output: Fra:50 Mem:119.91M (Peak 151.55M) | Time:00:00.37 | Rendering 50 / 64 samples

[2025-07-29T16:22:43.330Z] [DEBUG] [c3496f2e-c258-4043-a96c-86acdeb08480] Blender Output: Fra:50 Mem:119.91M (Peak 151.55M) | Time:00:00.46 | Rendering 64 / 64 samples

[2025-07-29T16:22:43.414Z] [DEBUG] [c3496f2e-c258-4043-a96c-86acdeb08480] Blender Output: Append frame 50
Time: 00:00.54 (Saving: 00:00.04)


[2025-07-29T16:22:43.452Z] [DEBUG] [c3496f2e-c258-4043-a96c-86acdeb08480] Blender Output: Fra:51 Mem:119.91M (Peak 151.55M) | Time:00:00.03 | Rendering 1 / 64 samples

[2025-07-29T16:22:43.618Z] [DEBUG] [c3496f2e-c258-4043-a96c-86acdeb08480] Blender Output: Fra:51 Mem:119.91M (Peak 151.55M) | Time:00:00.20 | Rendering 25 / 64 samples

[2025-07-29T16:22:43.785Z] [DEBUG] [c3496f2e-c258-4043-a96c-86acdeb08480] Blender Output: Fra:51 Mem:119.91M (Peak 151.55M) | Time:00:00.37 | Rendering 50 / 64 samples

[2025-07-29T16:22:43.880Z] [DEBUG] [c3496f2e-c258-4043-a96c-86acdeb08480] Blender Output: Fra:51 Mem:119.91M (Peak 151.55M) | Time:00:00.46 | Rendering 64 / 64 samples

[2025-07-29T16:22:43.965Z] [DEBUG] [c3496f2e-c258-4043-a96c-86acdeb08480] Blender Output: Append frame 51
Time: 00:00.55 (Saving: 00:00.04)


[2025-07-29T16:22:44.002Z] [DEBUG] [c3496f2e-c258-4043-a96c-86acdeb08480] Blender Output: Fra:52 Mem:119.91M (Peak 151.55M) | Time:00:00.03 | Rendering 1 / 64 samples

[2025-07-29T16:22:44.164Z] [DEBUG] [c3496f2e-c258-4043-a96c-86acdeb08480] Blender Output: Fra:52 Mem:119.91M (Peak 151.55M) | Time:00:00.19 | Rendering 25 / 64 samples

[2025-07-29T16:22:44.328Z] [DEBUG] [c3496f2e-c258-4043-a96c-86acdeb08480] Blender Output: Fra:52 Mem:119.91M (Peak 151.55M) | Time:00:00.36 | Rendering 50 / 64 samples

[2025-07-29T16:22:44.419Z] [DEBUG] [c3496f2e-c258-4043-a96c-86acdeb08480] Blender Output: Fra:52 Mem:119.91M (Peak 151.55M) | Time:00:00.45 | Rendering 64 / 64 samples

[2025-07-29T16:22:44.499Z] [DEBUG] [c3496f2e-c258-4043-a96c-86acdeb08480] Blender Output: Append frame 52
Time: 00:00.53 (Saving: 00:00.03)


[2025-07-29T16:22:44.536Z] [DEBUG] [c3496f2e-c258-4043-a96c-86acdeb08480] Blender Output: Fra:53 Mem:119.91M (Peak 151.55M) | Time:00:00.03 | Rendering 1 / 64 samples

[2025-07-29T16:22:44.695Z] [DEBUG] [c3496f2e-c258-4043-a96c-86acdeb08480] Blender Output: Fra:53 Mem:119.91M (Peak 151.55M) | Time:00:00.19 | Rendering 25 / 64 samples

[2025-07-29T16:22:44.862Z] [DEBUG] [c3496f2e-c258-4043-a96c-86acdeb08480] Blender Output: Fra:53 Mem:119.91M (Peak 151.55M) | Time:00:00.36 | Rendering 50 / 64 samples

[2025-07-29T16:22:44.957Z] [DEBUG] [c3496f2e-c258-4043-a96c-86acdeb08480] Blender Output: Fra:53 Mem:119.91M (Peak 151.55M) | Time:00:00.45 | Rendering 64 / 64 samples

[2025-07-29T16:22:45.036Z] [DEBUG] [c3496f2e-c258-4043-a96c-86acdeb08480] Blender Output: Append frame 53
Time: 00:00.53 (Saving: 00:00.03)


[2025-07-29T16:22:45.073Z] [DEBUG] [c3496f2e-c258-4043-a96c-86acdeb08480] Blender Output: Fra:54 Mem:119.91M (Peak 151.55M) | Time:00:00.03 | Rendering 1 / 64 samples

[2025-07-29T16:22:45.243Z] [DEBUG] [c3496f2e-c258-4043-a96c-86acdeb08480] Blender Output: Fra:54 Mem:119.91M (Peak 151.55M) | Time:00:00.20 | Rendering 25 / 64 samples

[2025-07-29T16:22:45.409Z] [DEBUG] [c3496f2e-c258-4043-a96c-86acdeb08480] Blender Output: Fra:54 Mem:119.91M (Peak 151.55M) | Time:00:00.37 | Rendering 50 / 64 samples

[2025-07-29T16:22:45.502Z] [DEBUG] [c3496f2e-c258-4043-a96c-86acdeb08480] Blender Output: Fra:54 Mem:119.91M (Peak 151.55M) | Time:00:00.46 | Rendering 64 / 64 samples

[2025-07-29T16:22:45.582Z] [DEBUG] [c3496f2e-c258-4043-a96c-86acdeb08480] Blender Output: Append frame 54
Time: 00:00.54 (Saving: 00:00.03)


[2025-07-29T16:22:45.619Z] [DEBUG] [c3496f2e-c258-4043-a96c-86acdeb08480] Blender Output: Fra:55 Mem:119.91M (Peak 151.55M) | Time:00:00.03 | Rendering 1 / 64 samples

[2025-07-29T16:22:45.777Z] [DEBUG] [c3496f2e-c258-4043-a96c-86acdeb08480] Blender Output: Fra:55 Mem:119.91M (Peak 151.55M) | Time:00:00.19 | Rendering 25 / 64 samples

[2025-07-29T16:22:45.936Z] [DEBUG] [c3496f2e-c258-4043-a96c-86acdeb08480] Blender Output: Fra:55 Mem:119.91M (Peak 151.55M) | Time:00:00.35 | Rendering 50 / 64 samples

[2025-07-29T16:22:46.027Z] [DEBUG] [c3496f2e-c258-4043-a96c-86acdeb08480] Blender Output: Fra:55 Mem:119.91M (Peak 151.55M) | Time:00:00.44 | Rendering 64 / 64 samples

[2025-07-29T16:22:46.105Z] [DEBUG] [c3496f2e-c258-4043-a96c-86acdeb08480] Blender Output: Append frame 55
Time: 00:00.52 (Saving: 00:00.03)


[2025-07-29T16:22:46.142Z] [DEBUG] [c3496f2e-c258-4043-a96c-86acdeb08480] Blender Output: Fra:56 Mem:119.91M (Peak 151.55M) | Time:00:00.03 | Rendering 1 / 64 samples

[2025-07-29T16:22:46.304Z] [DEBUG] [c3496f2e-c258-4043-a96c-86acdeb08480] Blender Output: Fra:56 Mem:119.91M (Peak 151.55M) | Time:00:00.19 | Rendering 25 / 64 samples

[2025-07-29T16:22:46.474Z] [DEBUG] [c3496f2e-c258-4043-a96c-86acdeb08480] Blender Output: Fra:56 Mem:119.91M (Peak 151.55M) | Time:00:00.36 | Rendering 50 / 64 samples

[2025-07-29T16:22:46.568Z] [DEBUG] [c3496f2e-c258-4043-a96c-86acdeb08480] Blender Output: Fra:56 Mem:119.91M (Peak 151.55M) | Time:00:00.46 | Rendering 64 / 64 samples

[2025-07-29T16:22:46.647Z] [DEBUG] [c3496f2e-c258-4043-a96c-86acdeb08480] Blender Output: Append frame 56
Time: 00:00.54 (Saving: 00:00.03)


[2025-07-29T16:22:46.683Z] [DEBUG] [c3496f2e-c258-4043-a96c-86acdeb08480] Blender Output: Fra:57 Mem:119.91M (Peak 151.55M) | Time:00:00.03 | Rendering 1 / 64 samples

[2025-07-29T16:22:46.840Z] [DEBUG] [c3496f2e-c258-4043-a96c-86acdeb08480] Blender Output: Fra:57 Mem:119.91M (Peak 151.55M) | Time:00:00.19 | Rendering 25 / 64 samples

[2025-07-29T16:22:47.000Z] [DEBUG] [c3496f2e-c258-4043-a96c-86acdeb08480] Blender Output: Fra:57 Mem:119.91M (Peak 151.55M) | Time:00:00.35 | Rendering 50 / 64 samples

[2025-07-29T16:22:47.093Z] [DEBUG] [c3496f2e-c258-4043-a96c-86acdeb08480] Blender Output: Fra:57 Mem:119.91M (Peak 151.55M) | Time:00:00.44 | Rendering 64 / 64 samples

[2025-07-29T16:22:47.169Z] [DEBUG] [c3496f2e-c258-4043-a96c-86acdeb08480] Blender Output: Append frame 57
Time: 00:00.52 (Saving: 00:00.03)


[2025-07-29T16:22:47.208Z] [DEBUG] [c3496f2e-c258-4043-a96c-86acdeb08480] Blender Output: Fra:58 Mem:119.91M (Peak 151.55M) | Time:00:00.03 | Rendering 1 / 64 samples

[2025-07-29T16:22:47.369Z] [DEBUG] [c3496f2e-c258-4043-a96c-86acdeb08480] Blender Output: Fra:58 Mem:119.91M (Peak 151.55M) | Time:00:00.19 | Rendering 25 / 64 samples

[2025-07-29T16:22:47.533Z] [DEBUG] [c3496f2e-c258-4043-a96c-86acdeb08480] Blender Output: Fra:58 Mem:119.91M (Peak 151.55M) | Time:00:00.36 | Rendering 50 / 64 samples

[2025-07-29T16:22:47.625Z] [DEBUG] [c3496f2e-c258-4043-a96c-86acdeb08480] Blender Output: Fra:58 Mem:119.91M (Peak 151.55M) | Time:00:00.45 | Rendering 64 / 64 samples

[2025-07-29T16:22:47.706Z] [DEBUG] [c3496f2e-c258-4043-a96c-86acdeb08480] Blender Output: Append frame 58
Time: 00:00.53 (Saving: 00:00.03)


[2025-07-29T16:22:47.744Z] [DEBUG] [c3496f2e-c258-4043-a96c-86acdeb08480] Blender Output: Fra:59 Mem:119.91M (Peak 151.55M) | Time:00:00.03 | Rendering 1 / 64 samples

[2025-07-29T16:22:47.916Z] [DEBUG] [c3496f2e-c258-4043-a96c-86acdeb08480] Blender Output: Fra:59 Mem:119.91M (Peak 151.55M) | Time:00:00.21 | Rendering 25 / 64 samples

[2025-07-29T16:22:48.087Z] [DEBUG] [c3496f2e-c258-4043-a96c-86acdeb08480] Blender Output: Fra:59 Mem:119.91M (Peak 151.55M) | Time:00:00.38 | Rendering 50 / 64 samples

[2025-07-29T16:22:48.179Z] [DEBUG] [c3496f2e-c258-4043-a96c-86acdeb08480] Blender Output: Fra:59 Mem:119.91M (Peak 151.55M) | Time:00:00.47 | Rendering 64 / 64 samples

[2025-07-29T16:22:48.259Z] [DEBUG] [c3496f2e-c258-4043-a96c-86acdeb08480] Blender Output: Append frame 59
Time: 00:00.55 (Saving: 00:00.03)


[2025-07-29T16:22:48.298Z] [DEBUG] [c3496f2e-c258-4043-a96c-86acdeb08480] Blender Output: Fra:60 Mem:119.91M (Peak 151.55M) | Time:00:00.03 | Rendering 1 / 64 samples

[2025-07-29T16:22:48.464Z] [DEBUG] [c3496f2e-c258-4043-a96c-86acdeb08480] Blender Output: Fra:60 Mem:119.91M (Peak 151.55M) | Time:00:00.20 | Rendering 25 / 64 samples

[2025-07-29T16:22:48.633Z] [DEBUG] [c3496f2e-c258-4043-a96c-86acdeb08480] Blender Output: Fra:60 Mem:119.91M (Peak 151.55M) | Time:00:00.37 | Rendering 50 / 64 samples

[2025-07-29T16:22:48.728Z] [DEBUG] [c3496f2e-c258-4043-a96c-86acdeb08480] Blender Output: Fra:60 Mem:119.91M (Peak 151.55M) | Time:00:00.46 | Rendering 64 / 64 samples

[2025-07-29T16:22:48.806Z] [DEBUG] [c3496f2e-c258-4043-a96c-86acdeb08480] Blender Output: Append frame 60
Time: 00:00.54 (Saving: 00:00.03)


[2025-07-29T16:22:48.843Z] [DEBUG] [c3496f2e-c258-4043-a96c-86acdeb08480] Blender Output: Fra:61 Mem:119.91M (Peak 151.55M) | Time:00:00.03 | Rendering 1 / 64 samples

[2025-07-29T16:22:49.010Z] [DEBUG] [c3496f2e-c258-4043-a96c-86acdeb08480] Blender Output: Fra:61 Mem:119.91M (Peak 151.55M) | Time:00:00.20 | Rendering 25 / 64 samples

[2025-07-29T16:22:49.180Z] [DEBUG] [c3496f2e-c258-4043-a96c-86acdeb08480] Blender Output: Fra:61 Mem:119.91M (Peak 151.55M) | Time:00:00.37 | Rendering 50 / 64 samples

[2025-07-29T16:22:49.276Z] [DEBUG] [c3496f2e-c258-4043-a96c-86acdeb08480] Blender Output: Fra:61 Mem:119.91M (Peak 151.55M) | Time:00:00.47 | Rendering 64 / 64 samples

[2025-07-29T16:22:49.357Z] [DEBUG] [c3496f2e-c258-4043-a96c-86acdeb08480] Blender Output: Append frame 61
Time: 00:00.55 (Saving: 00:00.03)


[2025-07-29T16:22:49.424Z] [DEBUG] [c3496f2e-c258-4043-a96c-86acdeb08480] Blender Output: Fra:62 Mem:119.91M (Peak 151.55M) | Time:00:00.06 | Rendering 1 / 64 samples

[2025-07-29T16:22:49.592Z] [DEBUG] [c3496f2e-c258-4043-a96c-86acdeb08480] Blender Output: Fra:62 Mem:119.91M (Peak 151.55M) | Time:00:00.23 | Rendering 25 / 64 samples

[2025-07-29T16:22:49.766Z] [DEBUG] [c3496f2e-c258-4043-a96c-86acdeb08480] Blender Output: Fra:62 Mem:119.91M (Peak 151.55M) | Time:00:00.40 | Rendering 50 / 64 samples

[2025-07-29T16:22:49.863Z] [DEBUG] [c3496f2e-c258-4043-a96c-86acdeb08480] Blender Output: Fra:62 Mem:119.91M (Peak 151.55M) | Time:00:00.50 | Rendering 64 / 64 samples

[2025-07-29T16:22:49.943Z] [DEBUG] [c3496f2e-c258-4043-a96c-86acdeb08480] Blender Output: Append frame 62
Time: 00:00.58 (Saving: 00:00.03)


[2025-07-29T16:22:49.981Z] [DEBUG] [c3496f2e-c258-4043-a96c-86acdeb08480] Blender Output: Fra:63 Mem:119.91M (Peak 151.55M) | Time:00:00.03 | Rendering 1 / 64 samples

[2025-07-29T16:22:50.143Z] [DEBUG] [c3496f2e-c258-4043-a96c-86acdeb08480] Blender Output: Fra:63 Mem:119.91M (Peak 151.55M) | Time:00:00.19 | Rendering 25 / 64 samples

[2025-07-29T16:22:50.307Z] [DEBUG] [c3496f2e-c258-4043-a96c-86acdeb08480] Blender Output: Fra:63 Mem:119.91M (Peak 151.55M) | Time:00:00.36 | Rendering 50 / 64 samples

[2025-07-29T16:22:50.399Z] [DEBUG] [c3496f2e-c258-4043-a96c-86acdeb08480] Blender Output: Fra:63 Mem:119.91M (Peak 151.55M) | Time:00:00.45 | Rendering 64 / 64 samples

[2025-07-29T16:22:50.481Z] [DEBUG] [c3496f2e-c258-4043-a96c-86acdeb08480] Blender Output: Append frame 63
Time: 00:00.53 (Saving: 00:00.03)


[2025-07-29T16:22:50.518Z] [DEBUG] [c3496f2e-c258-4043-a96c-86acdeb08480] Blender Output: Fra:64 Mem:119.91M (Peak 151.55M) | Time:00:00.03 | Rendering 1 / 64 samples

[2025-07-29T16:22:50.683Z] [DEBUG] [c3496f2e-c258-4043-a96c-86acdeb08480] Blender Output: Fra:64 Mem:119.91M (Peak 151.55M) | Time:00:00.20 | Rendering 25 / 64 samples

[2025-07-29T16:22:50.849Z] [DEBUG] [c3496f2e-c258-4043-a96c-86acdeb08480] Blender Output: Fra:64 Mem:119.91M (Peak 151.55M) | Time:00:00.36 | Rendering 50 / 64 samples

[2025-07-29T16:22:50.943Z] [DEBUG] [c3496f2e-c258-4043-a96c-86acdeb08480] Blender Output: Fra:64 Mem:119.91M (Peak 151.55M) | Time:00:00.46 | Rendering 64 / 64 samples

[2025-07-29T16:22:51.024Z] [DEBUG] [c3496f2e-c258-4043-a96c-86acdeb08480] Blender Output: Append frame 64
Time: 00:00.54 (Saving: 00:00.03)


[2025-07-29T16:22:51.061Z] [DEBUG] [c3496f2e-c258-4043-a96c-86acdeb08480] Blender Output: Fra:65 Mem:119.91M (Peak 151.55M) | Time:00:00.03 | Rendering 1 / 64 samples

[2025-07-29T16:22:51.222Z] [DEBUG] [c3496f2e-c258-4043-a96c-86acdeb08480] Blender Output: Fra:65 Mem:119.91M (Peak 151.55M) | Time:00:00.19 | Rendering 25 / 64 samples

[2025-07-29T16:22:51.383Z] [DEBUG] [c3496f2e-c258-4043-a96c-86acdeb08480] Blender Output: Fra:65 Mem:119.91M (Peak 151.55M) | Time:00:00.35 | Rendering 50 / 64 samples

[2025-07-29T16:22:51.477Z] [DEBUG] [c3496f2e-c258-4043-a96c-86acdeb08480] Blender Output: Fra:65 Mem:119.91M (Peak 151.55M) | Time:00:00.45 | Rendering 64 / 64 samples

[2025-07-29T16:22:51.556Z] [DEBUG] [c3496f2e-c258-4043-a96c-86acdeb08480] Blender Output: Append frame 65
Time: 00:00.53 (Saving: 00:00.03)


[2025-07-29T16:22:51.594Z] [DEBUG] [c3496f2e-c258-4043-a96c-86acdeb08480] Blender Output: Fra:66 Mem:119.91M (Peak 151.55M) | Time:00:00.03 | Rendering 1 / 64 samples

[2025-07-29T16:22:51.753Z] [DEBUG] [c3496f2e-c258-4043-a96c-86acdeb08480] Blender Output: Fra:66 Mem:119.91M (Peak 151.55M) | Time:00:00.19 | Rendering 25 / 64 samples

[2025-07-29T16:22:51.916Z] [DEBUG] [c3496f2e-c258-4043-a96c-86acdeb08480] Blender Output: Fra:66 Mem:119.91M (Peak 151.55M) | Time:00:00.35 | Rendering 50 / 64 samples

[2025-07-29T16:22:52.010Z] [DEBUG] [c3496f2e-c258-4043-a96c-86acdeb08480] Blender Output: Fra:66 Mem:119.91M (Peak 151.55M) | Time:00:00.45 | Rendering 64 / 64 samples

[2025-07-29T16:22:52.091Z] [DEBUG] [c3496f2e-c258-4043-a96c-86acdeb08480] Blender Output: Append frame 66
Time: 00:00.53 (Saving: 00:00.03)


[2025-07-29T16:22:52.127Z] [DEBUG] [c3496f2e-c258-4043-a96c-86acdeb08480] Blender Output: Fra:67 Mem:119.91M (Peak 151.55M) | Time:00:00.03 | Rendering 1 / 64 samples

[2025-07-29T16:22:52.287Z] [DEBUG] [c3496f2e-c258-4043-a96c-86acdeb08480] Blender Output: Fra:67 Mem:119.91M (Peak 151.55M) | Time:00:00.19 | Rendering 25 / 64 samples

[2025-07-29T16:22:52.450Z] [DEBUG] [c3496f2e-c258-4043-a96c-86acdeb08480] Blender Output: Fra:67 Mem:119.91M (Peak 151.55M) | Time:00:00.35 | Rendering 50 / 64 samples

[2025-07-29T16:22:52.543Z] [DEBUG] [c3496f2e-c258-4043-a96c-86acdeb08480] Blender Output: Fra:67 Mem:119.91M (Peak 151.55M) | Time:00:00.45 | Rendering 64 / 64 samples

[2025-07-29T16:22:52.624Z] [DEBUG] [c3496f2e-c258-4043-a96c-86acdeb08480] Blender Output: Append frame 67
Time: 00:00.53 (Saving: 00:00.03)


[2025-07-29T16:22:52.661Z] [DEBUG] [c3496f2e-c258-4043-a96c-86acdeb08480] Blender Output: Fra:68 Mem:119.91M (Peak 151.55M) | Time:00:00.03 | Rendering 1 / 64 samples

[2025-07-29T16:22:52.823Z] [DEBUG] [c3496f2e-c258-4043-a96c-86acdeb08480] Blender Output: Fra:68 Mem:119.91M (Peak 151.55M) | Time:00:00.19 | Rendering 25 / 64 samples

[2025-07-29T16:22:52.990Z] [DEBUG] [c3496f2e-c258-4043-a96c-86acdeb08480] Blender Output: Fra:68 Mem:119.91M (Peak 151.55M) | Time:00:00.36 | Rendering 50 / 64 samples

[2025-07-29T16:22:53.083Z] [DEBUG] [c3496f2e-c258-4043-a96c-86acdeb08480] Blender Output: Fra:68 Mem:119.91M (Peak 151.55M) | Time:00:00.45 | Rendering 64 / 64 samples

[2025-07-29T16:22:53.164Z] [DEBUG] [c3496f2e-c258-4043-a96c-86acdeb08480] Blender Output: Append frame 68
Time: 00:00.54 (Saving: 00:00.03)


[2025-07-29T16:22:53.202Z] [DEBUG] [c3496f2e-c258-4043-a96c-86acdeb08480] Blender Output: Fra:69 Mem:119.91M (Peak 151.55M) | Time:00:00.03 | Rendering 1 / 64 samples

[2025-07-29T16:22:53.367Z] [DEBUG] [c3496f2e-c258-4043-a96c-86acdeb08480] Blender Output: Fra:69 Mem:119.91M (Peak 151.55M) | Time:00:00.20 | Rendering 25 / 64 samples

[2025-07-29T16:22:53.533Z] [DEBUG] [c3496f2e-c258-4043-a96c-86acdeb08480] Blender Output: Fra:69 Mem:119.91M (Peak 151.55M) | Time:00:00.36 | Rendering 50 / 64 samples

[2025-07-29T16:22:53.627Z] [DEBUG] [c3496f2e-c258-4043-a96c-86acdeb08480] Blender Output: Fra:69 Mem:119.91M (Peak 151.55M) | Time:00:00.46 | Rendering 64 / 64 samples

[2025-07-29T16:22:53.705Z] [DEBUG] [c3496f2e-c258-4043-a96c-86acdeb08480] Blender Output: Append frame 69
Time: 00:00.54 (Saving: 00:00.03)


[2025-07-29T16:22:53.742Z] [DEBUG] [c3496f2e-c258-4043-a96c-86acdeb08480] Blender Output: Fra:70 Mem:119.91M (Peak 151.55M) | Time:00:00.03 | Rendering 1 / 64 samples

[2025-07-29T16:22:53.899Z] [DEBUG] [c3496f2e-c258-4043-a96c-86acdeb08480] Blender Output: Fra:70 Mem:119.91M (Peak 151.55M) | Time:00:00.19 | Rendering 25 / 64 samples

[2025-07-29T16:22:54.059Z] [DEBUG] [c3496f2e-c258-4043-a96c-86acdeb08480] Blender Output: Fra:70 Mem:119.91M (Peak 151.55M) | Time:00:00.35 | Rendering 50 / 64 samples

[2025-07-29T16:22:54.148Z] [DEBUG] [c3496f2e-c258-4043-a96c-86acdeb08480] Blender Output: Fra:70 Mem:119.91M (Peak 151.55M) | Time:00:00.44 | Rendering 64 / 64 samples

[2025-07-29T16:22:54.230Z] [DEBUG] [c3496f2e-c258-4043-a96c-86acdeb08480] Blender Output: Append frame 70
Time: 00:00.52 (Saving: 00:00.03)


[2025-07-29T16:22:54.266Z] [DEBUG] [c3496f2e-c258-4043-a96c-86acdeb08480] Blender Output: Fra:71 Mem:119.91M (Peak 151.55M) | Time:00:00.03 | Rendering 1 / 64 samples

[2025-07-29T16:22:54.424Z] [DEBUG] [c3496f2e-c258-4043-a96c-86acdeb08480] Blender Output: Fra:71 Mem:119.91M (Peak 151.55M) | Time:00:00.19 | Rendering 25 / 64 samples

[2025-07-29T16:22:54.583Z] [DEBUG] [c3496f2e-c258-4043-a96c-86acdeb08480] Blender Output: Fra:71 Mem:119.91M (Peak 151.55M) | Time:00:00.35 | Rendering 50 / 64 samples

[2025-07-29T16:22:54.673Z] [DEBUG] [c3496f2e-c258-4043-a96c-86acdeb08480] Blender Output: Fra:71 Mem:119.91M (Peak 151.55M) | Time:00:00.44 | Rendering 64 / 64 samples

[2025-07-29T16:22:54.750Z] [DEBUG] [c3496f2e-c258-4043-a96c-86acdeb08480] Blender Output: Append frame 71
Time: 00:00.52 (Saving: 00:00.03)


[2025-07-29T16:22:54.787Z] [DEBUG] [c3496f2e-c258-4043-a96c-86acdeb08480] Blender Output: Fra:72 Mem:119.91M (Peak 151.55M) | Time:00:00.03 | Rendering 1 / 64 samples

[2025-07-29T16:22:54.949Z] [DEBUG] [c3496f2e-c258-4043-a96c-86acdeb08480] Blender Output: Fra:72 Mem:119.91M (Peak 151.55M) | Time:00:00.19 | Rendering 25 / 64 samples

[2025-07-29T16:22:55.111Z] [DEBUG] [c3496f2e-c258-4043-a96c-86acdeb08480] Blender Output: Fra:72 Mem:119.91M (Peak 151.55M) | Time:00:00.36 | Rendering 50 / 64 samples

[2025-07-29T16:22:55.202Z] [DEBUG] [c3496f2e-c258-4043-a96c-86acdeb08480] Blender Output: Fra:72 Mem:119.91M (Peak 151.55M) | Time:00:00.45 | Rendering 64 / 64 samples

[2025-07-29T16:22:55.280Z] [DEBUG] [c3496f2e-c258-4043-a96c-86acdeb08480] Blender Output: Append frame 72
Time: 00:00.52 (Saving: 00:00.03)


[2025-07-29T16:22:55.316Z] [DEBUG] [c3496f2e-c258-4043-a96c-86acdeb08480] Blender Output: Fra:73 Mem:119.91M (Peak 151.55M) | Time:00:00.03 | Rendering 1 / 64 samples

[2025-07-29T16:22:55.475Z] [DEBUG] [c3496f2e-c258-4043-a96c-86acdeb08480] Blender Output: Fra:73 Mem:119.91M (Peak 151.55M) | Time:00:00.19 | Rendering 25 / 64 samples

[2025-07-29T16:22:55.637Z] [DEBUG] [c3496f2e-c258-4043-a96c-86acdeb08480] Blender Output: Fra:73 Mem:119.91M (Peak 151.55M) | Time:00:00.35 | Rendering 50 / 64 samples

[2025-07-29T16:22:55.729Z] [DEBUG] [c3496f2e-c258-4043-a96c-86acdeb08480] Blender Output: Fra:73 Mem:119.91M (Peak 151.55M) | Time:00:00.44 | Rendering 64 / 64 samples

[2025-07-29T16:22:55.808Z] [DEBUG] [c3496f2e-c258-4043-a96c-86acdeb08480] Blender Output: Append frame 73
Time: 00:00.52 (Saving: 00:00.03)


[2025-07-29T16:22:55.846Z] [DEBUG] [c3496f2e-c258-4043-a96c-86acdeb08480] Blender Output: Fra:74 Mem:119.91M (Peak 151.55M) | Time:00:00.03 | Rendering 1 / 64 samples

[2025-07-29T16:22:56.004Z] [DEBUG] [c3496f2e-c258-4043-a96c-86acdeb08480] Blender Output: Fra:74 Mem:119.91M (Peak 151.55M) | Time:00:00.19 | Rendering 25 / 64 samples

[2025-07-29T16:22:56.165Z] [DEBUG] [c3496f2e-c258-4043-a96c-86acdeb08480] Blender Output: Fra:74 Mem:119.91M (Peak 151.55M) | Time:00:00.35 | Rendering 50 / 64 samples

[2025-07-29T16:22:56.257Z] [DEBUG] [c3496f2e-c258-4043-a96c-86acdeb08480] Blender Output: Fra:74 Mem:119.91M (Peak 151.55M) | Time:00:00.44 | Rendering 64 / 64 samples

[2025-07-29T16:22:56.337Z] [DEBUG] [c3496f2e-c258-4043-a96c-86acdeb08480] Blender Output: Append frame 74
Time: 00:00.52 (Saving: 00:00.03)


[2025-07-29T16:22:56.375Z] [DEBUG] [c3496f2e-c258-4043-a96c-86acdeb08480] Blender Output: Fra:75 Mem:119.91M (Peak 151.55M) | Time:00:00.03 | Rendering 1 / 64 samples

[2025-07-29T16:22:56.534Z] [DEBUG] [c3496f2e-c258-4043-a96c-86acdeb08480] Blender Output: Fra:75 Mem:119.91M (Peak 151.55M) | Time:00:00.19 | Rendering 25 / 64 samples

[2025-07-29T16:22:56.697Z] [DEBUG] [c3496f2e-c258-4043-a96c-86acdeb08480] Blender Output: Fra:75 Mem:119.91M (Peak 151.55M) | Time:00:00.35 | Rendering 50 / 64 samples

[2025-07-29T16:22:56.787Z] [DEBUG] [c3496f2e-c258-4043-a96c-86acdeb08480] Blender Output: Fra:75 Mem:119.91M (Peak 151.55M) | Time:00:00.44 | Rendering 64 / 64 samples

[2025-07-29T16:22:56.864Z] [DEBUG] [c3496f2e-c258-4043-a96c-86acdeb08480] Blender Output: Append frame 75
Time: 00:00.52 (Saving: 00:00.03)


[2025-07-29T16:22:56.901Z] [DEBUG] [c3496f2e-c258-4043-a96c-86acdeb08480] Blender Output: Fra:76 Mem:119.91M (Peak 151.55M) | Time:00:00.03 | Rendering 1 / 64 samples

[2025-07-29T16:22:57.060Z] [DEBUG] [c3496f2e-c258-4043-a96c-86acdeb08480] Blender Output: Fra:76 Mem:119.91M (Peak 151.55M) | Time:00:00.19 | Rendering 25 / 64 samples

[2025-07-29T16:22:57.226Z] [DEBUG] [c3496f2e-c258-4043-a96c-86acdeb08480] Blender Output: Fra:76 Mem:119.91M (Peak 151.55M) | Time:00:00.36 | Rendering 50 / 64 samples

[2025-07-29T16:22:57.319Z] [DEBUG] [c3496f2e-c258-4043-a96c-86acdeb08480] Blender Output: Fra:76 Mem:119.91M (Peak 151.55M) | Time:00:00.45 | Rendering 64 / 64 samples

[2025-07-29T16:22:57.396Z] [DEBUG] [c3496f2e-c258-4043-a96c-86acdeb08480] Blender Output: Append frame 76
Time: 00:00.53 (Saving: 00:00.03)


[2025-07-29T16:22:57.433Z] [DEBUG] [c3496f2e-c258-4043-a96c-86acdeb08480] Blender Output: Fra:77 Mem:119.91M (Peak 151.55M) | Time:00:00.03 | Rendering 1 / 64 samples

[2025-07-29T16:22:57.594Z] [DEBUG] [c3496f2e-c258-4043-a96c-86acdeb08480] Blender Output: Fra:77 Mem:119.91M (Peak 151.55M) | Time:00:00.19 | Rendering 25 / 64 samples

[2025-07-29T16:22:57.759Z] [DEBUG] [c3496f2e-c258-4043-a96c-86acdeb08480] Blender Output: Fra:77 Mem:119.91M (Peak 151.55M) | Time:00:00.36 | Rendering 50 / 64 samples

[2025-07-29T16:22:57.849Z] [DEBUG] [c3496f2e-c258-4043-a96c-86acdeb08480] Blender Output: Fra:77 Mem:119.91M (Peak 151.55M) | Time:00:00.45 | Rendering 64 / 64 samples

[2025-07-29T16:22:57.927Z] [DEBUG] [c3496f2e-c258-4043-a96c-86acdeb08480] Blender Output: Append frame 77
Time: 00:00.53 (Saving: 00:00.03)


[2025-07-29T16:22:57.965Z] [DEBUG] [c3496f2e-c258-4043-a96c-86acdeb08480] Blender Output: Fra:78 Mem:119.91M (Peak 151.55M) | Time:00:00.03 | Rendering 1 / 64 samples

[2025-07-29T16:22:58.126Z] [DEBUG] [c3496f2e-c258-4043-a96c-86acdeb08480] Blender Output: Fra:78 Mem:119.91M (Peak 151.55M) | Time:00:00.19 | Rendering 25 / 64 samples

[2025-07-29T16:22:58.292Z] [DEBUG] [c3496f2e-c258-4043-a96c-86acdeb08480] Blender Output: Fra:78 Mem:119.91M (Peak 151.55M) | Time:00:00.36 | Rendering 50 / 64 samples

[2025-07-29T16:22:58.383Z] [DEBUG] [c3496f2e-c258-4043-a96c-86acdeb08480] Blender Output: Fra:78 Mem:119.91M (Peak 151.55M) | Time:00:00.45 | Rendering 64 / 64 samples

[2025-07-29T16:22:58.460Z] [DEBUG] [c3496f2e-c258-4043-a96c-86acdeb08480] Blender Output: Append frame 78
Time: 00:00.53 (Saving: 00:00.03)


[2025-07-29T16:22:58.527Z] [DEBUG] [c3496f2e-c258-4043-a96c-86acdeb08480] Blender Output: Fra:79 Mem:119.91M (Peak 151.55M) | Time:00:00.06 | Rendering 1 / 64 samples

[2025-07-29T16:22:58.685Z] [DEBUG] [c3496f2e-c258-4043-a96c-86acdeb08480] Blender Output: Fra:79 Mem:119.91M (Peak 151.55M) | Time:00:00.22 | Rendering 25 / 64 samples

[2025-07-29T16:22:58.844Z] [DEBUG] [c3496f2e-c258-4043-a96c-86acdeb08480] Blender Output: Fra:79 Mem:119.91M (Peak 151.55M) | Time:00:00.38 | Rendering 50 / 64 samples

[2025-07-29T16:22:58.934Z] [DEBUG] [c3496f2e-c258-4043-a96c-86acdeb08480] Blender Output: Fra:79 Mem:119.91M (Peak 151.55M) | Time:00:00.47 | Rendering 64 / 64 samples

[2025-07-29T16:22:59.013Z] [DEBUG] [c3496f2e-c258-4043-a96c-86acdeb08480] Blender Output: Append frame 79
Time: 00:00.55 (Saving: 00:00.03)


[2025-07-29T16:22:59.050Z] [DEBUG] [c3496f2e-c258-4043-a96c-86acdeb08480] Blender Output: Fra:80 Mem:119.91M (Peak 151.55M) | Time:00:00.03 | Rendering 1 / 64 samples

[2025-07-29T16:22:59.212Z] [DEBUG] [c3496f2e-c258-4043-a96c-86acdeb08480] Blender Output: Fra:80 Mem:119.91M (Peak 151.55M) | Time:00:00.19 | Rendering 25 / 64 samples

[2025-07-29T16:22:59.373Z] [DEBUG] [c3496f2e-c258-4043-a96c-86acdeb08480] Blender Output: Fra:80 Mem:119.91M (Peak 151.55M) | Time:00:00.36 | Rendering 50 / 64 samples

[2025-07-29T16:22:59.464Z] [DEBUG] [c3496f2e-c258-4043-a96c-86acdeb08480] Blender Output: Fra:80 Mem:119.91M (Peak 151.55M) | Time:00:00.45 | Rendering 64 / 64 samples

[2025-07-29T16:22:59.543Z] [DEBUG] [c3496f2e-c258-4043-a96c-86acdeb08480] Blender Output: Append frame 80
Time: 00:00.53 (Saving: 00:00.03)


[2025-07-29T16:22:59.579Z] [DEBUG] [c3496f2e-c258-4043-a96c-86acdeb08480] Blender Output: Fra:81 Mem:119.91M (Peak 151.55M) | Time:00:00.03 | Rendering 1 / 64 samples

[2025-07-29T16:22:59.735Z] [DEBUG] [c3496f2e-c258-4043-a96c-86acdeb08480] Blender Output: Fra:81 Mem:119.91M (Peak 151.55M) | Time:00:00.19 | Rendering 25 / 64 samples

[2025-07-29T16:22:59.895Z] [DEBUG] [c3496f2e-c258-4043-a96c-86acdeb08480] Blender Output: Fra:81 Mem:119.91M (Peak 151.55M) | Time:00:00.35 | Rendering 50 / 64 samples

[2025-07-29T16:22:59.985Z] [DEBUG] [c3496f2e-c258-4043-a96c-86acdeb08480] Blender Output: Fra:81 Mem:119.91M (Peak 151.55M) | Time:00:00.44 | Rendering 64 / 64 samples

[2025-07-29T16:23:00.064Z] [DEBUG] [c3496f2e-c258-4043-a96c-86acdeb08480] Blender Output: Append frame 81
Time: 00:00.52 (Saving: 00:00.03)


[2025-07-29T16:23:00.100Z] [DEBUG] [c3496f2e-c258-4043-a96c-86acdeb08480] Blender Output: Fra:82 Mem:119.91M (Peak 151.55M) | Time:00:00.03 | Rendering 1 / 64 samples

[2025-07-29T16:23:00.260Z] [DEBUG] [c3496f2e-c258-4043-a96c-86acdeb08480] Blender Output: Fra:82 Mem:119.91M (Peak 151.55M) | Time:00:00.19 | Rendering 25 / 64 samples

[2025-07-29T16:23:00.421Z] [DEBUG] [c3496f2e-c258-4043-a96c-86acdeb08480] Blender Output: Fra:82 Mem:119.91M (Peak 151.55M) | Time:00:00.35 | Rendering 50 / 64 samples

[2025-07-29T16:23:00.511Z] [DEBUG] [c3496f2e-c258-4043-a96c-86acdeb08480] Blender Output: Fra:82 Mem:119.91M (Peak 151.55M) | Time:00:00.44 | Rendering 64 / 64 samples

[2025-07-29T16:23:00.589Z] [DEBUG] [c3496f2e-c258-4043-a96c-86acdeb08480] Blender Output: Append frame 82
Time: 00:00.52 (Saving: 00:00.03)


[2025-07-29T16:23:00.626Z] [DEBUG] [c3496f2e-c258-4043-a96c-86acdeb08480] Blender Output: Fra:83 Mem:119.91M (Peak 151.55M) | Time:00:00.03 | Rendering 1 / 64 samples

[2025-07-29T16:23:00.783Z] [DEBUG] [c3496f2e-c258-4043-a96c-86acdeb08480] Blender Output: Fra:83 Mem:119.91M (Peak 151.55M) | Time:00:00.19 | Rendering 25 / 64 samples

[2025-07-29T16:23:00.942Z] [DEBUG] [c3496f2e-c258-4043-a96c-86acdeb08480] Blender Output: Fra:83 Mem:119.91M (Peak 151.55M) | Time:00:00.35 | Rendering 50 / 64 samples

[2025-07-29T16:23:01.031Z] [DEBUG] [c3496f2e-c258-4043-a96c-86acdeb08480] Blender Output: Fra:83 Mem:119.91M (Peak 151.55M) | Time:00:00.44 | Rendering 64 / 64 samples

[2025-07-29T16:23:01.108Z] [DEBUG] [c3496f2e-c258-4043-a96c-86acdeb08480] Blender Output: Append frame 83
Time: 00:00.51 (Saving: 00:00.03)


[2025-07-29T16:23:01.145Z] [DEBUG] [c3496f2e-c258-4043-a96c-86acdeb08480] Blender Output: Fra:84 Mem:119.91M (Peak 151.55M) | Time:00:00.03 | Rendering 1 / 64 samples

[2025-07-29T16:23:01.303Z] [DEBUG] [c3496f2e-c258-4043-a96c-86acdeb08480] Blender Output: Fra:84 Mem:119.91M (Peak 151.55M) | Time:00:00.19 | Rendering 25 / 64 samples

[2025-07-29T16:23:01.464Z] [DEBUG] [c3496f2e-c258-4043-a96c-86acdeb08480] Blender Output: Fra:84 Mem:119.91M (Peak 151.55M) | Time:00:00.35 | Rendering 50 / 64 samples

[2025-07-29T16:23:01.554Z] [DEBUG] [c3496f2e-c258-4043-a96c-86acdeb08480] Blender Output: Fra:84 Mem:119.91M (Peak 151.55M) | Time:00:00.44 | Rendering 64 / 64 samples

[2025-07-29T16:23:01.633Z] [DEBUG] [c3496f2e-c258-4043-a96c-86acdeb08480] Blender Output: Append frame 84
Time: 00:00.52 (Saving: 00:00.03)


[2025-07-29T16:23:01.671Z] [DEBUG] [c3496f2e-c258-4043-a96c-86acdeb08480] Blender Output: Fra:85 Mem:119.91M (Peak 151.55M) | Time:00:00.03 | Rendering 1 / 64 samples

[2025-07-29T16:23:01.828Z] [DEBUG] [c3496f2e-c258-4043-a96c-86acdeb08480] Blender Output: Fra:85 Mem:119.91M (Peak 151.55M) | Time:00:00.19 | Rendering 25 / 64 samples

[2025-07-29T16:23:01.990Z] [DEBUG] [c3496f2e-c258-4043-a96c-86acdeb08480] Blender Output: Fra:85 Mem:119.91M (Peak 151.55M) | Time:00:00.35 | Rendering 50 / 64 samples

[2025-07-29T16:23:02.081Z] [DEBUG] [c3496f2e-c258-4043-a96c-86acdeb08480] Blender Output: Fra:85 Mem:119.91M (Peak 151.55M) | Time:00:00.44 | Rendering 64 / 64 samples

[2025-07-29T16:23:02.160Z] [DEBUG] [c3496f2e-c258-4043-a96c-86acdeb08480] Blender Output: Append frame 85
Time: 00:00.52 (Saving: 00:00.03)


[2025-07-29T16:23:02.197Z] [DEBUG] [c3496f2e-c258-4043-a96c-86acdeb08480] Blender Output: Fra:86 Mem:119.91M (Peak 151.55M) | Time:00:00.03 | Rendering 1 / 64 samples

[2025-07-29T16:23:02.357Z] [DEBUG] [c3496f2e-c258-4043-a96c-86acdeb08480] Blender Output: Fra:86 Mem:119.91M (Peak 151.55M) | Time:00:00.19 | Rendering 25 / 64 samples

[2025-07-29T16:23:02.517Z] [DEBUG] [c3496f2e-c258-4043-a96c-86acdeb08480] Blender Output: Fra:86 Mem:119.91M (Peak 151.55M) | Time:00:00.35 | Rendering 50 / 64 samples

[2025-07-29T16:23:02.608Z] [DEBUG] [c3496f2e-c258-4043-a96c-86acdeb08480] Blender Output: Fra:86 Mem:119.91M (Peak 151.55M) | Time:00:00.44 | Rendering 64 / 64 samples

[2025-07-29T16:23:02.688Z] [DEBUG] [c3496f2e-c258-4043-a96c-86acdeb08480] Blender Output: Append frame 86
Time: 00:00.52 (Saving: 00:00.03)


[2025-07-29T16:23:02.725Z] [DEBUG] [c3496f2e-c258-4043-a96c-86acdeb08480] Blender Output: Fra:87 Mem:119.91M (Peak 151.55M) | Time:00:00.03 | Rendering 1 / 64 samples

[2025-07-29T16:23:02.884Z] [DEBUG] [c3496f2e-c258-4043-a96c-86acdeb08480] Blender Output: Fra:87 Mem:119.91M (Peak 151.55M) | Time:00:00.19 | Rendering 25 / 64 samples

[2025-07-29T16:23:03.046Z] [DEBUG] [c3496f2e-c258-4043-a96c-86acdeb08480] Blender Output: Fra:87 Mem:119.91M (Peak 151.55M) | Time:00:00.35 | Rendering 50 / 64 samples

[2025-07-29T16:23:03.140Z] [DEBUG] [c3496f2e-c258-4043-a96c-86acdeb08480] Blender Output: Fra:87 Mem:119.91M (Peak 151.55M) | Time:00:00.45 | Rendering 64 / 64 samples

[2025-07-29T16:23:03.216Z] [DEBUG] [c3496f2e-c258-4043-a96c-86acdeb08480] Blender Output: Append frame 87
Time: 00:00.52 (Saving: 00:00.03)


[2025-07-29T16:23:03.253Z] [DEBUG] [c3496f2e-c258-4043-a96c-86acdeb08480] Blender Output: Fra:88 Mem:119.91M (Peak 151.55M) | Time:00:00.03 | Rendering 1 / 64 samples

[2025-07-29T16:23:03.414Z] [DEBUG] [c3496f2e-c258-4043-a96c-86acdeb08480] Blender Output: Fra:88 Mem:119.91M (Peak 151.55M) | Time:00:00.19 | Rendering 25 / 64 samples

[2025-07-29T16:23:03.577Z] [DEBUG] [c3496f2e-c258-4043-a96c-86acdeb08480] Blender Output: Fra:88 Mem:119.91M (Peak 151.55M) | Time:00:00.36 | Rendering 50 / 64 samples

[2025-07-29T16:23:03.668Z] [DEBUG] [c3496f2e-c258-4043-a96c-86acdeb08480] Blender Output: Fra:88 Mem:119.91M (Peak 151.55M) | Time:00:00.45 | Rendering 64 / 64 samples

[2025-07-29T16:23:03.747Z] [DEBUG] [c3496f2e-c258-4043-a96c-86acdeb08480] Blender Output: Append frame 88
Time: 00:00.53 (Saving: 00:00.03)


[2025-07-29T16:23:03.784Z] [DEBUG] [c3496f2e-c258-4043-a96c-86acdeb08480] Blender Output: Fra:89 Mem:119.91M (Peak 151.55M) | Time:00:00.03 | Rendering 1 / 64 samples

[2025-07-29T16:23:03.945Z] [DEBUG] [c3496f2e-c258-4043-a96c-86acdeb08480] Blender Output: Fra:89 Mem:119.91M (Peak 151.55M) | Time:00:00.19 | Rendering 25 / 64 samples

[2025-07-29T16:23:04.107Z] [DEBUG] [c3496f2e-c258-4043-a96c-86acdeb08480] Blender Output: Fra:89 Mem:119.91M (Peak 151.55M) | Time:00:00.35 | Rendering 50 / 64 samples

[2025-07-29T16:23:04.199Z] [DEBUG] [c3496f2e-c258-4043-a96c-86acdeb08480] Blender Output: Fra:89 Mem:119.91M (Peak 151.55M) | Time:00:00.45 | Rendering 64 / 64 samples

[2025-07-29T16:23:04.279Z] [DEBUG] [c3496f2e-c258-4043-a96c-86acdeb08480] Blender Output: Append frame 89
Time: 00:00.53 (Saving: 00:00.03)


[2025-07-29T16:23:04.316Z] [DEBUG] [c3496f2e-c258-4043-a96c-86acdeb08480] Blender Output: Fra:90 Mem:119.91M (Peak 151.55M) | Time:00:00.03 | Rendering 1 / 64 samples

[2025-07-29T16:23:04.475Z] [DEBUG] [c3496f2e-c258-4043-a96c-86acdeb08480] Blender Output: Fra:90 Mem:119.91M (Peak 151.55M) | Time:00:00.19 | Rendering 25 / 64 samples

[2025-07-29T16:23:04.635Z] [DEBUG] [c3496f2e-c258-4043-a96c-86acdeb08480] Blender Output: Fra:90 Mem:119.91M (Peak 151.55M) | Time:00:00.35 | Rendering 50 / 64 samples

[2025-07-29T16:23:04.727Z] [DEBUG] [c3496f2e-c258-4043-a96c-86acdeb08480] Blender Output: Fra:90 Mem:119.91M (Peak 151.55M) | Time:00:00.44 | Rendering 64 / 64 samples

[2025-07-29T16:23:04.807Z] [DEBUG] [c3496f2e-c258-4043-a96c-86acdeb08480] Blender Output: Append frame 90
Time: 00:00.52 (Saving: 00:00.03)


[2025-07-29T16:23:04.843Z] [DEBUG] [c3496f2e-c258-4043-a96c-86acdeb08480] Blender Output: Fra:91 Mem:119.91M (Peak 151.55M) | Time:00:00.03 | Rendering 1 / 64 samples

[2025-07-29T16:23:05.000Z] [DEBUG] [c3496f2e-c258-4043-a96c-86acdeb08480] Blender Output: Fra:91 Mem:119.91M (Peak 151.55M) | Time:00:00.19 | Rendering 25 / 64 samples

[2025-07-29T16:23:05.157Z] [DEBUG] [c3496f2e-c258-4043-a96c-86acdeb08480] Blender Output: Fra:91 Mem:119.91M (Peak 151.55M) | Time:00:00.35 | Rendering 50 / 64 samples

[2025-07-29T16:23:05.247Z] [DEBUG] [c3496f2e-c258-4043-a96c-86acdeb08480] Blender Output: Fra:91 Mem:119.91M (Peak 151.55M) | Time:00:00.44 | Rendering 64 / 64 samples

[2025-07-29T16:23:05.324Z] [DEBUG] [c3496f2e-c258-4043-a96c-86acdeb08480] Blender Output: Append frame 91
Time: 00:00.51 (Saving: 00:00.03)


[2025-07-29T16:23:05.362Z] [DEBUG] [c3496f2e-c258-4043-a96c-86acdeb08480] Blender Output: Fra:92 Mem:119.91M (Peak 151.55M) | Time:00:00.03 | Rendering 1 / 64 samples

[2025-07-29T16:23:05.521Z] [DEBUG] [c3496f2e-c258-4043-a96c-86acdeb08480] Blender Output: Fra:92 Mem:119.91M (Peak 151.55M) | Time:00:00.19 | Rendering 25 / 64 samples

[2025-07-29T16:23:05.683Z] [DEBUG] [c3496f2e-c258-4043-a96c-86acdeb08480] Blender Output: Fra:92 Mem:119.91M (Peak 151.55M) | Time:00:00.35 | Rendering 50 / 64 samples

[2025-07-29T16:23:05.774Z] [DEBUG] [c3496f2e-c258-4043-a96c-86acdeb08480] Blender Output: Fra:92 Mem:119.91M (Peak 151.55M) | Time:00:00.44 | Rendering 64 / 64 samples

[2025-07-29T16:23:05.854Z] [DEBUG] [c3496f2e-c258-4043-a96c-86acdeb08480] Blender Output: Append frame 92
Time: 00:00.52 (Saving: 00:00.03)


[2025-07-29T16:23:05.892Z] [DEBUG] [c3496f2e-c258-4043-a96c-86acdeb08480] Blender Output: Fra:93 Mem:119.91M (Peak 151.55M) | Time:00:00.03 | Rendering 1 / 64 samples

[2025-07-29T16:23:06.050Z] [DEBUG] [c3496f2e-c258-4043-a96c-86acdeb08480] Blender Output: Fra:93 Mem:119.91M (Peak 151.55M) | Time:00:00.19 | Rendering 25 / 64 samples

[2025-07-29T16:23:06.213Z] [DEBUG] [c3496f2e-c258-4043-a96c-86acdeb08480] Blender Output: Fra:93 Mem:119.91M (Peak 151.55M) | Time:00:00.35 | Rendering 50 / 64 samples

[2025-07-29T16:23:06.305Z] [DEBUG] [c3496f2e-c258-4043-a96c-86acdeb08480] Blender Output: Fra:93 Mem:119.91M (Peak 151.55M) | Time:00:00.45 | Rendering 64 / 64 samples

[2025-07-29T16:23:06.379Z] [DEBUG] [c3496f2e-c258-4043-a96c-86acdeb08480] Blender Output: Append frame 93
Time: 00:00.52 (Saving: 00:00.03)


[2025-07-29T16:23:06.415Z] [DEBUG] [c3496f2e-c258-4043-a96c-86acdeb08480] Blender Output: Fra:94 Mem:119.91M (Peak 151.55M) | Time:00:00.03 | Rendering 1 / 64 samples

[2025-07-29T16:23:06.575Z] [DEBUG] [c3496f2e-c258-4043-a96c-86acdeb08480] Blender Output: Fra:94 Mem:119.91M (Peak 151.55M) | Time:00:00.19 | Rendering 25 / 64 samples

[2025-07-29T16:23:06.737Z] [DEBUG] [c3496f2e-c258-4043-a96c-86acdeb08480] Blender Output: Fra:94 Mem:119.91M (Peak 151.55M) | Time:00:00.35 | Rendering 50 / 64 samples

[2025-07-29T16:23:06.827Z] [DEBUG] [c3496f2e-c258-4043-a96c-86acdeb08480] Blender Output: Fra:94 Mem:119.91M (Peak 151.55M) | Time:00:00.44 | Rendering 64 / 64 samples

[2025-07-29T16:23:06.908Z] [DEBUG] [c3496f2e-c258-4043-a96c-86acdeb08480] Blender Output: Append frame 94
Time: 00:00.52 (Saving: 00:00.03)


[2025-07-29T16:23:06.944Z] [DEBUG] [c3496f2e-c258-4043-a96c-86acdeb08480] Blender Output: Fra:95 Mem:119.91M (Peak 151.55M) | Time:00:00.03 | Rendering 1 / 64 samples

[2025-07-29T16:23:07.101Z] [DEBUG] [c3496f2e-c258-4043-a96c-86acdeb08480] Blender Output: Fra:95 Mem:119.91M (Peak 151.55M) | Time:00:00.19 | Rendering 25 / 64 samples

[2025-07-29T16:23:07.262Z] [DEBUG] [c3496f2e-c258-4043-a96c-86acdeb08480] Blender Output: Fra:95 Mem:119.91M (Peak 151.55M) | Time:00:00.35 | Rendering 50 / 64 samples

[2025-07-29T16:23:07.356Z] [DEBUG] [c3496f2e-c258-4043-a96c-86acdeb08480] Blender Output: Fra:95 Mem:119.91M (Peak 151.55M) | Time:00:00.44 | Rendering 64 / 64 samples

[2025-07-29T16:23:07.430Z] [DEBUG] [c3496f2e-c258-4043-a96c-86acdeb08480] Blender Output: Append frame 95
Time: 00:00.52 (Saving: 00:00.03)


[2025-07-29T16:23:07.466Z] [DEBUG] [c3496f2e-c258-4043-a96c-86acdeb08480] Blender Output: Fra:96 Mem:119.91M (Peak 151.55M) | Time:00:00.03 | Rendering 1 / 64 samples

[2025-07-29T16:23:07.624Z] [DEBUG] [c3496f2e-c258-4043-a96c-86acdeb08480] Blender Output: Fra:96 Mem:119.91M (Peak 151.55M) | Time:00:00.19 | Rendering 25 / 64 samples

[2025-07-29T16:23:07.783Z] [DEBUG] [c3496f2e-c258-4043-a96c-86acdeb08480] Blender Output: Fra:96 Mem:119.91M (Peak 151.55M) | Time:00:00.35 | Rendering 50 / 64 samples

[2025-07-29T16:23:07.874Z] [DEBUG] [c3496f2e-c258-4043-a96c-86acdeb08480] Blender Output: Fra:96 Mem:119.91M (Peak 151.55M) | Time:00:00.44 | Rendering 64 / 64 samples

[2025-07-29T16:23:07.954Z] [DEBUG] [c3496f2e-c258-4043-a96c-86acdeb08480] Blender Output: Append frame 96
Time: 00:00.52 (Saving: 00:00.03)


[2025-07-29T16:23:07.993Z] [DEBUG] [c3496f2e-c258-4043-a96c-86acdeb08480] Blender Output: Fra:97 Mem:119.91M (Peak 151.55M) | Time:00:00.03 | Rendering 1 / 64 samples

[2025-07-29T16:23:08.150Z] [DEBUG] [c3496f2e-c258-4043-a96c-86acdeb08480] Blender Output: Fra:97 Mem:119.91M (Peak 151.55M) | Time:00:00.19 | Rendering 25 / 64 samples

[2025-07-29T16:23:08.314Z] [DEBUG] [c3496f2e-c258-4043-a96c-86acdeb08480] Blender Output: Fra:97 Mem:119.91M (Peak 151.55M) | Time:00:00.35 | Rendering 50 / 64 samples

[2025-07-29T16:23:08.406Z] [DEBUG] [c3496f2e-c258-4043-a96c-86acdeb08480] Blender Output: Fra:97 Mem:119.91M (Peak 151.55M) | Time:00:00.45 | Rendering 64 / 64 samples

[2025-07-29T16:23:08.485Z] [DEBUG] [c3496f2e-c258-4043-a96c-86acdeb08480] Blender Output: Append frame 97
Time: 00:00.53 (Saving: 00:00.03)


[2025-07-29T16:23:08.524Z] [DEBUG] [c3496f2e-c258-4043-a96c-86acdeb08480] Blender Output: Fra:98 Mem:119.91M (Peak 151.55M) | Time:00:00.03 | Rendering 1 / 64 samples

[2025-07-29T16:23:08.686Z] [DEBUG] [c3496f2e-c258-4043-a96c-86acdeb08480] Blender Output: Fra:98 Mem:119.91M (Peak 151.55M) | Time:00:00.20 | Rendering 25 / 64 samples

[2025-07-29T16:23:08.850Z] [DEBUG] [c3496f2e-c258-4043-a96c-86acdeb08480] Blender Output: Fra:98 Mem:119.91M (Peak 151.55M) | Time:00:00.36 | Rendering 50 / 64 samples

[2025-07-29T16:23:08.942Z] [DEBUG] [c3496f2e-c258-4043-a96c-86acdeb08480] Blender Output: Fra:98 Mem:119.91M (Peak 151.55M) | Time:00:00.45 | Rendering 64 / 64 samples

[2025-07-29T16:23:09.021Z] [DEBUG] [c3496f2e-c258-4043-a96c-86acdeb08480] Blender Output: Append frame 98
Time: 00:00.53 (Saving: 00:00.03)


[2025-07-29T16:23:09.059Z] [DEBUG] [c3496f2e-c258-4043-a96c-86acdeb08480] Blender Output: Fra:99 Mem:119.91M (Peak 151.55M) | Time:00:00.03 | Rendering 1 / 64 samples

[2025-07-29T16:23:09.219Z] [DEBUG] [c3496f2e-c258-4043-a96c-86acdeb08480] Blender Output: Fra:99 Mem:119.91M (Peak 151.55M) | Time:00:00.19 | Rendering 25 / 64 samples

[2025-07-29T16:23:09.382Z] [DEBUG] [c3496f2e-c258-4043-a96c-86acdeb08480] Blender Output: Fra:99 Mem:119.91M (Peak 151.55M) | Time:00:00.36 | Rendering 50 / 64 samples

[2025-07-29T16:23:09.476Z] [DEBUG] [c3496f2e-c258-4043-a96c-86acdeb08480] Blender Output: Fra:99 Mem:119.91M (Peak 151.55M) | Time:00:00.45 | Rendering 64 / 64 samples

[2025-07-29T16:23:09.553Z] [DEBUG] [c3496f2e-c258-4043-a96c-86acdeb08480] Blender Output: Append frame 99
Time: 00:00.53 (Saving: 00:00.03)


[2025-07-29T16:23:09.592Z] [DEBUG] [c3496f2e-c258-4043-a96c-86acdeb08480] Blender Output: Fra:100 Mem:119.91M (Peak 151.55M) | Time:00:00.03 | Rendering 1 / 64 samples

[2025-07-29T16:23:09.759Z] [DEBUG] [c3496f2e-c258-4043-a96c-86acdeb08480] Blender Output: Fra:100 Mem:119.91M (Peak 151.55M) | Time:00:00.20 | Rendering 25 / 64 samples

[2025-07-29T16:23:09.930Z] [DEBUG] [c3496f2e-c258-4043-a96c-86acdeb08480] Blender Output: Fra:100 Mem:119.91M (Peak 151.55M) | Time:00:00.37 | Rendering 50 / 64 samples

[2025-07-29T16:23:10.027Z] [DEBUG] [c3496f2e-c258-4043-a96c-86acdeb08480] Blender Output: Fra:100 Mem:119.91M (Peak 151.55M) | Time:00:00.47 | Rendering 64 / 64 samples

[2025-07-29T16:23:10.106Z] [DEBUG] [c3496f2e-c258-4043-a96c-86acdeb08480] Blender Output: Append frame 100
Time: 00:00.55 (Saving: 00:00.03)


[2025-07-29T16:23:10.144Z] [DEBUG] [c3496f2e-c258-4043-a96c-86acdeb08480] Blender Output: Fra:101 Mem:119.91M (Peak 151.55M) | Time:00:00.03 | Rendering 1 / 64 samples

[2025-07-29T16:23:10.309Z] [DEBUG] [c3496f2e-c258-4043-a96c-86acdeb08480] Blender Output: Fra:101 Mem:119.91M (Peak 151.55M) | Time:00:00.20 | Rendering 25 / 64 samples

[2025-07-29T16:23:10.476Z] [DEBUG] [c3496f2e-c258-4043-a96c-86acdeb08480] Blender Output: Fra:101 Mem:119.91M (Peak 151.55M) | Time:00:00.37 | Rendering 50 / 64 samples

[2025-07-29T16:23:10.570Z] [DEBUG] [c3496f2e-c258-4043-a96c-86acdeb08480] Blender Output: Fra:101 Mem:119.91M (Peak 151.55M) | Time:00:00.46 | Rendering 64 / 64 samples

[2025-07-29T16:23:10.649Z] [DEBUG] [c3496f2e-c258-4043-a96c-86acdeb08480] Blender Output: Append frame 101
Time: 00:00.54 (Saving: 00:00.03)


[2025-07-29T16:23:10.685Z] [DEBUG] [c3496f2e-c258-4043-a96c-86acdeb08480] Blender Output: Fra:102 Mem:119.91M (Peak 151.55M) | Time:00:00.03 | Rendering 1 / 64 samples

[2025-07-29T16:23:10.849Z] [DEBUG] [c3496f2e-c258-4043-a96c-86acdeb08480] Blender Output: Fra:102 Mem:119.91M (Peak 151.55M) | Time:00:00.20 | Rendering 25 / 64 samples

[2025-07-29T16:23:11.016Z] [DEBUG] [c3496f2e-c258-4043-a96c-86acdeb08480] Blender Output: Fra:102 Mem:119.91M (Peak 151.55M) | Time:00:00.36 | Rendering 50 / 64 samples

[2025-07-29T16:23:11.109Z] [DEBUG] [c3496f2e-c258-4043-a96c-86acdeb08480] Blender Output: Fra:102 Mem:119.91M (Peak 151.55M) | Time:00:00.46 | Rendering 64 / 64 samples

[2025-07-29T16:23:11.188Z] [DEBUG] [c3496f2e-c258-4043-a96c-86acdeb08480] Blender Output: Append frame 102
Time: 00:00.53 (Saving: 00:00.03)


[2025-07-29T16:23:11.226Z] [DEBUG] [c3496f2e-c258-4043-a96c-86acdeb08480] Blender Output: Fra:103 Mem:119.91M (Peak 151.55M) | Time:00:00.03 | Rendering 1 / 64 samples

[2025-07-29T16:23:11.387Z] [DEBUG] [c3496f2e-c258-4043-a96c-86acdeb08480] Blender Output: Fra:103 Mem:119.91M (Peak 151.55M) | Time:00:00.19 | Rendering 25 / 64 samples

[2025-07-29T16:23:11.550Z] [DEBUG] [c3496f2e-c258-4043-a96c-86acdeb08480] Blender Output: Fra:103 Mem:119.91M (Peak 151.55M) | Time:00:00.36 | Rendering 50 / 64 samples

[2025-07-29T16:23:11.642Z] [DEBUG] [c3496f2e-c258-4043-a96c-86acdeb08480] Blender Output: Fra:103 Mem:119.91M (Peak 151.55M) | Time:00:00.45 | Rendering 64 / 64 samples

[2025-07-29T16:23:11.721Z] [DEBUG] [c3496f2e-c258-4043-a96c-86acdeb08480] Blender Output: Append frame 103
Time: 00:00.53 (Saving: 00:00.03)


[2025-07-29T16:23:11.759Z] [DEBUG] [c3496f2e-c258-4043-a96c-86acdeb08480] Blender Output: Fra:104 Mem:119.91M (Peak 151.55M) | Time:00:00.03 | Rendering 1 / 64 samples

[2025-07-29T16:23:11.918Z] [DEBUG] [c3496f2e-c258-4043-a96c-86acdeb08480] Blender Output: Fra:104 Mem:119.91M (Peak 151.55M) | Time:00:00.19 | Rendering 25 / 64 samples

[2025-07-29T16:23:12.083Z] [DEBUG] [c3496f2e-c258-4043-a96c-86acdeb08480] Blender Output: Fra:104 Mem:119.91M (Peak 151.55M) | Time:00:00.36 | Rendering 50 / 64 samples

[2025-07-29T16:23:12.176Z] [DEBUG] [c3496f2e-c258-4043-a96c-86acdeb08480] Blender Output: Fra:104 Mem:119.91M (Peak 151.55M) | Time:00:00.45 | Rendering 64 / 64 samples

[2025-07-29T16:23:12.255Z] [DEBUG] [c3496f2e-c258-4043-a96c-86acdeb08480] Blender Output: Append frame 104
Time: 00:00.53 (Saving: 00:00.03)


[2025-07-29T16:23:12.292Z] [DEBUG] [c3496f2e-c258-4043-a96c-86acdeb08480] Blender Output: Fra:105 Mem:119.91M (Peak 151.55M) | Time:00:00.03 | Rendering 1 / 64 samples

[2025-07-29T16:23:12.452Z] [DEBUG] [c3496f2e-c258-4043-a96c-86acdeb08480] Blender Output: Fra:105 Mem:119.91M (Peak 151.55M) | Time:00:00.19 | Rendering 25 / 64 samples

[2025-07-29T16:23:12.615Z] [DEBUG] [c3496f2e-c258-4043-a96c-86acdeb08480] Blender Output: Fra:105 Mem:119.91M (Peak 151.55M) | Time:00:00.35 | Rendering 50 / 64 samples

[2025-07-29T16:23:12.705Z] [DEBUG] [c3496f2e-c258-4043-a96c-86acdeb08480] Blender Output: Fra:105 Mem:119.91M (Peak 151.55M) | Time:00:00.44 | Rendering 64 / 64 samples

[2025-07-29T16:23:12.783Z] [DEBUG] [c3496f2e-c258-4043-a96c-86acdeb08480] Blender Output: Append frame 105
Time: 00:00.52 (Saving: 00:00.03)


[2025-07-29T16:23:12.820Z] [DEBUG] [c3496f2e-c258-4043-a96c-86acdeb08480] Blender Output: Fra:106 Mem:119.91M (Peak 151.55M) | Time:00:00.03 | Rendering 1 / 64 samples

[2025-07-29T16:23:12.983Z] [DEBUG] [c3496f2e-c258-4043-a96c-86acdeb08480] Blender Output: Fra:106 Mem:119.91M (Peak 151.55M) | Time:00:00.20 | Rendering 25 / 64 samples

[2025-07-29T16:23:13.149Z] [DEBUG] [c3496f2e-c258-4043-a96c-86acdeb08480] Blender Output: Fra:106 Mem:119.91M (Peak 151.55M) | Time:00:00.36 | Rendering 50 / 64 samples

[2025-07-29T16:23:13.244Z] [DEBUG] [c3496f2e-c258-4043-a96c-86acdeb08480] Blender Output: Fra:106 Mem:119.91M (Peak 151.55M) | Time:00:00.46 | Rendering 64 / 64 samples

[2025-07-29T16:23:13.323Z] [DEBUG] [c3496f2e-c258-4043-a96c-86acdeb08480] Blender Output: Append frame 106
Time: 00:00.54 (Saving: 00:00.03)


[2025-07-29T16:23:13.360Z] [DEBUG] [c3496f2e-c258-4043-a96c-86acdeb08480] Blender Output: Fra:107 Mem:119.91M (Peak 151.55M) | Time:00:00.03 | Rendering 1 / 64 samples

[2025-07-29T16:23:13.516Z] [DEBUG] [c3496f2e-c258-4043-a96c-86acdeb08480] Blender Output: Fra:107 Mem:119.91M (Peak 151.55M) | Time:00:00.19 | Rendering 25 / 64 samples

[2025-07-29T16:23:13.675Z] [DEBUG] [c3496f2e-c258-4043-a96c-86acdeb08480] Blender Output: Fra:107 Mem:119.91M (Peak 151.55M) | Time:00:00.35 | Rendering 50 / 64 samples

[2025-07-29T16:23:13.765Z] [DEBUG] [c3496f2e-c258-4043-a96c-86acdeb08480] Blender Output: Fra:107 Mem:119.91M (Peak 151.55M) | Time:00:00.44 | Rendering 64 / 64 samples

[2025-07-29T16:23:13.844Z] [DEBUG] [c3496f2e-c258-4043-a96c-86acdeb08480] Blender Output: Append frame 107
Time: 00:00.52 (Saving: 00:00.03)


[2025-07-29T16:23:13.885Z] [DEBUG] [c3496f2e-c258-4043-a96c-86acdeb08480] Blender Output: Fra:108 Mem:119.91M (Peak 151.55M) | Time:00:00.04 | Rendering 1 / 64 samples

[2025-07-29T16:23:14.040Z] [DEBUG] [c3496f2e-c258-4043-a96c-86acdeb08480] Blender Output: Fra:108 Mem:119.91M (Peak 151.55M) | Time:00:00.19 | Rendering 25 / 64 samples

[2025-07-29T16:23:14.206Z] [DEBUG] [c3496f2e-c258-4043-a96c-86acdeb08480] Blender Output: Fra:108 Mem:119.91M (Peak 151.55M) | Time:00:00.36 | Rendering 50 / 64 samples

[2025-07-29T16:23:14.296Z] [DEBUG] [c3496f2e-c258-4043-a96c-86acdeb08480] Blender Output: Fra:108 Mem:119.91M (Peak 151.55M) | Time:00:00.45 | Rendering 64 / 64 samples

[2025-07-29T16:23:14.372Z] [DEBUG] [c3496f2e-c258-4043-a96c-86acdeb08480] Blender Output: Append frame 108
Time: 00:00.52 (Saving: 00:00.03)


[2025-07-29T16:23:14.409Z] [DEBUG] [c3496f2e-c258-4043-a96c-86acdeb08480] Blender Output: Fra:109 Mem:119.91M (Peak 151.55M) | Time:00:00.03 | Rendering 1 / 64 samples

[2025-07-29T16:23:14.569Z] [DEBUG] [c3496f2e-c258-4043-a96c-86acdeb08480] Blender Output: Fra:109 Mem:119.91M (Peak 151.55M) | Time:00:00.19 | Rendering 25 / 64 samples

[2025-07-29T16:23:14.732Z] [DEBUG] [c3496f2e-c258-4043-a96c-86acdeb08480] Blender Output: Fra:109 Mem:119.91M (Peak 151.55M) | Time:00:00.35 | Rendering 50 / 64 samples

[2025-07-29T16:23:14.824Z] [DEBUG] [c3496f2e-c258-4043-a96c-86acdeb08480] Blender Output: Fra:109 Mem:119.91M (Peak 151.55M) | Time:00:00.45 | Rendering 64 / 64 samples

[2025-07-29T16:23:14.906Z] [DEBUG] [c3496f2e-c258-4043-a96c-86acdeb08480] Blender Output: Append frame 109
Time: 00:00.53 (Saving: 00:00.03)


[2025-07-29T16:23:14.944Z] [DEBUG] [c3496f2e-c258-4043-a96c-86acdeb08480] Blender Output: Fra:110 Mem:119.91M (Peak 151.55M) | Time:00:00.03 | Rendering 1 / 64 samples

[2025-07-29T16:23:15.101Z] [DEBUG] [c3496f2e-c258-4043-a96c-86acdeb08480] Blender Output: Fra:110 Mem:119.91M (Peak 151.55M) | Time:00:00.19 | Rendering 25 / 64 samples

[2025-07-29T16:23:15.262Z] [DEBUG] [c3496f2e-c258-4043-a96c-86acdeb08480] Blender Output: Fra:110 Mem:119.91M (Peak 151.55M) | Time:00:00.35 | Rendering 50 / 64 samples

[2025-07-29T16:23:15.352Z] [DEBUG] [c3496f2e-c258-4043-a96c-86acdeb08480] Blender Output: Fra:110 Mem:119.91M (Peak 151.55M) | Time:00:00.44 | Rendering 64 / 64 samples

[2025-07-29T16:23:15.433Z] [DEBUG] [c3496f2e-c258-4043-a96c-86acdeb08480] Blender Output: Append frame 110
Time: 00:00.52 (Saving: 00:00.03)


[2025-07-29T16:23:15.471Z] [DEBUG] [c3496f2e-c258-4043-a96c-86acdeb08480] Blender Output: Fra:111 Mem:119.91M (Peak 151.55M) | Time:00:00.03 | Rendering 1 / 64 samples

[2025-07-29T16:23:15.628Z] [DEBUG] [c3496f2e-c258-4043-a96c-86acdeb08480] Blender Output: Fra:111 Mem:119.91M (Peak 151.55M) | Time:00:00.19 | Rendering 25 / 64 samples

[2025-07-29T16:23:15.788Z] [DEBUG] [c3496f2e-c258-4043-a96c-86acdeb08480] Blender Output: Fra:111 Mem:119.91M (Peak 151.55M) | Time:00:00.35 | Rendering 50 / 64 samples

[2025-07-29T16:23:15.878Z] [DEBUG] [c3496f2e-c258-4043-a96c-86acdeb08480] Blender Output: Fra:111 Mem:119.91M (Peak 151.55M) | Time:00:00.44 | Rendering 64 / 64 samples

[2025-07-29T16:23:15.954Z] [DEBUG] [c3496f2e-c258-4043-a96c-86acdeb08480] Blender Output: Append frame 111
Time: 00:00.52 (Saving: 00:00.03)


[2025-07-29T16:23:15.991Z] [DEBUG] [c3496f2e-c258-4043-a96c-86acdeb08480] Blender Output: Fra:112 Mem:119.91M (Peak 151.55M) | Time:00:00.03 | Rendering 1 / 64 samples

[2025-07-29T16:23:16.148Z] [DEBUG] [c3496f2e-c258-4043-a96c-86acdeb08480] Blender Output: Fra:112 Mem:119.91M (Peak 151.55M) | Time:00:00.19 | Rendering 25 / 64 samples

[2025-07-29T16:23:16.306Z] [DEBUG] [c3496f2e-c258-4043-a96c-86acdeb08480] Blender Output: Fra:112 Mem:119.91M (Peak 151.55M) | Time:00:00.35 | Rendering 50 / 64 samples

[2025-07-29T16:23:16.395Z] [DEBUG] [c3496f2e-c258-4043-a96c-86acdeb08480] Blender Output: Fra:112 Mem:119.91M (Peak 151.55M) | Time:00:00.44 | Rendering 64 / 64 samples

[2025-07-29T16:23:16.472Z] [DEBUG] [c3496f2e-c258-4043-a96c-86acdeb08480] Blender Output: Append frame 112
Time: 00:00.51 (Saving: 00:00.03)


[2025-07-29T16:23:16.509Z] [DEBUG] [c3496f2e-c258-4043-a96c-86acdeb08480] Blender Output: Fra:113 Mem:119.91M (Peak 151.55M) | Time:00:00.03 | Rendering 1 / 64 samples

[2025-07-29T16:23:16.664Z] [DEBUG] [c3496f2e-c258-4043-a96c-86acdeb08480] Blender Output: Fra:113 Mem:119.91M (Peak 151.55M) | Time:00:00.19 | Rendering 25 / 64 samples

[2025-07-29T16:23:16.823Z] [DEBUG] [c3496f2e-c258-4043-a96c-86acdeb08480] Blender Output: Fra:113 Mem:119.91M (Peak 151.55M) | Time:00:00.35 | Rendering 50 / 64 samples

[2025-07-29T16:23:16.911Z] [DEBUG] [c3496f2e-c258-4043-a96c-86acdeb08480] Blender Output: Fra:113 Mem:119.91M (Peak 151.55M) | Time:00:00.43 | Rendering 64 / 64 samples

[2025-07-29T16:23:16.987Z] [DEBUG] [c3496f2e-c258-4043-a96c-86acdeb08480] Blender Output: Append frame 113
Time: 00:00.51 (Saving: 00:00.03)


[2025-07-29T16:23:17.025Z] [DEBUG] [c3496f2e-c258-4043-a96c-86acdeb08480] Blender Output: Fra:114 Mem:119.91M (Peak 151.55M) | Time:00:00.03 | Rendering 1 / 64 samples

[2025-07-29T16:23:17.182Z] [DEBUG] [c3496f2e-c258-4043-a96c-86acdeb08480] Blender Output: Fra:114 Mem:119.91M (Peak 151.55M) | Time:00:00.19 | Rendering 25 / 64 samples

[2025-07-29T16:23:17.339Z] [DEBUG] [c3496f2e-c258-4043-a96c-86acdeb08480] Blender Output: Fra:114 Mem:119.91M (Peak 151.55M) | Time:00:00.35 | Rendering 50 / 64 samples

[2025-07-29T16:23:17.428Z] [DEBUG] [c3496f2e-c258-4043-a96c-86acdeb08480] Blender Output: Fra:114 Mem:119.91M (Peak 151.55M) | Time:00:00.44 | Rendering 64 / 64 samples

[2025-07-29T16:23:17.505Z] [DEBUG] [c3496f2e-c258-4043-a96c-86acdeb08480] Blender Output: Append frame 114
Time: 00:00.51 (Saving: 00:00.03)


[2025-07-29T16:23:17.547Z] [DEBUG] [c3496f2e-c258-4043-a96c-86acdeb08480] Blender Output: Fra:115 Mem:119.91M (Peak 151.55M) | Time:00:00.04 | Rendering 1 / 64 samples

[2025-07-29T16:23:17.711Z] [DEBUG] [c3496f2e-c258-4043-a96c-86acdeb08480] Blender Output: Fra:115 Mem:119.91M (Peak 151.55M) | Time:00:00.20 | Rendering 25 / 64 samples

[2025-07-29T16:23:17.880Z] [DEBUG] [c3496f2e-c258-4043-a96c-86acdeb08480] Blender Output: Fra:115 Mem:119.91M (Peak 151.55M) | Time:00:00.37 | Rendering 50 / 64 samples

[2025-07-29T16:23:17.971Z] [DEBUG] [c3496f2e-c258-4043-a96c-86acdeb08480] Blender Output: Fra:115 Mem:119.91M (Peak 151.55M) | Time:00:00.46 | Rendering 64 / 64 samples

[2025-07-29T16:23:18.049Z] [DEBUG] [c3496f2e-c258-4043-a96c-86acdeb08480] Blender Output: Append frame 115
Time: 00:00.54 (Saving: 00:00.03)


[2025-07-29T16:23:18.088Z] [DEBUG] [c3496f2e-c258-4043-a96c-86acdeb08480] Blender Output: Fra:116 Mem:119.91M (Peak 151.55M) | Time:00:00.03 | Rendering 1 / 64 samples

[2025-07-29T16:23:18.244Z] [DEBUG] [c3496f2e-c258-4043-a96c-86acdeb08480] Blender Output: Fra:116 Mem:119.91M (Peak 151.55M) | Time:00:00.19 | Rendering 25 / 64 samples

[2025-07-29T16:23:18.404Z] [DEBUG] [c3496f2e-c258-4043-a96c-86acdeb08480] Blender Output: Fra:116 Mem:119.91M (Peak 151.55M) | Time:00:00.35 | Rendering 50 / 64 samples

[2025-07-29T16:23:18.493Z] [DEBUG] [c3496f2e-c258-4043-a96c-86acdeb08480] Blender Output: Fra:116 Mem:119.91M (Peak 151.55M) | Time:00:00.44 | Rendering 64 / 64 samples

[2025-07-29T16:23:18.572Z] [DEBUG] [c3496f2e-c258-4043-a96c-86acdeb08480] Blender Output: Append frame 116
Time: 00:00.52 (Saving: 00:00.03)


[2025-07-29T16:23:18.609Z] [DEBUG] [c3496f2e-c258-4043-a96c-86acdeb08480] Blender Output: Fra:117 Mem:119.91M (Peak 151.55M) | Time:00:00.03 | Rendering 1 / 64 samples

[2025-07-29T16:23:18.765Z] [DEBUG] [c3496f2e-c258-4043-a96c-86acdeb08480] Blender Output: Fra:117 Mem:119.91M (Peak 151.55M) | Time:00:00.19 | Rendering 25 / 64 samples

[2025-07-29T16:23:18.925Z] [DEBUG] [c3496f2e-c258-4043-a96c-86acdeb08480] Blender Output: Fra:117 Mem:119.91M (Peak 151.55M) | Time:00:00.35 | Rendering 50 / 64 samples

[2025-07-29T16:23:19.013Z] [DEBUG] [c3496f2e-c258-4043-a96c-86acdeb08480] Blender Output: Fra:117 Mem:119.91M (Peak 151.55M) | Time:00:00.44 | Rendering 64 / 64 samples

[2025-07-29T16:23:19.091Z] [DEBUG] [c3496f2e-c258-4043-a96c-86acdeb08480] Blender Output: Append frame 117
Time: 00:00.51 (Saving: 00:00.03)


[2025-07-29T16:23:19.130Z] [DEBUG] [c3496f2e-c258-4043-a96c-86acdeb08480] Blender Output: Fra:118 Mem:119.91M (Peak 151.55M) | Time:00:00.03 | Rendering 1 / 64 samples

[2025-07-29T16:23:19.289Z] [DEBUG] [c3496f2e-c258-4043-a96c-86acdeb08480] Blender Output: Fra:118 Mem:119.91M (Peak 151.55M) | Time:00:00.19 | Rendering 25 / 64 samples

[2025-07-29T16:23:19.449Z] [DEBUG] [c3496f2e-c258-4043-a96c-86acdeb08480] Blender Output: Fra:118 Mem:119.91M (Peak 151.55M) | Time:00:00.35 | Rendering 50 / 64 samples

[2025-07-29T16:23:19.541Z] [DEBUG] [c3496f2e-c258-4043-a96c-86acdeb08480] Blender Output: Fra:118 Mem:119.91M (Peak 151.55M) | Time:00:00.45 | Rendering 64 / 64 samples

[2025-07-29T16:23:19.618Z] [DEBUG] [c3496f2e-c258-4043-a96c-86acdeb08480] Blender Output: Append frame 118
Time: 00:00.52 (Saving: 00:00.03)


[2025-07-29T16:23:19.659Z] [DEBUG] [c3496f2e-c258-4043-a96c-86acdeb08480] Blender Output: Fra:119 Mem:119.91M (Peak 151.55M) | Time:00:00.04 | Rendering 1 / 64 samples

[2025-07-29T16:23:19.818Z] [DEBUG] [c3496f2e-c258-4043-a96c-86acdeb08480] Blender Output: Fra:119 Mem:119.91M (Peak 151.55M) | Time:00:00.20 | Rendering 25 / 64 samples

[2025-07-29T16:23:19.984Z] [DEBUG] [c3496f2e-c258-4043-a96c-86acdeb08480] Blender Output: Fra:119 Mem:119.91M (Peak 151.55M) | Time:00:00.36 | Rendering 50 / 64 samples

[2025-07-29T16:23:20.076Z] [DEBUG] [c3496f2e-c258-4043-a96c-86acdeb08480] Blender Output: Fra:119 Mem:119.91M (Peak 151.55M) | Time:00:00.45 | Rendering 64 / 64 samples

[2025-07-29T16:23:20.155Z] [DEBUG] [c3496f2e-c258-4043-a96c-86acdeb08480] Blender Output: Append frame 119
Time: 00:00.53 (Saving: 00:00.03)


[2025-07-29T16:23:20.192Z] [DEBUG] [c3496f2e-c258-4043-a96c-86acdeb08480] Blender Output: Fra:120 Mem:119.91M (Peak 151.55M) | Time:00:00.03 | Rendering 1 / 64 samples

[2025-07-29T16:23:20.351Z] [DEBUG] [c3496f2e-c258-4043-a96c-86acdeb08480] Blender Output: Fra:120 Mem:119.91M (Peak 151.55M) | Time:00:00.19 | Rendering 25 / 64 samples

[2025-07-29T16:23:20.511Z] [DEBUG] [c3496f2e-c258-4043-a96c-86acdeb08480] Blender Output: Fra:120 Mem:119.91M (Peak 151.55M) | Time:00:00.35 | Rendering 50 / 64 samples

[2025-07-29T16:23:20.601Z] [DEBUG] [c3496f2e-c258-4043-a96c-86acdeb08480] Blender Output: Fra:120 Mem:119.91M (Peak 151.55M) | Time:00:00.44 | Rendering 64 / 64 samples

[2025-07-29T16:23:20.681Z] [DEBUG] [c3496f2e-c258-4043-a96c-86acdeb08480] Blender Output: Append frame 120
Time: 00:00.52 (Saving: 00:00.03)


[2025-07-29T16:23:20.718Z] [DEBUG] [c3496f2e-c258-4043-a96c-86acdeb08480] Blender Output: Fra:121 Mem:119.91M (Peak 151.55M) | Time:00:00.03 | Rendering 1 / 64 samples

[2025-07-29T16:23:20.879Z] [DEBUG] [c3496f2e-c258-4043-a96c-86acdeb08480] Blender Output: Fra:121 Mem:119.91M (Peak 151.55M) | Time:00:00.19 | Rendering 25 / 64 samples

[2025-07-29T16:23:21.039Z] [DEBUG] [c3496f2e-c258-4043-a96c-86acdeb08480] Blender Output: Fra:121 Mem:119.91M (Peak 151.55M) | Time:00:00.35 | Rendering 50 / 64 samples

[2025-07-29T16:23:21.131Z] [DEBUG] [c3496f2e-c258-4043-a96c-86acdeb08480] Blender Output: Fra:121 Mem:119.91M (Peak 151.55M) | Time:00:00.44 | Rendering 64 / 64 samples

[2025-07-29T16:23:21.211Z] [DEBUG] [c3496f2e-c258-4043-a96c-86acdeb08480] Blender Output: Append frame 121
Time: 00:00.52 (Saving: 00:00.03)


[2025-07-29T16:23:21.248Z] [DEBUG] [c3496f2e-c258-4043-a96c-86acdeb08480] Blender Output: Fra:122 Mem:119.91M (Peak 151.55M) | Time:00:00.03 | Rendering 1 / 64 samples

[2025-07-29T16:23:21.407Z] [DEBUG] [c3496f2e-c258-4043-a96c-86acdeb08480] Blender Output: Fra:122 Mem:119.91M (Peak 151.55M) | Time:00:00.19 | Rendering 25 / 64 samples

[2025-07-29T16:23:21.565Z] [DEBUG] [c3496f2e-c258-4043-a96c-86acdeb08480] Blender Output: Fra:122 Mem:119.91M (Peak 151.55M) | Time:00:00.35 | Rendering 50 / 64 samples

[2025-07-29T16:23:21.658Z] [DEBUG] [c3496f2e-c258-4043-a96c-86acdeb08480] Blender Output: Fra:122 Mem:119.91M (Peak 151.55M) | Time:00:00.44 | Rendering 64 / 64 samples

[2025-07-29T16:23:21.735Z] [DEBUG] [c3496f2e-c258-4043-a96c-86acdeb08480] Blender Output: Append frame 122
Time: 00:00.52 (Saving: 00:00.03)


[2025-07-29T16:23:21.773Z] [DEBUG] [c3496f2e-c258-4043-a96c-86acdeb08480] Blender Output: Fra:123 Mem:119.91M (Peak 151.55M) | Time:00:00.03 | Rendering 1 / 64 samples

[2025-07-29T16:23:21.928Z] [DEBUG] [c3496f2e-c258-4043-a96c-86acdeb08480] Blender Output: Fra:123 Mem:119.91M (Peak 151.55M) | Time:00:00.19 | Rendering 25 / 64 samples

[2025-07-29T16:23:22.087Z] [DEBUG] [c3496f2e-c258-4043-a96c-86acdeb08480] Blender Output: Fra:123 Mem:119.91M (Peak 151.55M) | Time:00:00.35 | Rendering 50 / 64 samples

[2025-07-29T16:23:22.176Z] [DEBUG] [c3496f2e-c258-4043-a96c-86acdeb08480] Blender Output: Fra:123 Mem:119.91M (Peak 151.55M) | Time:00:00.44 | Rendering 64 / 64 samples

[2025-07-29T16:23:22.255Z] [DEBUG] [c3496f2e-c258-4043-a96c-86acdeb08480] Blender Output: Append frame 123
Time: 00:00.52 (Saving: 00:00.03)


[2025-07-29T16:23:22.293Z] [DEBUG] [c3496f2e-c258-4043-a96c-86acdeb08480] Blender Output: Fra:124 Mem:119.91M (Peak 151.55M) | Time:00:00.03 | Rendering 1 / 64 samples

[2025-07-29T16:23:22.453Z] [DEBUG] [c3496f2e-c258-4043-a96c-86acdeb08480] Blender Output: Fra:124 Mem:119.91M (Peak 151.55M) | Time:00:00.19 | Rendering 25 / 64 samples

[2025-07-29T16:23:22.614Z] [DEBUG] [c3496f2e-c258-4043-a96c-86acdeb08480] Blender Output: Fra:124 Mem:119.91M (Peak 151.55M) | Time:00:00.35 | Rendering 50 / 64 samples

[2025-07-29T16:23:22.704Z] [DEBUG] [c3496f2e-c258-4043-a96c-86acdeb08480] Blender Output: Fra:124 Mem:119.91M (Peak 151.55M) | Time:00:00.44 | Rendering 64 / 64 samples

[2025-07-29T16:23:22.784Z] [DEBUG] [c3496f2e-c258-4043-a96c-86acdeb08480] Blender Output: Append frame 124
Time: 00:00.52 (Saving: 00:00.03)


[2025-07-29T16:23:22.820Z] [DEBUG] [c3496f2e-c258-4043-a96c-86acdeb08480] Blender Output: Fra:125 Mem:119.91M (Peak 151.55M) | Time:00:00.03 | Rendering 1 / 64 samples

[2025-07-29T16:23:22.975Z] [DEBUG] [c3496f2e-c258-4043-a96c-86acdeb08480] Blender Output: Fra:125 Mem:119.91M (Peak 151.55M) | Time:00:00.19 | Rendering 25 / 64 samples

[2025-07-29T16:23:23.138Z] [DEBUG] [c3496f2e-c258-4043-a96c-86acdeb08480] Blender Output: Fra:125 Mem:119.91M (Peak 151.55M) | Time:00:00.35 | Rendering 50 / 64 samples

[2025-07-29T16:23:23.229Z] [DEBUG] [c3496f2e-c258-4043-a96c-86acdeb08480] Blender Output: Fra:125 Mem:119.91M (Peak 151.55M) | Time:00:00.44 | Rendering 64 / 64 samples

[2025-07-29T16:23:23.306Z] [DEBUG] [c3496f2e-c258-4043-a96c-86acdeb08480] Blender Output: Append frame 125
Time: 00:00.52 (Saving: 00:00.03)


[2025-07-29T16:23:23.342Z] [DEBUG] [c3496f2e-c258-4043-a96c-86acdeb08480] Blender Output: Fra:126 Mem:119.91M (Peak 151.55M) | Time:00:00.03 | Rendering 1 / 64 samples

[2025-07-29T16:23:23.498Z] [DEBUG] [c3496f2e-c258-4043-a96c-86acdeb08480] Blender Output: Fra:126 Mem:119.91M (Peak 151.55M) | Time:00:00.19 | Rendering 25 / 64 samples

[2025-07-29T16:23:23.658Z] [DEBUG] [c3496f2e-c258-4043-a96c-86acdeb08480] Blender Output: Fra:126 Mem:119.91M (Peak 151.55M) | Time:00:00.35 | Rendering 50 / 64 samples

[2025-07-29T16:23:23.746Z] [DEBUG] [c3496f2e-c258-4043-a96c-86acdeb08480] Blender Output: Fra:126 Mem:119.91M (Peak 151.55M) | Time:00:00.44 | Rendering 64 / 64 samples

[2025-07-29T16:23:23.824Z] [DEBUG] [c3496f2e-c258-4043-a96c-86acdeb08480] Blender Output: Append frame 126
Time: 00:00.51 (Saving: 00:00.03)


[2025-07-29T16:23:23.861Z] [DEBUG] [c3496f2e-c258-4043-a96c-86acdeb08480] Blender Output: Fra:127 Mem:119.91M (Peak 151.55M) | Time:00:00.03 | Rendering 1 / 64 samples

[2025-07-29T16:23:24.016Z] [DEBUG] [c3496f2e-c258-4043-a96c-86acdeb08480] Blender Output: Fra:127 Mem:119.91M (Peak 151.55M) | Time:00:00.19 | Rendering 25 / 64 samples

[2025-07-29T16:23:24.176Z] [DEBUG] [c3496f2e-c258-4043-a96c-86acdeb08480] Blender Output: Fra:127 Mem:119.91M (Peak 151.55M) | Time:00:00.35 | Rendering 50 / 64 samples

[2025-07-29T16:23:24.265Z] [DEBUG] [c3496f2e-c258-4043-a96c-86acdeb08480] Blender Output: Fra:127 Mem:119.91M (Peak 151.55M) | Time:00:00.44 | Rendering 64 / 64 samples

[2025-07-29T16:23:24.342Z] [DEBUG] [c3496f2e-c258-4043-a96c-86acdeb08480] Blender Output: Append frame 127
Time: 00:00.51 (Saving: 00:00.03)


[2025-07-29T16:23:24.379Z] [DEBUG] [c3496f2e-c258-4043-a96c-86acdeb08480] Blender Output: Fra:128 Mem:119.91M (Peak 151.55M) | Time:00:00.03 | Rendering 1 / 64 samples

[2025-07-29T16:23:24.535Z] [DEBUG] [c3496f2e-c258-4043-a96c-86acdeb08480] Blender Output: Fra:128 Mem:119.91M (Peak 151.55M) | Time:00:00.19 | Rendering 25 / 64 samples

[2025-07-29T16:23:24.699Z] [DEBUG] [c3496f2e-c258-4043-a96c-86acdeb08480] Blender Output: Fra:128 Mem:119.91M (Peak 151.55M) | Time:00:00.35 | Rendering 50 / 64 samples

[2025-07-29T16:23:24.792Z] [DEBUG] [c3496f2e-c258-4043-a96c-86acdeb08480] Blender Output: Fra:128 Mem:119.91M (Peak 151.55M) | Time:00:00.45 | Rendering 64 / 64 samples

[2025-07-29T16:23:24.874Z] [DEBUG] [c3496f2e-c258-4043-a96c-86acdeb08480] Blender Output: Append frame 128
Time: 00:00.53 (Saving: 00:00.03)


[2025-07-29T16:23:24.912Z] [DEBUG] [c3496f2e-c258-4043-a96c-86acdeb08480] Blender Output: Fra:129 Mem:119.91M (Peak 151.55M) | Time:00:00.03 | Rendering 1 / 64 samples

[2025-07-29T16:23:25.075Z] [DEBUG] [c3496f2e-c258-4043-a96c-86acdeb08480] Blender Output: Fra:129 Mem:119.91M (Peak 151.55M) | Time:00:00.20 | Rendering 25 / 64 samples

[2025-07-29T16:23:25.242Z] [DEBUG] [c3496f2e-c258-4043-a96c-86acdeb08480] Blender Output: Fra:129 Mem:119.91M (Peak 151.55M) | Time:00:00.36 | Rendering 50 / 64 samples

[2025-07-29T16:23:25.335Z] [DEBUG] [c3496f2e-c258-4043-a96c-86acdeb08480] Blender Output: Fra:129 Mem:119.91M (Peak 151.55M) | Time:00:00.46 | Rendering 64 / 64 samples

[2025-07-29T16:23:25.415Z] [DEBUG] [c3496f2e-c258-4043-a96c-86acdeb08480] Blender Output: Append frame 129
Time: 00:00.54 (Saving: 00:00.03)


[2025-07-29T16:23:25.454Z] [DEBUG] [c3496f2e-c258-4043-a96c-86acdeb08480] Blender Output: Fra:130 Mem:119.91M (Peak 151.55M) | Time:00:00.03 | Rendering 1 / 64 samples

[2025-07-29T16:23:25.617Z] [DEBUG] [c3496f2e-c258-4043-a96c-86acdeb08480] Blender Output: Fra:130 Mem:119.91M (Peak 151.55M) | Time:00:00.20 | Rendering 25 / 64 samples

[2025-07-29T16:23:25.781Z] [DEBUG] [c3496f2e-c258-4043-a96c-86acdeb08480] Blender Output: Fra:130 Mem:119.91M (Peak 151.55M) | Time:00:00.36 | Rendering 50 / 64 samples

[2025-07-29T16:23:25.875Z] [DEBUG] [c3496f2e-c258-4043-a96c-86acdeb08480] Blender Output: Fra:130 Mem:119.91M (Peak 151.55M) | Time:00:00.46 | Rendering 64 / 64 samples

[2025-07-29T16:23:25.956Z] [DEBUG] [c3496f2e-c258-4043-a96c-86acdeb08480] Blender Output: Append frame 130
Time: 00:00.54 (Saving: 00:00.03)


[2025-07-29T16:23:25.993Z] [DEBUG] [c3496f2e-c258-4043-a96c-86acdeb08480] Blender Output: Fra:131 Mem:119.91M (Peak 151.55M) | Time:00:00.03 | Rendering 1 / 64 samples

[2025-07-29T16:23:26.157Z] [DEBUG] [c3496f2e-c258-4043-a96c-86acdeb08480] Blender Output: Fra:131 Mem:119.91M (Peak 151.55M) | Time:00:00.20 | Rendering 25 / 64 samples

[2025-07-29T16:23:26.324Z] [DEBUG] [c3496f2e-c258-4043-a96c-86acdeb08480] Blender Output: Fra:131 Mem:119.91M (Peak 151.55M) | Time:00:00.36 | Rendering 50 / 64 samples

[2025-07-29T16:23:26.418Z] [DEBUG] [c3496f2e-c258-4043-a96c-86acdeb08480] Blender Output: Fra:131 Mem:119.91M (Peak 151.55M) | Time:00:00.46 | Rendering 64 / 64 samples

[2025-07-29T16:23:26.498Z] [DEBUG] [c3496f2e-c258-4043-a96c-86acdeb08480] Blender Output: Append frame 131
Time: 00:00.54 (Saving: 00:00.03)


[2025-07-29T16:23:26.537Z] [DEBUG] [c3496f2e-c258-4043-a96c-86acdeb08480] Blender Output: Fra:132 Mem:119.91M (Peak 151.55M) | Time:00:00.03 | Rendering 1 / 64 samples

[2025-07-29T16:23:26.699Z] [DEBUG] [c3496f2e-c258-4043-a96c-86acdeb08480] Blender Output: Fra:132 Mem:119.91M (Peak 151.55M) | Time:00:00.20 | Rendering 25 / 64 samples

[2025-07-29T16:23:26.863Z] [DEBUG] [c3496f2e-c258-4043-a96c-86acdeb08480] Blender Output: Fra:132 Mem:119.91M (Peak 151.55M) | Time:00:00.36 | Rendering 50 / 64 samples

[2025-07-29T16:23:26.956Z] [DEBUG] [c3496f2e-c258-4043-a96c-86acdeb08480] Blender Output: Fra:132 Mem:119.91M (Peak 151.55M) | Time:00:00.45 | Rendering 64 / 64 samples

[2025-07-29T16:23:27.035Z] [DEBUG] [c3496f2e-c258-4043-a96c-86acdeb08480] Blender Output: Append frame 132
Time: 00:00.53 (Saving: 00:00.03)


[2025-07-29T16:23:27.082Z] [DEBUG] [c3496f2e-c258-4043-a96c-86acdeb08480] Blender Output: Fra:133 Mem:119.91M (Peak 151.55M) | Time:00:00.04 | Rendering 1 / 64 samples

[2025-07-29T16:23:27.245Z] [DEBUG] [c3496f2e-c258-4043-a96c-86acdeb08480] Blender Output: Fra:133 Mem:119.91M (Peak 151.55M) | Time:00:00.20 | Rendering 25 / 64 samples

[2025-07-29T16:23:27.412Z] [DEBUG] [c3496f2e-c258-4043-a96c-86acdeb08480] Blender Output: Fra:133 Mem:119.91M (Peak 151.55M) | Time:00:00.37 | Rendering 50 / 64 samples

[2025-07-29T16:23:27.506Z] [DEBUG] [c3496f2e-c258-4043-a96c-86acdeb08480] Blender Output: Fra:133 Mem:119.91M (Peak 151.55M) | Time:00:00.47 | Rendering 64 / 64 samples

[2025-07-29T16:23:27.586Z] [DEBUG] [c3496f2e-c258-4043-a96c-86acdeb08480] Blender Output: Append frame 133
Time: 00:00.55 (Saving: 00:00.03)


[2025-07-29T16:23:27.626Z] [DEBUG] [c3496f2e-c258-4043-a96c-86acdeb08480] Blender Output: Fra:134 Mem:119.91M (Peak 151.55M) | Time:00:00.04 | Rendering 1 / 64 samples

[2025-07-29T16:23:27.789Z] [DEBUG] [c3496f2e-c258-4043-a96c-86acdeb08480] Blender Output: Fra:134 Mem:119.91M (Peak 151.55M) | Time:00:00.20 | Rendering 25 / 64 samples

[2025-07-29T16:23:27.956Z] [DEBUG] [c3496f2e-c258-4043-a96c-86acdeb08480] Blender Output: Fra:134 Mem:119.91M (Peak 151.55M) | Time:00:00.37 | Rendering 50 / 64 samples

[2025-07-29T16:23:28.048Z] [DEBUG] [c3496f2e-c258-4043-a96c-86acdeb08480] Blender Output: Fra:134 Mem:119.91M (Peak 151.55M) | Time:00:00.46 | Rendering 64 / 64 samples

[2025-07-29T16:23:28.126Z] [DEBUG] [c3496f2e-c258-4043-a96c-86acdeb08480] Blender Output: Append frame 134
Time: 00:00.54 (Saving: 00:00.03)


[2025-07-29T16:23:28.163Z] [DEBUG] [c3496f2e-c258-4043-a96c-86acdeb08480] Blender Output: Fra:135 Mem:119.91M (Peak 151.55M) | Time:00:00.03 | Rendering 1 / 64 samples

[2025-07-29T16:23:28.321Z] [DEBUG] [c3496f2e-c258-4043-a96c-86acdeb08480] Blender Output: Fra:135 Mem:119.91M (Peak 151.55M) | Time:00:00.19 | Rendering 25 / 64 samples

[2025-07-29T16:23:28.482Z] [DEBUG] [c3496f2e-c258-4043-a96c-86acdeb08480] Blender Output: Fra:135 Mem:119.91M (Peak 151.55M) | Time:00:00.35 | Rendering 50 / 64 samples

[2025-07-29T16:23:28.574Z] [DEBUG] [c3496f2e-c258-4043-a96c-86acdeb08480] Blender Output: Fra:135 Mem:119.91M (Peak 151.55M) | Time:00:00.44 | Rendering 64 / 64 samples

[2025-07-29T16:23:28.653Z] [DEBUG] [c3496f2e-c258-4043-a96c-86acdeb08480] Blender Output: Append frame 135
Time: 00:00.52 (Saving: 00:00.03)


[2025-07-29T16:23:28.692Z] [DEBUG] [c3496f2e-c258-4043-a96c-86acdeb08480] Blender Output: Fra:136 Mem:119.91M (Peak 151.55M) | Time:00:00.03 | Rendering 1 / 64 samples

[2025-07-29T16:23:28.848Z] [DEBUG] [c3496f2e-c258-4043-a96c-86acdeb08480] Blender Output: Fra:136 Mem:119.91M (Peak 151.55M) | Time:00:00.19 | Rendering 25 / 64 samples

[2025-07-29T16:23:29.008Z] [DEBUG] [c3496f2e-c258-4043-a96c-86acdeb08480] Blender Output: Fra:136 Mem:119.91M (Peak 151.55M) | Time:00:00.35 | Rendering 50 / 64 samples

[2025-07-29T16:23:29.097Z] [DEBUG] [c3496f2e-c258-4043-a96c-86acdeb08480] Blender Output: Fra:136 Mem:119.91M (Peak 151.55M) | Time:00:00.44 | Rendering 64 / 64 samples

[2025-07-29T16:23:29.173Z] [DEBUG] [c3496f2e-c258-4043-a96c-86acdeb08480] Blender Output: Append frame 136
Time: 00:00.51 (Saving: 00:00.03)


[2025-07-29T16:23:29.209Z] [DEBUG] [c3496f2e-c258-4043-a96c-86acdeb08480] Blender Output: Fra:137 Mem:119.91M (Peak 151.55M) | Time:00:00.03 | Rendering 1 / 64 samples

[2025-07-29T16:23:29.366Z] [DEBUG] [c3496f2e-c258-4043-a96c-86acdeb08480] Blender Output: Fra:137 Mem:119.91M (Peak 151.55M) | Time:00:00.19 | Rendering 25 / 64 samples

[2025-07-29T16:23:29.526Z] [DEBUG] [c3496f2e-c258-4043-a96c-86acdeb08480] Blender Output: Fra:137 Mem:119.91M (Peak 151.55M) | Time:00:00.35 | Rendering 50 / 64 samples

[2025-07-29T16:23:29.616Z] [DEBUG] [c3496f2e-c258-4043-a96c-86acdeb08480] Blender Output: Fra:137 Mem:119.91M (Peak 151.55M) | Time:00:00.44 | Rendering 64 / 64 samples

[2025-07-29T16:23:29.696Z] [DEBUG] [c3496f2e-c258-4043-a96c-86acdeb08480] Blender Output: Append frame 137
Time: 00:00.52 (Saving: 00:00.03)


[2025-07-29T16:23:29.733Z] [DEBUG] [c3496f2e-c258-4043-a96c-86acdeb08480] Blender Output: Fra:138 Mem:119.91M (Peak 151.55M) | Time:00:00.03 | Rendering 1 / 64 samples

[2025-07-29T16:23:29.892Z] [DEBUG] [c3496f2e-c258-4043-a96c-86acdeb08480] Blender Output: Fra:138 Mem:119.91M (Peak 151.55M) | Time:00:00.19 | Rendering 25 / 64 samples

[2025-07-29T16:23:30.051Z] [DEBUG] [c3496f2e-c258-4043-a96c-86acdeb08480] Blender Output: Fra:138 Mem:119.91M (Peak 151.55M) | Time:00:00.35 | Rendering 50 / 64 samples

[2025-07-29T16:23:30.142Z] [DEBUG] [c3496f2e-c258-4043-a96c-86acdeb08480] Blender Output: Fra:138 Mem:119.91M (Peak 151.55M) | Time:00:00.44 | Rendering 64 / 64 samples

[2025-07-29T16:23:30.221Z] [DEBUG] [c3496f2e-c258-4043-a96c-86acdeb08480] Blender Output: Append frame 138
Time: 00:00.52 (Saving: 00:00.03)


[2025-07-29T16:23:30.259Z] [DEBUG] [c3496f2e-c258-4043-a96c-86acdeb08480] Blender Output: Fra:139 Mem:119.91M (Peak 151.55M) | Time:00:00.03 | Rendering 1 / 64 samples

[2025-07-29T16:23:30.417Z] [DEBUG] [c3496f2e-c258-4043-a96c-86acdeb08480] Blender Output: Fra:139 Mem:119.91M (Peak 151.55M) | Time:00:00.19 | Rendering 25 / 64 samples

[2025-07-29T16:23:30.575Z] [DEBUG] [c3496f2e-c258-4043-a96c-86acdeb08480] Blender Output: Fra:139 Mem:119.91M (Peak 151.55M) | Time:00:00.35 | Rendering 50 / 64 samples

[2025-07-29T16:23:30.663Z] [DEBUG] [c3496f2e-c258-4043-a96c-86acdeb08480] Blender Output: Fra:139 Mem:119.91M (Peak 151.55M) | Time:00:00.44 | Rendering 64 / 64 samples

[2025-07-29T16:23:30.742Z] [DEBUG] [c3496f2e-c258-4043-a96c-86acdeb08480] Blender Output: Append frame 139
Time: 00:00.52 (Saving: 00:00.03)


[2025-07-29T16:23:30.780Z] [DEBUG] [c3496f2e-c258-4043-a96c-86acdeb08480] Blender Output: Fra:140 Mem:119.91M (Peak 151.55M) | Time:00:00.03 | Rendering 1 / 64 samples

[2025-07-29T16:23:30.937Z] [DEBUG] [c3496f2e-c258-4043-a96c-86acdeb08480] Blender Output: Fra:140 Mem:119.91M (Peak 151.55M) | Time:00:00.19 | Rendering 25 / 64 samples

[2025-07-29T16:23:31.095Z] [DEBUG] [c3496f2e-c258-4043-a96c-86acdeb08480] Blender Output: Fra:140 Mem:119.91M (Peak 151.55M) | Time:00:00.35 | Rendering 50 / 64 samples

[2025-07-29T16:23:31.185Z] [DEBUG] [c3496f2e-c258-4043-a96c-86acdeb08480] Blender Output: Fra:140 Mem:119.91M (Peak 151.55M) | Time:00:00.44 | Rendering 64 / 64 samples

[2025-07-29T16:23:31.263Z] [DEBUG] [c3496f2e-c258-4043-a96c-86acdeb08480] Blender Output: Append frame 140
Time: 00:00.52 (Saving: 00:00.03)


[2025-07-29T16:23:31.300Z] [DEBUG] [c3496f2e-c258-4043-a96c-86acdeb08480] Blender Output: Fra:141 Mem:119.91M (Peak 151.55M) | Time:00:00.03 | Rendering 1 / 64 samples

[2025-07-29T16:23:31.457Z] [DEBUG] [c3496f2e-c258-4043-a96c-86acdeb08480] Blender Output: Fra:141 Mem:119.91M (Peak 151.55M) | Time:00:00.19 | Rendering 25 / 64 samples

[2025-07-29T16:23:31.614Z] [DEBUG] [c3496f2e-c258-4043-a96c-86acdeb08480] Blender Output: Fra:141 Mem:119.91M (Peak 151.55M) | Time:00:00.35 | Rendering 50 / 64 samples

[2025-07-29T16:23:31.703Z] [DEBUG] [c3496f2e-c258-4043-a96c-86acdeb08480] Blender Output: Fra:141 Mem:119.91M (Peak 151.55M) | Time:00:00.43 | Rendering 64 / 64 samples

[2025-07-29T16:23:31.783Z] [DEBUG] [c3496f2e-c258-4043-a96c-86acdeb08480] Blender Output: Append frame 141
Time: 00:00.52 (Saving: 00:00.03)


[2025-07-29T16:23:31.836Z] [DEBUG] [c3496f2e-c258-4043-a96c-86acdeb08480] Blender Output: Fra:142 Mem:119.91M (Peak 151.55M) | Time:00:00.05 | Rendering 1 / 64 samples

[2025-07-29T16:23:31.993Z] [DEBUG] [c3496f2e-c258-4043-a96c-86acdeb08480] Blender Output: Fra:142 Mem:119.91M (Peak 151.55M) | Time:00:00.20 | Rendering 25 / 64 samples

[2025-07-29T16:23:32.152Z] [DEBUG] [c3496f2e-c258-4043-a96c-86acdeb08480] Blender Output: Fra:142 Mem:119.91M (Peak 151.55M) | Time:00:00.36 | Rendering 50 / 64 samples

[2025-07-29T16:23:32.242Z] [DEBUG] [c3496f2e-c258-4043-a96c-86acdeb08480] Blender Output: Fra:142 Mem:119.91M (Peak 151.55M) | Time:00:00.45 | Rendering 64 / 64 samples

[2025-07-29T16:23:32.320Z] [DEBUG] [c3496f2e-c258-4043-a96c-86acdeb08480] Blender Output: Append frame 142
Time: 00:00.53 (Saving: 00:00.03)


[2025-07-29T16:23:32.529Z] [DEBUG] [c3496f2e-c258-4043-a96c-86acdeb08480] Blender Output: 🎯 V1.4.0.a.8.1 - HOTFIX BLENDER 4.5+ INICIADO
🛡️ BLINDAGEM: V1.4.0.a.7 sync perfeito preservado
🔧 HOTFIX: APIs compatíveis com Blender 4.5+ e EEVEE_NEXT
📂 Working directory: C:\Users\Denys Victoriano\Documents\GitHub\clone\zentraw\Zentraw\3d_visualizer\Blender
🐍 Python script: C:\Users\Denys Victoriano\Documents\GitHub\clone\zentraw\Zentraw\3d_visualizer\Blender\render_audio_visualizer_v1.4.0.a.8.1.py
🔍 Verificando existência dos arquivos...
✅ Todos os arquivos validados com sucesso
🎵 Áudio: C:\Users\Denys Victoriano\Documents\GitHub\clone\zentraw\Zentraw\3d_visualizer\uploads\1753806128365_audio.wav
🖼️ Imagem: C:\Users\Denys Victoriano\Documents\GitHub\clone\zentraw\Zentraw\3d_visualizer\uploads\1753806128374_image.png
📁 Output (absoluto): C:\Users\Denys Victoriano\Documents\GitHub\clone\zentraw\Zentraw\3d_visualizer\outputs\output_v1.4.0.a.8.mp4
⚙️ Config: C:\Users\Denys Victoriano\Documents\GitHub\clone\zentraw\Zentraw\3d_visualizer\temp\config_c3496f2e-c258-4043-a96c-86acdeb08480.json
📊 CONFIGURAÇÕES APLICADAS V1.4.0.a.8.1 HOTFIX:
   🎬 Resolução: 1920x1080 (Full HD padrão)
   🎞️ FPS: 30
   🔍 Samples: 128
   ⚡ Engine: BLENDER_EEVEE_NEXT (Eevee Next padrão - Blender 4.5+)
   📊 Amplitude Multiplier: 3.0x (V1.4.0.a.7 BLINDADO)
   🌊 Suavização: 1
   🎧 Canais: mono
   📦 Escala Base: 1.0x
   📈 Escala Máxima: 5.0x
   🎯 Partículas: 64
   📏 Espaçamento: 1.2
🎬 Setting up scene...
🚀 Render engine: BLENDER_EEVEE_NEXT
📐 Resolução: 1920x1080
⚡ Eevee configurado para velocidade (samples: 64)
✅ Samples Eevee configurados
🔒 Definindo caminho de saída do render: C:\Users\Denys Victoriano\Documents\GitHub\clone\zentraw\Zentraw\3d_visualizer\outputs\output_v1.4.0.a.8.mp4
🎵 Carregando áudio...
🎵 Áudio carregado: 227324 samples, 48000Hz, 2 canais
⏱️ Duração: 4.74s, 142 frames @ 30fps
🎯 Criando sistema de cubos...
✅ 64 cubos criados
🎵 Animando baseado no áudio...
✅ Animação completa
🖼️ Adicionando imagem de fundo: C:\Users\Denys Victoriano\Documents\GitHub\clone\zentraw\Zentraw\3d_visualizer\uploads\1753806128374_image.png
🎵 Configurando áudio no sequencer...
🎬 Iniciando render...
📊 Engine: BLENDER_EEVEE_NEXT
📐 Resolução: 1920x1080
⏱️ Frames: 142
🎵 Com áudio: True
🎉 Render concluído com sucesso!
📂 Arquivos no diretório de saída (C:\Users\Denys Victoriano\Documents\GitHub\clone\zentraw\Zentraw\3d_visualizer\outputs):
 - output_v1.4.0.a.8.2_20250728_183504_20250728_183504.mp4
 - output_v1.4.0.a.8.2_20250728_183504_result.json
 - output_v1.4.0.a.8.2_20250728_184817_20250728_184817.mp4
 - output_v1.4.0.a.8.2_20250728_184817_result.json
 - output_v1.4.0.a.8.2_20250728_202027_20250728_202027.mp4
 - output_v1.4.0.a.8.2_20250728_202027_result.json
 - output_v1.4.0.a.8.2_20250728_204618_20250728_204618.mp4
 - output_v1.4.0.a.8.2_20250728_204618_result.json
 - output_v1.4.0.a.8.2_20250728_210827_20250728_210827.mp4
 - output_v1.4.0.a.8.2_20250728_210827_result.json
 - output_v1.4.0.a.8.mp4
✅ Arquivo MP4 gerado: C:\Users\Denys Victoriano\Documents\GitHub\clone\zentraw\Zentraw\3d_visualizer\outputs\output_v1.4.0.a.8.mp4

[2025-07-29T16:23:32.932Z] [DEBUG] [c3496f2e-c258-4043-a96c-86acdeb08480] Blender Output: 
Blender quit

[2025-07-29T16:23:32.998Z] [INFO] [c3496f2e-c258-4043-a96c-86acdeb08480] Blender process finalizado com código: 0
[2025-07-29T16:23:33.000Z] [SUCCESS] [c3496f2e-c258-4043-a96c-86acdeb08480] Render concluído: C:\Users\Denys Victoriano\Documents\GitHub\clone\zentraw\Zentraw\3d_visualizer\outputs\output_v1.4.0.a.8.mp4
[2025-07-29T16:58:49.683Z] [INFO] Health check solicitado
[2025-07-29T16:59:01.068Z] [INFO] [1df95dde-32bd-49dd-83e5-62bfbb0c7d1a] Iniciando render parametrizado
[2025-07-29T16:59:01.069Z] [DEBUG] [1df95dde-32bd-49dd-83e5-62bfbb0c7d1a] 🔍 DEBUG - audioFile: {"fieldname":"audio","originalname":"sample_audio3.wav","encoding":"7bit","mimetype":"audio/wav","destination":"C:\\Users\\Denys Victoriano\\Documents\\GitHub\\clone\\zentraw\\Zentraw\\3d_visualizer\\uploads","filename":"1753808341060_audio.wav","path":"C:\\Users\\Denys Victoriano\\Documents\\GitHub\\clone\\zentraw\\Zentraw\\3d_visualizer\\uploads\\1753808341060_audio.wav","size":909502}
[2025-07-29T16:59:01.070Z] [DEBUG] [1df95dde-32bd-49dd-83e5-62bfbb0c7d1a] 🔍 DEBUG - imageFile: {"fieldname":"image","originalname":"sample_cover.jpg","encoding":"7bit","mimetype":"image/jpeg","destination":"C:\\Users\\Denys Victoriano\\Documents\\GitHub\\clone\\zentraw\\Zentraw\\3d_visualizer\\uploads","filename":"1753808341065_image.jpg","path":"C:\\Users\\Denys Victoriano\\Documents\\GitHub\\clone\\zentraw\\Zentraw\\3d_visualizer\\uploads\\1753808341065_image.jpg","size":362360}
[2025-07-29T16:59:01.179Z] [INFO] [1df95dde-32bd-49dd-83e5-62bfbb0c7d1a] Executando Blender: C:\Program Files\Blender Foundation\Blender 4.5\blender.exe C:\Users\Denys Victoriano\Documents\GitHub\clone\zentraw\Zentraw\3d_visualizer\Blender\template.blend --background --python C:\Users\Denys Victoriano\Documents\GitHub\clone\zentraw\Zentraw\3d_visualizer\Blender\render_audio_visualizer_v1.4.0.a.8.1.py -- C:\Users\Denys Victoriano\Documents\GitHub\clone\zentraw\Zentraw\3d_visualizer\uploads\1753808341060_audio.wav C:\Users\Denys Victoriano\Documents\GitHub\clone\zentraw\Zentraw\3d_visualizer\uploads\1753808341065_image.jpg C:\Users\Denys Victoriano\Documents\GitHub\clone\zentraw\Zentraw\3d_visualizer\outputs\output_v1.4.0.a.8.mp4 C:\Users\Denys Victoriano\Documents\GitHub\clone\zentraw\Zentraw\3d_visualizer\temp\config_1df95dde-32bd-49dd-83e5-62bfbb0c7d1a.json
[2025-07-29T16:59:04.530Z] [DEBUG] [1df95dde-32bd-49dd-83e5-62bfbb0c7d1a] Blender Output: Blender 4.5.0 (hash 8cb6b388974a built 2025-07-15 01:36:24)
Read blend: "C:\Users\Denys Victoriano\Documents\GitHub\clone\zentraw\Zentraw\3d_visualizer\Blender\template.blend"
Fra:1 Mem:118.68M (Peak 131.29M) | Time:00:00.49 | Rendering 1 / 64 samples

[2025-07-29T16:59:04.673Z] [DEBUG] [1df95dde-32bd-49dd-83e5-62bfbb0c7d1a] Blender Output: Fra:1 Mem:119.01M (Peak 131.29M) | Time:00:00.63 | Rendering 25 / 64 samples

[2025-07-29T16:59:04.812Z] [DEBUG] [1df95dde-32bd-49dd-83e5-62bfbb0c7d1a] Blender Output: Fra:1 Mem:119.01M (Peak 131.29M) | Time:00:00.77 | Rendering 50 / 64 samples

[2025-07-29T16:59:04.888Z] [DEBUG] [1df95dde-32bd-49dd-83e5-62bfbb0c7d1a] Blender Output: Fra:1 Mem:119.01M (Peak 131.29M) | Time:00:00.85 | Rendering 64 / 64 samples

[2025-07-29T16:59:05.157Z] [DEBUG] [1df95dde-32bd-49dd-83e5-62bfbb0c7d1a] Blender Output: Append frame 1
Time: 00:01.11 (Saving: 00:00.21)


[2025-07-29T16:59:05.209Z] [DEBUG] [1df95dde-32bd-49dd-83e5-62bfbb0c7d1a] Blender Output: Fra:2 Mem:119.15M (Peak 150.65M) | Time:00:00.05 | Rendering 1 / 64 samples

[2025-07-29T16:59:05.359Z] [DEBUG] [1df95dde-32bd-49dd-83e5-62bfbb0c7d1a] Blender Output: Fra:2 Mem:119.20M (Peak 150.65M) | Time:00:00.20 | Rendering 25 / 64 samples

[2025-07-29T16:59:05.514Z] [DEBUG] [1df95dde-32bd-49dd-83e5-62bfbb0c7d1a] Blender Output: Fra:2 Mem:119.20M (Peak 150.65M) | Time:00:00.35 | Rendering 50 / 64 samples

[2025-07-29T16:59:05.601Z] [DEBUG] [1df95dde-32bd-49dd-83e5-62bfbb0c7d1a] Blender Output: Fra:2 Mem:119.20M (Peak 150.65M) | Time:00:00.44 | Rendering 64 / 64 samples

[2025-07-29T16:59:05.699Z] [DEBUG] [1df95dde-32bd-49dd-83e5-62bfbb0c7d1a] Blender Output: Append frame 2
Time: 00:00.54 (Saving: 00:00.04)


[2025-07-29T16:59:05.734Z] [DEBUG] [1df95dde-32bd-49dd-83e5-62bfbb0c7d1a] Blender Output: Fra:3 Mem:119.20M (Peak 150.84M) | Time:00:00.03 | Rendering 1 / 64 samples

[2025-07-29T16:59:05.886Z] [DEBUG] [1df95dde-32bd-49dd-83e5-62bfbb0c7d1a] Blender Output: Fra:3 Mem:119.20M (Peak 150.84M) | Time:00:00.18 | Rendering 25 / 64 samples

[2025-07-29T16:59:06.039Z] [DEBUG] [1df95dde-32bd-49dd-83e5-62bfbb0c7d1a] Blender Output: Fra:3 Mem:119.20M (Peak 150.84M) | Time:00:00.33 | Rendering 50 / 64 samples

[2025-07-29T16:59:06.125Z] [DEBUG] [1df95dde-32bd-49dd-83e5-62bfbb0c7d1a] Blender Output: Fra:3 Mem:119.20M (Peak 150.84M) | Time:00:00.42 | Rendering 64 / 64 samples

[2025-07-29T16:59:06.210Z] [DEBUG] [1df95dde-32bd-49dd-83e5-62bfbb0c7d1a] Blender Output: Append frame 3
Time: 00:00.51 (Saving: 00:00.03)


[2025-07-29T16:59:06.246Z] [DEBUG] [1df95dde-32bd-49dd-83e5-62bfbb0c7d1a] Blender Output: Fra:4 Mem:119.20M (Peak 150.84M) | Time:00:00.03 | Rendering 1 / 64 samples

[2025-07-29T16:59:06.398Z] [DEBUG] [1df95dde-32bd-49dd-83e5-62bfbb0c7d1a] Blender Output: Fra:4 Mem:119.20M (Peak 150.84M) | Time:00:00.18 | Rendering 25 / 64 samples

[2025-07-29T16:59:06.552Z] [DEBUG] [1df95dde-32bd-49dd-83e5-62bfbb0c7d1a] Blender Output: Fra:4 Mem:119.20M (Peak 150.84M) | Time:00:00.34 | Rendering 50 / 64 samples

[2025-07-29T16:59:06.640Z] [DEBUG] [1df95dde-32bd-49dd-83e5-62bfbb0c7d1a] Blender Output: Fra:4 Mem:119.20M (Peak 150.84M) | Time:00:00.43 | Rendering 64 / 64 samples

[2025-07-29T16:59:06.721Z] [DEBUG] [1df95dde-32bd-49dd-83e5-62bfbb0c7d1a] Blender Output: Append frame 4
Time: 00:00.51 (Saving: 00:00.03)


[2025-07-29T16:59:06.758Z] [DEBUG] [1df95dde-32bd-49dd-83e5-62bfbb0c7d1a] Blender Output: Fra:5 Mem:119.20M (Peak 150.84M) | Time:00:00.03 | Rendering 1 / 64 samples

[2025-07-29T16:59:06.909Z] [DEBUG] [1df95dde-32bd-49dd-83e5-62bfbb0c7d1a] Blender Output: Fra:5 Mem:119.20M (Peak 150.84M) | Time:00:00.18 | Rendering 25 / 64 samples

[2025-07-29T16:59:07.062Z] [DEBUG] [1df95dde-32bd-49dd-83e5-62bfbb0c7d1a] Blender Output: Fra:5 Mem:119.20M (Peak 150.84M) | Time:00:00.34 | Rendering 50 / 64 samples

[2025-07-29T16:59:07.149Z] [DEBUG] [1df95dde-32bd-49dd-83e5-62bfbb0c7d1a] Blender Output: Fra:5 Mem:119.20M (Peak 150.84M) | Time:00:00.42 | Rendering 64 / 64 samples

[2025-07-29T16:59:07.229Z] [DEBUG] [1df95dde-32bd-49dd-83e5-62bfbb0c7d1a] Blender Output: Append frame 5
Time: 00:00.50 (Saving: 00:00.03)


[2025-07-29T16:59:07.265Z] [DEBUG] [1df95dde-32bd-49dd-83e5-62bfbb0c7d1a] Blender Output: Fra:6 Mem:119.20M (Peak 150.84M) | Time:00:00.03 | Rendering 1 / 64 samples

[2025-07-29T16:59:07.415Z] [DEBUG] [1df95dde-32bd-49dd-83e5-62bfbb0c7d1a] Blender Output: Fra:6 Mem:119.20M (Peak 150.84M) | Time:00:00.18 | Rendering 25 / 64 samples

[2025-07-29T16:59:07.570Z] [DEBUG] [1df95dde-32bd-49dd-83e5-62bfbb0c7d1a] Blender Output: Fra:6 Mem:119.20M (Peak 150.84M) | Time:00:00.34 | Rendering 50 / 64 samples

[2025-07-29T16:59:07.656Z] [DEBUG] [1df95dde-32bd-49dd-83e5-62bfbb0c7d1a] Blender Output: Fra:6 Mem:119.20M (Peak 150.84M) | Time:00:00.42 | Rendering 64 / 64 samples

[2025-07-29T16:59:07.734Z] [DEBUG] [1df95dde-32bd-49dd-83e5-62bfbb0c7d1a] Blender Output: Append frame 6
Time: 00:00.50 (Saving: 00:00.03)


[2025-07-29T16:59:07.770Z] [DEBUG] [1df95dde-32bd-49dd-83e5-62bfbb0c7d1a] Blender Output: Fra:7 Mem:119.20M (Peak 150.84M) | Time:00:00.03 | Rendering 1 / 64 samples

[2025-07-29T16:59:07.922Z] [DEBUG] [1df95dde-32bd-49dd-83e5-62bfbb0c7d1a] Blender Output: Fra:7 Mem:119.20M (Peak 150.84M) | Time:00:00.18 | Rendering 25 / 64 samples

[2025-07-29T16:59:08.077Z] [DEBUG] [1df95dde-32bd-49dd-83e5-62bfbb0c7d1a] Blender Output: Fra:7 Mem:119.20M (Peak 150.84M) | Time:00:00.34 | Rendering 50 / 64 samples

[2025-07-29T16:59:08.163Z] [DEBUG] [1df95dde-32bd-49dd-83e5-62bfbb0c7d1a] Blender Output: Fra:7 Mem:119.20M (Peak 150.84M) | Time:00:00.42 | Rendering 64 / 64 samples

[2025-07-29T16:59:08.238Z] [DEBUG] [1df95dde-32bd-49dd-83e5-62bfbb0c7d1a] Blender Output: Append frame 7
Time: 00:00.50 (Saving: 00:00.03)


[2025-07-29T16:59:08.275Z] [DEBUG] [1df95dde-32bd-49dd-83e5-62bfbb0c7d1a] Blender Output: Fra:8 Mem:119.20M (Peak 150.84M) | Time:00:00.03 | Rendering 1 / 64 samples

[2025-07-29T16:59:08.431Z] [DEBUG] [1df95dde-32bd-49dd-83e5-62bfbb0c7d1a] Blender Output: Fra:8 Mem:119.20M (Peak 150.84M) | Time:00:00.19 | Rendering 25 / 64 samples

[2025-07-29T16:59:08.590Z] [DEBUG] [1df95dde-32bd-49dd-83e5-62bfbb0c7d1a] Blender Output: Fra:8 Mem:119.20M (Peak 150.84M) | Time:00:00.35 | Rendering 50 / 64 samples

[2025-07-29T16:59:08.678Z] [DEBUG] [1df95dde-32bd-49dd-83e5-62bfbb0c7d1a] Blender Output: Fra:8 Mem:119.20M (Peak 150.84M) | Time:00:00.43 | Rendering 64 / 64 samples

[2025-07-29T16:59:08.756Z] [DEBUG] [1df95dde-32bd-49dd-83e5-62bfbb0c7d1a] Blender Output: Append frame 8
Time: 00:00.51 (Saving: 00:00.03)


[2025-07-29T16:59:08.798Z] [DEBUG] [1df95dde-32bd-49dd-83e5-62bfbb0c7d1a] Blender Output: Fra:9 Mem:119.20M (Peak 150.84M) | Time:00:00.04 | Rendering 1 / 64 samples

[2025-07-29T16:59:08.957Z] [DEBUG] [1df95dde-32bd-49dd-83e5-62bfbb0c7d1a] Blender Output: Fra:9 Mem:119.20M (Peak 150.84M) | Time:00:00.20 | Rendering 25 / 64 samples

[2025-07-29T16:59:09.116Z] [DEBUG] [1df95dde-32bd-49dd-83e5-62bfbb0c7d1a] Blender Output: Fra:9 Mem:119.20M (Peak 150.84M) | Time:00:00.35 | Rendering 50 / 64 samples

[2025-07-29T16:59:09.205Z] [DEBUG] [1df95dde-32bd-49dd-83e5-62bfbb0c7d1a] Blender Output: Fra:9 Mem:119.20M (Peak 150.84M) | Time:00:00.44 | Rendering 64 / 64 samples

[2025-07-29T16:59:09.283Z] [DEBUG] [1df95dde-32bd-49dd-83e5-62bfbb0c7d1a] Blender Output: Append frame 9
Time: 00:00.52 (Saving: 00:00.03)


[2025-07-29T16:59:09.319Z] [DEBUG] [1df95dde-32bd-49dd-83e5-62bfbb0c7d1a] Blender Output: Fra:10 Mem:119.20M (Peak 150.84M) | Time:00:00.03 | Rendering 1 / 64 samples

[2025-07-29T16:59:09.469Z] [DEBUG] [1df95dde-32bd-49dd-83e5-62bfbb0c7d1a] Blender Output: Fra:10 Mem:119.20M (Peak 150.84M) | Time:00:00.18 | Rendering 25 / 64 samples

[2025-07-29T16:59:09.622Z] [DEBUG] [1df95dde-32bd-49dd-83e5-62bfbb0c7d1a] Blender Output: Fra:10 Mem:119.20M (Peak 150.84M) | Time:00:00.33 | Rendering 50 / 64 samples

[2025-07-29T16:59:09.709Z] [DEBUG] [1df95dde-32bd-49dd-83e5-62bfbb0c7d1a] Blender Output: Fra:10 Mem:119.20M (Peak 150.84M) | Time:00:00.42 | Rendering 64 / 64 samples

[2025-07-29T16:59:09.790Z] [DEBUG] [1df95dde-32bd-49dd-83e5-62bfbb0c7d1a] Blender Output: Append frame 10
Time: 00:00.50 (Saving: 00:00.03)


[2025-07-29T16:59:09.831Z] [DEBUG] [1df95dde-32bd-49dd-83e5-62bfbb0c7d1a] Blender Output: Fra:11 Mem:119.20M (Peak 150.84M) | Time:00:00.04 | Rendering 1 / 64 samples

[2025-07-29T16:59:09.985Z] [DEBUG] [1df95dde-32bd-49dd-83e5-62bfbb0c7d1a] Blender Output: Fra:11 Mem:119.20M (Peak 150.84M) | Time:00:00.19 | Rendering 25 / 64 samples

[2025-07-29T16:59:10.139Z] [DEBUG] [1df95dde-32bd-49dd-83e5-62bfbb0c7d1a] Blender Output: Fra:11 Mem:119.20M (Peak 150.84M) | Time:00:00.34 | Rendering 50 / 64 samples

[2025-07-29T16:59:10.225Z] [DEBUG] [1df95dde-32bd-49dd-83e5-62bfbb0c7d1a] Blender Output: Fra:11 Mem:119.20M (Peak 150.84M) | Time:00:00.43 | Rendering 64 / 64 samples

[2025-07-29T16:59:10.303Z] [DEBUG] [1df95dde-32bd-49dd-83e5-62bfbb0c7d1a] Blender Output: Append frame 11
Time: 00:00.51 (Saving: 00:00.03)


[2025-07-29T16:59:10.338Z] [DEBUG] [1df95dde-32bd-49dd-83e5-62bfbb0c7d1a] Blender Output: Fra:12 Mem:119.20M (Peak 150.84M) | Time:00:00.03 | Rendering 1 / 64 samples

[2025-07-29T16:59:10.490Z] [DEBUG] [1df95dde-32bd-49dd-83e5-62bfbb0c7d1a] Blender Output: Fra:12 Mem:119.20M (Peak 150.84M) | Time:00:00.18 | Rendering 25 / 64 samples

[2025-07-29T16:59:10.646Z] [DEBUG] [1df95dde-32bd-49dd-83e5-62bfbb0c7d1a] Blender Output: Fra:12 Mem:119.20M (Peak 150.84M) | Time:00:00.34 | Rendering 50 / 64 samples

[2025-07-29T16:59:10.737Z] [DEBUG] [1df95dde-32bd-49dd-83e5-62bfbb0c7d1a] Blender Output: Fra:12 Mem:119.20M (Peak 150.84M) | Time:00:00.43 | Rendering 64 / 64 samples

[2025-07-29T16:59:10.819Z] [DEBUG] [1df95dde-32bd-49dd-83e5-62bfbb0c7d1a] Blender Output: Append frame 12
Time: 00:00.51 (Saving: 00:00.03)


[2025-07-29T16:59:10.856Z] [DEBUG] [1df95dde-32bd-49dd-83e5-62bfbb0c7d1a] Blender Output: Fra:13 Mem:119.20M (Peak 150.84M) | Time:00:00.03 | Rendering 1 / 64 samples

[2025-07-29T16:59:11.008Z] [DEBUG] [1df95dde-32bd-49dd-83e5-62bfbb0c7d1a] Blender Output: Fra:13 Mem:119.20M (Peak 150.84M) | Time:00:00.18 | Rendering 25 / 64 samples

[2025-07-29T16:59:11.162Z] [DEBUG] [1df95dde-32bd-49dd-83e5-62bfbb0c7d1a] Blender Output: Fra:13 Mem:119.20M (Peak 150.84M) | Time:00:00.34 | Rendering 50 / 64 samples

[2025-07-29T16:59:11.248Z] [DEBUG] [1df95dde-32bd-49dd-83e5-62bfbb0c7d1a] Blender Output: Fra:13 Mem:119.20M (Peak 150.84M) | Time:00:00.42 | Rendering 64 / 64 samples

[2025-07-29T16:59:11.325Z] [DEBUG] [1df95dde-32bd-49dd-83e5-62bfbb0c7d1a] Blender Output: Append frame 13
Time: 00:00.50 (Saving: 00:00.03)


[2025-07-29T16:59:11.361Z] [DEBUG] [1df95dde-32bd-49dd-83e5-62bfbb0c7d1a] Blender Output: Fra:14 Mem:119.20M (Peak 150.84M) | Time:00:00.03 | Rendering 1 / 64 samples

[2025-07-29T16:59:11.511Z] [DEBUG] [1df95dde-32bd-49dd-83e5-62bfbb0c7d1a] Blender Output: Fra:14 Mem:119.20M (Peak 150.84M) | Time:00:00.18 | Rendering 25 / 64 samples

[2025-07-29T16:59:11.664Z] [DEBUG] [1df95dde-32bd-49dd-83e5-62bfbb0c7d1a] Blender Output: Fra:14 Mem:119.20M (Peak 150.84M) | Time:00:00.33 | Rendering 50 / 64 samples

[2025-07-29T16:59:11.749Z] [DEBUG] [1df95dde-32bd-49dd-83e5-62bfbb0c7d1a] Blender Output: Fra:14 Mem:119.20M (Peak 150.84M) | Time:00:00.42 | Rendering 64 / 64 samples

[2025-07-29T16:59:11.827Z] [DEBUG] [1df95dde-32bd-49dd-83e5-62bfbb0c7d1a] Blender Output: Append frame 14
Time: 00:00.50 (Saving: 00:00.03)


[2025-07-29T16:59:11.863Z] [DEBUG] [1df95dde-32bd-49dd-83e5-62bfbb0c7d1a] Blender Output: Fra:15 Mem:119.20M (Peak 150.84M) | Time:00:00.03 | Rendering 1 / 64 samples

[2025-07-29T16:59:12.019Z] [DEBUG] [1df95dde-32bd-49dd-83e5-62bfbb0c7d1a] Blender Output: Fra:15 Mem:119.20M (Peak 150.84M) | Time:00:00.19 | Rendering 25 / 64 samples

[2025-07-29T16:59:12.178Z] [DEBUG] [1df95dde-32bd-49dd-83e5-62bfbb0c7d1a] Blender Output: Fra:15 Mem:119.20M (Peak 150.84M) | Time:00:00.35 | Rendering 50 / 64 samples

[2025-07-29T16:59:12.267Z] [DEBUG] [1df95dde-32bd-49dd-83e5-62bfbb0c7d1a] Blender Output: Fra:15 Mem:119.20M (Peak 150.84M) | Time:00:00.43 | Rendering 64 / 64 samples

[2025-07-29T16:59:12.346Z] [DEBUG] [1df95dde-32bd-49dd-83e5-62bfbb0c7d1a] Blender Output: Append frame 15
Time: 00:00.51 (Saving: 00:00.03)


[2025-07-29T16:59:12.381Z] [DEBUG] [1df95dde-32bd-49dd-83e5-62bfbb0c7d1a] Blender Output: Fra:16 Mem:119.20M (Peak 150.84M) | Time:00:00.03 | Rendering 1 / 64 samples

[2025-07-29T16:59:12.533Z] [DEBUG] [1df95dde-32bd-49dd-83e5-62bfbb0c7d1a] Blender Output: Fra:16 Mem:119.20M (Peak 150.84M) | Time:00:00.18 | Rendering 25 / 64 samples

[2025-07-29T16:59:12.689Z] [DEBUG] [1df95dde-32bd-49dd-83e5-62bfbb0c7d1a] Blender Output: Fra:16 Mem:119.20M (Peak 150.84M) | Time:00:00.34 | Rendering 50 / 64 samples

[2025-07-29T16:59:12.776Z] [DEBUG] [1df95dde-32bd-49dd-83e5-62bfbb0c7d1a] Blender Output: Fra:16 Mem:119.20M (Peak 150.84M) | Time:00:00.43 | Rendering 64 / 64 samples

[2025-07-29T16:59:12.858Z] [DEBUG] [1df95dde-32bd-49dd-83e5-62bfbb0c7d1a] Blender Output: Append frame 16
Time: 00:00.51 (Saving: 00:00.03)


[2025-07-29T16:59:12.894Z] [DEBUG] [1df95dde-32bd-49dd-83e5-62bfbb0c7d1a] Blender Output: Fra:17 Mem:119.20M (Peak 150.84M) | Time:00:00.03 | Rendering 1 / 64 samples

[2025-07-29T16:59:13.043Z] [DEBUG] [1df95dde-32bd-49dd-83e5-62bfbb0c7d1a] Blender Output: Fra:17 Mem:119.20M (Peak 150.84M) | Time:00:00.18 | Rendering 25 / 64 samples

[2025-07-29T16:59:13.197Z] [DEBUG] [1df95dde-32bd-49dd-83e5-62bfbb0c7d1a] Blender Output: Fra:17 Mem:119.20M (Peak 150.84M) | Time:00:00.33 | Rendering 50 / 64 samples

[2025-07-29T16:59:13.283Z] [DEBUG] [1df95dde-32bd-49dd-83e5-62bfbb0c7d1a] Blender Output: Fra:17 Mem:119.20M (Peak 150.84M) | Time:00:00.42 | Rendering 64 / 64 samples

[2025-07-29T16:59:13.362Z] [DEBUG] [1df95dde-32bd-49dd-83e5-62bfbb0c7d1a] Blender Output: Append frame 17
Time: 00:00.50 (Saving: 00:00.03)


[2025-07-29T16:59:13.398Z] [DEBUG] [1df95dde-32bd-49dd-83e5-62bfbb0c7d1a] Blender Output: Fra:18 Mem:119.20M (Peak 150.84M) | Time:00:00.03 | Rendering 1 / 64 samples

[2025-07-29T16:59:13.549Z] [DEBUG] [1df95dde-32bd-49dd-83e5-62bfbb0c7d1a] Blender Output: Fra:18 Mem:119.20M (Peak 150.84M) | Time:00:00.18 | Rendering 25 / 64 samples

[2025-07-29T16:59:13.703Z] [DEBUG] [1df95dde-32bd-49dd-83e5-62bfbb0c7d1a] Blender Output: Fra:18 Mem:119.20M (Peak 150.84M) | Time:00:00.34 | Rendering 50 / 64 samples

[2025-07-29T16:59:13.790Z] [DEBUG] [1df95dde-32bd-49dd-83e5-62bfbb0c7d1a] Blender Output: Fra:18 Mem:119.20M (Peak 150.84M) | Time:00:00.42 | Rendering 64 / 64 samples

[2025-07-29T16:59:13.871Z] [DEBUG] [1df95dde-32bd-49dd-83e5-62bfbb0c7d1a] Blender Output: Append frame 18
Time: 00:00.50 (Saving: 00:00.03)


[2025-07-29T16:59:13.908Z] [DEBUG] [1df95dde-32bd-49dd-83e5-62bfbb0c7d1a] Blender Output: Fra:19 Mem:119.20M (Peak 150.84M) | Time:00:00.03 | Rendering 1 / 64 samples

[2025-07-29T16:59:14.059Z] [DEBUG] [1df95dde-32bd-49dd-83e5-62bfbb0c7d1a] Blender Output: Fra:19 Mem:119.20M (Peak 150.84M) | Time:00:00.18 | Rendering 25 / 64 samples

[2025-07-29T16:59:14.214Z] [DEBUG] [1df95dde-32bd-49dd-83e5-62bfbb0c7d1a] Blender Output: Fra:19 Mem:119.20M (Peak 150.84M) | Time:00:00.34 | Rendering 50 / 64 samples

[2025-07-29T16:59:14.301Z] [DEBUG] [1df95dde-32bd-49dd-83e5-62bfbb0c7d1a] Blender Output: Fra:19 Mem:119.20M (Peak 150.84M) | Time:00:00.42 | Rendering 64 / 64 samples

[2025-07-29T16:59:14.377Z] [DEBUG] [1df95dde-32bd-49dd-83e5-62bfbb0c7d1a] Blender Output: Append frame 19
Time: 00:00.50 (Saving: 00:00.03)


[2025-07-29T16:59:14.413Z] [DEBUG] [1df95dde-32bd-49dd-83e5-62bfbb0c7d1a] Blender Output: Fra:20 Mem:119.20M (Peak 150.84M) | Time:00:00.03 | Rendering 1 / 64 samples

[2025-07-29T16:59:14.565Z] [DEBUG] [1df95dde-32bd-49dd-83e5-62bfbb0c7d1a] Blender Output: Fra:20 Mem:119.20M (Peak 150.84M) | Time:00:00.18 | Rendering 25 / 64 samples

[2025-07-29T16:59:14.719Z] [DEBUG] [1df95dde-32bd-49dd-83e5-62bfbb0c7d1a] Blender Output: Fra:20 Mem:119.20M (Peak 150.84M) | Time:00:00.34 | Rendering 50 / 64 samples

[2025-07-29T16:59:14.806Z] [DEBUG] [1df95dde-32bd-49dd-83e5-62bfbb0c7d1a] Blender Output: Fra:20 Mem:119.20M (Peak 150.84M) | Time:00:00.42 | Rendering 64 / 64 samples

[2025-07-29T16:59:14.887Z] [DEBUG] [1df95dde-32bd-49dd-83e5-62bfbb0c7d1a] Blender Output: Append frame 20
Time: 00:00.50 (Saving: 00:00.03)


[2025-07-29T16:59:14.924Z] [DEBUG] [1df95dde-32bd-49dd-83e5-62bfbb0c7d1a] Blender Output: Fra:21 Mem:119.20M (Peak 150.84M) | Time:00:00.03 | Rendering 1 / 64 samples

[2025-07-29T16:59:15.075Z] [DEBUG] [1df95dde-32bd-49dd-83e5-62bfbb0c7d1a] Blender Output: Fra:21 Mem:119.20M (Peak 150.84M) | Time:00:00.18 | Rendering 25 / 64 samples

[2025-07-29T16:59:15.231Z] [DEBUG] [1df95dde-32bd-49dd-83e5-62bfbb0c7d1a] Blender Output: Fra:21 Mem:119.20M (Peak 150.84M) | Time:00:00.34 | Rendering 50 / 64 samples

[2025-07-29T16:59:15.316Z] [DEBUG] [1df95dde-32bd-49dd-83e5-62bfbb0c7d1a] Blender Output: Fra:21 Mem:119.20M (Peak 150.84M) | Time:00:00.42 | Rendering 64 / 64 samples

[2025-07-29T16:59:15.396Z] [DEBUG] [1df95dde-32bd-49dd-83e5-62bfbb0c7d1a] Blender Output: Append frame 21
Time: 00:00.50 (Saving: 00:00.03)


[2025-07-29T16:59:15.432Z] [DEBUG] [1df95dde-32bd-49dd-83e5-62bfbb0c7d1a] Blender Output: Fra:22 Mem:119.20M (Peak 150.84M) | Time:00:00.03 | Rendering 1 / 64 samples

[2025-07-29T16:59:15.583Z] [DEBUG] [1df95dde-32bd-49dd-83e5-62bfbb0c7d1a] Blender Output: Fra:22 Mem:119.20M (Peak 150.84M) | Time:00:00.18 | Rendering 25 / 64 samples

[2025-07-29T16:59:15.738Z] [DEBUG] [1df95dde-32bd-49dd-83e5-62bfbb0c7d1a] Blender Output: Fra:22 Mem:119.20M (Peak 150.84M) | Time:00:00.34 | Rendering 50 / 64 samples

[2025-07-29T16:59:15.825Z] [DEBUG] [1df95dde-32bd-49dd-83e5-62bfbb0c7d1a] Blender Output: Fra:22 Mem:119.20M (Peak 150.84M) | Time:00:00.42 | Rendering 64 / 64 samples

[2025-07-29T16:59:15.907Z] [DEBUG] [1df95dde-32bd-49dd-83e5-62bfbb0c7d1a] Blender Output: Append frame 22
Time: 00:00.51 (Saving: 00:00.04)


[2025-07-29T16:59:15.943Z] [DEBUG] [1df95dde-32bd-49dd-83e5-62bfbb0c7d1a] Blender Output: Fra:23 Mem:119.20M (Peak 150.84M) | Time:00:00.03 | Rendering 1 / 64 samples

[2025-07-29T16:59:16.094Z] [DEBUG] [1df95dde-32bd-49dd-83e5-62bfbb0c7d1a] Blender Output: Fra:23 Mem:119.20M (Peak 150.84M) | Time:00:00.18 | Rendering 25 / 64 samples

[2025-07-29T16:59:16.249Z] [DEBUG] [1df95dde-32bd-49dd-83e5-62bfbb0c7d1a] Blender Output: Fra:23 Mem:119.20M (Peak 150.84M) | Time:00:00.34 | Rendering 50 / 64 samples

[2025-07-29T16:59:16.336Z] [DEBUG] [1df95dde-32bd-49dd-83e5-62bfbb0c7d1a] Blender Output: Fra:23 Mem:119.20M (Peak 150.84M) | Time:00:00.42 | Rendering 64 / 64 samples

[2025-07-29T16:59:16.417Z] [DEBUG] [1df95dde-32bd-49dd-83e5-62bfbb0c7d1a] Blender Output: Append frame 23
Time: 00:00.51 (Saving: 00:00.03)


[2025-07-29T16:59:16.453Z] [DEBUG] [1df95dde-32bd-49dd-83e5-62bfbb0c7d1a] Blender Output: Fra:24 Mem:119.20M (Peak 150.84M) | Time:00:00.03 | Rendering 1 / 64 samples

[2025-07-29T16:59:16.604Z] [DEBUG] [1df95dde-32bd-49dd-83e5-62bfbb0c7d1a] Blender Output: Fra:24 Mem:119.20M (Peak 150.84M) | Time:00:00.18 | Rendering 25 / 64 samples

[2025-07-29T16:59:16.758Z] [DEBUG] [1df95dde-32bd-49dd-83e5-62bfbb0c7d1a] Blender Output: Fra:24 Mem:119.20M (Peak 150.84M) | Time:00:00.34 | Rendering 50 / 64 samples

[2025-07-29T16:59:16.845Z] [DEBUG] [1df95dde-32bd-49dd-83e5-62bfbb0c7d1a] Blender Output: Fra:24 Mem:119.20M (Peak 150.84M) | Time:00:00.42 | Rendering 64 / 64 samples

[2025-07-29T16:59:16.924Z] [DEBUG] [1df95dde-32bd-49dd-83e5-62bfbb0c7d1a] Blender Output: Append frame 24
Time: 00:00.50 (Saving: 00:00.03)


[2025-07-29T16:59:16.961Z] [DEBUG] [1df95dde-32bd-49dd-83e5-62bfbb0c7d1a] Blender Output: Fra:25 Mem:119.20M (Peak 150.84M) | Time:00:00.03 | Rendering 1 / 64 samples

[2025-07-29T16:59:17.113Z] [DEBUG] [1df95dde-32bd-49dd-83e5-62bfbb0c7d1a] Blender Output: Fra:25 Mem:119.20M (Peak 150.84M) | Time:00:00.18 | Rendering 25 / 64 samples

[2025-07-29T16:59:17.270Z] [DEBUG] [1df95dde-32bd-49dd-83e5-62bfbb0c7d1a] Blender Output: Fra:25 Mem:119.20M (Peak 150.84M) | Time:00:00.34 | Rendering 50 / 64 samples

[2025-07-29T16:59:17.360Z] [DEBUG] [1df95dde-32bd-49dd-83e5-62bfbb0c7d1a] Blender Output: Fra:25 Mem:119.20M (Peak 150.84M) | Time:00:00.43 | Rendering 64 / 64 samples

[2025-07-29T16:59:17.437Z] [DEBUG] [1df95dde-32bd-49dd-83e5-62bfbb0c7d1a] Blender Output: Append frame 25
Time: 00:00.51 (Saving: 00:00.03)


[2025-07-29T16:59:17.473Z] [DEBUG] [1df95dde-32bd-49dd-83e5-62bfbb0c7d1a] Blender Output: Fra:26 Mem:119.20M (Peak 150.84M) | Time:00:00.03 | Rendering 1 / 64 samples

[2025-07-29T16:59:17.624Z] [DEBUG] [1df95dde-32bd-49dd-83e5-62bfbb0c7d1a] Blender Output: Fra:26 Mem:119.20M (Peak 150.84M) | Time:00:00.18 | Rendering 25 / 64 samples

[2025-07-29T16:59:17.778Z] [DEBUG] [1df95dde-32bd-49dd-83e5-62bfbb0c7d1a] Blender Output: Fra:26 Mem:119.20M (Peak 150.84M) | Time:00:00.34 | Rendering 50 / 64 samples

[2025-07-29T16:59:17.866Z] [DEBUG] [1df95dde-32bd-49dd-83e5-62bfbb0c7d1a] Blender Output: Fra:26 Mem:119.20M (Peak 150.84M) | Time:00:00.42 | Rendering 64 / 64 samples

[2025-07-29T16:59:17.945Z] [DEBUG] [1df95dde-32bd-49dd-83e5-62bfbb0c7d1a] Blender Output: Append frame 26
Time: 00:00.50 (Saving: 00:00.03)


[2025-07-29T16:59:17.982Z] [DEBUG] [1df95dde-32bd-49dd-83e5-62bfbb0c7d1a] Blender Output: Fra:27 Mem:119.20M (Peak 150.84M) | Time:00:00.03 | Rendering 1 / 64 samples

[2025-07-29T16:59:18.134Z] [DEBUG] [1df95dde-32bd-49dd-83e5-62bfbb0c7d1a] Blender Output: Fra:27 Mem:119.20M (Peak 150.84M) | Time:00:00.18 | Rendering 25 / 64 samples

[2025-07-29T16:59:18.288Z] [DEBUG] [1df95dde-32bd-49dd-83e5-62bfbb0c7d1a] Blender Output: Fra:27 Mem:119.20M (Peak 150.84M) | Time:00:00.34 | Rendering 50 / 64 samples

[2025-07-29T16:59:18.374Z] [DEBUG] [1df95dde-32bd-49dd-83e5-62bfbb0c7d1a] Blender Output: Fra:27 Mem:119.20M (Peak 150.84M) | Time:00:00.42 | Rendering 64 / 64 samples

[2025-07-29T16:59:18.455Z] [DEBUG] [1df95dde-32bd-49dd-83e5-62bfbb0c7d1a] Blender Output: Append frame 27
Time: 00:00.51 (Saving: 00:00.03)


[2025-07-29T16:59:18.492Z] [DEBUG] [1df95dde-32bd-49dd-83e5-62bfbb0c7d1a] Blender Output: Fra:28 Mem:119.20M (Peak 150.84M) | Time:00:00.03 | Rendering 1 / 64 samples

[2025-07-29T16:59:18.644Z] [DEBUG] [1df95dde-32bd-49dd-83e5-62bfbb0c7d1a] Blender Output: Fra:28 Mem:119.20M (Peak 150.84M) | Time:00:00.18 | Rendering 25 / 64 samples

[2025-07-29T16:59:18.797Z] [DEBUG] [1df95dde-32bd-49dd-83e5-62bfbb0c7d1a] Blender Output: Fra:28 Mem:119.20M (Peak 150.84M) | Time:00:00.34 | Rendering 50 / 64 samples

[2025-07-29T16:59:18.884Z] [DEBUG] [1df95dde-32bd-49dd-83e5-62bfbb0c7d1a] Blender Output: Fra:28 Mem:119.20M (Peak 150.84M) | Time:00:00.42 | Rendering 64 / 64 samples

[2025-07-29T16:59:18.965Z] [DEBUG] [1df95dde-32bd-49dd-83e5-62bfbb0c7d1a] Blender Output: Append frame 28
Time: 00:00.50 (Saving: 00:00.03)


[2025-07-29T16:59:19.001Z] [DEBUG] [1df95dde-32bd-49dd-83e5-62bfbb0c7d1a] Blender Output: Fra:29 Mem:119.20M (Peak 150.84M) | Time:00:00.03 | Rendering 1 / 64 samples

[2025-07-29T16:59:19.154Z] [DEBUG] [1df95dde-32bd-49dd-83e5-62bfbb0c7d1a] Blender Output: Fra:29 Mem:119.20M (Peak 150.84M) | Time:00:00.18 | Rendering 25 / 64 samples

[2025-07-29T16:59:19.309Z] [DEBUG] [1df95dde-32bd-49dd-83e5-62bfbb0c7d1a] Blender Output: Fra:29 Mem:119.20M (Peak 150.84M) | Time:00:00.34 | Rendering 50 / 64 samples

[2025-07-29T16:59:19.395Z] [DEBUG] [1df95dde-32bd-49dd-83e5-62bfbb0c7d1a] Blender Output: Fra:29 Mem:119.20M (Peak 150.84M) | Time:00:00.43 | Rendering 64 / 64 samples

[2025-07-29T16:59:19.472Z] [DEBUG] [1df95dde-32bd-49dd-83e5-62bfbb0c7d1a] Blender Output: Append frame 29
Time: 00:00.50 (Saving: 00:00.03)


[2025-07-29T16:59:19.509Z] [DEBUG] [1df95dde-32bd-49dd-83e5-62bfbb0c7d1a] Blender Output: Fra:30 Mem:119.20M (Peak 150.84M) | Time:00:00.03 | Rendering 1 / 64 samples

[2025-07-29T16:59:19.661Z] [DEBUG] [1df95dde-32bd-49dd-83e5-62bfbb0c7d1a] Blender Output: Fra:30 Mem:119.20M (Peak 150.84M) | Time:00:00.18 | Rendering 25 / 64 samples

[2025-07-29T16:59:19.816Z] [DEBUG] [1df95dde-32bd-49dd-83e5-62bfbb0c7d1a] Blender Output: Fra:30 Mem:119.20M (Peak 150.84M) | Time:00:00.34 | Rendering 50 / 64 samples

[2025-07-29T16:59:19.904Z] [DEBUG] [1df95dde-32bd-49dd-83e5-62bfbb0c7d1a] Blender Output: Fra:30 Mem:119.20M (Peak 150.84M) | Time:00:00.43 | Rendering 64 / 64 samples

[2025-07-29T16:59:19.980Z] [DEBUG] [1df95dde-32bd-49dd-83e5-62bfbb0c7d1a] Blender Output: Append frame 30
Time: 00:00.50 (Saving: 00:00.03)


[2025-07-29T16:59:20.016Z] [DEBUG] [1df95dde-32bd-49dd-83e5-62bfbb0c7d1a] Blender Output: Fra:31 Mem:119.20M (Peak 150.84M) | Time:00:00.03 | Rendering 1 / 64 samples

[2025-07-29T16:59:20.169Z] [DEBUG] [1df95dde-32bd-49dd-83e5-62bfbb0c7d1a] Blender Output: Fra:31 Mem:119.20M (Peak 150.84M) | Time:00:00.18 | Rendering 25 / 64 samples

[2025-07-29T16:59:20.326Z] [DEBUG] [1df95dde-32bd-49dd-83e5-62bfbb0c7d1a] Blender Output: Fra:31 Mem:119.20M (Peak 150.84M) | Time:00:00.34 | Rendering 50 / 64 samples

[2025-07-29T16:59:20.414Z] [DEBUG] [1df95dde-32bd-49dd-83e5-62bfbb0c7d1a] Blender Output: Fra:31 Mem:119.20M (Peak 150.84M) | Time:00:00.43 | Rendering 64 / 64 samples

[2025-07-29T16:59:20.492Z] [DEBUG] [1df95dde-32bd-49dd-83e5-62bfbb0c7d1a] Blender Output: Append frame 31
Time: 00:00.51 (Saving: 00:00.03)


[2025-07-29T16:59:20.529Z] [DEBUG] [1df95dde-32bd-49dd-83e5-62bfbb0c7d1a] Blender Output: Fra:32 Mem:119.20M (Peak 150.84M) | Time:00:00.03 | Rendering 1 / 64 samples

[2025-07-29T16:59:20.684Z] [DEBUG] [1df95dde-32bd-49dd-83e5-62bfbb0c7d1a] Blender Output: Fra:32 Mem:119.20M (Peak 150.84M) | Time:00:00.19 | Rendering 25 / 64 samples

[2025-07-29T16:59:20.842Z] [DEBUG] [1df95dde-32bd-49dd-83e5-62bfbb0c7d1a] Blender Output: Fra:32 Mem:119.20M (Peak 150.84M) | Time:00:00.34 | Rendering 50 / 64 samples

[2025-07-29T16:59:20.929Z] [DEBUG] [1df95dde-32bd-49dd-83e5-62bfbb0c7d1a] Blender Output: Fra:32 Mem:119.20M (Peak 150.84M) | Time:00:00.43 | Rendering 64 / 64 samples

[2025-07-29T16:59:21.007Z] [DEBUG] [1df95dde-32bd-49dd-83e5-62bfbb0c7d1a] Blender Output: Append frame 32
Time: 00:00.51 (Saving: 00:00.03)


[2025-07-29T16:59:21.044Z] [DEBUG] [1df95dde-32bd-49dd-83e5-62bfbb0c7d1a] Blender Output: Fra:33 Mem:119.20M (Peak 150.84M) | Time:00:00.03 | Rendering 1 / 64 samples

[2025-07-29T16:59:21.199Z] [DEBUG] [1df95dde-32bd-49dd-83e5-62bfbb0c7d1a] Blender Output: Fra:33 Mem:119.20M (Peak 150.84M) | Time:00:00.19 | Rendering 25 / 64 samples

[2025-07-29T16:59:21.357Z] [DEBUG] [1df95dde-32bd-49dd-83e5-62bfbb0c7d1a] Blender Output: Fra:33 Mem:119.20M (Peak 150.84M) | Time:00:00.35 | Rendering 50 / 64 samples

[2025-07-29T16:59:21.445Z] [DEBUG] [1df95dde-32bd-49dd-83e5-62bfbb0c7d1a] Blender Output: Fra:33 Mem:119.20M (Peak 150.84M) | Time:00:00.43 | Rendering 64 / 64 samples

[2025-07-29T16:59:21.526Z] [DEBUG] [1df95dde-32bd-49dd-83e5-62bfbb0c7d1a] Blender Output: Append frame 33
Time: 00:00.51 (Saving: 00:00.03)


[2025-07-29T16:59:21.563Z] [DEBUG] [1df95dde-32bd-49dd-83e5-62bfbb0c7d1a] Blender Output: Fra:34 Mem:119.20M (Peak 150.84M) | Time:00:00.03 | Rendering 1 / 64 samples

[2025-07-29T16:59:21.714Z] [DEBUG] [1df95dde-32bd-49dd-83e5-62bfbb0c7d1a] Blender Output: Fra:34 Mem:119.20M (Peak 150.84M) | Time:00:00.18 | Rendering 25 / 64 samples

[2025-07-29T16:59:21.869Z] [DEBUG] [1df95dde-32bd-49dd-83e5-62bfbb0c7d1a] Blender Output: Fra:34 Mem:119.20M (Peak 150.84M) | Time:00:00.34 | Rendering 50 / 64 samples

[2025-07-29T16:59:21.955Z] [DEBUG] [1df95dde-32bd-49dd-83e5-62bfbb0c7d1a] Blender Output: Fra:34 Mem:119.20M (Peak 150.84M) | Time:00:00.42 | Rendering 64 / 64 samples

[2025-07-29T16:59:22.035Z] [DEBUG] [1df95dde-32bd-49dd-83e5-62bfbb0c7d1a] Blender Output: Append frame 34
Time: 00:00.50 (Saving: 00:00.03)


[2025-07-29T16:59:22.071Z] [DEBUG] [1df95dde-32bd-49dd-83e5-62bfbb0c7d1a] Blender Output: Fra:35 Mem:119.20M (Peak 150.84M) | Time:00:00.03 | Rendering 1 / 64 samples

[2025-07-29T16:59:22.227Z] [DEBUG] [1df95dde-32bd-49dd-83e5-62bfbb0c7d1a] Blender Output: Fra:35 Mem:119.20M (Peak 150.84M) | Time:00:00.19 | Rendering 25 / 64 samples

[2025-07-29T16:59:22.385Z] [DEBUG] [1df95dde-32bd-49dd-83e5-62bfbb0c7d1a] Blender Output: Fra:35 Mem:119.20M (Peak 150.84M) | Time:00:00.35 | Rendering 50 / 64 samples

[2025-07-29T16:59:22.473Z] [DEBUG] [1df95dde-32bd-49dd-83e5-62bfbb0c7d1a] Blender Output: Fra:35 Mem:119.20M (Peak 150.84M) | Time:00:00.43 | Rendering 64 / 64 samples

[2025-07-29T16:59:22.554Z] [DEBUG] [1df95dde-32bd-49dd-83e5-62bfbb0c7d1a] Blender Output: Append frame 35
Time: 00:00.51 (Saving: 00:00.03)


[2025-07-29T16:59:22.590Z] [DEBUG] [1df95dde-32bd-49dd-83e5-62bfbb0c7d1a] Blender Output: Fra:36 Mem:119.20M (Peak 150.84M) | Time:00:00.03 | Rendering 1 / 64 samples

[2025-07-29T16:59:22.742Z] [DEBUG] [1df95dde-32bd-49dd-83e5-62bfbb0c7d1a] Blender Output: Fra:36 Mem:119.20M (Peak 150.84M) | Time:00:00.18 | Rendering 25 / 64 samples

[2025-07-29T16:59:22.898Z] [DEBUG] [1df95dde-32bd-49dd-83e5-62bfbb0c7d1a] Blender Output: Fra:36 Mem:119.20M (Peak 150.84M) | Time:00:00.34 | Rendering 50 / 64 samples

[2025-07-29T16:59:22.985Z] [DEBUG] [1df95dde-32bd-49dd-83e5-62bfbb0c7d1a] Blender Output: Fra:36 Mem:119.20M (Peak 150.84M) | Time:00:00.43 | Rendering 64 / 64 samples

[2025-07-29T16:59:23.062Z] [DEBUG] [1df95dde-32bd-49dd-83e5-62bfbb0c7d1a] Blender Output: Append frame 36
Time: 00:00.50 (Saving: 00:00.03)


[2025-07-29T16:59:23.099Z] [DEBUG] [1df95dde-32bd-49dd-83e5-62bfbb0c7d1a] Blender Output: Fra:37 Mem:119.20M (Peak 150.84M) | Time:00:00.03 | Rendering 1 / 64 samples

[2025-07-29T16:59:23.257Z] [DEBUG] [1df95dde-32bd-49dd-83e5-62bfbb0c7d1a] Blender Output: Fra:37 Mem:119.20M (Peak 150.84M) | Time:00:00.19 | Rendering 25 / 64 samples

[2025-07-29T16:59:23.416Z] [DEBUG] [1df95dde-32bd-49dd-83e5-62bfbb0c7d1a] Blender Output: Fra:37 Mem:119.20M (Peak 150.84M) | Time:00:00.35 | Rendering 50 / 64 samples

[2025-07-29T16:59:23.506Z] [DEBUG] [1df95dde-32bd-49dd-83e5-62bfbb0c7d1a] Blender Output: Fra:37 Mem:119.20M (Peak 150.84M) | Time:00:00.44 | Rendering 64 / 64 samples

[2025-07-29T16:59:23.588Z] [DEBUG] [1df95dde-32bd-49dd-83e5-62bfbb0c7d1a] Blender Output: Append frame 37
Time: 00:00.52 (Saving: 00:00.03)


[2025-07-29T16:59:23.625Z] [DEBUG] [1df95dde-32bd-49dd-83e5-62bfbb0c7d1a] Blender Output: Fra:38 Mem:119.20M (Peak 150.84M) | Time:00:00.03 | Rendering 1 / 64 samples

[2025-07-29T16:59:23.778Z] [DEBUG] [1df95dde-32bd-49dd-83e5-62bfbb0c7d1a] Blender Output: Fra:38 Mem:119.20M (Peak 150.84M) | Time:00:00.18 | Rendering 25 / 64 samples

[2025-07-29T16:59:23.932Z] [DEBUG] [1df95dde-32bd-49dd-83e5-62bfbb0c7d1a] Blender Output: Fra:38 Mem:119.20M (Peak 150.84M) | Time:00:00.34 | Rendering 50 / 64 samples

[2025-07-29T16:59:24.019Z] [DEBUG] [1df95dde-32bd-49dd-83e5-62bfbb0c7d1a] Blender Output: Fra:38 Mem:119.20M (Peak 150.84M) | Time:00:00.43 | Rendering 64 / 64 samples

[2025-07-29T16:59:24.096Z] [DEBUG] [1df95dde-32bd-49dd-83e5-62bfbb0c7d1a] Blender Output: Append frame 38
Time: 00:00.50 (Saving: 00:00.03)


[2025-07-29T16:59:24.133Z] [DEBUG] [1df95dde-32bd-49dd-83e5-62bfbb0c7d1a] Blender Output: Fra:39 Mem:119.20M (Peak 150.84M) | Time:00:00.03 | Rendering 1 / 64 samples

[2025-07-29T16:59:24.286Z] [DEBUG] [1df95dde-32bd-49dd-83e5-62bfbb0c7d1a] Blender Output: Fra:39 Mem:119.20M (Peak 150.84M) | Time:00:00.18 | Rendering 25 / 64 samples

[2025-07-29T16:59:24.441Z] [DEBUG] [1df95dde-32bd-49dd-83e5-62bfbb0c7d1a] Blender Output: Fra:39 Mem:119.20M (Peak 150.84M) | Time:00:00.34 | Rendering 50 / 64 samples

[2025-07-29T16:59:24.528Z] [DEBUG] [1df95dde-32bd-49dd-83e5-62bfbb0c7d1a] Blender Output: Fra:39 Mem:119.20M (Peak 150.84M) | Time:00:00.43 | Rendering 64 / 64 samples

[2025-07-29T16:59:24.609Z] [DEBUG] [1df95dde-32bd-49dd-83e5-62bfbb0c7d1a] Blender Output: Append frame 39
Time: 00:00.51 (Saving: 00:00.03)


[2025-07-29T16:59:24.646Z] [DEBUG] [1df95dde-32bd-49dd-83e5-62bfbb0c7d1a] Blender Output: Fra:40 Mem:119.20M (Peak 150.84M) | Time:00:00.03 | Rendering 1 / 64 samples

[2025-07-29T16:59:24.797Z] [DEBUG] [1df95dde-32bd-49dd-83e5-62bfbb0c7d1a] Blender Output: Fra:40 Mem:119.20M (Peak 150.84M) | Time:00:00.18 | Rendering 25 / 64 samples

[2025-07-29T16:59:24.951Z] [DEBUG] [1df95dde-32bd-49dd-83e5-62bfbb0c7d1a] Blender Output: Fra:40 Mem:119.20M (Peak 150.84M) | Time:00:00.34 | Rendering 50 / 64 samples

[2025-07-29T16:59:25.037Z] [DEBUG] [1df95dde-32bd-49dd-83e5-62bfbb0c7d1a] Blender Output: Fra:40 Mem:119.20M (Peak 150.84M) | Time:00:00.42 | Rendering 64 / 64 samples

[2025-07-29T16:59:25.113Z] [DEBUG] [1df95dde-32bd-49dd-83e5-62bfbb0c7d1a] Blender Output: Append frame 40
Time: 00:00.50 (Saving: 00:00.03)


[2025-07-29T16:59:25.150Z] [DEBUG] [1df95dde-32bd-49dd-83e5-62bfbb0c7d1a] Blender Output: Fra:41 Mem:119.20M (Peak 150.84M) | Time:00:00.03 | Rendering 1 / 64 samples

[2025-07-29T16:59:25.302Z] [DEBUG] [1df95dde-32bd-49dd-83e5-62bfbb0c7d1a] Blender Output: Fra:41 Mem:119.20M (Peak 150.84M) | Time:00:00.18 | Rendering 25 / 64 samples

[2025-07-29T16:59:25.457Z] [DEBUG] [1df95dde-32bd-49dd-83e5-62bfbb0c7d1a] Blender Output: Fra:41 Mem:119.20M (Peak 150.84M) | Time:00:00.34 | Rendering 50 / 64 samples

[2025-07-29T16:59:25.545Z] [DEBUG] [1df95dde-32bd-49dd-83e5-62bfbb0c7d1a] Blender Output: Fra:41 Mem:119.20M (Peak 150.84M) | Time:00:00.43 | Rendering 64 / 64 samples

[2025-07-29T16:59:25.623Z] [DEBUG] [1df95dde-32bd-49dd-83e5-62bfbb0c7d1a] Blender Output: Append frame 41
Time: 00:00.51 (Saving: 00:00.03)


[2025-07-29T16:59:25.660Z] [DEBUG] [1df95dde-32bd-49dd-83e5-62bfbb0c7d1a] Blender Output: Fra:42 Mem:119.20M (Peak 150.84M) | Time:00:00.03 | Rendering 1 / 64 samples

[2025-07-29T16:59:25.810Z] [DEBUG] [1df95dde-32bd-49dd-83e5-62bfbb0c7d1a] Blender Output: Fra:42 Mem:119.20M (Peak 150.84M) | Time:00:00.18 | Rendering 25 / 64 samples

[2025-07-29T16:59:25.964Z] [DEBUG] [1df95dde-32bd-49dd-83e5-62bfbb0c7d1a] Blender Output: Fra:42 Mem:119.20M (Peak 150.84M) | Time:00:00.34 | Rendering 50 / 64 samples

[2025-07-29T16:59:26.050Z] [DEBUG] [1df95dde-32bd-49dd-83e5-62bfbb0c7d1a] Blender Output: Fra:42 Mem:119.20M (Peak 150.84M) | Time:00:00.42 | Rendering 64 / 64 samples

[2025-07-29T16:59:26.127Z] [DEBUG] [1df95dde-32bd-49dd-83e5-62bfbb0c7d1a] Blender Output: Append frame 42
Time: 00:00.50 (Saving: 00:00.03)


[2025-07-29T16:59:26.163Z] [DEBUG] [1df95dde-32bd-49dd-83e5-62bfbb0c7d1a] Blender Output: Fra:43 Mem:119.20M (Peak 150.84M) | Time:00:00.03 | Rendering 1 / 64 samples

[2025-07-29T16:59:26.316Z] [DEBUG] [1df95dde-32bd-49dd-83e5-62bfbb0c7d1a] Blender Output: Fra:43 Mem:119.20M (Peak 150.84M) | Time:00:00.18 | Rendering 25 / 64 samples

[2025-07-29T16:59:26.471Z] [DEBUG] [1df95dde-32bd-49dd-83e5-62bfbb0c7d1a] Blender Output: Fra:43 Mem:119.20M (Peak 150.84M) | Time:00:00.34 | Rendering 50 / 64 samples

[2025-07-29T16:59:26.558Z] [DEBUG] [1df95dde-32bd-49dd-83e5-62bfbb0c7d1a] Blender Output: Fra:43 Mem:119.20M (Peak 150.84M) | Time:00:00.43 | Rendering 64 / 64 samples

[2025-07-29T16:59:26.634Z] [DEBUG] [1df95dde-32bd-49dd-83e5-62bfbb0c7d1a] Blender Output: Append frame 43
Time: 00:00.50 (Saving: 00:00.03)


[2025-07-29T16:59:26.671Z] [DEBUG] [1df95dde-32bd-49dd-83e5-62bfbb0c7d1a] Blender Output: Fra:44 Mem:119.20M (Peak 150.84M) | Time:00:00.03 | Rendering 1 / 64 samples

[2025-07-29T16:59:26.823Z] [DEBUG] [1df95dde-32bd-49dd-83e5-62bfbb0c7d1a] Blender Output: Fra:44 Mem:119.20M (Peak 150.84M) | Time:00:00.18 | Rendering 25 / 64 samples

[2025-07-29T16:59:26.981Z] [DEBUG] [1df95dde-32bd-49dd-83e5-62bfbb0c7d1a] Blender Output: Fra:44 Mem:119.20M (Peak 150.84M) | Time:00:00.34 | Rendering 50 / 64 samples

[2025-07-29T16:59:27.069Z] [DEBUG] [1df95dde-32bd-49dd-83e5-62bfbb0c7d1a] Blender Output: Fra:44 Mem:119.20M (Peak 150.84M) | Time:00:00.43 | Rendering 64 / 64 samples

[2025-07-29T16:59:27.146Z] [DEBUG] [1df95dde-32bd-49dd-83e5-62bfbb0c7d1a] Blender Output: Append frame 44
Time: 00:00.51 (Saving: 00:00.03)


[2025-07-29T16:59:27.183Z] [DEBUG] [1df95dde-32bd-49dd-83e5-62bfbb0c7d1a] Blender Output: Fra:45 Mem:119.20M (Peak 150.84M) | Time:00:00.03 | Rendering 1 / 64 samples

[2025-07-29T16:59:27.337Z] [DEBUG] [1df95dde-32bd-49dd-83e5-62bfbb0c7d1a] Blender Output: Fra:45 Mem:119.20M (Peak 150.84M) | Time:00:00.19 | Rendering 25 / 64 samples

[2025-07-29T16:59:27.494Z] [DEBUG] [1df95dde-32bd-49dd-83e5-62bfbb0c7d1a] Blender Output: Fra:45 Mem:119.20M (Peak 150.84M) | Time:00:00.34 | Rendering 50 / 64 samples

[2025-07-29T16:59:27.582Z] [DEBUG] [1df95dde-32bd-49dd-83e5-62bfbb0c7d1a] Blender Output: Fra:45 Mem:119.20M (Peak 150.84M) | Time:00:00.43 | Rendering 64 / 64 samples

[2025-07-29T16:59:27.662Z] [DEBUG] [1df95dde-32bd-49dd-83e5-62bfbb0c7d1a] Blender Output: Append frame 45
Time: 00:00.51 (Saving: 00:00.03)


[2025-07-29T16:59:27.699Z] [DEBUG] [1df95dde-32bd-49dd-83e5-62bfbb0c7d1a] Blender Output: Fra:46 Mem:119.20M (Peak 150.84M) | Time:00:00.03 | Rendering 1 / 64 samples

[2025-07-29T16:59:27.853Z] [DEBUG] [1df95dde-32bd-49dd-83e5-62bfbb0c7d1a] Blender Output: Fra:46 Mem:119.20M (Peak 150.84M) | Time:00:00.19 | Rendering 25 / 64 samples

[2025-07-29T16:59:28.007Z] [DEBUG] [1df95dde-32bd-49dd-83e5-62bfbb0c7d1a] Blender Output: Fra:46 Mem:119.20M (Peak 150.84M) | Time:00:00.34 | Rendering 50 / 64 samples

[2025-07-29T16:59:28.095Z] [DEBUG] [1df95dde-32bd-49dd-83e5-62bfbb0c7d1a] Blender Output: Fra:46 Mem:119.20M (Peak 150.84M) | Time:00:00.43 | Rendering 64 / 64 samples

[2025-07-29T16:59:28.172Z] [DEBUG] [1df95dde-32bd-49dd-83e5-62bfbb0c7d1a] Blender Output: Append frame 46
Time: 00:00.50 (Saving: 00:00.03)


[2025-07-29T16:59:28.209Z] [DEBUG] [1df95dde-32bd-49dd-83e5-62bfbb0c7d1a] Blender Output: Fra:47 Mem:119.20M (Peak 150.84M) | Time:00:00.03 | Rendering 1 / 64 samples

[2025-07-29T16:59:28.367Z] [DEBUG] [1df95dde-32bd-49dd-83e5-62bfbb0c7d1a] Blender Output: Fra:47 Mem:119.20M (Peak 150.84M) | Time:00:00.19 | Rendering 25 / 64 samples

[2025-07-29T16:59:28.527Z] [DEBUG] [1df95dde-32bd-49dd-83e5-62bfbb0c7d1a] Blender Output: Fra:47 Mem:119.20M (Peak 150.84M) | Time:00:00.35 | Rendering 50 / 64 samples

[2025-07-29T16:59:28.616Z] [DEBUG] [1df95dde-32bd-49dd-83e5-62bfbb0c7d1a] Blender Output: Fra:47 Mem:119.20M (Peak 150.84M) | Time:00:00.44 | Rendering 64 / 64 samples

[2025-07-29T16:59:28.695Z] [DEBUG] [1df95dde-32bd-49dd-83e5-62bfbb0c7d1a] Blender Output: Append frame 47
Time: 00:00.52 (Saving: 00:00.03)


[2025-07-29T16:59:28.732Z] [DEBUG] [1df95dde-32bd-49dd-83e5-62bfbb0c7d1a] Blender Output: Fra:48 Mem:119.20M (Peak 150.84M) | Time:00:00.03 | Rendering 1 / 64 samples

[2025-07-29T16:59:28.886Z] [DEBUG] [1df95dde-32bd-49dd-83e5-62bfbb0c7d1a] Blender Output: Fra:48 Mem:119.20M (Peak 150.84M) | Time:00:00.19 | Rendering 25 / 64 samples

[2025-07-29T16:59:29.042Z] [DEBUG] [1df95dde-32bd-49dd-83e5-62bfbb0c7d1a] Blender Output: Fra:48 Mem:119.20M (Peak 150.84M) | Time:00:00.34 | Rendering 50 / 64 samples

[2025-07-29T16:59:29.132Z] [DEBUG] [1df95dde-32bd-49dd-83e5-62bfbb0c7d1a] Blender Output: Fra:48 Mem:119.20M (Peak 150.84M) | Time:00:00.43 | Rendering 64 / 64 samples

[2025-07-29T16:59:29.209Z] [DEBUG] [1df95dde-32bd-49dd-83e5-62bfbb0c7d1a] Blender Output: Append frame 48
Time: 00:00.51 (Saving: 00:00.03)


[2025-07-29T16:59:29.251Z] [DEBUG] [1df95dde-32bd-49dd-83e5-62bfbb0c7d1a] Blender Output: Fra:49 Mem:119.20M (Peak 150.84M) | Time:00:00.04 | Rendering 1 / 64 samples

[2025-07-29T16:59:29.405Z] [DEBUG] [1df95dde-32bd-49dd-83e5-62bfbb0c7d1a] Blender Output: Fra:49 Mem:119.20M (Peak 150.84M) | Time:00:00.19 | Rendering 25 / 64 samples

[2025-07-29T16:59:29.562Z] [DEBUG] [1df95dde-32bd-49dd-83e5-62bfbb0c7d1a] Blender Output: Fra:49 Mem:119.20M (Peak 150.84M) | Time:00:00.35 | Rendering 50 / 64 samples

[2025-07-29T16:59:29.649Z] [DEBUG] [1df95dde-32bd-49dd-83e5-62bfbb0c7d1a] Blender Output: Fra:49 Mem:119.20M (Peak 150.84M) | Time:00:00.43 | Rendering 64 / 64 samples

[2025-07-29T16:59:29.729Z] [DEBUG] [1df95dde-32bd-49dd-83e5-62bfbb0c7d1a] Blender Output: Append frame 49
Time: 00:00.52 (Saving: 00:00.03)


[2025-07-29T16:59:29.766Z] [DEBUG] [1df95dde-32bd-49dd-83e5-62bfbb0c7d1a] Blender Output: Fra:50 Mem:119.20M (Peak 150.84M) | Time:00:00.03 | Rendering 1 / 64 samples

[2025-07-29T16:59:29.917Z] [DEBUG] [1df95dde-32bd-49dd-83e5-62bfbb0c7d1a] Blender Output: Fra:50 Mem:119.20M (Peak 150.84M) | Time:00:00.18 | Rendering 25 / 64 samples

[2025-07-29T16:59:30.071Z] [DEBUG] [1df95dde-32bd-49dd-83e5-62bfbb0c7d1a] Blender Output: Fra:50 Mem:119.20M (Peak 150.84M) | Time:00:00.34 | Rendering 50 / 64 samples

[2025-07-29T16:59:30.159Z] [DEBUG] [1df95dde-32bd-49dd-83e5-62bfbb0c7d1a] Blender Output: Fra:50 Mem:119.20M (Peak 150.84M) | Time:00:00.43 | Rendering 64 / 64 samples

[2025-07-29T16:59:30.237Z] [DEBUG] [1df95dde-32bd-49dd-83e5-62bfbb0c7d1a] Blender Output: Append frame 50
Time: 00:00.50 (Saving: 00:00.03)


[2025-07-29T16:59:30.274Z] [DEBUG] [1df95dde-32bd-49dd-83e5-62bfbb0c7d1a] Blender Output: Fra:51 Mem:119.20M (Peak 150.84M) | Time:00:00.03 | Rendering 1 / 64 samples

[2025-07-29T16:59:30.430Z] [DEBUG] [1df95dde-32bd-49dd-83e5-62bfbb0c7d1a] Blender Output: Fra:51 Mem:119.20M (Peak 150.84M) | Time:00:00.19 | Rendering 25 / 64 samples

[2025-07-29T16:59:30.589Z] [DEBUG] [1df95dde-32bd-49dd-83e5-62bfbb0c7d1a] Blender Output: Fra:51 Mem:119.20M (Peak 150.84M) | Time:00:00.35 | Rendering 50 / 64 samples

[2025-07-29T16:59:30.678Z] [DEBUG] [1df95dde-32bd-49dd-83e5-62bfbb0c7d1a] Blender Output: Fra:51 Mem:119.20M (Peak 150.84M) | Time:00:00.44 | Rendering 64 / 64 samples

[2025-07-29T16:59:30.757Z] [DEBUG] [1df95dde-32bd-49dd-83e5-62bfbb0c7d1a] Blender Output: Append frame 51
Time: 00:00.51 (Saving: 00:00.03)


[2025-07-29T16:59:30.793Z] [DEBUG] [1df95dde-32bd-49dd-83e5-62bfbb0c7d1a] Blender Output: Fra:52 Mem:119.20M (Peak 150.84M) | Time:00:00.03 | Rendering 1 / 64 samples

[2025-07-29T16:59:30.946Z] [DEBUG] [1df95dde-32bd-49dd-83e5-62bfbb0c7d1a] Blender Output: Fra:52 Mem:119.20M (Peak 150.84M) | Time:00:00.18 | Rendering 25 / 64 samples

[2025-07-29T16:59:31.111Z] [DEBUG] [1df95dde-32bd-49dd-83e5-62bfbb0c7d1a] Blender Output: Fra:52 Mem:119.20M (Peak 150.84M) | Time:00:00.35 | Rendering 50 / 64 samples

[2025-07-29T16:59:31.201Z] [DEBUG] [1df95dde-32bd-49dd-83e5-62bfbb0c7d1a] Blender Output: Fra:52 Mem:119.20M (Peak 150.84M) | Time:00:00.44 | Rendering 64 / 64 samples

[2025-07-29T16:59:31.281Z] [DEBUG] [1df95dde-32bd-49dd-83e5-62bfbb0c7d1a] Blender Output: Append frame 52
Time: 00:00.52 (Saving: 00:00.03)


[2025-07-29T16:59:31.318Z] [DEBUG] [1df95dde-32bd-49dd-83e5-62bfbb0c7d1a] Blender Output: Fra:53 Mem:119.20M (Peak 150.84M) | Time:00:00.03 | Rendering 1 / 64 samples

[2025-07-29T16:59:31.470Z] [DEBUG] [1df95dde-32bd-49dd-83e5-62bfbb0c7d1a] Blender Output: Fra:53 Mem:119.20M (Peak 150.84M) | Time:00:00.18 | Rendering 25 / 64 samples

[2025-07-29T16:59:31.628Z] [DEBUG] [1df95dde-32bd-49dd-83e5-62bfbb0c7d1a] Blender Output: Fra:53 Mem:119.20M (Peak 150.84M) | Time:00:00.34 | Rendering 50 / 64 samples

[2025-07-29T16:59:31.717Z] [DEBUG] [1df95dde-32bd-49dd-83e5-62bfbb0c7d1a] Blender Output: Fra:53 Mem:119.20M (Peak 150.84M) | Time:00:00.43 | Rendering 64 / 64 samples

[2025-07-29T16:59:31.794Z] [DEBUG] [1df95dde-32bd-49dd-83e5-62bfbb0c7d1a] Blender Output: Append frame 53
Time: 00:00.51 (Saving: 00:00.03)


[2025-07-29T16:59:31.831Z] [DEBUG] [1df95dde-32bd-49dd-83e5-62bfbb0c7d1a] Blender Output: Fra:54 Mem:119.20M (Peak 150.84M) | Time:00:00.03 | Rendering 1 / 64 samples

[2025-07-29T16:59:31.989Z] [DEBUG] [1df95dde-32bd-49dd-83e5-62bfbb0c7d1a] Blender Output: Fra:54 Mem:119.20M (Peak 150.84M) | Time:00:00.19 | Rendering 25 / 64 samples

[2025-07-29T16:59:32.149Z] [DEBUG] [1df95dde-32bd-49dd-83e5-62bfbb0c7d1a] Blender Output: Fra:54 Mem:119.20M (Peak 150.84M) | Time:00:00.35 | Rendering 50 / 64 samples

[2025-07-29T16:59:32.237Z] [DEBUG] [1df95dde-32bd-49dd-83e5-62bfbb0c7d1a] Blender Output: Fra:54 Mem:119.20M (Peak 150.84M) | Time:00:00.44 | Rendering 64 / 64 samples

[2025-07-29T16:59:32.318Z] [DEBUG] [1df95dde-32bd-49dd-83e5-62bfbb0c7d1a] Blender Output: Append frame 54
Time: 00:00.52 (Saving: 00:00.03)


[2025-07-29T16:59:32.354Z] [DEBUG] [1df95dde-32bd-49dd-83e5-62bfbb0c7d1a] Blender Output: Fra:55 Mem:119.20M (Peak 150.84M) | Time:00:00.03 | Rendering 1 / 64 samples

[2025-07-29T16:59:32.506Z] [DEBUG] [1df95dde-32bd-49dd-83e5-62bfbb0c7d1a] Blender Output: Fra:55 Mem:119.20M (Peak 150.84M) | Time:00:00.18 | Rendering 25 / 64 samples

[2025-07-29T16:59:32.659Z] [DEBUG] [1df95dde-32bd-49dd-83e5-62bfbb0c7d1a] Blender Output: Fra:55 Mem:119.20M (Peak 150.84M) | Time:00:00.34 | Rendering 50 / 64 samples

[2025-07-29T16:59:32.746Z] [DEBUG] [1df95dde-32bd-49dd-83e5-62bfbb0c7d1a] Blender Output: Fra:55 Mem:119.20M (Peak 150.84M) | Time:00:00.42 | Rendering 64 / 64 samples

[2025-07-29T16:59:32.824Z] [DEBUG] [1df95dde-32bd-49dd-83e5-62bfbb0c7d1a] Blender Output: Append frame 55
Time: 00:00.50 (Saving: 00:00.03)


[2025-07-29T16:59:32.862Z] [DEBUG] [1df95dde-32bd-49dd-83e5-62bfbb0c7d1a] Blender Output: Fra:56 Mem:119.20M (Peak 150.84M) | Time:00:00.03 | Rendering 1 / 64 samples

[2025-07-29T16:59:33.022Z] [DEBUG] [1df95dde-32bd-49dd-83e5-62bfbb0c7d1a] Blender Output: Fra:56 Mem:119.20M (Peak 150.84M) | Time:00:00.19 | Rendering 25 / 64 samples

[2025-07-29T16:59:33.181Z] [DEBUG] [1df95dde-32bd-49dd-83e5-62bfbb0c7d1a] Blender Output: Fra:56 Mem:119.20M (Peak 150.84M) | Time:00:00.35 | Rendering 50 / 64 samples

[2025-07-29T16:59:33.270Z] [DEBUG] [1df95dde-32bd-49dd-83e5-62bfbb0c7d1a] Blender Output: Fra:56 Mem:119.20M (Peak 150.84M) | Time:00:00.44 | Rendering 64 / 64 samples

[2025-07-29T16:59:33.344Z] [DEBUG] [1df95dde-32bd-49dd-83e5-62bfbb0c7d1a] Blender Output: Append frame 56
Time: 00:00.51 (Saving: 00:00.03)


[2025-07-29T16:59:33.381Z] [DEBUG] [1df95dde-32bd-49dd-83e5-62bfbb0c7d1a] Blender Output: Fra:57 Mem:119.20M (Peak 150.84M) | Time:00:00.03 | Rendering 1 / 64 samples

[2025-07-29T16:59:33.537Z] [DEBUG] [1df95dde-32bd-49dd-83e5-62bfbb0c7d1a] Blender Output: Fra:57 Mem:119.20M (Peak 150.84M) | Time:00:00.19 | Rendering 25 / 64 samples

[2025-07-29T16:59:33.689Z] [DEBUG] [1df95dde-32bd-49dd-83e5-62bfbb0c7d1a] Blender Output: Fra:57 Mem:119.20M (Peak 150.84M) | Time:00:00.34 | Rendering 50 / 64 samples

[2025-07-29T16:59:33.776Z] [DEBUG] [1df95dde-32bd-49dd-83e5-62bfbb0c7d1a] Blender Output: Fra:57 Mem:119.20M (Peak 150.84M) | Time:00:00.43 | Rendering 64 / 64 samples

[2025-07-29T16:59:33.851Z] [DEBUG] [1df95dde-32bd-49dd-83e5-62bfbb0c7d1a] Blender Output: Append frame 57
Time: 00:00.50 (Saving: 00:00.03)


[2025-07-29T16:59:33.887Z] [DEBUG] [1df95dde-32bd-49dd-83e5-62bfbb0c7d1a] Blender Output: Fra:58 Mem:119.20M (Peak 150.84M) | Time:00:00.03 | Rendering 1 / 64 samples

[2025-07-29T16:59:34.039Z] [DEBUG] [1df95dde-32bd-49dd-83e5-62bfbb0c7d1a] Blender Output: Fra:58 Mem:119.20M (Peak 150.84M) | Time:00:00.18 | Rendering 25 / 64 samples

[2025-07-29T16:59:34.194Z] [DEBUG] [1df95dde-32bd-49dd-83e5-62bfbb0c7d1a] Blender Output: Fra:58 Mem:119.20M (Peak 150.84M) | Time:00:00.34 | Rendering 50 / 64 samples

[2025-07-29T16:59:34.283Z] [DEBUG] [1df95dde-32bd-49dd-83e5-62bfbb0c7d1a] Blender Output: Fra:58 Mem:119.20M (Peak 150.84M) | Time:00:00.43 | Rendering 64 / 64 samples

[2025-07-29T16:59:34.360Z] [DEBUG] [1df95dde-32bd-49dd-83e5-62bfbb0c7d1a] Blender Output: Append frame 58
Time: 00:00.50 (Saving: 00:00.03)


[2025-07-29T16:59:34.398Z] [DEBUG] [1df95dde-32bd-49dd-83e5-62bfbb0c7d1a] Blender Output: Fra:59 Mem:119.20M (Peak 150.84M) | Time:00:00.03 | Rendering 1 / 64 samples

[2025-07-29T16:59:34.561Z] [DEBUG] [1df95dde-32bd-49dd-83e5-62bfbb0c7d1a] Blender Output: Fra:59 Mem:119.20M (Peak 150.84M) | Time:00:00.20 | Rendering 25 / 64 samples

[2025-07-29T16:59:34.724Z] [DEBUG] [1df95dde-32bd-49dd-83e5-62bfbb0c7d1a] Blender Output: Fra:59 Mem:119.20M (Peak 150.84M) | Time:00:00.36 | Rendering 50 / 64 samples

[2025-07-29T16:59:34.815Z] [DEBUG] [1df95dde-32bd-49dd-83e5-62bfbb0c7d1a] Blender Output: Fra:59 Mem:119.20M (Peak 150.84M) | Time:00:00.45 | Rendering 64 / 64 samples

[2025-07-29T16:59:34.891Z] [DEBUG] [1df95dde-32bd-49dd-83e5-62bfbb0c7d1a] Blender Output: Append frame 59
Time: 00:00.53 (Saving: 00:00.03)


[2025-07-29T16:59:34.928Z] [DEBUG] [1df95dde-32bd-49dd-83e5-62bfbb0c7d1a] Blender Output: Fra:60 Mem:119.20M (Peak 150.84M) | Time:00:00.03 | Rendering 1 / 64 samples

[2025-07-29T16:59:35.085Z] [DEBUG] [1df95dde-32bd-49dd-83e5-62bfbb0c7d1a] Blender Output: Fra:60 Mem:119.20M (Peak 150.84M) | Time:00:00.19 | Rendering 25 / 64 samples

[2025-07-29T16:59:35.246Z] [DEBUG] [1df95dde-32bd-49dd-83e5-62bfbb0c7d1a] Blender Output: Fra:60 Mem:119.20M (Peak 150.84M) | Time:00:00.35 | Rendering 50 / 64 samples

[2025-07-29T16:59:35.335Z] [DEBUG] [1df95dde-32bd-49dd-83e5-62bfbb0c7d1a] Blender Output: Fra:60 Mem:119.20M (Peak 150.84M) | Time:00:00.44 | Rendering 64 / 64 samples

[2025-07-29T16:59:35.413Z] [DEBUG] [1df95dde-32bd-49dd-83e5-62bfbb0c7d1a] Blender Output: Append frame 60
Time: 00:00.52 (Saving: 00:00.03)


[2025-07-29T16:59:35.451Z] [DEBUG] [1df95dde-32bd-49dd-83e5-62bfbb0c7d1a] Blender Output: Fra:61 Mem:119.20M (Peak 150.84M) | Time:00:00.03 | Rendering 1 / 64 samples

[2025-07-29T16:59:35.611Z] [DEBUG] [1df95dde-32bd-49dd-83e5-62bfbb0c7d1a] Blender Output: Fra:61 Mem:119.20M (Peak 150.84M) | Time:00:00.19 | Rendering 25 / 64 samples

[2025-07-29T16:59:35.774Z] [DEBUG] [1df95dde-32bd-49dd-83e5-62bfbb0c7d1a] Blender Output: Fra:61 Mem:119.20M (Peak 150.84M) | Time:00:00.36 | Rendering 50 / 64 samples

[2025-07-29T16:59:35.865Z] [DEBUG] [1df95dde-32bd-49dd-83e5-62bfbb0c7d1a] Blender Output: Fra:61 Mem:119.20M (Peak 150.84M) | Time:00:00.45 | Rendering 64 / 64 samples

[2025-07-29T16:59:35.942Z] [DEBUG] [1df95dde-32bd-49dd-83e5-62bfbb0c7d1a] Blender Output: Append frame 61
Time: 00:00.52 (Saving: 00:00.03)


[2025-07-29T16:59:35.980Z] [DEBUG] [1df95dde-32bd-49dd-83e5-62bfbb0c7d1a] Blender Output: Fra:62 Mem:119.20M (Peak 150.84M) | Time:00:00.03 | Rendering 1 / 64 samples

[2025-07-29T16:59:36.142Z] [DEBUG] [1df95dde-32bd-49dd-83e5-62bfbb0c7d1a] Blender Output: Fra:62 Mem:119.20M (Peak 150.84M) | Time:00:00.19 | Rendering 25 / 64 samples

[2025-07-29T16:59:36.310Z] [DEBUG] [1df95dde-32bd-49dd-83e5-62bfbb0c7d1a] Blender Output: Fra:62 Mem:119.20M (Peak 150.84M) | Time:00:00.36 | Rendering 50 / 64 samples

[2025-07-29T16:59:36.402Z] [DEBUG] [1df95dde-32bd-49dd-83e5-62bfbb0c7d1a] Blender Output: Fra:62 Mem:119.20M (Peak 150.84M) | Time:00:00.45 | Rendering 64 / 64 samples

[2025-07-29T16:59:36.477Z] [DEBUG] [1df95dde-32bd-49dd-83e5-62bfbb0c7d1a] Blender Output: Append frame 62
Time: 00:00.53 (Saving: 00:00.03)


[2025-07-29T16:59:36.513Z] [DEBUG] [1df95dde-32bd-49dd-83e5-62bfbb0c7d1a] Blender Output: Fra:63 Mem:119.20M (Peak 150.84M) | Time:00:00.03 | Rendering 1 / 64 samples

[2025-07-29T16:59:36.666Z] [DEBUG] [1df95dde-32bd-49dd-83e5-62bfbb0c7d1a] Blender Output: Fra:63 Mem:119.20M (Peak 150.84M) | Time:00:00.18 | Rendering 25 / 64 samples

[2025-07-29T16:59:36.826Z] [DEBUG] [1df95dde-32bd-49dd-83e5-62bfbb0c7d1a] Blender Output: Fra:63 Mem:119.20M (Peak 150.84M) | Time:00:00.34 | Rendering 50 / 64 samples

[2025-07-29T16:59:36.914Z] [DEBUG] [1df95dde-32bd-49dd-83e5-62bfbb0c7d1a] Blender Output: Fra:63 Mem:119.20M (Peak 150.84M) | Time:00:00.43 | Rendering 64 / 64 samples

[2025-07-29T16:59:36.993Z] [DEBUG] [1df95dde-32bd-49dd-83e5-62bfbb0c7d1a] Blender Output: Append frame 63
Time: 00:00.51 (Saving: 00:00.03)


[2025-07-29T16:59:37.029Z] [DEBUG] [1df95dde-32bd-49dd-83e5-62bfbb0c7d1a] Blender Output: Fra:64 Mem:119.20M (Peak 150.84M) | Time:00:00.03 | Rendering 1 / 64 samples

[2025-07-29T16:59:37.185Z] [DEBUG] [1df95dde-32bd-49dd-83e5-62bfbb0c7d1a] Blender Output: Fra:64 Mem:119.20M (Peak 150.84M) | Time:00:00.19 | Rendering 25 / 64 samples

[2025-07-29T16:59:37.343Z] [DEBUG] [1df95dde-32bd-49dd-83e5-62bfbb0c7d1a] Blender Output: Fra:64 Mem:119.20M (Peak 150.84M) | Time:00:00.35 | Rendering 50 / 64 samples

[2025-07-29T16:59:37.431Z] [DEBUG] [1df95dde-32bd-49dd-83e5-62bfbb0c7d1a] Blender Output: Fra:64 Mem:119.20M (Peak 150.84M) | Time:00:00.43 | Rendering 64 / 64 samples

[2025-07-29T16:59:37.507Z] [DEBUG] [1df95dde-32bd-49dd-83e5-62bfbb0c7d1a] Blender Output: Append frame 64
Time: 00:00.51 (Saving: 00:00.03)


[2025-07-29T16:59:37.545Z] [DEBUG] [1df95dde-32bd-49dd-83e5-62bfbb0c7d1a] Blender Output: Fra:65 Mem:119.20M (Peak 150.84M) | Time:00:00.03 | Rendering 1 / 64 samples

[2025-07-29T16:59:37.702Z] [DEBUG] [1df95dde-32bd-49dd-83e5-62bfbb0c7d1a] Blender Output: Fra:65 Mem:119.20M (Peak 150.84M) | Time:00:00.19 | Rendering 25 / 64 samples

[2025-07-29T16:59:37.858Z] [DEBUG] [1df95dde-32bd-49dd-83e5-62bfbb0c7d1a] Blender Output: Fra:65 Mem:119.20M (Peak 150.84M) | Time:00:00.35 | Rendering 50 / 64 samples

[2025-07-29T16:59:37.946Z] [DEBUG] [1df95dde-32bd-49dd-83e5-62bfbb0c7d1a] Blender Output: Fra:65 Mem:119.20M (Peak 150.84M) | Time:00:00.43 | Rendering 64 / 64 samples

[2025-07-29T16:59:38.021Z] [DEBUG] [1df95dde-32bd-49dd-83e5-62bfbb0c7d1a] Blender Output: Append frame 65
Time: 00:00.51 (Saving: 00:00.03)


[2025-07-29T16:59:38.058Z] [DEBUG] [1df95dde-32bd-49dd-83e5-62bfbb0c7d1a] Blender Output: Fra:66 Mem:119.20M (Peak 150.84M) | Time:00:00.03 | Rendering 1 / 64 samples

[2025-07-29T16:59:38.210Z] [DEBUG] [1df95dde-32bd-49dd-83e5-62bfbb0c7d1a] Blender Output: Fra:66 Mem:119.20M (Peak 150.84M) | Time:00:00.18 | Rendering 25 / 64 samples

[2025-07-29T16:59:38.369Z] [DEBUG] [1df95dde-32bd-49dd-83e5-62bfbb0c7d1a] Blender Output: Fra:66 Mem:119.20M (Peak 150.84M) | Time:00:00.34 | Rendering 50 / 64 samples

[2025-07-29T16:59:38.459Z] [DEBUG] [1df95dde-32bd-49dd-83e5-62bfbb0c7d1a] Blender Output: Fra:66 Mem:119.20M (Peak 150.84M) | Time:00:00.43 | Rendering 64 / 64 samples

[2025-07-29T16:59:38.540Z] [DEBUG] [1df95dde-32bd-49dd-83e5-62bfbb0c7d1a] Blender Output: Append frame 66
Time: 00:00.51 (Saving: 00:00.03)


[2025-07-29T16:59:38.576Z] [DEBUG] [1df95dde-32bd-49dd-83e5-62bfbb0c7d1a] Blender Output: Fra:67 Mem:119.20M (Peak 150.84M) | Time:00:00.03 | Rendering 1 / 64 samples

[2025-07-29T16:59:38.732Z] [DEBUG] [1df95dde-32bd-49dd-83e5-62bfbb0c7d1a] Blender Output: Fra:67 Mem:119.20M (Peak 150.84M) | Time:00:00.19 | Rendering 25 / 64 samples

[2025-07-29T16:59:38.887Z] [DEBUG] [1df95dde-32bd-49dd-83e5-62bfbb0c7d1a] Blender Output: Fra:67 Mem:119.20M (Peak 150.84M) | Time:00:00.34 | Rendering 50 / 64 samples

[2025-07-29T16:59:38.974Z] [DEBUG] [1df95dde-32bd-49dd-83e5-62bfbb0c7d1a] Blender Output: Fra:67 Mem:119.20M (Peak 150.84M) | Time:00:00.43 | Rendering 64 / 64 samples

[2025-07-29T16:59:39.055Z] [DEBUG] [1df95dde-32bd-49dd-83e5-62bfbb0c7d1a] Blender Output: Append frame 67
Time: 00:00.51 (Saving: 00:00.03)


[2025-07-29T16:59:39.093Z] [DEBUG] [1df95dde-32bd-49dd-83e5-62bfbb0c7d1a] Blender Output: Fra:68 Mem:119.20M (Peak 150.84M) | Time:00:00.03 | Rendering 1 / 64 samples

[2025-07-29T16:59:39.252Z] [DEBUG] [1df95dde-32bd-49dd-83e5-62bfbb0c7d1a] Blender Output: Fra:68 Mem:119.20M (Peak 150.84M) | Time:00:00.19 | Rendering 25 / 64 samples

[2025-07-29T16:59:39.413Z] [DEBUG] [1df95dde-32bd-49dd-83e5-62bfbb0c7d1a] Blender Output: Fra:68 Mem:119.20M (Peak 150.84M) | Time:00:00.35 | Rendering 50 / 64 samples

[2025-07-29T16:59:39.504Z] [DEBUG] [1df95dde-32bd-49dd-83e5-62bfbb0c7d1a] Blender Output: Fra:68 Mem:119.20M (Peak 150.84M) | Time:00:00.44 | Rendering 64 / 64 samples

[2025-07-29T16:59:39.585Z] [DEBUG] [1df95dde-32bd-49dd-83e5-62bfbb0c7d1a] Blender Output: Append frame 68
Time: 00:00.52 (Saving: 00:00.04)


[2025-07-29T16:59:39.627Z] [DEBUG] [1df95dde-32bd-49dd-83e5-62bfbb0c7d1a] Blender Output: Fra:69 Mem:119.20M (Peak 150.84M) | Time:00:00.04 | Rendering 1 / 64 samples

[2025-07-29T16:59:39.793Z] [DEBUG] [1df95dde-32bd-49dd-83e5-62bfbb0c7d1a] Blender Output: Fra:69 Mem:119.20M (Peak 150.84M) | Time:00:00.20 | Rendering 25 / 64 samples

[2025-07-29T16:59:39.958Z] [DEBUG] [1df95dde-32bd-49dd-83e5-62bfbb0c7d1a] Blender Output: Fra:69 Mem:119.20M (Peak 150.84M) | Time:00:00.37 | Rendering 50 / 64 samples

[2025-07-29T16:59:40.046Z] [DEBUG] [1df95dde-32bd-49dd-83e5-62bfbb0c7d1a] Blender Output: Fra:69 Mem:119.20M (Peak 150.84M) | Time:00:00.46 | Rendering 64 / 64 samples

[2025-07-29T16:59:40.125Z] [DEBUG] [1df95dde-32bd-49dd-83e5-62bfbb0c7d1a] Blender Output: Append frame 69
Time: 00:00.54 (Saving: 00:00.03)


[2025-07-29T16:59:40.162Z] [DEBUG] [1df95dde-32bd-49dd-83e5-62bfbb0c7d1a] Blender Output: Fra:70 Mem:119.20M (Peak 150.84M) | Time:00:00.03 | Rendering 1 / 64 samples

[2025-07-29T16:59:40.312Z] [DEBUG] [1df95dde-32bd-49dd-83e5-62bfbb0c7d1a] Blender Output: Fra:70 Mem:119.20M (Peak 150.84M) | Time:00:00.18 | Rendering 25 / 64 samples

[2025-07-29T16:59:40.473Z] [DEBUG] [1df95dde-32bd-49dd-83e5-62bfbb0c7d1a] Blender Output: Fra:70 Mem:119.20M (Peak 150.84M) | Time:00:00.34 | Rendering 50 / 64 samples

[2025-07-29T16:59:40.562Z] [DEBUG] [1df95dde-32bd-49dd-83e5-62bfbb0c7d1a] Blender Output: Fra:70 Mem:119.20M (Peak 150.84M) | Time:00:00.43 | Rendering 64 / 64 samples

[2025-07-29T16:59:40.639Z] [DEBUG] [1df95dde-32bd-49dd-83e5-62bfbb0c7d1a] Blender Output: Append frame 70
Time: 00:00.51 (Saving: 00:00.03)


[2025-07-29T16:59:40.676Z] [DEBUG] [1df95dde-32bd-49dd-83e5-62bfbb0c7d1a] Blender Output: Fra:71 Mem:119.20M (Peak 150.84M) | Time:00:00.03 | Rendering 1 / 64 samples

[2025-07-29T16:59:40.832Z] [DEBUG] [1df95dde-32bd-49dd-83e5-62bfbb0c7d1a] Blender Output: Fra:71 Mem:119.20M (Peak 150.84M) | Time:00:00.19 | Rendering 25 / 64 samples

[2025-07-29T16:59:40.994Z] [DEBUG] [1df95dde-32bd-49dd-83e5-62bfbb0c7d1a] Blender Output: Fra:71 Mem:119.20M (Peak 150.84M) | Time:00:00.35 | Rendering 50 / 64 samples

[2025-07-29T16:59:41.082Z] [DEBUG] [1df95dde-32bd-49dd-83e5-62bfbb0c7d1a] Blender Output: Fra:71 Mem:119.20M (Peak 150.84M) | Time:00:00.44 | Rendering 64 / 64 samples

[2025-07-29T16:59:41.160Z] [DEBUG] [1df95dde-32bd-49dd-83e5-62bfbb0c7d1a] Blender Output: Append frame 71
Time: 00:00.52 (Saving: 00:00.03)


[2025-07-29T16:59:41.195Z] [DEBUG] [1df95dde-32bd-49dd-83e5-62bfbb0c7d1a] Blender Output: Fra:72 Mem:119.20M (Peak 150.84M) | Time:00:00.03 | Rendering 1 / 64 samples

[2025-07-29T16:59:41.355Z] [DEBUG] [1df95dde-32bd-49dd-83e5-62bfbb0c7d1a] Blender Output: Fra:72 Mem:119.20M (Peak 150.84M) | Time:00:00.19 | Rendering 25 / 64 samples

[2025-07-29T16:59:41.515Z] [DEBUG] [1df95dde-32bd-49dd-83e5-62bfbb0c7d1a] Blender Output: Fra:72 Mem:119.20M (Peak 150.84M) | Time:00:00.35 | Rendering 50 / 64 samples

[2025-07-29T16:59:41.606Z] [DEBUG] [1df95dde-32bd-49dd-83e5-62bfbb0c7d1a] Blender Output: Fra:72 Mem:119.20M (Peak 150.84M) | Time:00:00.44 | Rendering 64 / 64 samples

[2025-07-29T16:59:41.683Z] [DEBUG] [1df95dde-32bd-49dd-83e5-62bfbb0c7d1a] Blender Output: Append frame 72
Time: 00:00.52 (Saving: 00:00.03)


[2025-07-29T16:59:41.721Z] [DEBUG] [1df95dde-32bd-49dd-83e5-62bfbb0c7d1a] Blender Output: Fra:73 Mem:119.20M (Peak 150.84M) | Time:00:00.03 | Rendering 1 / 64 samples

[2025-07-29T16:59:41.875Z] [DEBUG] [1df95dde-32bd-49dd-83e5-62bfbb0c7d1a] Blender Output: Fra:73 Mem:119.20M (Peak 150.84M) | Time:00:00.19 | Rendering 25 / 64 samples

[2025-07-29T16:59:42.032Z] [DEBUG] [1df95dde-32bd-49dd-83e5-62bfbb0c7d1a] Blender Output: Fra:73 Mem:119.20M (Peak 150.84M) | Time:00:00.34 | Rendering 50 / 64 samples

[2025-07-29T16:59:42.120Z] [DEBUG] [1df95dde-32bd-49dd-83e5-62bfbb0c7d1a] Blender Output: Fra:73 Mem:119.20M (Peak 150.84M) | Time:00:00.43 | Rendering 64 / 64 samples

[2025-07-29T16:59:42.194Z] [DEBUG] [1df95dde-32bd-49dd-83e5-62bfbb0c7d1a] Blender Output: Append frame 73
Time: 00:00.51 (Saving: 00:00.03)


[2025-07-29T16:59:42.231Z] [DEBUG] [1df95dde-32bd-49dd-83e5-62bfbb0c7d1a] Blender Output: Fra:74 Mem:119.20M (Peak 150.84M) | Time:00:00.03 | Rendering 1 / 64 samples

[2025-07-29T16:59:42.383Z] [DEBUG] [1df95dde-32bd-49dd-83e5-62bfbb0c7d1a] Blender Output: Fra:74 Mem:119.20M (Peak 150.84M) | Time:00:00.18 | Rendering 25 / 64 samples

[2025-07-29T16:59:42.539Z] [DEBUG] [1df95dde-32bd-49dd-83e5-62bfbb0c7d1a] Blender Output: Fra:74 Mem:119.20M (Peak 150.84M) | Time:00:00.34 | Rendering 50 / 64 samples

[2025-07-29T16:59:42.627Z] [DEBUG] [1df95dde-32bd-49dd-83e5-62bfbb0c7d1a] Blender Output: Fra:74 Mem:119.20M (Peak 150.84M) | Time:00:00.43 | Rendering 64 / 64 samples

[2025-07-29T16:59:42.706Z] [DEBUG] [1df95dde-32bd-49dd-83e5-62bfbb0c7d1a] Blender Output: Append frame 74
Time: 00:00.51 (Saving: 00:00.03)


[2025-07-29T16:59:42.743Z] [DEBUG] [1df95dde-32bd-49dd-83e5-62bfbb0c7d1a] Blender Output: Fra:75 Mem:119.20M (Peak 150.84M) | Time:00:00.03 | Rendering 1 / 64 samples

[2025-07-29T16:59:42.898Z] [DEBUG] [1df95dde-32bd-49dd-83e5-62bfbb0c7d1a] Blender Output: Fra:75 Mem:119.20M (Peak 150.84M) | Time:00:00.19 | Rendering 25 / 64 samples

[2025-07-29T16:59:43.054Z] [DEBUG] [1df95dde-32bd-49dd-83e5-62bfbb0c7d1a] Blender Output: Fra:75 Mem:119.20M (Peak 150.84M) | Time:00:00.34 | Rendering 50 / 64 samples

[2025-07-29T16:59:43.142Z] [DEBUG] [1df95dde-32bd-49dd-83e5-62bfbb0c7d1a] Blender Output: Fra:75 Mem:119.20M (Peak 150.84M) | Time:00:00.43 | Rendering 64 / 64 samples

[2025-07-29T16:59:43.220Z] [DEBUG] [1df95dde-32bd-49dd-83e5-62bfbb0c7d1a] Blender Output: Append frame 75
Time: 00:00.51 (Saving: 00:00.03)


[2025-07-29T16:59:43.257Z] [DEBUG] [1df95dde-32bd-49dd-83e5-62bfbb0c7d1a] Blender Output: Fra:76 Mem:119.20M (Peak 150.84M) | Time:00:00.03 | Rendering 1 / 64 samples

[2025-07-29T16:59:43.409Z] [DEBUG] [1df95dde-32bd-49dd-83e5-62bfbb0c7d1a] Blender Output: Fra:76 Mem:119.20M (Peak 150.84M) | Time:00:00.18 | Rendering 25 / 64 samples

[2025-07-29T16:59:43.564Z] [DEBUG] [1df95dde-32bd-49dd-83e5-62bfbb0c7d1a] Blender Output: Fra:76 Mem:119.20M (Peak 150.84M) | Time:00:00.34 | Rendering 50 / 64 samples

[2025-07-29T16:59:43.652Z] [DEBUG] [1df95dde-32bd-49dd-83e5-62bfbb0c7d1a] Blender Output: Fra:76 Mem:119.20M (Peak 150.84M) | Time:00:00.43 | Rendering 64 / 64 samples

[2025-07-29T16:59:43.730Z] [DEBUG] [1df95dde-32bd-49dd-83e5-62bfbb0c7d1a] Blender Output: Append frame 76
Time: 00:00.50 (Saving: 00:00.03)


[2025-07-29T16:59:43.767Z] [DEBUG] [1df95dde-32bd-49dd-83e5-62bfbb0c7d1a] Blender Output: Fra:77 Mem:119.20M (Peak 150.84M) | Time:00:00.03 | Rendering 1 / 64 samples

[2025-07-29T16:59:43.923Z] [DEBUG] [1df95dde-32bd-49dd-83e5-62bfbb0c7d1a] Blender Output: Fra:77 Mem:119.20M (Peak 150.84M) | Time:00:00.19 | Rendering 25 / 64 samples

[2025-07-29T16:59:44.080Z] [DEBUG] [1df95dde-32bd-49dd-83e5-62bfbb0c7d1a] Blender Output: Fra:77 Mem:119.20M (Peak 150.84M) | Time:00:00.35 | Rendering 50 / 64 samples

[2025-07-29T16:59:44.167Z] [DEBUG] [1df95dde-32bd-49dd-83e5-62bfbb0c7d1a] Blender Output: Fra:77 Mem:119.20M (Peak 150.84M) | Time:00:00.43 | Rendering 64 / 64 samples

[2025-07-29T16:59:44.241Z] [DEBUG] [1df95dde-32bd-49dd-83e5-62bfbb0c7d1a] Blender Output: Append frame 77
Time: 00:00.51 (Saving: 00:00.03)


[2025-07-29T16:59:44.278Z] [DEBUG] [1df95dde-32bd-49dd-83e5-62bfbb0c7d1a] Blender Output: Fra:78 Mem:119.20M (Peak 150.84M) | Time:00:00.03 | Rendering 1 / 64 samples

[2025-07-29T16:59:44.432Z] [DEBUG] [1df95dde-32bd-49dd-83e5-62bfbb0c7d1a] Blender Output: Fra:78 Mem:119.20M (Peak 150.84M) | Time:00:00.19 | Rendering 25 / 64 samples

[2025-07-29T16:59:44.590Z] [DEBUG] [1df95dde-32bd-49dd-83e5-62bfbb0c7d1a] Blender Output: Fra:78 Mem:119.20M (Peak 150.84M) | Time:00:00.34 | Rendering 50 / 64 samples

[2025-07-29T16:59:44.677Z] [DEBUG] [1df95dde-32bd-49dd-83e5-62bfbb0c7d1a] Blender Output: Fra:78 Mem:119.20M (Peak 150.84M) | Time:00:00.43 | Rendering 64 / 64 samples

[2025-07-29T16:59:44.753Z] [DEBUG] [1df95dde-32bd-49dd-83e5-62bfbb0c7d1a] Blender Output: Append frame 78
Time: 00:00.51 (Saving: 00:00.03)


[2025-07-29T16:59:44.789Z] [DEBUG] [1df95dde-32bd-49dd-83e5-62bfbb0c7d1a] Blender Output: Fra:79 Mem:119.20M (Peak 150.84M) | Time:00:00.03 | Rendering 1 / 64 samples

[2025-07-29T16:59:44.939Z] [DEBUG] [1df95dde-32bd-49dd-83e5-62bfbb0c7d1a] Blender Output: Fra:79 Mem:119.20M (Peak 150.84M) | Time:00:00.18 | Rendering 25 / 64 samples

[2025-07-29T16:59:45.094Z] [DEBUG] [1df95dde-32bd-49dd-83e5-62bfbb0c7d1a] Blender Output: Fra:79 Mem:119.20M (Peak 150.84M) | Time:00:00.34 | Rendering 50 / 64 samples

[2025-07-29T16:59:45.183Z] [DEBUG] [1df95dde-32bd-49dd-83e5-62bfbb0c7d1a] Blender Output: Fra:79 Mem:119.20M (Peak 150.84M) | Time:00:00.42 | Rendering 64 / 64 samples

[2025-07-29T16:59:45.259Z] [DEBUG] [1df95dde-32bd-49dd-83e5-62bfbb0c7d1a] Blender Output: Append frame 79
Time: 00:00.50 (Saving: 00:00.03)


[2025-07-29T16:59:45.295Z] [DEBUG] [1df95dde-32bd-49dd-83e5-62bfbb0c7d1a] Blender Output: Fra:80 Mem:119.20M (Peak 150.84M) | Time:00:00.03 | Rendering 1 / 64 samples

[2025-07-29T16:59:45.449Z] [DEBUG] [1df95dde-32bd-49dd-83e5-62bfbb0c7d1a] Blender Output: Fra:80 Mem:119.20M (Peak 150.84M) | Time:00:00.19 | Rendering 25 / 64 samples

[2025-07-29T16:59:45.609Z] [DEBUG] [1df95dde-32bd-49dd-83e5-62bfbb0c7d1a] Blender Output: Fra:80 Mem:119.20M (Peak 150.84M) | Time:00:00.34 | Rendering 50 / 64 samples

[2025-07-29T16:59:45.700Z] [DEBUG] [1df95dde-32bd-49dd-83e5-62bfbb0c7d1a] Blender Output: Fra:80 Mem:119.20M (Peak 150.84M) | Time:00:00.44 | Rendering 64 / 64 samples

[2025-07-29T16:59:45.780Z] [DEBUG] [1df95dde-32bd-49dd-83e5-62bfbb0c7d1a] Blender Output: Append frame 80
Time: 00:00.52 (Saving: 00:00.03)


[2025-07-29T16:59:45.817Z] [DEBUG] [1df95dde-32bd-49dd-83e5-62bfbb0c7d1a] Blender Output: Fra:81 Mem:119.20M (Peak 150.84M) | Time:00:00.03 | Rendering 1 / 64 samples

[2025-07-29T16:59:45.973Z] [DEBUG] [1df95dde-32bd-49dd-83e5-62bfbb0c7d1a] Blender Output: Fra:81 Mem:119.20M (Peak 150.84M) | Time:00:00.19 | Rendering 25 / 64 samples

[2025-07-29T16:59:46.139Z] [DEBUG] [1df95dde-32bd-49dd-83e5-62bfbb0c7d1a] Blender Output: Fra:81 Mem:119.20M (Peak 150.84M) | Time:00:00.35 | Rendering 50 / 64 samples

[2025-07-29T16:59:46.228Z] [DEBUG] [1df95dde-32bd-49dd-83e5-62bfbb0c7d1a] Blender Output: Fra:81 Mem:119.20M (Peak 150.84M) | Time:00:00.44 | Rendering 64 / 64 samples

[2025-07-29T16:59:46.306Z] [DEBUG] [1df95dde-32bd-49dd-83e5-62bfbb0c7d1a] Blender Output: Append frame 81
Time: 00:00.52 (Saving: 00:00.03)


[2025-07-29T16:59:46.343Z] [DEBUG] [1df95dde-32bd-49dd-83e5-62bfbb0c7d1a] Blender Output: Fra:82 Mem:119.20M (Peak 150.84M) | Time:00:00.03 | Rendering 1 / 64 samples

[2025-07-29T16:59:46.501Z] [DEBUG] [1df95dde-32bd-49dd-83e5-62bfbb0c7d1a] Blender Output: Fra:82 Mem:119.20M (Peak 150.84M) | Time:00:00.19 | Rendering 25 / 64 samples

[2025-07-29T16:59:46.662Z] [DEBUG] [1df95dde-32bd-49dd-83e5-62bfbb0c7d1a] Blender Output: Fra:82 Mem:119.20M (Peak 150.84M) | Time:00:00.35 | Rendering 50 / 64 samples

[2025-07-29T16:59:46.752Z] [DEBUG] [1df95dde-32bd-49dd-83e5-62bfbb0c7d1a] Blender Output: Fra:82 Mem:119.20M (Peak 150.84M) | Time:00:00.44 | Rendering 64 / 64 samples

[2025-07-29T16:59:46.831Z] [DEBUG] [1df95dde-32bd-49dd-83e5-62bfbb0c7d1a] Blender Output: Append frame 82
Time: 00:00.52 (Saving: 00:00.03)


[2025-07-29T16:59:46.868Z] [DEBUG] [1df95dde-32bd-49dd-83e5-62bfbb0c7d1a] Blender Output: Fra:83 Mem:119.20M (Peak 150.84M) | Time:00:00.03 | Rendering 1 / 64 samples

[2025-07-29T16:59:47.028Z] [DEBUG] [1df95dde-32bd-49dd-83e5-62bfbb0c7d1a] Blender Output: Fra:83 Mem:119.20M (Peak 150.84M) | Time:00:00.19 | Rendering 25 / 64 samples

[2025-07-29T16:59:47.191Z] [DEBUG] [1df95dde-32bd-49dd-83e5-62bfbb0c7d1a] Blender Output: Fra:83 Mem:119.20M (Peak 150.84M) | Time:00:00.36 | Rendering 50 / 64 samples

[2025-07-29T16:59:47.280Z] [DEBUG] [1df95dde-32bd-49dd-83e5-62bfbb0c7d1a] Blender Output: Fra:83 Mem:119.20M (Peak 150.84M) | Time:00:00.44 | Rendering 64 / 64 samples

[2025-07-29T16:59:47.361Z] [DEBUG] [1df95dde-32bd-49dd-83e5-62bfbb0c7d1a] Blender Output: Append frame 83
Time: 00:00.53 (Saving: 00:00.03)


[2025-07-29T16:59:47.398Z] [DEBUG] [1df95dde-32bd-49dd-83e5-62bfbb0c7d1a] Blender Output: Fra:84 Mem:119.20M (Peak 150.84M) | Time:00:00.03 | Rendering 1 / 64 samples

[2025-07-29T16:59:47.558Z] [DEBUG] [1df95dde-32bd-49dd-83e5-62bfbb0c7d1a] Blender Output: Fra:84 Mem:119.20M (Peak 150.84M) | Time:00:00.19 | Rendering 25 / 64 samples

[2025-07-29T16:59:47.719Z] [DEBUG] [1df95dde-32bd-49dd-83e5-62bfbb0c7d1a] Blender Output: Fra:84 Mem:119.20M (Peak 150.84M) | Time:00:00.35 | Rendering 50 / 64 samples

[2025-07-29T16:59:47.808Z] [DEBUG] [1df95dde-32bd-49dd-83e5-62bfbb0c7d1a] Blender Output: Fra:84 Mem:119.20M (Peak 150.84M) | Time:00:00.44 | Rendering 64 / 64 samples

[2025-07-29T16:59:47.886Z] [DEBUG] [1df95dde-32bd-49dd-83e5-62bfbb0c7d1a] Blender Output: Append frame 84
Time: 00:00.52 (Saving: 00:00.03)


[2025-07-29T16:59:47.924Z] [DEBUG] [1df95dde-32bd-49dd-83e5-62bfbb0c7d1a] Blender Output: Fra:85 Mem:119.20M (Peak 150.84M) | Time:00:00.03 | Rendering 1 / 64 samples

[2025-07-29T16:59:48.076Z] [DEBUG] [1df95dde-32bd-49dd-83e5-62bfbb0c7d1a] Blender Output: Fra:85 Mem:119.20M (Peak 150.84M) | Time:00:00.18 | Rendering 25 / 64 samples

[2025-07-29T16:59:48.231Z] [DEBUG] [1df95dde-32bd-49dd-83e5-62bfbb0c7d1a] Blender Output: Fra:85 Mem:119.20M (Peak 150.84M) | Time:00:00.34 | Rendering 50 / 64 samples

[2025-07-29T16:59:48.318Z] [DEBUG] [1df95dde-32bd-49dd-83e5-62bfbb0c7d1a] Blender Output: Fra:85 Mem:119.20M (Peak 150.84M) | Time:00:00.43 | Rendering 64 / 64 samples

[2025-07-29T16:59:48.395Z] [DEBUG] [1df95dde-32bd-49dd-83e5-62bfbb0c7d1a] Blender Output: Append frame 85
Time: 00:00.50 (Saving: 00:00.03)


[2025-07-29T16:59:48.432Z] [DEBUG] [1df95dde-32bd-49dd-83e5-62bfbb0c7d1a] Blender Output: Fra:86 Mem:119.20M (Peak 150.84M) | Time:00:00.03 | Rendering 1 / 64 samples

[2025-07-29T16:59:48.584Z] [DEBUG] [1df95dde-32bd-49dd-83e5-62bfbb0c7d1a] Blender Output: Fra:86 Mem:119.20M (Peak 150.84M) | Time:00:00.18 | Rendering 25 / 64 samples

[2025-07-29T16:59:48.738Z] [DEBUG] [1df95dde-32bd-49dd-83e5-62bfbb0c7d1a] Blender Output: Fra:86 Mem:119.20M (Peak 150.84M) | Time:00:00.34 | Rendering 50 / 64 samples

[2025-07-29T16:59:48.824Z] [DEBUG] [1df95dde-32bd-49dd-83e5-62bfbb0c7d1a] Blender Output: Fra:86 Mem:119.20M (Peak 150.84M) | Time:00:00.42 | Rendering 64 / 64 samples

[2025-07-29T16:59:48.900Z] [DEBUG] [1df95dde-32bd-49dd-83e5-62bfbb0c7d1a] Blender Output: Append frame 86
Time: 00:00.50 (Saving: 00:00.03)


[2025-07-29T16:59:48.936Z] [DEBUG] [1df95dde-32bd-49dd-83e5-62bfbb0c7d1a] Blender Output: Fra:87 Mem:119.20M (Peak 150.84M) | Time:00:00.03 | Rendering 1 / 64 samples

[2025-07-29T16:59:49.089Z] [DEBUG] [1df95dde-32bd-49dd-83e5-62bfbb0c7d1a] Blender Output: Fra:87 Mem:119.20M (Peak 150.84M) | Time:00:00.18 | Rendering 25 / 64 samples

[2025-07-29T16:59:49.245Z] [DEBUG] [1df95dde-32bd-49dd-83e5-62bfbb0c7d1a] Blender Output: Fra:87 Mem:119.20M (Peak 150.84M) | Time:00:00.34 | Rendering 50 / 64 samples

[2025-07-29T16:59:49.333Z] [DEBUG] [1df95dde-32bd-49dd-83e5-62bfbb0c7d1a] Blender Output: Fra:87 Mem:119.20M (Peak 150.84M) | Time:00:00.43 | Rendering 64 / 64 samples

[2025-07-29T16:59:49.407Z] [DEBUG] [1df95dde-32bd-49dd-83e5-62bfbb0c7d1a] Blender Output: Append frame 87
Time: 00:00.50 (Saving: 00:00.03)


[2025-07-29T16:59:49.465Z] [DEBUG] [1df95dde-32bd-49dd-83e5-62bfbb0c7d1a] Blender Output: Fra:88 Mem:119.20M (Peak 150.84M) | Time:00:00.05 | Rendering 1 / 64 samples

[2025-07-29T16:59:49.618Z] [DEBUG] [1df95dde-32bd-49dd-83e5-62bfbb0c7d1a] Blender Output: Fra:88 Mem:119.20M (Peak 150.84M) | Time:00:00.21 | Rendering 25 / 64 samples

[2025-07-29T16:59:49.776Z] [DEBUG] [1df95dde-32bd-49dd-83e5-62bfbb0c7d1a] Blender Output: Fra:88 Mem:119.20M (Peak 150.84M) | Time:00:00.36 | Rendering 50 / 64 samples

[2025-07-29T16:59:49.863Z] [DEBUG] [1df95dde-32bd-49dd-83e5-62bfbb0c7d1a] Blender Output: Fra:88 Mem:119.20M (Peak 150.84M) | Time:00:00.45 | Rendering 64 / 64 samples

[2025-07-29T16:59:49.941Z] [DEBUG] [1df95dde-32bd-49dd-83e5-62bfbb0c7d1a] Blender Output: Append frame 88
Time: 00:00.53 (Saving: 00:00.03)


[2025-07-29T16:59:49.978Z] [DEBUG] [1df95dde-32bd-49dd-83e5-62bfbb0c7d1a] Blender Output: Fra:89 Mem:119.20M (Peak 150.84M) | Time:00:00.03 | Rendering 1 / 64 samples

[2025-07-29T16:59:50.131Z] [DEBUG] [1df95dde-32bd-49dd-83e5-62bfbb0c7d1a] Blender Output: Fra:89 Mem:119.20M (Peak 150.84M) | Time:00:00.18 | Rendering 25 / 64 samples

[2025-07-29T16:59:50.288Z] [DEBUG] [1df95dde-32bd-49dd-83e5-62bfbb0c7d1a] Blender Output: Fra:89 Mem:119.20M (Peak 150.84M) | Time:00:00.34 | Rendering 50 / 64 samples

[2025-07-29T16:59:50.377Z] [DEBUG] [1df95dde-32bd-49dd-83e5-62bfbb0c7d1a] Blender Output: Fra:89 Mem:119.20M (Peak 150.84M) | Time:00:00.43 | Rendering 64 / 64 samples

[2025-07-29T16:59:50.452Z] [DEBUG] [1df95dde-32bd-49dd-83e5-62bfbb0c7d1a] Blender Output: Append frame 89
Time: 00:00.51 (Saving: 00:00.03)


[2025-07-29T16:59:50.489Z] [DEBUG] [1df95dde-32bd-49dd-83e5-62bfbb0c7d1a] Blender Output: Fra:90 Mem:119.20M (Peak 150.84M) | Time:00:00.03 | Rendering 1 / 64 samples

[2025-07-29T16:59:50.641Z] [DEBUG] [1df95dde-32bd-49dd-83e5-62bfbb0c7d1a] Blender Output: Fra:90 Mem:119.20M (Peak 150.84M) | Time:00:00.18 | Rendering 25 / 64 samples

[2025-07-29T16:59:50.797Z] [DEBUG] [1df95dde-32bd-49dd-83e5-62bfbb0c7d1a] Blender Output: Fra:90 Mem:119.20M (Peak 150.84M) | Time:00:00.34 | Rendering 50 / 64 samples

[2025-07-29T16:59:50.884Z] [DEBUG] [1df95dde-32bd-49dd-83e5-62bfbb0c7d1a] Blender Output: Fra:90 Mem:119.20M (Peak 150.84M) | Time:00:00.43 | Rendering 64 / 64 samples

[2025-07-29T16:59:50.966Z] [DEBUG] [1df95dde-32bd-49dd-83e5-62bfbb0c7d1a] Blender Output: Append frame 90
Time: 00:00.51 (Saving: 00:00.03)


[2025-07-29T16:59:51.003Z] [DEBUG] [1df95dde-32bd-49dd-83e5-62bfbb0c7d1a] Blender Output: Fra:91 Mem:119.20M (Peak 150.84M) | Time:00:00.03 | Rendering 1 / 64 samples

[2025-07-29T16:59:51.157Z] [DEBUG] [1df95dde-32bd-49dd-83e5-62bfbb0c7d1a] Blender Output: Fra:91 Mem:119.20M (Peak 150.84M) | Time:00:00.19 | Rendering 25 / 64 samples

[2025-07-29T16:59:51.314Z] [DEBUG] [1df95dde-32bd-49dd-83e5-62bfbb0c7d1a] Blender Output: Fra:91 Mem:119.20M (Peak 150.84M) | Time:00:00.34 | Rendering 50 / 64 samples

[2025-07-29T16:59:51.401Z] [DEBUG] [1df95dde-32bd-49dd-83e5-62bfbb0c7d1a] Blender Output: Fra:91 Mem:119.20M (Peak 150.84M) | Time:00:00.43 | Rendering 64 / 64 samples

[2025-07-29T16:59:51.475Z] [DEBUG] [1df95dde-32bd-49dd-83e5-62bfbb0c7d1a] Blender Output: Append frame 91
Time: 00:00.50 (Saving: 00:00.03)


[2025-07-29T16:59:51.513Z] [DEBUG] [1df95dde-32bd-49dd-83e5-62bfbb0c7d1a] Blender Output: Fra:92 Mem:119.20M (Peak 150.84M) | Time:00:00.03 | Rendering 1 / 64 samples

[2025-07-29T16:59:51.664Z] [DEBUG] [1df95dde-32bd-49dd-83e5-62bfbb0c7d1a] Blender Output: Fra:92 Mem:119.20M (Peak 150.84M) | Time:00:00.18 | Rendering 25 / 64 samples

[2025-07-29T16:59:51.820Z] [DEBUG] [1df95dde-32bd-49dd-83e5-62bfbb0c7d1a] Blender Output: Fra:92 Mem:119.20M (Peak 150.84M) | Time:00:00.34 | Rendering 50 / 64 samples

[2025-07-29T16:59:51.908Z] [DEBUG] [1df95dde-32bd-49dd-83e5-62bfbb0c7d1a] Blender Output: Fra:92 Mem:119.20M (Peak 150.84M) | Time:00:00.43 | Rendering 64 / 64 samples

[2025-07-29T16:59:51.987Z] [DEBUG] [1df95dde-32bd-49dd-83e5-62bfbb0c7d1a] Blender Output: Append frame 92
Time: 00:00.51 (Saving: 00:00.03)


[2025-07-29T16:59:52.024Z] [DEBUG] [1df95dde-32bd-49dd-83e5-62bfbb0c7d1a] Blender Output: Fra:93 Mem:119.20M (Peak 150.84M) | Time:00:00.03 | Rendering 1 / 64 samples

[2025-07-29T16:59:52.177Z] [DEBUG] [1df95dde-32bd-49dd-83e5-62bfbb0c7d1a] Blender Output: Fra:93 Mem:119.20M (Peak 150.84M) | Time:00:00.18 | Rendering 25 / 64 samples

[2025-07-29T16:59:52.332Z] [DEBUG] [1df95dde-32bd-49dd-83e5-62bfbb0c7d1a] Blender Output: Fra:93 Mem:119.20M (Peak 150.84M) | Time:00:00.34 | Rendering 50 / 64 samples

[2025-07-29T16:59:52.420Z] [DEBUG] [1df95dde-32bd-49dd-83e5-62bfbb0c7d1a] Blender Output: Fra:93 Mem:119.20M (Peak 150.84M) | Time:00:00.43 | Rendering 64 / 64 samples

[2025-07-29T16:59:52.496Z] [DEBUG] [1df95dde-32bd-49dd-83e5-62bfbb0c7d1a] Blender Output: Append frame 93
Time: 00:00.50 (Saving: 00:00.03)


[2025-07-29T16:59:52.533Z] [DEBUG] [1df95dde-32bd-49dd-83e5-62bfbb0c7d1a] Blender Output: Fra:94 Mem:119.20M (Peak 150.84M) | Time:00:00.03 | Rendering 1 / 64 samples

[2025-07-29T16:59:52.685Z] [DEBUG] [1df95dde-32bd-49dd-83e5-62bfbb0c7d1a] Blender Output: Fra:94 Mem:119.20M (Peak 150.84M) | Time:00:00.18 | Rendering 25 / 64 samples

[2025-07-29T16:59:52.840Z] [DEBUG] [1df95dde-32bd-49dd-83e5-62bfbb0c7d1a] Blender Output: Fra:94 Mem:119.20M (Peak 150.84M) | Time:00:00.34 | Rendering 50 / 64 samples

[2025-07-29T16:59:52.927Z] [DEBUG] [1df95dde-32bd-49dd-83e5-62bfbb0c7d1a] Blender Output: Fra:94 Mem:119.20M (Peak 150.84M) | Time:00:00.43 | Rendering 64 / 64 samples

[2025-07-29T16:59:53.002Z] [DEBUG] [1df95dde-32bd-49dd-83e5-62bfbb0c7d1a] Blender Output: Append frame 94
Time: 00:00.50 (Saving: 00:00.03)


[2025-07-29T16:59:53.040Z] [DEBUG] [1df95dde-32bd-49dd-83e5-62bfbb0c7d1a] Blender Output: Fra:95 Mem:119.20M (Peak 150.84M) | Time:00:00.03 | Rendering 1 / 64 samples

[2025-07-29T16:59:53.192Z] [DEBUG] [1df95dde-32bd-49dd-83e5-62bfbb0c7d1a] Blender Output: Fra:95 Mem:119.20M (Peak 150.84M) | Time:00:00.18 | Rendering 25 / 64 samples

[2025-07-29T16:59:53.346Z] [DEBUG] [1df95dde-32bd-49dd-83e5-62bfbb0c7d1a] Blender Output: Fra:95 Mem:119.20M (Peak 150.84M) | Time:00:00.34 | Rendering 50 / 64 samples

[2025-07-29T16:59:53.432Z] [DEBUG] [1df95dde-32bd-49dd-83e5-62bfbb0c7d1a] Blender Output: Fra:95 Mem:119.20M (Peak 150.84M) | Time:00:00.42 | Rendering 64 / 64 samples

[2025-07-29T16:59:53.509Z] [DEBUG] [1df95dde-32bd-49dd-83e5-62bfbb0c7d1a] Blender Output: Append frame 95
Time: 00:00.50 (Saving: 00:00.03)


[2025-07-29T16:59:53.546Z] [DEBUG] [1df95dde-32bd-49dd-83e5-62bfbb0c7d1a] Blender Output: Fra:96 Mem:119.20M (Peak 150.84M) | Time:00:00.03 | Rendering 1 / 64 samples

[2025-07-29T16:59:53.695Z] [DEBUG] [1df95dde-32bd-49dd-83e5-62bfbb0c7d1a] Blender Output: Fra:96 Mem:119.20M (Peak 150.84M) | Time:00:00.18 | Rendering 25 / 64 samples

[2025-07-29T16:59:53.850Z] [DEBUG] [1df95dde-32bd-49dd-83e5-62bfbb0c7d1a] Blender Output: Fra:96 Mem:119.20M (Peak 150.84M) | Time:00:00.34 | Rendering 50 / 64 samples

[2025-07-29T16:59:53.936Z] [DEBUG] [1df95dde-32bd-49dd-83e5-62bfbb0c7d1a] Blender Output: Fra:96 Mem:119.20M (Peak 150.84M) | Time:00:00.42 | Rendering 64 / 64 samples

[2025-07-29T16:59:54.010Z] [DEBUG] [1df95dde-32bd-49dd-83e5-62bfbb0c7d1a] Blender Output: Append frame 96
Time: 00:00.50 (Saving: 00:00.03)


[2025-07-29T16:59:54.046Z] [DEBUG] [1df95dde-32bd-49dd-83e5-62bfbb0c7d1a] Blender Output: Fra:97 Mem:119.20M (Peak 150.84M) | Time:00:00.03 | Rendering 1 / 64 samples

[2025-07-29T16:59:54.197Z] [DEBUG] [1df95dde-32bd-49dd-83e5-62bfbb0c7d1a] Blender Output: Fra:97 Mem:119.20M (Peak 150.84M) | Time:00:00.18 | Rendering 25 / 64 samples

[2025-07-29T16:59:54.350Z] [DEBUG] [1df95dde-32bd-49dd-83e5-62bfbb0c7d1a] Blender Output: Fra:97 Mem:119.20M (Peak 150.84M) | Time:00:00.33 | Rendering 50 / 64 samples

[2025-07-29T16:59:54.436Z] [DEBUG] [1df95dde-32bd-49dd-83e5-62bfbb0c7d1a] Blender Output: Fra:97 Mem:119.20M (Peak 150.84M) | Time:00:00.42 | Rendering 64 / 64 samples

[2025-07-29T16:59:54.513Z] [DEBUG] [1df95dde-32bd-49dd-83e5-62bfbb0c7d1a] Blender Output: Append frame 97
Time: 00:00.50 (Saving: 00:00.03)


[2025-07-29T16:59:54.550Z] [DEBUG] [1df95dde-32bd-49dd-83e5-62bfbb0c7d1a] Blender Output: Fra:98 Mem:119.20M (Peak 150.84M) | Time:00:00.03 | Rendering 1 / 64 samples

[2025-07-29T16:59:54.702Z] [DEBUG] [1df95dde-32bd-49dd-83e5-62bfbb0c7d1a] Blender Output: Fra:98 Mem:119.20M (Peak 150.84M) | Time:00:00.18 | Rendering 25 / 64 samples

[2025-07-29T16:59:54.856Z] [DEBUG] [1df95dde-32bd-49dd-83e5-62bfbb0c7d1a] Blender Output: Fra:98 Mem:119.20M (Peak 150.84M) | Time:00:00.34 | Rendering 50 / 64 samples

[2025-07-29T16:59:54.943Z] [DEBUG] [1df95dde-32bd-49dd-83e5-62bfbb0c7d1a] Blender Output: Fra:98 Mem:119.20M (Peak 150.84M) | Time:00:00.43 | Rendering 64 / 64 samples

[2025-07-29T16:59:55.025Z] [DEBUG] [1df95dde-32bd-49dd-83e5-62bfbb0c7d1a] Blender Output: Append frame 98
Time: 00:00.51 (Saving: 00:00.03)


[2025-07-29T16:59:55.061Z] [DEBUG] [1df95dde-32bd-49dd-83e5-62bfbb0c7d1a] Blender Output: Fra:99 Mem:119.20M (Peak 150.84M) | Time:00:00.03 | Rendering 1 / 64 samples

[2025-07-29T16:59:55.215Z] [DEBUG] [1df95dde-32bd-49dd-83e5-62bfbb0c7d1a] Blender Output: Fra:99 Mem:119.20M (Peak 150.84M) | Time:00:00.18 | Rendering 25 / 64 samples

[2025-07-29T16:59:55.368Z] [DEBUG] [1df95dde-32bd-49dd-83e5-62bfbb0c7d1a] Blender Output: Fra:99 Mem:119.20M (Peak 150.84M) | Time:00:00.34 | Rendering 50 / 64 samples

[2025-07-29T16:59:55.454Z] [DEBUG] [1df95dde-32bd-49dd-83e5-62bfbb0c7d1a] Blender Output: Fra:99 Mem:119.20M (Peak 150.84M) | Time:00:00.42 | Rendering 64 / 64 samples

[2025-07-29T16:59:55.531Z] [DEBUG] [1df95dde-32bd-49dd-83e5-62bfbb0c7d1a] Blender Output: Append frame 99
Time: 00:00.50 (Saving: 00:00.03)


[2025-07-29T16:59:55.568Z] [DEBUG] [1df95dde-32bd-49dd-83e5-62bfbb0c7d1a] Blender Output: Fra:100 Mem:119.20M (Peak 150.84M) | Time:00:00.03 | Rendering 1 / 64 samples

[2025-07-29T16:59:55.726Z] [DEBUG] [1df95dde-32bd-49dd-83e5-62bfbb0c7d1a] Blender Output: Fra:100 Mem:119.20M (Peak 150.84M) | Time:00:00.19 | Rendering 25 / 64 samples

[2025-07-29T16:59:55.887Z] [DEBUG] [1df95dde-32bd-49dd-83e5-62bfbb0c7d1a] Blender Output: Fra:100 Mem:119.20M (Peak 150.84M) | Time:00:00.35 | Rendering 50 / 64 samples

[2025-07-29T16:59:55.978Z] [DEBUG] [1df95dde-32bd-49dd-83e5-62bfbb0c7d1a] Blender Output: Fra:100 Mem:119.20M (Peak 150.84M) | Time:00:00.44 | Rendering 64 / 64 samples

[2025-07-29T16:59:56.057Z] [DEBUG] [1df95dde-32bd-49dd-83e5-62bfbb0c7d1a] Blender Output: Append frame 100
Time: 00:00.52 (Saving: 00:00.03)


[2025-07-29T16:59:56.094Z] [DEBUG] [1df95dde-32bd-49dd-83e5-62bfbb0c7d1a] Blender Output: Fra:101 Mem:119.20M (Peak 150.84M) | Time:00:00.03 | Rendering 1 / 64 samples

[2025-07-29T16:59:56.253Z] [DEBUG] [1df95dde-32bd-49dd-83e5-62bfbb0c7d1a] Blender Output: Fra:101 Mem:119.20M (Peak 150.84M) | Time:00:00.19 | Rendering 25 / 64 samples

[2025-07-29T16:59:56.410Z] [DEBUG] [1df95dde-32bd-49dd-83e5-62bfbb0c7d1a] Blender Output: Fra:101 Mem:119.20M (Peak 150.84M) | Time:00:00.35 | Rendering 50 / 64 samples

[2025-07-29T16:59:56.498Z] [DEBUG] [1df95dde-32bd-49dd-83e5-62bfbb0c7d1a] Blender Output: Fra:101 Mem:119.20M (Peak 150.84M) | Time:00:00.44 | Rendering 64 / 64 samples

[2025-07-29T16:59:56.572Z] [DEBUG] [1df95dde-32bd-49dd-83e5-62bfbb0c7d1a] Blender Output: Append frame 101
Time: 00:00.51 (Saving: 00:00.03)


[2025-07-29T16:59:56.609Z] [DEBUG] [1df95dde-32bd-49dd-83e5-62bfbb0c7d1a] Blender Output: Fra:102 Mem:119.20M (Peak 150.84M) | Time:00:00.03 | Rendering 1 / 64 samples

[2025-07-29T16:59:56.763Z] [DEBUG] [1df95dde-32bd-49dd-83e5-62bfbb0c7d1a] Blender Output: Fra:102 Mem:119.20M (Peak 150.84M) | Time:00:00.19 | Rendering 25 / 64 samples

[2025-07-29T16:59:56.923Z] [DEBUG] [1df95dde-32bd-49dd-83e5-62bfbb0c7d1a] Blender Output: Fra:102 Mem:119.20M (Peak 150.84M) | Time:00:00.35 | Rendering 50 / 64 samples

[2025-07-29T16:59:57.010Z] [DEBUG] [1df95dde-32bd-49dd-83e5-62bfbb0c7d1a] Blender Output: Fra:102 Mem:119.20M (Peak 150.84M) | Time:00:00.43 | Rendering 64 / 64 samples

[2025-07-29T16:59:57.087Z] [DEBUG] [1df95dde-32bd-49dd-83e5-62bfbb0c7d1a] Blender Output: Append frame 102
Time: 00:00.51 (Saving: 00:00.03)


[2025-07-29T16:59:57.124Z] [DEBUG] [1df95dde-32bd-49dd-83e5-62bfbb0c7d1a] Blender Output: Fra:103 Mem:119.20M (Peak 150.84M) | Time:00:00.03 | Rendering 1 / 64 samples

[2025-07-29T16:59:57.276Z] [DEBUG] [1df95dde-32bd-49dd-83e5-62bfbb0c7d1a] Blender Output: Fra:103 Mem:119.20M (Peak 150.84M) | Time:00:00.18 | Rendering 25 / 64 samples

[2025-07-29T16:59:57.431Z] [DEBUG] [1df95dde-32bd-49dd-83e5-62bfbb0c7d1a] Blender Output: Fra:103 Mem:119.20M (Peak 150.84M) | Time:00:00.34 | Rendering 50 / 64 samples

[2025-07-29T16:59:57.518Z] [DEBUG] [1df95dde-32bd-49dd-83e5-62bfbb0c7d1a] Blender Output: Fra:103 Mem:119.20M (Peak 150.84M) | Time:00:00.43 | Rendering 64 / 64 samples

[2025-07-29T16:59:57.592Z] [DEBUG] [1df95dde-32bd-49dd-83e5-62bfbb0c7d1a] Blender Output: Append frame 103
Time: 00:00.50 (Saving: 00:00.03)


[2025-07-29T16:59:57.629Z] [DEBUG] [1df95dde-32bd-49dd-83e5-62bfbb0c7d1a] Blender Output: Fra:104 Mem:119.20M (Peak 150.84M) | Time:00:00.03 | Rendering 1 / 64 samples

[2025-07-29T16:59:57.784Z] [DEBUG] [1df95dde-32bd-49dd-83e5-62bfbb0c7d1a] Blender Output: Fra:104 Mem:119.20M (Peak 150.84M) | Time:00:00.19 | Rendering 25 / 64 samples

[2025-07-29T16:59:57.943Z] [DEBUG] [1df95dde-32bd-49dd-83e5-62bfbb0c7d1a] Blender Output: Fra:104 Mem:119.20M (Peak 150.84M) | Time:00:00.35 | Rendering 50 / 64 samples

[2025-07-29T16:59:58.032Z] [DEBUG] [1df95dde-32bd-49dd-83e5-62bfbb0c7d1a] Blender Output: Fra:104 Mem:119.20M (Peak 150.84M) | Time:00:00.43 | Rendering 64 / 64 samples

[2025-07-29T16:59:58.109Z] [DEBUG] [1df95dde-32bd-49dd-83e5-62bfbb0c7d1a] Blender Output: Append frame 104
Time: 00:00.51 (Saving: 00:00.03)


[2025-07-29T16:59:58.146Z] [DEBUG] [1df95dde-32bd-49dd-83e5-62bfbb0c7d1a] Blender Output: Fra:105 Mem:119.20M (Peak 150.84M) | Time:00:00.03 | Rendering 1 / 64 samples

[2025-07-29T16:59:58.296Z] [DEBUG] [1df95dde-32bd-49dd-83e5-62bfbb0c7d1a] Blender Output: Fra:105 Mem:119.20M (Peak 150.84M) | Time:00:00.18 | Rendering 25 / 64 samples

[2025-07-29T16:59:58.450Z] [DEBUG] [1df95dde-32bd-49dd-83e5-62bfbb0c7d1a] Blender Output: Fra:105 Mem:119.20M (Peak 150.84M) | Time:00:00.34 | Rendering 50 / 64 samples

[2025-07-29T16:59:58.537Z] [DEBUG] [1df95dde-32bd-49dd-83e5-62bfbb0c7d1a] Blender Output: Fra:105 Mem:119.20M (Peak 150.84M) | Time:00:00.42 | Rendering 64 / 64 samples

[2025-07-29T16:59:58.614Z] [DEBUG] [1df95dde-32bd-49dd-83e5-62bfbb0c7d1a] Blender Output: Append frame 105
Time: 00:00.50 (Saving: 00:00.03)


[2025-07-29T16:59:58.652Z] [DEBUG] [1df95dde-32bd-49dd-83e5-62bfbb0c7d1a] Blender Output: Fra:106 Mem:119.20M (Peak 150.84M) | Time:00:00.03 | Rendering 1 / 64 samples

[2025-07-29T16:59:58.811Z] [DEBUG] [1df95dde-32bd-49dd-83e5-62bfbb0c7d1a] Blender Output: Fra:106 Mem:119.20M (Peak 150.84M) | Time:00:00.19 | Rendering 25 / 64 samples

[2025-07-29T16:59:58.973Z] [DEBUG] [1df95dde-32bd-49dd-83e5-62bfbb0c7d1a] Blender Output: Fra:106 Mem:119.20M (Peak 150.84M) | Time:00:00.35 | Rendering 50 / 64 samples

[2025-07-29T16:59:59.064Z] [DEBUG] [1df95dde-32bd-49dd-83e5-62bfbb0c7d1a] Blender Output: Fra:106 Mem:119.20M (Peak 150.84M) | Time:00:00.44 | Rendering 64 / 64 samples

[2025-07-29T16:59:59.139Z] [DEBUG] [1df95dde-32bd-49dd-83e5-62bfbb0c7d1a] Blender Output: Append frame 106
Time: 00:00.52 (Saving: 00:00.03)


[2025-07-29T16:59:59.176Z] [DEBUG] [1df95dde-32bd-49dd-83e5-62bfbb0c7d1a] Blender Output: Fra:107 Mem:119.20M (Peak 150.84M) | Time:00:00.03 | Rendering 1 / 64 samples

[2025-07-29T16:59:59.328Z] [DEBUG] [1df95dde-32bd-49dd-83e5-62bfbb0c7d1a] Blender Output: Fra:107 Mem:119.20M (Peak 150.84M) | Time:00:00.18 | Rendering 25 / 64 samples

[2025-07-29T16:59:59.482Z] [DEBUG] [1df95dde-32bd-49dd-83e5-62bfbb0c7d1a] Blender Output: Fra:107 Mem:119.20M (Peak 150.84M) | Time:00:00.34 | Rendering 50 / 64 samples

[2025-07-29T16:59:59.569Z] [DEBUG] [1df95dde-32bd-49dd-83e5-62bfbb0c7d1a] Blender Output: Fra:107 Mem:119.20M (Peak 150.84M) | Time:00:00.43 | Rendering 64 / 64 samples

[2025-07-29T16:59:59.645Z] [DEBUG] [1df95dde-32bd-49dd-83e5-62bfbb0c7d1a] Blender Output: Append frame 107
Time: 00:00.50 (Saving: 00:00.03)


[2025-07-29T16:59:59.682Z] [DEBUG] [1df95dde-32bd-49dd-83e5-62bfbb0c7d1a] Blender Output: Fra:108 Mem:119.20M (Peak 150.84M) | Time:00:00.03 | Rendering 1 / 64 samples

[2025-07-29T16:59:59.833Z] [DEBUG] [1df95dde-32bd-49dd-83e5-62bfbb0c7d1a] Blender Output: Fra:108 Mem:119.20M (Peak 150.84M) | Time:00:00.18 | Rendering 25 / 64 samples

[2025-07-29T16:59:59.988Z] [DEBUG] [1df95dde-32bd-49dd-83e5-62bfbb0c7d1a] Blender Output: Fra:108 Mem:119.20M (Peak 150.84M) | Time:00:00.34 | Rendering 50 / 64 samples

[2025-07-29T17:00:00.076Z] [DEBUG] [1df95dde-32bd-49dd-83e5-62bfbb0c7d1a] Blender Output: Fra:108 Mem:119.20M (Peak 150.84M) | Time:00:00.43 | Rendering 64 / 64 samples

[2025-07-29T17:00:00.154Z] [DEBUG] [1df95dde-32bd-49dd-83e5-62bfbb0c7d1a] Blender Output: Append frame 108
Time: 00:00.50 (Saving: 00:00.03)


[2025-07-29T17:00:00.191Z] [DEBUG] [1df95dde-32bd-49dd-83e5-62bfbb0c7d1a] Blender Output: Fra:109 Mem:119.20M (Peak 150.84M) | Time:00:00.03 | Rendering 1 / 64 samples

[2025-07-29T17:00:00.345Z] [DEBUG] [1df95dde-32bd-49dd-83e5-62bfbb0c7d1a] Blender Output: Fra:109 Mem:119.20M (Peak 150.84M) | Time:00:00.19 | Rendering 25 / 64 samples

[2025-07-29T17:00:00.505Z] [DEBUG] [1df95dde-32bd-49dd-83e5-62bfbb0c7d1a] Blender Output: Fra:109 Mem:119.20M (Peak 150.84M) | Time:00:00.35 | Rendering 50 / 64 samples

[2025-07-29T17:00:00.600Z] [DEBUG] [1df95dde-32bd-49dd-83e5-62bfbb0c7d1a] Blender Output: Fra:109 Mem:119.20M (Peak 150.84M) | Time:00:00.44 | Rendering 64 / 64 samples

[2025-07-29T17:00:00.678Z] [DEBUG] [1df95dde-32bd-49dd-83e5-62bfbb0c7d1a] Blender Output: Append frame 109
Time: 00:00.52 (Saving: 00:00.03)


[2025-07-29T17:00:00.717Z] [DEBUG] [1df95dde-32bd-49dd-83e5-62bfbb0c7d1a] Blender Output: Fra:110 Mem:119.20M (Peak 150.84M) | Time:00:00.03 | Rendering 1 / 64 samples

[2025-07-29T17:00:00.868Z] [DEBUG] [1df95dde-32bd-49dd-83e5-62bfbb0c7d1a] Blender Output: Fra:110 Mem:119.20M (Peak 150.84M) | Time:00:00.19 | Rendering 25 / 64 samples

[2025-07-29T17:00:01.021Z] [DEBUG] [1df95dde-32bd-49dd-83e5-62bfbb0c7d1a] Blender Output: Fra:110 Mem:119.20M (Peak 150.84M) | Time:00:00.34 | Rendering 50 / 64 samples

[2025-07-29T17:00:01.110Z] [DEBUG] [1df95dde-32bd-49dd-83e5-62bfbb0c7d1a] Blender Output: Fra:110 Mem:119.20M (Peak 150.84M) | Time:00:00.43 | Rendering 64 / 64 samples

[2025-07-29T17:00:01.188Z] [DEBUG] [1df95dde-32bd-49dd-83e5-62bfbb0c7d1a] Blender Output: Append frame 110
Time: 00:00.50 (Saving: 00:00.03)


[2025-07-29T17:00:01.225Z] [DEBUG] [1df95dde-32bd-49dd-83e5-62bfbb0c7d1a] Blender Output: Fra:111 Mem:119.20M (Peak 150.84M) | Time:00:00.03 | Rendering 1 / 64 samples

[2025-07-29T17:00:01.376Z] [DEBUG] [1df95dde-32bd-49dd-83e5-62bfbb0c7d1a] Blender Output: Fra:111 Mem:119.20M (Peak 150.84M) | Time:00:00.18 | Rendering 25 / 64 samples

[2025-07-29T17:00:01.532Z] [DEBUG] [1df95dde-32bd-49dd-83e5-62bfbb0c7d1a] Blender Output: Fra:111 Mem:119.20M (Peak 150.84M) | Time:00:00.34 | Rendering 50 / 64 samples

[2025-07-29T17:00:01.619Z] [DEBUG] [1df95dde-32bd-49dd-83e5-62bfbb0c7d1a] Blender Output: Fra:111 Mem:119.20M (Peak 150.84M) | Time:00:00.43 | Rendering 64 / 64 samples

[2025-07-29T17:00:01.696Z] [DEBUG] [1df95dde-32bd-49dd-83e5-62bfbb0c7d1a] Blender Output: Append frame 111
Time: 00:00.50 (Saving: 00:00.03)


[2025-07-29T17:00:01.733Z] [DEBUG] [1df95dde-32bd-49dd-83e5-62bfbb0c7d1a] Blender Output: Fra:112 Mem:119.20M (Peak 150.84M) | Time:00:00.03 | Rendering 1 / 64 samples

[2025-07-29T17:00:01.883Z] [DEBUG] [1df95dde-32bd-49dd-83e5-62bfbb0c7d1a] Blender Output: Fra:112 Mem:119.20M (Peak 150.84M) | Time:00:00.18 | Rendering 25 / 64 samples

[2025-07-29T17:00:02.036Z] [DEBUG] [1df95dde-32bd-49dd-83e5-62bfbb0c7d1a] Blender Output: Fra:112 Mem:119.20M (Peak 150.84M) | Time:00:00.33 | Rendering 50 / 64 samples

[2025-07-29T17:00:02.121Z] [DEBUG] [1df95dde-32bd-49dd-83e5-62bfbb0c7d1a] Blender Output: Fra:112 Mem:119.20M (Peak 150.84M) | Time:00:00.42 | Rendering 64 / 64 samples

[2025-07-29T17:00:02.196Z] [DEBUG] [1df95dde-32bd-49dd-83e5-62bfbb0c7d1a] Blender Output: Append frame 112
Time: 00:00.49 (Saving: 00:00.03)


[2025-07-29T17:00:02.233Z] [DEBUG] [1df95dde-32bd-49dd-83e5-62bfbb0c7d1a] Blender Output: Fra:113 Mem:119.20M (Peak 150.84M) | Time:00:00.03 | Rendering 1 / 64 samples

[2025-07-29T17:00:02.382Z] [DEBUG] [1df95dde-32bd-49dd-83e5-62bfbb0c7d1a] Blender Output: Fra:113 Mem:119.20M (Peak 150.84M) | Time:00:00.18 | Rendering 25 / 64 samples

[2025-07-29T17:00:02.536Z] [DEBUG] [1df95dde-32bd-49dd-83e5-62bfbb0c7d1a] Blender Output: Fra:113 Mem:119.20M (Peak 150.84M) | Time:00:00.33 | Rendering 50 / 64 samples

[2025-07-29T17:00:02.625Z] [DEBUG] [1df95dde-32bd-49dd-83e5-62bfbb0c7d1a] Blender Output: Fra:113 Mem:119.20M (Peak 150.84M) | Time:00:00.42 | Rendering 64 / 64 samples

[2025-07-29T17:00:02.703Z] [DEBUG] [1df95dde-32bd-49dd-83e5-62bfbb0c7d1a] Blender Output: Append frame 113
Time: 00:00.50 (Saving: 00:00.03)


[2025-07-29T17:00:02.740Z] [DEBUG] [1df95dde-32bd-49dd-83e5-62bfbb0c7d1a] Blender Output: Fra:114 Mem:119.20M (Peak 150.84M) | Time:00:00.03 | Rendering 1 / 64 samples

[2025-07-29T17:00:02.892Z] [DEBUG] [1df95dde-32bd-49dd-83e5-62bfbb0c7d1a] Blender Output: Fra:114 Mem:119.20M (Peak 150.84M) | Time:00:00.18 | Rendering 25 / 64 samples

[2025-07-29T17:00:03.046Z] [DEBUG] [1df95dde-32bd-49dd-83e5-62bfbb0c7d1a] Blender Output: Fra:114 Mem:119.20M (Peak 150.84M) | Time:00:00.34 | Rendering 50 / 64 samples

[2025-07-29T17:00:03.134Z] [DEBUG] [1df95dde-32bd-49dd-83e5-62bfbb0c7d1a] Blender Output: Fra:114 Mem:119.20M (Peak 150.84M) | Time:00:00.43 | Rendering 64 / 64 samples

[2025-07-29T17:00:03.211Z] [DEBUG] [1df95dde-32bd-49dd-83e5-62bfbb0c7d1a] Blender Output: Append frame 114
Time: 00:00.50 (Saving: 00:00.03)


[2025-07-29T17:00:03.247Z] [DEBUG] [1df95dde-32bd-49dd-83e5-62bfbb0c7d1a] Blender Output: Fra:115 Mem:119.20M (Peak 150.84M) | Time:00:00.03 | Rendering 1 / 64 samples

[2025-07-29T17:00:03.401Z] [DEBUG] [1df95dde-32bd-49dd-83e5-62bfbb0c7d1a] Blender Output: Fra:115 Mem:119.20M (Peak 150.84M) | Time:00:00.19 | Rendering 25 / 64 samples

[2025-07-29T17:00:03.560Z] [DEBUG] [1df95dde-32bd-49dd-83e5-62bfbb0c7d1a] Blender Output: Fra:115 Mem:119.20M (Peak 150.84M) | Time:00:00.34 | Rendering 50 / 64 samples

[2025-07-29T17:00:03.648Z] [DEBUG] [1df95dde-32bd-49dd-83e5-62bfbb0c7d1a] Blender Output: Fra:115 Mem:119.20M (Peak 150.84M) | Time:00:00.43 | Rendering 64 / 64 samples

[2025-07-29T17:00:03.727Z] [DEBUG] [1df95dde-32bd-49dd-83e5-62bfbb0c7d1a] Blender Output: Append frame 115
Time: 00:00.51 (Saving: 00:00.03)


[2025-07-29T17:00:03.763Z] [DEBUG] [1df95dde-32bd-49dd-83e5-62bfbb0c7d1a] Blender Output: Fra:116 Mem:119.20M (Peak 150.84M) | Time:00:00.03 | Rendering 1 / 64 samples

[2025-07-29T17:00:03.925Z] [DEBUG] [1df95dde-32bd-49dd-83e5-62bfbb0c7d1a] Blender Output: Fra:116 Mem:119.20M (Peak 150.84M) | Time:00:00.19 | Rendering 25 / 64 samples

[2025-07-29T17:00:04.082Z] [DEBUG] [1df95dde-32bd-49dd-83e5-62bfbb0c7d1a] Blender Output: Fra:116 Mem:119.20M (Peak 150.84M) | Time:00:00.35 | Rendering 50 / 64 samples

[2025-07-29T17:00:04.169Z] [DEBUG] [1df95dde-32bd-49dd-83e5-62bfbb0c7d1a] Blender Output: Fra:116 Mem:119.20M (Peak 150.84M) | Time:00:00.44 | Rendering 64 / 64 samples

[2025-07-29T17:00:04.245Z] [DEBUG] [1df95dde-32bd-49dd-83e5-62bfbb0c7d1a] Blender Output: Append frame 116
Time: 00:00.51 (Saving: 00:00.03)


[2025-07-29T17:00:04.282Z] [DEBUG] [1df95dde-32bd-49dd-83e5-62bfbb0c7d1a] Blender Output: Fra:117 Mem:119.20M (Peak 150.84M) | Time:00:00.03 | Rendering 1 / 64 samples

[2025-07-29T17:00:04.436Z] [DEBUG] [1df95dde-32bd-49dd-83e5-62bfbb0c7d1a] Blender Output: Fra:117 Mem:119.20M (Peak 150.84M) | Time:00:00.19 | Rendering 25 / 64 samples

[2025-07-29T17:00:04.592Z] [DEBUG] [1df95dde-32bd-49dd-83e5-62bfbb0c7d1a] Blender Output: Fra:117 Mem:119.20M (Peak 150.84M) | Time:00:00.34 | Rendering 50 / 64 samples

[2025-07-29T17:00:04.680Z] [DEBUG] [1df95dde-32bd-49dd-83e5-62bfbb0c7d1a] Blender Output: Fra:117 Mem:119.20M (Peak 150.84M) | Time:00:00.43 | Rendering 64 / 64 samples

[2025-07-29T17:00:04.758Z] [DEBUG] [1df95dde-32bd-49dd-83e5-62bfbb0c7d1a] Blender Output: Append frame 117
Time: 00:00.51 (Saving: 00:00.03)


[2025-07-29T17:00:04.795Z] [DEBUG] [1df95dde-32bd-49dd-83e5-62bfbb0c7d1a] Blender Output: Fra:118 Mem:119.20M (Peak 150.84M) | Time:00:00.03 | Rendering 1 / 64 samples

[2025-07-29T17:00:04.950Z] [DEBUG] [1df95dde-32bd-49dd-83e5-62bfbb0c7d1a] Blender Output: Fra:118 Mem:119.20M (Peak 150.84M) | Time:00:00.19 | Rendering 25 / 64 samples

[2025-07-29T17:00:05.109Z] [DEBUG] [1df95dde-32bd-49dd-83e5-62bfbb0c7d1a] Blender Output: Fra:118 Mem:119.20M (Peak 150.84M) | Time:00:00.35 | Rendering 50 / 64 samples

[2025-07-29T17:00:05.197Z] [DEBUG] [1df95dde-32bd-49dd-83e5-62bfbb0c7d1a] Blender Output: Fra:118 Mem:119.20M (Peak 150.84M) | Time:00:00.43 | Rendering 64 / 64 samples

[2025-07-29T17:00:05.272Z] [DEBUG] [1df95dde-32bd-49dd-83e5-62bfbb0c7d1a] Blender Output: Append frame 118
Time: 00:00.51 (Saving: 00:00.03)


[2025-07-29T17:00:05.309Z] [DEBUG] [1df95dde-32bd-49dd-83e5-62bfbb0c7d1a] Blender Output: Fra:119 Mem:119.20M (Peak 150.84M) | Time:00:00.03 | Rendering 1 / 64 samples

[2025-07-29T17:00:05.465Z] [DEBUG] [1df95dde-32bd-49dd-83e5-62bfbb0c7d1a] Blender Output: Fra:119 Mem:119.20M (Peak 150.84M) | Time:00:00.19 | Rendering 25 / 64 samples

[2025-07-29T17:00:05.629Z] [DEBUG] [1df95dde-32bd-49dd-83e5-62bfbb0c7d1a] Blender Output: Fra:119 Mem:119.20M (Peak 150.84M) | Time:00:00.35 | Rendering 50 / 64 samples

[2025-07-29T17:00:05.718Z] [DEBUG] [1df95dde-32bd-49dd-83e5-62bfbb0c7d1a] Blender Output: Fra:119 Mem:119.20M (Peak 150.84M) | Time:00:00.44 | Rendering 64 / 64 samples

[2025-07-29T17:00:05.796Z] [DEBUG] [1df95dde-32bd-49dd-83e5-62bfbb0c7d1a] Blender Output: Append frame 119
Time: 00:00.52 (Saving: 00:00.03)


[2025-07-29T17:00:05.834Z] [DEBUG] [1df95dde-32bd-49dd-83e5-62bfbb0c7d1a] Blender Output: Fra:120 Mem:119.20M (Peak 150.84M) | Time:00:00.03 | Rendering 1 / 64 samples

[2025-07-29T17:00:05.989Z] [DEBUG] [1df95dde-32bd-49dd-83e5-62bfbb0c7d1a] Blender Output: Fra:120 Mem:119.20M (Peak 150.84M) | Time:00:00.19 | Rendering 25 / 64 samples

[2025-07-29T17:00:06.150Z] [DEBUG] [1df95dde-32bd-49dd-83e5-62bfbb0c7d1a] Blender Output: Fra:120 Mem:119.20M (Peak 150.84M) | Time:00:00.35 | Rendering 50 / 64 samples

[2025-07-29T17:00:06.238Z] [DEBUG] [1df95dde-32bd-49dd-83e5-62bfbb0c7d1a] Blender Output: Fra:120 Mem:119.20M (Peak 150.84M) | Time:00:00.44 | Rendering 64 / 64 samples

[2025-07-29T17:00:06.318Z] [DEBUG] [1df95dde-32bd-49dd-83e5-62bfbb0c7d1a] Blender Output: Append frame 120
Time: 00:00.52 (Saving: 00:00.03)


[2025-07-29T17:00:06.354Z] [DEBUG] [1df95dde-32bd-49dd-83e5-62bfbb0c7d1a] Blender Output: Fra:121 Mem:119.20M (Peak 150.84M) | Time:00:00.03 | Rendering 1 / 64 samples

[2025-07-29T17:00:06.508Z] [DEBUG] [1df95dde-32bd-49dd-83e5-62bfbb0c7d1a] Blender Output: Fra:121 Mem:119.20M (Peak 150.84M) | Time:00:00.18 | Rendering 25 / 64 samples

[2025-07-29T17:00:06.668Z] [DEBUG] [1df95dde-32bd-49dd-83e5-62bfbb0c7d1a] Blender Output: Fra:121 Mem:119.20M (Peak 150.84M) | Time:00:00.34 | Rendering 50 / 64 samples

[2025-07-29T17:00:06.758Z] [DEBUG] [1df95dde-32bd-49dd-83e5-62bfbb0c7d1a] Blender Output: Fra:121 Mem:119.20M (Peak 150.84M) | Time:00:00.43 | Rendering 64 / 64 samples

[2025-07-29T17:00:06.837Z] [DEBUG] [1df95dde-32bd-49dd-83e5-62bfbb0c7d1a] Blender Output: Append frame 121
Time: 00:00.51 (Saving: 00:00.03)


[2025-07-29T17:00:06.873Z] [DEBUG] [1df95dde-32bd-49dd-83e5-62bfbb0c7d1a] Blender Output: Fra:122 Mem:119.20M (Peak 150.84M) | Time:00:00.03 | Rendering 1 / 64 samples

[2025-07-29T17:00:07.028Z] [DEBUG] [1df95dde-32bd-49dd-83e5-62bfbb0c7d1a] Blender Output: Fra:122 Mem:119.20M (Peak 150.84M) | Time:00:00.19 | Rendering 25 / 64 samples

[2025-07-29T17:00:07.184Z] [DEBUG] [1df95dde-32bd-49dd-83e5-62bfbb0c7d1a] Blender Output: Fra:122 Mem:119.20M (Peak 150.84M) | Time:00:00.34 | Rendering 50 / 64 samples

[2025-07-29T17:00:07.272Z] [DEBUG] [1df95dde-32bd-49dd-83e5-62bfbb0c7d1a] Blender Output: Fra:122 Mem:119.20M (Peak 150.84M) | Time:00:00.43 | Rendering 64 / 64 samples

[2025-07-29T17:00:07.350Z] [DEBUG] [1df95dde-32bd-49dd-83e5-62bfbb0c7d1a] Blender Output: Append frame 122
Time: 00:00.51 (Saving: 00:00.03)


[2025-07-29T17:00:07.388Z] [DEBUG] [1df95dde-32bd-49dd-83e5-62bfbb0c7d1a] Blender Output: Fra:123 Mem:119.20M (Peak 150.84M) | Time:00:00.03 | Rendering 1 / 64 samples

[2025-07-29T17:00:07.539Z] [DEBUG] [1df95dde-32bd-49dd-83e5-62bfbb0c7d1a] Blender Output: Fra:123 Mem:119.20M (Peak 150.84M) | Time:00:00.18 | Rendering 25 / 64 samples

[2025-07-29T17:00:07.693Z] [DEBUG] [1df95dde-32bd-49dd-83e5-62bfbb0c7d1a] Blender Output: Fra:123 Mem:119.20M (Peak 150.84M) | Time:00:00.34 | Rendering 50 / 64 samples

[2025-07-29T17:00:07.780Z] [DEBUG] [1df95dde-32bd-49dd-83e5-62bfbb0c7d1a] Blender Output: Fra:123 Mem:119.20M (Peak 150.84M) | Time:00:00.43 | Rendering 64 / 64 samples

[2025-07-29T17:00:07.856Z] [DEBUG] [1df95dde-32bd-49dd-83e5-62bfbb0c7d1a] Blender Output: Append frame 123
Time: 00:00.50 (Saving: 00:00.03)


[2025-07-29T17:00:07.893Z] [DEBUG] [1df95dde-32bd-49dd-83e5-62bfbb0c7d1a] Blender Output: Fra:124 Mem:119.20M (Peak 150.84M) | Time:00:00.03 | Rendering 1 / 64 samples

[2025-07-29T17:00:08.043Z] [DEBUG] [1df95dde-32bd-49dd-83e5-62bfbb0c7d1a] Blender Output: Fra:124 Mem:119.20M (Peak 150.84M) | Time:00:00.18 | Rendering 25 / 64 samples

[2025-07-29T17:00:08.197Z] [DEBUG] [1df95dde-32bd-49dd-83e5-62bfbb0c7d1a] Blender Output: Fra:124 Mem:119.20M (Peak 150.84M) | Time:00:00.34 | Rendering 50 / 64 samples

[2025-07-29T17:00:08.283Z] [DEBUG] [1df95dde-32bd-49dd-83e5-62bfbb0c7d1a] Blender Output: Fra:124 Mem:119.20M (Peak 150.84M) | Time:00:00.42 | Rendering 64 / 64 samples

[2025-07-29T17:00:08.362Z] [DEBUG] [1df95dde-32bd-49dd-83e5-62bfbb0c7d1a] Blender Output: Append frame 124
Time: 00:00.50 (Saving: 00:00.03)


[2025-07-29T17:00:08.398Z] [DEBUG] [1df95dde-32bd-49dd-83e5-62bfbb0c7d1a] Blender Output: Fra:125 Mem:119.20M (Peak 150.84M) | Time:00:00.03 | Rendering 1 / 64 samples

[2025-07-29T17:00:08.549Z] [DEBUG] [1df95dde-32bd-49dd-83e5-62bfbb0c7d1a] Blender Output: Fra:125 Mem:119.20M (Peak 150.84M) | Time:00:00.18 | Rendering 25 / 64 samples

[2025-07-29T17:00:08.704Z] [DEBUG] [1df95dde-32bd-49dd-83e5-62bfbb0c7d1a] Blender Output: Fra:125 Mem:119.20M (Peak 150.84M) | Time:00:00.34 | Rendering 50 / 64 samples

[2025-07-29T17:00:08.790Z] [DEBUG] [1df95dde-32bd-49dd-83e5-62bfbb0c7d1a] Blender Output: Fra:125 Mem:119.20M (Peak 150.84M) | Time:00:00.42 | Rendering 64 / 64 samples

[2025-07-29T17:00:08.866Z] [DEBUG] [1df95dde-32bd-49dd-83e5-62bfbb0c7d1a] Blender Output: Append frame 125
Time: 00:00.50 (Saving: 00:00.03)


[2025-07-29T17:00:08.902Z] [DEBUG] [1df95dde-32bd-49dd-83e5-62bfbb0c7d1a] Blender Output: Fra:126 Mem:119.20M (Peak 150.84M) | Time:00:00.03 | Rendering 1 / 64 samples

[2025-07-29T17:00:09.053Z] [DEBUG] [1df95dde-32bd-49dd-83e5-62bfbb0c7d1a] Blender Output: Fra:126 Mem:119.20M (Peak 150.84M) | Time:00:00.18 | Rendering 25 / 64 samples

[2025-07-29T17:00:09.208Z] [DEBUG] [1df95dde-32bd-49dd-83e5-62bfbb0c7d1a] Blender Output: Fra:126 Mem:119.20M (Peak 150.84M) | Time:00:00.34 | Rendering 50 / 64 samples

[2025-07-29T17:00:09.295Z] [DEBUG] [1df95dde-32bd-49dd-83e5-62bfbb0c7d1a] Blender Output: Fra:126 Mem:119.20M (Peak 150.84M) | Time:00:00.42 | Rendering 64 / 64 samples

[2025-07-29T17:00:09.370Z] [DEBUG] [1df95dde-32bd-49dd-83e5-62bfbb0c7d1a] Blender Output: Append frame 126
Time: 00:00.50 (Saving: 00:00.03)


[2025-07-29T17:00:09.407Z] [DEBUG] [1df95dde-32bd-49dd-83e5-62bfbb0c7d1a] Blender Output: Fra:127 Mem:119.20M (Peak 150.84M) | Time:00:00.03 | Rendering 1 / 64 samples

[2025-07-29T17:00:09.557Z] [DEBUG] [1df95dde-32bd-49dd-83e5-62bfbb0c7d1a] Blender Output: Fra:127 Mem:119.20M (Peak 150.84M) | Time:00:00.18 | Rendering 25 / 64 samples

[2025-07-29T17:00:09.709Z] [DEBUG] [1df95dde-32bd-49dd-83e5-62bfbb0c7d1a] Blender Output: Fra:127 Mem:119.20M (Peak 150.84M) | Time:00:00.33 | Rendering 50 / 64 samples

[2025-07-29T17:00:09.795Z] [DEBUG] [1df95dde-32bd-49dd-83e5-62bfbb0c7d1a] Blender Output: Fra:127 Mem:119.20M (Peak 150.84M) | Time:00:00.42 | Rendering 64 / 64 samples

[2025-07-29T17:00:09.874Z] [DEBUG] [1df95dde-32bd-49dd-83e5-62bfbb0c7d1a] Blender Output: Append frame 127
Time: 00:00.50 (Saving: 00:00.03)


[2025-07-29T17:00:09.911Z] [DEBUG] [1df95dde-32bd-49dd-83e5-62bfbb0c7d1a] Blender Output: Fra:128 Mem:119.20M (Peak 150.84M) | Time:00:00.03 | Rendering 1 / 64 samples

[2025-07-29T17:00:10.062Z] [DEBUG] [1df95dde-32bd-49dd-83e5-62bfbb0c7d1a] Blender Output: Fra:128 Mem:119.20M (Peak 150.84M) | Time:00:00.18 | Rendering 25 / 64 samples

[2025-07-29T17:00:10.216Z] [DEBUG] [1df95dde-32bd-49dd-83e5-62bfbb0c7d1a] Blender Output: Fra:128 Mem:119.20M (Peak 150.84M) | Time:00:00.34 | Rendering 50 / 64 samples

[2025-07-29T17:00:10.302Z] [DEBUG] [1df95dde-32bd-49dd-83e5-62bfbb0c7d1a] Blender Output: Fra:128 Mem:119.20M (Peak 150.84M) | Time:00:00.42 | Rendering 64 / 64 samples

[2025-07-29T17:00:10.382Z] [DEBUG] [1df95dde-32bd-49dd-83e5-62bfbb0c7d1a] Blender Output: Append frame 128
Time: 00:00.50 (Saving: 00:00.03)


[2025-07-29T17:00:10.419Z] [DEBUG] [1df95dde-32bd-49dd-83e5-62bfbb0c7d1a] Blender Output: Fra:129 Mem:119.20M (Peak 150.84M) | Time:00:00.03 | Rendering 1 / 64 samples

[2025-07-29T17:00:10.571Z] [DEBUG] [1df95dde-32bd-49dd-83e5-62bfbb0c7d1a] Blender Output: Fra:129 Mem:119.20M (Peak 150.84M) | Time:00:00.18 | Rendering 25 / 64 samples

[2025-07-29T17:00:10.727Z] [DEBUG] [1df95dde-32bd-49dd-83e5-62bfbb0c7d1a] Blender Output: Fra:129 Mem:119.20M (Peak 150.84M) | Time:00:00.34 | Rendering 50 / 64 samples

[2025-07-29T17:00:10.815Z] [DEBUG] [1df95dde-32bd-49dd-83e5-62bfbb0c7d1a] Blender Output: Fra:129 Mem:119.20M (Peak 150.84M) | Time:00:00.43 | Rendering 64 / 64 samples

[2025-07-29T17:00:10.892Z] [DEBUG] [1df95dde-32bd-49dd-83e5-62bfbb0c7d1a] Blender Output: Append frame 129
Time: 00:00.50 (Saving: 00:00.03)


[2025-07-29T17:00:10.929Z] [DEBUG] [1df95dde-32bd-49dd-83e5-62bfbb0c7d1a] Blender Output: Fra:130 Mem:119.20M (Peak 150.84M) | Time:00:00.03 | Rendering 1 / 64 samples

[2025-07-29T17:00:11.081Z] [DEBUG] [1df95dde-32bd-49dd-83e5-62bfbb0c7d1a] Blender Output: Fra:130 Mem:119.20M (Peak 150.84M) | Time:00:00.18 | Rendering 25 / 64 samples

[2025-07-29T17:00:11.238Z] [DEBUG] [1df95dde-32bd-49dd-83e5-62bfbb0c7d1a] Blender Output: Fra:130 Mem:119.20M (Peak 150.84M) | Time:00:00.34 | Rendering 50 / 64 samples

[2025-07-29T17:00:11.326Z] [DEBUG] [1df95dde-32bd-49dd-83e5-62bfbb0c7d1a] Blender Output: Fra:130 Mem:119.20M (Peak 150.84M) | Time:00:00.43 | Rendering 64 / 64 samples

[2025-07-29T17:00:11.404Z] [DEBUG] [1df95dde-32bd-49dd-83e5-62bfbb0c7d1a] Blender Output: Append frame 130
Time: 00:00.51 (Saving: 00:00.03)


[2025-07-29T17:00:11.441Z] [DEBUG] [1df95dde-32bd-49dd-83e5-62bfbb0c7d1a] Blender Output: Fra:131 Mem:119.20M (Peak 150.84M) | Time:00:00.03 | Rendering 1 / 64 samples

[2025-07-29T17:00:11.594Z] [DEBUG] [1df95dde-32bd-49dd-83e5-62bfbb0c7d1a] Blender Output: Fra:131 Mem:119.20M (Peak 150.84M) | Time:00:00.18 | Rendering 25 / 64 samples

[2025-07-29T17:00:11.752Z] [DEBUG] [1df95dde-32bd-49dd-83e5-62bfbb0c7d1a] Blender Output: Fra:131 Mem:119.20M (Peak 150.84M) | Time:00:00.34 | Rendering 50 / 64 samples

[2025-07-29T17:00:11.841Z] [DEBUG] [1df95dde-32bd-49dd-83e5-62bfbb0c7d1a] Blender Output: Fra:131 Mem:119.20M (Peak 150.84M) | Time:00:00.43 | Rendering 64 / 64 samples

[2025-07-29T17:00:11.915Z] [DEBUG] [1df95dde-32bd-49dd-83e5-62bfbb0c7d1a] Blender Output: Append frame 131
Time: 00:00.51 (Saving: 00:00.03)


[2025-07-29T17:00:11.952Z] [DEBUG] [1df95dde-32bd-49dd-83e5-62bfbb0c7d1a] Blender Output: Fra:132 Mem:119.20M (Peak 150.84M) | Time:00:00.03 | Rendering 1 / 64 samples

[2025-07-29T17:00:12.106Z] [DEBUG] [1df95dde-32bd-49dd-83e5-62bfbb0c7d1a] Blender Output: Fra:132 Mem:119.20M (Peak 150.84M) | Time:00:00.19 | Rendering 25 / 64 samples

[2025-07-29T17:00:12.264Z] [DEBUG] [1df95dde-32bd-49dd-83e5-62bfbb0c7d1a] Blender Output: Fra:132 Mem:119.20M (Peak 150.84M) | Time:00:00.34 | Rendering 50 / 64 samples

[2025-07-29T17:00:12.356Z] [DEBUG] [1df95dde-32bd-49dd-83e5-62bfbb0c7d1a] Blender Output: Fra:132 Mem:119.20M (Peak 150.84M) | Time:00:00.44 | Rendering 64 / 64 samples

[2025-07-29T17:00:12.436Z] [DEBUG] [1df95dde-32bd-49dd-83e5-62bfbb0c7d1a] Blender Output: Append frame 132
Time: 00:00.52 (Saving: 00:00.03)


[2025-07-29T17:00:12.483Z] [DEBUG] [1df95dde-32bd-49dd-83e5-62bfbb0c7d1a] Blender Output: Fra:133 Mem:119.20M (Peak 150.84M) | Time:00:00.04 | Rendering 1 / 64 samples

[2025-07-29T17:00:12.637Z] [DEBUG] [1df95dde-32bd-49dd-83e5-62bfbb0c7d1a] Blender Output: Fra:133 Mem:119.20M (Peak 150.84M) | Time:00:00.20 | Rendering 25 / 64 samples

[2025-07-29T17:00:12.796Z] [DEBUG] [1df95dde-32bd-49dd-83e5-62bfbb0c7d1a] Blender Output: Fra:133 Mem:119.20M (Peak 150.84M) | Time:00:00.36 | Rendering 50 / 64 samples

[2025-07-29T17:00:12.884Z] [DEBUG] [1df95dde-32bd-49dd-83e5-62bfbb0c7d1a] Blender Output: Fra:133 Mem:119.20M (Peak 150.84M) | Time:00:00.44 | Rendering 64 / 64 samples

[2025-07-29T17:00:12.963Z] [DEBUG] [1df95dde-32bd-49dd-83e5-62bfbb0c7d1a] Blender Output: Append frame 133
Time: 00:00.52 (Saving: 00:00.03)


[2025-07-29T17:00:13.000Z] [DEBUG] [1df95dde-32bd-49dd-83e5-62bfbb0c7d1a] Blender Output: Fra:134 Mem:119.20M (Peak 150.84M) | Time:00:00.03 | Rendering 1 / 64 samples

[2025-07-29T17:00:13.158Z] [DEBUG] [1df95dde-32bd-49dd-83e5-62bfbb0c7d1a] Blender Output: Fra:134 Mem:119.20M (Peak 150.84M) | Time:00:00.19 | Rendering 25 / 64 samples

[2025-07-29T17:00:13.320Z] [DEBUG] [1df95dde-32bd-49dd-83e5-62bfbb0c7d1a] Blender Output: Fra:134 Mem:119.20M (Peak 150.84M) | Time:00:00.35 | Rendering 50 / 64 samples

[2025-07-29T17:00:13.413Z] [DEBUG] [1df95dde-32bd-49dd-83e5-62bfbb0c7d1a] Blender Output: Fra:134 Mem:119.20M (Peak 150.84M) | Time:00:00.45 | Rendering 64 / 64 samples

[2025-07-29T17:00:13.493Z] [DEBUG] [1df95dde-32bd-49dd-83e5-62bfbb0c7d1a] Blender Output: Append frame 134
Time: 00:00.52 (Saving: 00:00.03)


[2025-07-29T17:00:13.532Z] [DEBUG] [1df95dde-32bd-49dd-83e5-62bfbb0c7d1a] Blender Output: Fra:135 Mem:119.20M (Peak 150.84M) | Time:00:00.03 | Rendering 1 / 64 samples

[2025-07-29T17:00:13.691Z] [DEBUG] [1df95dde-32bd-49dd-83e5-62bfbb0c7d1a] Blender Output: Fra:135 Mem:119.20M (Peak 150.84M) | Time:00:00.19 | Rendering 25 / 64 samples

[2025-07-29T17:00:13.854Z] [DEBUG] [1df95dde-32bd-49dd-83e5-62bfbb0c7d1a] Blender Output: Fra:135 Mem:119.20M (Peak 150.84M) | Time:00:00.36 | Rendering 50 / 64 samples

[2025-07-29T17:00:13.945Z] [DEBUG] [1df95dde-32bd-49dd-83e5-62bfbb0c7d1a] Blender Output: Fra:135 Mem:119.20M (Peak 150.84M) | Time:00:00.45 | Rendering 64 / 64 samples

[2025-07-29T17:00:14.023Z] [DEBUG] [1df95dde-32bd-49dd-83e5-62bfbb0c7d1a] Blender Output: Append frame 135
Time: 00:00.53 (Saving: 00:00.03)


[2025-07-29T17:00:14.060Z] [DEBUG] [1df95dde-32bd-49dd-83e5-62bfbb0c7d1a] Blender Output: Fra:136 Mem:119.20M (Peak 150.84M) | Time:00:00.03 | Rendering 1 / 64 samples

[2025-07-29T17:00:14.216Z] [DEBUG] [1df95dde-32bd-49dd-83e5-62bfbb0c7d1a] Blender Output: Fra:136 Mem:119.20M (Peak 150.84M) | Time:00:00.19 | Rendering 25 / 64 samples

[2025-07-29T17:00:14.374Z] [DEBUG] [1df95dde-32bd-49dd-83e5-62bfbb0c7d1a] Blender Output: Fra:136 Mem:119.20M (Peak 150.84M) | Time:00:00.35 | Rendering 50 / 64 samples

[2025-07-29T17:00:14.460Z] [DEBUG] [1df95dde-32bd-49dd-83e5-62bfbb0c7d1a] Blender Output: Fra:136 Mem:119.20M (Peak 150.84M) | Time:00:00.43 | Rendering 64 / 64 samples

[2025-07-29T17:00:14.536Z] [DEBUG] [1df95dde-32bd-49dd-83e5-62bfbb0c7d1a] Blender Output: Append frame 136
Time: 00:00.51 (Saving: 00:00.03)


[2025-07-29T17:00:14.573Z] [DEBUG] [1df95dde-32bd-49dd-83e5-62bfbb0c7d1a] Blender Output: Fra:137 Mem:119.20M (Peak 150.84M) | Time:00:00.03 | Rendering 1 / 64 samples

[2025-07-29T17:00:14.724Z] [DEBUG] [1df95dde-32bd-49dd-83e5-62bfbb0c7d1a] Blender Output: Fra:137 Mem:119.20M (Peak 150.84M) | Time:00:00.18 | Rendering 25 / 64 samples

[2025-07-29T17:00:14.878Z] [DEBUG] [1df95dde-32bd-49dd-83e5-62bfbb0c7d1a] Blender Output: Fra:137 Mem:119.20M (Peak 150.84M) | Time:00:00.34 | Rendering 50 / 64 samples

[2025-07-29T17:00:14.964Z] [DEBUG] [1df95dde-32bd-49dd-83e5-62bfbb0c7d1a] Blender Output: Fra:137 Mem:119.20M (Peak 150.84M) | Time:00:00.42 | Rendering 64 / 64 samples

[2025-07-29T17:00:15.041Z] [DEBUG] [1df95dde-32bd-49dd-83e5-62bfbb0c7d1a] Blender Output: Append frame 137
Time: 00:00.50 (Saving: 00:00.03)


[2025-07-29T17:00:15.078Z] [DEBUG] [1df95dde-32bd-49dd-83e5-62bfbb0c7d1a] Blender Output: Fra:138 Mem:119.20M (Peak 150.84M) | Time:00:00.03 | Rendering 1 / 64 samples

[2025-07-29T17:00:15.235Z] [DEBUG] [1df95dde-32bd-49dd-83e5-62bfbb0c7d1a] Blender Output: Fra:138 Mem:119.20M (Peak 150.84M) | Time:00:00.19 | Rendering 25 / 64 samples

[2025-07-29T17:00:15.395Z] [DEBUG] [1df95dde-32bd-49dd-83e5-62bfbb0c7d1a] Blender Output: Fra:138 Mem:119.20M (Peak 150.84M) | Time:00:00.35 | Rendering 50 / 64 samples

[2025-07-29T17:00:15.485Z] [DEBUG] [1df95dde-32bd-49dd-83e5-62bfbb0c7d1a] Blender Output: Fra:138 Mem:119.20M (Peak 150.84M) | Time:00:00.44 | Rendering 64 / 64 samples

[2025-07-29T17:00:15.563Z] [DEBUG] [1df95dde-32bd-49dd-83e5-62bfbb0c7d1a] Blender Output: Append frame 138
Time: 00:00.52 (Saving: 00:00.03)


[2025-07-29T17:00:15.600Z] [DEBUG] [1df95dde-32bd-49dd-83e5-62bfbb0c7d1a] Blender Output: Fra:139 Mem:119.20M (Peak 150.84M) | Time:00:00.03 | Rendering 1 / 64 samples

[2025-07-29T17:00:15.757Z] [DEBUG] [1df95dde-32bd-49dd-83e5-62bfbb0c7d1a] Blender Output: Fra:139 Mem:119.20M (Peak 150.84M) | Time:00:00.19 | Rendering 25 / 64 samples

[2025-07-29T17:00:15.921Z] [DEBUG] [1df95dde-32bd-49dd-83e5-62bfbb0c7d1a] Blender Output: Fra:139 Mem:119.20M (Peak 150.84M) | Time:00:00.35 | Rendering 50 / 64 samples

[2025-07-29T17:00:16.010Z] [DEBUG] [1df95dde-32bd-49dd-83e5-62bfbb0c7d1a] Blender Output: Fra:139 Mem:119.20M (Peak 150.84M) | Time:00:00.44 | Rendering 64 / 64 samples

[2025-07-29T17:00:16.088Z] [DEBUG] [1df95dde-32bd-49dd-83e5-62bfbb0c7d1a] Blender Output: Append frame 139
Time: 00:00.52 (Saving: 00:00.03)


[2025-07-29T17:00:16.125Z] [DEBUG] [1df95dde-32bd-49dd-83e5-62bfbb0c7d1a] Blender Output: Fra:140 Mem:119.20M (Peak 150.84M) | Time:00:00.03 | Rendering 1 / 64 samples

[2025-07-29T17:00:16.282Z] [DEBUG] [1df95dde-32bd-49dd-83e5-62bfbb0c7d1a] Blender Output: Fra:140 Mem:119.20M (Peak 150.84M) | Time:00:00.19 | Rendering 25 / 64 samples

[2025-07-29T17:00:16.438Z] [DEBUG] [1df95dde-32bd-49dd-83e5-62bfbb0c7d1a] Blender Output: Fra:140 Mem:119.20M (Peak 150.84M) | Time:00:00.35 | Rendering 50 / 64 samples

[2025-07-29T17:00:16.527Z] [DEBUG] [1df95dde-32bd-49dd-83e5-62bfbb0c7d1a] Blender Output: Fra:140 Mem:119.20M (Peak 150.84M) | Time:00:00.43 | Rendering 64 / 64 samples

[2025-07-29T17:00:16.605Z] [DEBUG] [1df95dde-32bd-49dd-83e5-62bfbb0c7d1a] Blender Output: Append frame 140
Time: 00:00.51 (Saving: 00:00.03)


[2025-07-29T17:00:16.642Z] [DEBUG] [1df95dde-32bd-49dd-83e5-62bfbb0c7d1a] Blender Output: Fra:141 Mem:119.20M (Peak 150.84M) | Time:00:00.03 | Rendering 1 / 64 samples

[2025-07-29T17:00:16.794Z] [DEBUG] [1df95dde-32bd-49dd-83e5-62bfbb0c7d1a] Blender Output: Fra:141 Mem:119.20M (Peak 150.84M) | Time:00:00.18 | Rendering 25 / 64 samples

[2025-07-29T17:00:16.951Z] [DEBUG] [1df95dde-32bd-49dd-83e5-62bfbb0c7d1a] Blender Output: Fra:141 Mem:119.20M (Peak 150.84M) | Time:00:00.34 | Rendering 50 / 64 samples

[2025-07-29T17:00:17.038Z] [DEBUG] [1df95dde-32bd-49dd-83e5-62bfbb0c7d1a] Blender Output: Fra:141 Mem:119.20M (Peak 150.84M) | Time:00:00.43 | Rendering 64 / 64 samples

[2025-07-29T17:00:17.118Z] [DEBUG] [1df95dde-32bd-49dd-83e5-62bfbb0c7d1a] Blender Output: Append frame 141
Time: 00:00.51 (Saving: 00:00.03)


[2025-07-29T17:00:17.158Z] [DEBUG] [1df95dde-32bd-49dd-83e5-62bfbb0c7d1a] Blender Output: Fra:142 Mem:119.20M (Peak 150.84M) | Time:00:00.03 | Rendering 1 / 64 samples

[2025-07-29T17:00:17.317Z] [DEBUG] [1df95dde-32bd-49dd-83e5-62bfbb0c7d1a] Blender Output: Fra:142 Mem:119.20M (Peak 150.84M) | Time:00:00.19 | Rendering 25 / 64 samples

[2025-07-29T17:00:17.478Z] [DEBUG] [1df95dde-32bd-49dd-83e5-62bfbb0c7d1a] Blender Output: Fra:142 Mem:119.20M (Peak 150.84M) | Time:00:00.36 | Rendering 50 / 64 samples

[2025-07-29T17:00:17.566Z] [DEBUG] [1df95dde-32bd-49dd-83e5-62bfbb0c7d1a] Blender Output: Fra:142 Mem:119.20M (Peak 150.84M) | Time:00:00.44 | Rendering 64 / 64 samples

[2025-07-29T17:00:17.641Z] [DEBUG] [1df95dde-32bd-49dd-83e5-62bfbb0c7d1a] Blender Output: Append frame 142
Time: 00:00.52 (Saving: 00:00.03)


[2025-07-29T17:00:17.872Z] [DEBUG] [1df95dde-32bd-49dd-83e5-62bfbb0c7d1a] Blender Output: 🎯 V1.4.0.a.8.1 - HOTFIX BLENDER 4.5+ INICIADO
🛡️ BLINDAGEM: V1.4.0.a.7 sync perfeito preservado
🔧 HOTFIX: APIs compatíveis com Blender 4.5+ e EEVEE_NEXT
📂 Working directory: C:\Users\Denys Victoriano\Documents\GitHub\clone\zentraw\Zentraw\3d_visualizer\Blender
🐍 Python script: C:\Users\Denys Victoriano\Documents\GitHub\clone\zentraw\Zentraw\3d_visualizer\Blender\render_audio_visualizer_v1.4.0.a.8.1.py
🔍 Verificando existência dos arquivos...
✅ Todos os arquivos validados com sucesso
🎵 Áudio: C:\Users\Denys Victoriano\Documents\GitHub\clone\zentraw\Zentraw\3d_visualizer\uploads\1753808341060_audio.wav
🖼️ Imagem: C:\Users\Denys Victoriano\Documents\GitHub\clone\zentraw\Zentraw\3d_visualizer\uploads\1753808341065_image.jpg
📁 Output (absoluto): C:\Users\Denys Victoriano\Documents\GitHub\clone\zentraw\Zentraw\3d_visualizer\outputs\output_v1.4.0.a.8.mp4
⚙️ Config: C:\Users\Denys Victoriano\Documents\GitHub\clone\zentraw\Zentraw\3d_visualizer\temp\config_1df95dde-32bd-49dd-83e5-62bfbb0c7d1a.json
📊 CONFIGURAÇÕES APLICADAS V1.4.0.a.8.1 HOTFIX:
   🎬 Resolução: 1920x1080 (Full HD padrão)
   🎞️ FPS: 30
   🔍 Samples: 128
   ⚡ Engine: BLENDER_EEVEE_NEXT (Eevee Next padrão - Blender 4.5+)
   📊 Amplitude Multiplier: 3.0x (V1.4.0.a.7 BLINDADO)
   🌊 Suavização: 1
   🎧 Canais: mono
   📦 Escala Base: 1.0x
   📈 Escala Máxima: 5.0x
   🎯 Partículas: 64
   📏 Espaçamento: 1.2
🎬 Setting up scene...
🚀 Render engine: BLENDER_EEVEE_NEXT
📐 Resolução: 1920x1080
⚡ Eevee configurado para velocidade (samples: 64)
✅ Samples Eevee configurados
🔒 Definindo caminho de saída do render: C:\Users\Denys Victoriano\Documents\GitHub\clone\zentraw\Zentraw\3d_visualizer\outputs\output_v1.4.0.a.8.mp4
🎵 Carregando áudio...
🎵 Áudio carregado: 227324 samples, 48000Hz, 2 canais
⏱️ Duração: 4.74s, 142 frames @ 30fps
🎯 Criando sistema de cubos...
✅ 64 cubos criados
🎵 Animando baseado no áudio...
✅ Animação completa
🖼️ Adicionando imagem de fundo: C:\Users\Denys Victoriano\Documents\GitHub\clone\zentraw\Zentraw\3d_visualizer\uploads\1753808341065_image.jpg
🎵 Configurando áudio no sequencer...
🎬 Iniciando render...
📊 Engine: BLENDER_EEVEE_NEXT
📐 Resolução: 1920x1080
⏱️ Frames: 142
🎵 Com áudio: True
🎉 Render concluído com sucesso!
📂 Arquivos no diretório de saída (C:\Users\Denys Victoriano\Documents\GitHub\clone\zentraw\Zentraw\3d_visualizer\outputs):
 - output_v1.4.0.a.8.2_20250728_183504_20250728_183504.mp4
 - output_v1.4.0.a.8.2_20250728_183504_result.json
 - output_v1.4.0.a.8.2_20250728_184817_20250728_184817.mp4
 - output_v1.4.0.a.8.2_20250728_184817_result.json
 - output_v1.4.0.a.8.2_20250728_202027_20250728_202027.mp4
 - output_v1.4.0.a.8.2_20250728_202027_result.json
 - output_v1.4.0.a.8.2_20250728_204618_20250728_204618.mp4
 - output_v1.4.0.a.8.2_20250728_204618_result.json
 - output_v1.4.0.a.8.2_20250728_210827_20250728_210827.mp4
 - output_v1.4.0.a.8.2_20250728_210827_result.json
 - output_v1.4.0.a.8.mp4
✅ Arquivo MP4 gerado: C:\Users\Denys Victoriano\Documents\GitHub\clone\zentraw\Zentraw\3d_visualizer\outputs\output_v1.4.0.a.8.mp4

[2025-07-29T17:00:18.155Z] [DEBUG] [1df95dde-32bd-49dd-83e5-62bfbb0c7d1a] Blender Output: 
Blender quit

[2025-07-29T17:00:18.224Z] [INFO] [1df95dde-32bd-49dd-83e5-62bfbb0c7d1a] Blender process finalizado com código: 0
[2025-07-29T17:00:18.225Z] [SUCCESS] [1df95dde-32bd-49dd-83e5-62bfbb0c7d1a] Render concluído: C:\Users\Denys Victoriano\Documents\GitHub\clone\zentraw\Zentraw\3d_visualizer\outputs\output_v1.4.0.a.8.mp4
[2025-07-29T18:17:06.954Z] [INFO] 🚀 Zentraw V1.4.0.a.8 Backend iniciado na porta 3005
[2025-07-29T18:17:06.956Z] [INFO] 🛡️ Sistema de blindagem V1.4.0.a.7 ativo
[2025-07-29T18:17:06.956Z] [INFO] ⚙️ Interface parametrizada completa disponível
[2025-07-29T18:17:06.957Z] [INFO] 📁 Diretórios: uploads=C:\Users\Denys Victoriano\Documents\GitHub\clone\zentraw\Zentraw\3d_visualizer\uploads, outputs=C:\Users\Denys Victoriano\Documents\GitHub\clone\zentraw\Zentraw\3d_visualizer\outputs, logs=C:\Users\Denys Victoriano\Documents\GitHub\clone\zentraw\Zentraw\3d_visualizer\logs
[2025-07-29T18:19:20.035Z] [INFO] Health check solicitado
[2025-07-29T18:19:32.052Z] [INFO] [fd7ab55c-ab67-4288-8a5c-fc38fb697b9c] Iniciando render parametrizado
[2025-07-29T18:19:32.053Z] [DEBUG] [fd7ab55c-ab67-4288-8a5c-fc38fb697b9c] 🔍 DEBUG - audioFile: {"fieldname":"audio","originalname":"sample_audio3.wav","encoding":"7bit","mimetype":"audio/wav","destination":"C:\\Users\\Denys Victoriano\\Documents\\GitHub\\clone\\zentraw\\Zentraw\\3d_visualizer\\uploads","filename":"1753813172035_audio.wav","path":"C:\\Users\\Denys Victoriano\\Documents\\GitHub\\clone\\zentraw\\Zentraw\\3d_visualizer\\uploads\\1753813172035_audio.wav","size":909502}
[2025-07-29T18:19:32.054Z] [DEBUG] [fd7ab55c-ab67-4288-8a5c-fc38fb697b9c] 🔍 DEBUG - imageFile: {"fieldname":"image","originalname":"sample_cover.jpg","encoding":"7bit","mimetype":"image/jpeg","destination":"C:\\Users\\Denys Victoriano\\Documents\\GitHub\\clone\\zentraw\\Zentraw\\3d_visualizer\\uploads","filename":"1753813172044_image.jpg","path":"C:\\Users\\Denys Victoriano\\Documents\\GitHub\\clone\\zentraw\\Zentraw\\3d_visualizer\\uploads\\1753813172044_image.jpg","size":362360}
[2025-07-29T18:19:32.168Z] [ERROR] [fd7ab55c-ab67-4288-8a5c-fc38fb697b9c] Erro ao executar render: The "path" argument must be of type string. Received undefined
[2025-07-29T18:22:53.444Z] [INFO] Health check solicitado
[2025-07-29T18:23:01.797Z] [INFO] [6a35857b-6538-4563-9f13-dcb91dc05715] Iniciando render parametrizado
[2025-07-29T18:23:01.798Z] [DEBUG] [6a35857b-6538-4563-9f13-dcb91dc05715] 🔍 DEBUG - audioFile: {"fieldname":"audio","originalname":"sample_audio3.wav","encoding":"7bit","mimetype":"audio/wav","destination":"C:\\Users\\Denys Victoriano\\Documents\\GitHub\\clone\\zentraw\\Zentraw\\3d_visualizer\\uploads","filename":"1753813381755_audio.wav","path":"C:\\Users\\Denys Victoriano\\Documents\\GitHub\\clone\\zentraw\\Zentraw\\3d_visualizer\\uploads\\1753813381755_audio.wav","size":909502}
[2025-07-29T18:23:01.798Z] [DEBUG] [6a35857b-6538-4563-9f13-dcb91dc05715] 🔍 DEBUG - imageFile: {"fieldname":"image","originalname":"cover_spotify.png","encoding":"7bit","mimetype":"image/png","destination":"C:\\Users\\Denys Victoriano\\Documents\\GitHub\\clone\\zentraw\\Zentraw\\3d_visualizer\\uploads","filename":"1753813381762_image.png","path":"C:\\Users\\Denys Victoriano\\Documents\\GitHub\\clone\\zentraw\\Zentraw\\3d_visualizer\\uploads\\1753813381762_image.png","size":6594976}
[2025-07-29T18:23:01.902Z] [ERROR] [6a35857b-6538-4563-9f13-dcb91dc05715] Erro ao executar render: The "path" argument must be of type string. Received undefined
[2025-07-29T18:30:35.357Z] [INFO] Health check solicitado
[2025-07-29T18:30:44.966Z] [INFO] [0edd4c0f-fbfb-4d8b-b85a-74106e90fa35] Iniciando render parametrizado
[2025-07-29T18:30:44.966Z] [DEBUG] [0edd4c0f-fbfb-4d8b-b85a-74106e90fa35] 🔍 DEBUG - audioFile: {"fieldname":"audio","originalname":"sample_audio3.wav","encoding":"7bit","mimetype":"audio/wav","destination":"C:\\Users\\Denys Victoriano\\Documents\\GitHub\\clone\\zentraw\\Zentraw\\3d_visualizer\\uploads","filename":"1753813844953_audio.wav","path":"C:\\Users\\Denys Victoriano\\Documents\\GitHub\\clone\\zentraw\\Zentraw\\3d_visualizer\\uploads\\1753813844953_audio.wav","size":909502}
[2025-07-29T18:30:44.967Z] [DEBUG] [0edd4c0f-fbfb-4d8b-b85a-74106e90fa35] 🔍 DEBUG - imageFile: {"fieldname":"image","originalname":"sample_cover.jpg","encoding":"7bit","mimetype":"image/jpeg","destination":"C:\\Users\\Denys Victoriano\\Documents\\GitHub\\clone\\zentraw\\Zentraw\\3d_visualizer\\uploads","filename":"1753813844958_image.jpg","path":"C:\\Users\\Denys Victoriano\\Documents\\GitHub\\clone\\zentraw\\Zentraw\\3d_visualizer\\uploads\\1753813844958_image.jpg","size":362360}
[2025-07-29T18:30:45.078Z] [ERROR] [0edd4c0f-fbfb-4d8b-b85a-74106e90fa35] Erro ao executar render: The "path" argument must be of type string. Received undefined
[2025-07-29T18:38:46.740Z] [INFO] Health check solicitado
[2025-07-29T18:38:54.087Z] [INFO] [65b58c67-03e6-4039-8183-310e011ac8ce] Iniciando render parametrizado
[2025-07-29T18:38:54.088Z] [DEBUG] [65b58c67-03e6-4039-8183-310e011ac8ce] 🔍 DEBUG - audioFile: {"fieldname":"audio","originalname":"sample_audio3.wav","encoding":"7bit","mimetype":"audio/wav","destination":"C:\\Users\\Denys Victoriano\\Documents\\GitHub\\clone\\zentraw\\Zentraw\\3d_visualizer\\uploads","filename":"1753814334058_audio.wav","path":"C:\\Users\\Denys Victoriano\\Documents\\GitHub\\clone\\zentraw\\Zentraw\\3d_visualizer\\uploads\\1753814334058_audio.wav","size":909502}
[2025-07-29T18:38:54.088Z] [DEBUG] [65b58c67-03e6-4039-8183-310e011ac8ce] 🔍 DEBUG - imageFile: {"fieldname":"image","originalname":"cover_spotify.png","encoding":"7bit","mimetype":"image/png","destination":"C:\\Users\\Denys Victoriano\\Documents\\GitHub\\clone\\zentraw\\Zentraw\\3d_visualizer\\uploads","filename":"1753814334061_image.png","path":"C:\\Users\\Denys Victoriano\\Documents\\GitHub\\clone\\zentraw\\Zentraw\\3d_visualizer\\uploads\\1753814334061_image.png","size":6594976}
[2025-07-29T18:38:54.196Z] [ERROR] [65b58c67-03e6-4039-8183-310e011ac8ce] Erro ao executar render: The "path" argument must be of type string. Received undefined
[2025-07-29T18:46:22.483Z] [INFO] Health check solicitado
[2025-07-29T18:46:31.051Z] [INFO] [38c9b03a-6365-430f-8c1e-c43407d06cc9] Iniciando render parametrizado
[2025-07-29T18:46:31.052Z] [DEBUG] [38c9b03a-6365-430f-8c1e-c43407d06cc9] 🔍 DEBUG - audioFile: {"fieldname":"audio","originalname":"sample_audio3.wav","encoding":"7bit","mimetype":"audio/wav","destination":"C:\\Users\\Denys Victoriano\\Documents\\GitHub\\clone\\zentraw\\Zentraw\\3d_visualizer\\uploads","filename":"1753814791044_audio.wav","path":"C:\\Users\\Denys Victoriano\\Documents\\GitHub\\clone\\zentraw\\Zentraw\\3d_visualizer\\uploads\\1753814791044_audio.wav","size":909502}
[2025-07-29T18:46:31.053Z] [DEBUG] [38c9b03a-6365-430f-8c1e-c43407d06cc9] 🔍 DEBUG - imageFile: {"fieldname":"image","originalname":"sample_cover.jpg","encoding":"7bit","mimetype":"image/jpeg","destination":"C:\\Users\\Denys Victoriano\\Documents\\GitHub\\clone\\zentraw\\Zentraw\\3d_visualizer\\uploads","filename":"1753814791048_image.jpg","path":"C:\\Users\\Denys Victoriano\\Documents\\GitHub\\clone\\zentraw\\Zentraw\\3d_visualizer\\uploads\\1753814791048_image.jpg","size":362360}
[2025-07-29T18:46:31.156Z] [ERROR] [38c9b03a-6365-430f-8c1e-c43407d06cc9] Erro ao executar render: The "path" argument must be of type string. Received undefined
[2025-07-29T18:49:40.705Z] [INFO] Health check solicitado
[2025-07-29T18:49:48.692Z] [INFO] [ad57131e-4b40-47ed-a7ba-4081b5c3bab6] Iniciando render parametrizado
[2025-07-29T18:49:48.692Z] [DEBUG] [ad57131e-4b40-47ed-a7ba-4081b5c3bab6] 🔍 DEBUG - audioFile: {"fieldname":"audio","originalname":"sample_audio3.wav","encoding":"7bit","mimetype":"audio/wav","destination":"C:\\Users\\Denys Victoriano\\Documents\\GitHub\\clone\\zentraw\\Zentraw\\3d_visualizer\\uploads","filename":"1753814988685_audio.wav","path":"C:\\Users\\Denys Victoriano\\Documents\\GitHub\\clone\\zentraw\\Zentraw\\3d_visualizer\\uploads\\1753814988685_audio.wav","size":909502}
[2025-07-29T18:49:48.693Z] [DEBUG] [ad57131e-4b40-47ed-a7ba-4081b5c3bab6] 🔍 DEBUG - imageFile: {"fieldname":"image","originalname":"sample_cover.jpg","encoding":"7bit","mimetype":"image/jpeg","destination":"C:\\Users\\Denys Victoriano\\Documents\\GitHub\\clone\\zentraw\\Zentraw\\3d_visualizer\\uploads","filename":"1753814988689_image.jpg","path":"C:\\Users\\Denys Victoriano\\Documents\\GitHub\\clone\\zentraw\\Zentraw\\3d_visualizer\\uploads\\1753814988689_image.jpg","size":362360}
[2025-07-29T18:49:48.807Z] [ERROR] [ad57131e-4b40-47ed-a7ba-4081b5c3bab6] Erro ao executar render: The "path" argument must be of type string. Received undefined
[2025-07-29T19:28:29.238Z] [INFO] Health check solicitado
[2025-07-29T19:28:42.511Z] [INFO] [39bf6251-dd4e-4ffc-b7e8-a879adaeaee1] Iniciando render parametrizado
[2025-07-29T19:28:42.512Z] [DEBUG] [39bf6251-dd4e-4ffc-b7e8-a879adaeaee1] 🔍 DEBUG - audioFile: {"fieldname":"audio","originalname":"sample_audio3.wav","encoding":"7bit","mimetype":"audio/wav","destination":"C:\\Users\\Denys Victoriano\\Documents\\GitHub\\clone\\zentraw\\Zentraw\\3d_visualizer\\uploads","filename":"1753817322470_audio.wav","path":"C:\\Users\\Denys Victoriano\\Documents\\GitHub\\clone\\zentraw\\Zentraw\\3d_visualizer\\uploads\\1753817322470_audio.wav","size":909502}
[2025-07-29T19:28:42.513Z] [DEBUG] [39bf6251-dd4e-4ffc-b7e8-a879adaeaee1] 🔍 DEBUG - imageFile: {"fieldname":"image","originalname":"cover_spotify.png","encoding":"7bit","mimetype":"image/png","destination":"C:\\Users\\Denys Victoriano\\Documents\\GitHub\\clone\\zentraw\\Zentraw\\3d_visualizer\\uploads","filename":"1753817322476_image.png","path":"C:\\Users\\Denys Victoriano\\Documents\\GitHub\\clone\\zentraw\\Zentraw\\3d_visualizer\\uploads\\1753817322476_image.png","size":6594976}
[2025-07-29T19:28:42.623Z] [ERROR] [39bf6251-dd4e-4ffc-b7e8-a879adaeaee1] Erro ao executar render: The "path" argument must be of type string. Received undefined
[2025-07-29T19:32:02.052Z] [INFO] Health check solicitado
[2025-07-29T19:32:14.823Z] [INFO] [96c18d74-0fd1-4d86-ab7f-6220d47c784a] Iniciando render parametrizado
[2025-07-29T19:32:14.824Z] [DEBUG] [96c18d74-0fd1-4d86-ab7f-6220d47c784a] 🔍 DEBUG - audioFile: {"fieldname":"audio","originalname":"sample_audio3.wav","encoding":"7bit","mimetype":"audio/wav","destination":"C:\\Users\\Denys Victoriano\\Documents\\GitHub\\clone\\zentraw\\Zentraw\\3d_visualizer\\uploads","filename":"1753817534783_audio.wav","path":"C:\\Users\\Denys Victoriano\\Documents\\GitHub\\clone\\zentraw\\Zentraw\\3d_visualizer\\uploads\\1753817534783_audio.wav","size":909502}
[2025-07-29T19:32:14.825Z] [DEBUG] [96c18d74-0fd1-4d86-ab7f-6220d47c784a] 🔍 DEBUG - imageFile: {"fieldname":"image","originalname":"cover_spotify.png","encoding":"7bit","mimetype":"image/png","destination":"C:\\Users\\Denys Victoriano\\Documents\\GitHub\\clone\\zentraw\\Zentraw\\3d_visualizer\\uploads","filename":"1753817534788_image.png","path":"C:\\Users\\Denys Victoriano\\Documents\\GitHub\\clone\\zentraw\\Zentraw\\3d_visualizer\\uploads\\1753817534788_image.png","size":6594976}
[2025-07-29T19:32:14.930Z] [ERROR] [96c18d74-0fd1-4d86-ab7f-6220d47c784a] Erro ao executar render: The "path" argument must be of type string. Received undefined
[2025-07-29T19:35:29.226Z] [INFO] Health check solicitado
[2025-07-29T19:35:42.139Z] [INFO] [3c37671d-686b-45d3-b3ca-02aa7f00584e] Iniciando render parametrizado
[2025-07-29T19:35:42.140Z] [DEBUG] [3c37671d-686b-45d3-b3ca-02aa7f00584e] 🔍 DEBUG - audioFile: {"fieldname":"audio","originalname":"sample_audio3.wav","encoding":"7bit","mimetype":"audio/wav","destination":"C:\\Users\\Denys Victoriano\\Documents\\GitHub\\clone\\zentraw\\Zentraw\\3d_visualizer\\uploads","filename":"1753817742102_audio.wav","path":"C:\\Users\\Denys Victoriano\\Documents\\GitHub\\clone\\zentraw\\Zentraw\\3d_visualizer\\uploads\\1753817742102_audio.wav","size":909502}
[2025-07-29T19:35:42.140Z] [DEBUG] [3c37671d-686b-45d3-b3ca-02aa7f00584e] 🔍 DEBUG - imageFile: {"fieldname":"image","originalname":"cover_spotify.png","encoding":"7bit","mimetype":"image/png","destination":"C:\\Users\\Denys Victoriano\\Documents\\GitHub\\clone\\zentraw\\Zentraw\\3d_visualizer\\uploads","filename":"1753817742106_image.png","path":"C:\\Users\\Denys Victoriano\\Documents\\GitHub\\clone\\zentraw\\Zentraw\\3d_visualizer\\uploads\\1753817742106_image.png","size":6594976}
[2025-07-29T19:35:42.256Z] [ERROR] [3c37671d-686b-45d3-b3ca-02aa7f00584e] Erro ao executar render: The "path" argument must be of type string. Received undefined
[2025-07-29T19:56:34.391Z] [INFO] Health check solicitado
[2025-07-29T19:56:42.721Z] [INFO] [9f26d62a-1f1e-4388-8e9d-c05255bfed8e] Iniciando render parametrizado
[2025-07-29T19:56:42.722Z] [DEBUG] [9f26d62a-1f1e-4388-8e9d-c05255bfed8e] 🔍 DEBUG - audioFile: {"fieldname":"audio","originalname":"sample_audio3.wav","encoding":"7bit","mimetype":"audio/wav","destination":"C:\\Users\\Denys Victoriano\\Documents\\GitHub\\clone\\zentraw\\Zentraw\\3d_visualizer\\uploads","filename":"1753819002681_audio.wav","path":"C:\\Users\\Denys Victoriano\\Documents\\GitHub\\clone\\zentraw\\Zentraw\\3d_visualizer\\uploads\\1753819002681_audio.wav","size":909502}
[2025-07-29T19:56:42.723Z] [DEBUG] [9f26d62a-1f1e-4388-8e9d-c05255bfed8e] 🔍 DEBUG - imageFile: {"fieldname":"image","originalname":"cover_spotify.png","encoding":"7bit","mimetype":"image/png","destination":"C:\\Users\\Denys Victoriano\\Documents\\GitHub\\clone\\zentraw\\Zentraw\\3d_visualizer\\uploads","filename":"1753819002685_image.png","path":"C:\\Users\\Denys Victoriano\\Documents\\GitHub\\clone\\zentraw\\Zentraw\\3d_visualizer\\uploads\\1753819002685_image.png","size":6594976}
[2025-07-29T19:56:42.835Z] [ERROR] [9f26d62a-1f1e-4388-8e9d-c05255bfed8e] Erro ao executar render: The "path" argument must be of type string. Received undefined
[2025-07-29T19:58:16.520Z] [INFO] Health check solicitado
[2025-07-29T19:58:23.779Z] [INFO] [e61255bf-ac81-490c-92f8-0d60290b1f3e] Iniciando render parametrizado
[2025-07-29T19:58:23.780Z] [DEBUG] [e61255bf-ac81-490c-92f8-0d60290b1f3e] 🔍 DEBUG - audioFile: {"fieldname":"audio","originalname":"sample_audio3.wav","encoding":"7bit","mimetype":"audio/wav","destination":"C:\\Users\\Denys Victoriano\\Documents\\GitHub\\clone\\zentraw\\Zentraw\\3d_visualizer\\uploads","filename":"1753819103750_audio.wav","path":"C:\\Users\\Denys Victoriano\\Documents\\GitHub\\clone\\zentraw\\Zentraw\\3d_visualizer\\uploads\\1753819103750_audio.wav","size":909502}
[2025-07-29T19:58:23.780Z] [DEBUG] [e61255bf-ac81-490c-92f8-0d60290b1f3e] 🔍 DEBUG - imageFile: {"fieldname":"image","originalname":"cover_spotify.png","encoding":"7bit","mimetype":"image/png","destination":"C:\\Users\\Denys Victoriano\\Documents\\GitHub\\clone\\zentraw\\Zentraw\\3d_visualizer\\uploads","filename":"1753819103753_image.png","path":"C:\\Users\\Denys Victoriano\\Documents\\GitHub\\clone\\zentraw\\Zentraw\\3d_visualizer\\uploads\\1753819103753_image.png","size":6594976}
[2025-07-29T19:58:23.881Z] [ERROR] [e61255bf-ac81-490c-92f8-0d60290b1f3e] Erro ao executar render: The "path" argument must be of type string. Received undefined
[2025-07-29T20:01:40.618Z] [INFO] 🛑 Finalizando servidor...
[2025-07-29T20:01:40.619Z] [INFO] ✅ Servidor finalizado
[2025-07-29T20:01:40.958Z] [INFO] 🚀 Zentraw V1.4.0.a.8 Backend iniciado na porta 3006
[2025-07-29T20:01:40.960Z] [INFO] 🛡️ Sistema de blindagem V1.4.0.a.7 ativo
[2025-07-29T20:01:40.961Z] [INFO] ⚙️ Interface parametrizada completa disponível
[2025-07-29T20:01:40.961Z] [INFO] 📁 Diretórios: uploads=C:\Users\Denys Victoriano\Documents\GitHub\clone\zentraw\Zentraw\3d_visualizer\uploads, outputs=C:\Users\Denys Victoriano\Documents\GitHub\clone\zentraw\Zentraw\3d_visualizer\outputs, logs=C:\Users\Denys Victoriano\Documents\GitHub\clone\zentraw\Zentraw\3d_visualizer\logs
[2025-07-29T20:02:41.351Z] [INFO] Health check solicitado
[2025-07-29T20:02:50.400Z] [INFO] [b54bdc59-fdba-4995-8959-b98c3ab56a32] Iniciando render parametrizado
[2025-07-29T20:02:50.401Z] [DEBUG] [b54bdc59-fdba-4995-8959-b98c3ab56a32] [AUDIT] Recebendo render parametrizado - processId: b54bdc59-fdba-4995-8959-b98c3ab56a32
[2025-07-29T20:02:50.402Z] [DEBUG] [b54bdc59-fdba-4995-8959-b98c3ab56a32] [AUDIT] req.files: {"audio":[{"fieldname":"audio","originalname":"sample_audio3.wav","encoding":"7bit","mimetype":"audio/wav","destination":"C:\\Users\\Denys Victoriano\\Documents\\GitHub\\clone\\zentraw\\Zentraw\\3d_visualizer\\uploads","filename":"1753819370365_audio.wav","path":"C:\\Users\\Denys Victoriano\\Documents\\GitHub\\clone\\zentraw\\Zentraw\\3d_visualizer\\uploads\\1753819370365_audio.wav","size":909502}],"image":[{"fieldname":"image","originalname":"cover_spotify.png","encoding":"7bit","mimetype":"image/png","destination":"C:\\Users\\Denys Victoriano\\Documents\\GitHub\\clone\\zentraw\\Zentraw\\3d_visualizer\\uploads","filename":"1753819370372_image.png","path":"C:\\Users\\Denys Victoriano\\Documents\\GitHub\\clone\\zentraw\\Zentraw\\3d_visualizer\\uploads\\1753819370372_image.png","size":6594976}]}
[2025-07-29T20:02:50.403Z] [DEBUG] [b54bdc59-fdba-4995-8959-b98c3ab56a32] [AUDIT] req.body.settings: {"audioFile":{},"imageFile":{},"resolution":"1920x1080","fps":"30","samples":"128","renderEngine":"BLENDER_EEVEE_NEXT","amplitudeMultiplier":"3","smoothing":"1","frequencyRange":"full","audioChannels":"mono","cubeScale":"1","maxScale":"5","cameraDistance":"10","camera_offset_x":"0","camera_offset_y":"0","camera_offset_z":"0","camera_zoom":"0","lightIntensity":"1000","backgroundColor":"#1e3c72","cubeColor":"#4caf50","scriptVersion":"v1.4.0.a.8.4","outputName":"output_v1.4.0.a.8.4"}
[2025-07-29T20:02:50.403Z] [DEBUG] [b54bdc59-fdba-4995-8959-b98c3ab56a32] [AUDIT] audioFile: {"fieldname":"audio","originalname":"sample_audio3.wav","encoding":"7bit","mimetype":"audio/wav","destination":"C:\\Users\\Denys Victoriano\\Documents\\GitHub\\clone\\zentraw\\Zentraw\\3d_visualizer\\uploads","filename":"1753819370365_audio.wav","path":"C:\\Users\\Denys Victoriano\\Documents\\GitHub\\clone\\zentraw\\Zentraw\\3d_visualizer\\uploads\\1753819370365_audio.wav","size":909502}
[2025-07-29T20:02:50.404Z] [DEBUG] [b54bdc59-fdba-4995-8959-b98c3ab56a32] [AUDIT] imageFile: {"fieldname":"image","originalname":"cover_spotify.png","encoding":"7bit","mimetype":"image/png","destination":"C:\\Users\\Denys Victoriano\\Documents\\GitHub\\clone\\zentraw\\Zentraw\\3d_visualizer\\uploads","filename":"1753819370372_image.png","path":"C:\\Users\\Denys Victoriano\\Documents\\GitHub\\clone\\zentraw\\Zentraw\\3d_visualizer\\uploads\\1753819370372_image.png","size":6594976}
[2025-07-29T20:02:50.405Z] [DEBUG] [b54bdc59-fdba-4995-8959-b98c3ab56a32] [BLINDAGEM] Caminhos finais: audio=C:\Users\Denys Victoriano\Documents\GitHub\clone\zentraw\Zentraw\3d_visualizer\uploads\1753819370365_audio.wav, image=C:\Users\Denys Victoriano\Documents\GitHub\clone\zentraw\Zentraw\3d_visualizer\uploads\1753819370372_image.png, output=C:\Users\Denys Victoriano\Documents\GitHub\clone\zentraw\Zentraw\3d_visualizer\outputs\output_v1.4.0.a.8.4.mp4
[2025-07-29T20:02:50.513Z] [ERROR] [b54bdc59-fdba-4995-8959-b98c3ab56a32] Erro ao executar render: The "path" argument must be of type string. Received undefined
[2025-07-29T20:06:24.399Z] [INFO] Health check solicitado
[2025-07-29T20:06:34.683Z] [INFO] [889a6ee9-76d4-463f-891e-71de8f0febac] Iniciando render parametrizado
[2025-07-29T20:06:34.684Z] [DEBUG] [889a6ee9-76d4-463f-891e-71de8f0febac] [AUDIT] Recebendo render parametrizado - processId: 889a6ee9-76d4-463f-891e-71de8f0febac
[2025-07-29T20:06:34.684Z] [DEBUG] [889a6ee9-76d4-463f-891e-71de8f0febac] [AUDIT] req.files: {"audio":[{"fieldname":"audio","originalname":"sample_audio3.wav","encoding":"7bit","mimetype":"audio/wav","destination":"C:\\Users\\Denys Victoriano\\Documents\\GitHub\\clone\\zentraw\\Zentraw\\3d_visualizer\\uploads","filename":"1753819594648_audio.wav","path":"C:\\Users\\Denys Victoriano\\Documents\\GitHub\\clone\\zentraw\\Zentraw\\3d_visualizer\\uploads\\1753819594648_audio.wav","size":909502}],"image":[{"fieldname":"image","originalname":"cover_spotify.png","encoding":"7bit","mimetype":"image/png","destination":"C:\\Users\\Denys Victoriano\\Documents\\GitHub\\clone\\zentraw\\Zentraw\\3d_visualizer\\uploads","filename":"1753819594654_image.png","path":"C:\\Users\\Denys Victoriano\\Documents\\GitHub\\clone\\zentraw\\Zentraw\\3d_visualizer\\uploads\\1753819594654_image.png","size":6594976}]}
[2025-07-29T20:06:34.685Z] [DEBUG] [889a6ee9-76d4-463f-891e-71de8f0febac] [AUDIT] req.body.settings: {"audioFile":{},"imageFile":{},"resolution":"1920x1080","fps":"30","samples":"128","renderEngine":"BLENDER_EEVEE_NEXT","amplitudeMultiplier":"3","smoothing":"1","frequencyRange":"full","audioChannels":"mono","cubeScale":"1","maxScale":"5","cameraDistance":"10","camera_offset_x":"0","camera_offset_y":"0","camera_offset_z":"0","camera_zoom":"0","lightIntensity":"1000","backgroundColor":"#1e3c72","cubeColor":"#4caf50","scriptVersion":"v1.4.0.a.8.4","outputName":"output_v1.4.0.a.8.4"}
[2025-07-29T20:06:34.686Z] [DEBUG] [889a6ee9-76d4-463f-891e-71de8f0febac] [AUDIT] audioFile: {"fieldname":"audio","originalname":"sample_audio3.wav","encoding":"7bit","mimetype":"audio/wav","destination":"C:\\Users\\Denys Victoriano\\Documents\\GitHub\\clone\\zentraw\\Zentraw\\3d_visualizer\\uploads","filename":"1753819594648_audio.wav","path":"C:\\Users\\Denys Victoriano\\Documents\\GitHub\\clone\\zentraw\\Zentraw\\3d_visualizer\\uploads\\1753819594648_audio.wav","size":909502}
[2025-07-29T20:06:34.687Z] [DEBUG] [889a6ee9-76d4-463f-891e-71de8f0febac] [AUDIT] imageFile: {"fieldname":"image","originalname":"cover_spotify.png","encoding":"7bit","mimetype":"image/png","destination":"C:\\Users\\Denys Victoriano\\Documents\\GitHub\\clone\\zentraw\\Zentraw\\3d_visualizer\\uploads","filename":"1753819594654_image.png","path":"C:\\Users\\Denys Victoriano\\Documents\\GitHub\\clone\\zentraw\\Zentraw\\3d_visualizer\\uploads\\1753819594654_image.png","size":6594976}
[2025-07-29T20:06:34.688Z] [DEBUG] [889a6ee9-76d4-463f-891e-71de8f0febac] [BLINDAGEM] Caminhos finais: audio=C:\Users\Denys Victoriano\Documents\GitHub\clone\zentraw\Zentraw\3d_visualizer\uploads\1753819594648_audio.wav, image=C:\Users\Denys Victoriano\Documents\GitHub\clone\zentraw\Zentraw\3d_visualizer\uploads\1753819594654_image.png, output=C:\Users\Denys Victoriano\Documents\GitHub\clone\zentraw\Zentraw\3d_visualizer\outputs\output_v1.4.0.a.8.4.mp4
[2025-07-29T20:06:34.800Z] [ERROR] [889a6ee9-76d4-463f-891e-71de8f0febac] Erro ao executar render: The "path" argument must be of type string. Received undefined
