[2025-07-28T16:03:32.908Z] [INFO] 🚀 Zentraw V1.4.0.a.8 Backend iniciado na porta 3004
[2025-07-28T16:03:32.910Z] [INFO] 🛡️ Sistema de blindagem V1.4.0.a.7 ativo
[2025-07-28T16:03:32.911Z] [INFO] ⚙️ Interface parametrizada completa disponível
[2025-07-28T16:03:32.911Z] [INFO] 📁 Diretórios: uploads=C:\Users\Denys Victoriano\Documents\GitHub\clone\zentraw\Zentraw\3d_visualizer\uploads, outputs=C:\Users\Denys Victoriano\Documents\GitHub\clone\zentraw\Zentraw\3d_visualizer\outputs, logs=C:\Users\Denys Victoriano\Documents\GitHub\clone\zentraw\Zentraw\3d_visualizer\logs
[2025-07-28T16:03:44.676Z] [INFO] Health check solicitado
[2025-07-28T16:03:56.944Z] [INFO] [e6af6b52-eaf5-468f-a1b2-109e90677009] Iniciando render parametrizado
[2025-07-28T16:03:56.945Z] [DEBUG] [e6af6b52-eaf5-468f-a1b2-109e90677009] 🔍 DEBUG - audioFile: {"fieldname":"audio","originalname":"sample_audio3.wav","encoding":"7bit","mimetype":"audio/wav","destination":"C:\\Users\\Denys Victoriano\\Documents\\GitHub\\clone\\zentraw\\Zentraw\\3d_visualizer\\uploads","filename":"1753718636905_audio.wav","path":"C:\\Users\\Denys Victoriano\\Documents\\GitHub\\clone\\zentraw\\Zentraw\\3d_visualizer\\uploads\\1753718636905_audio.wav","size":909502}
[2025-07-28T16:03:56.946Z] [DEBUG] [e6af6b52-eaf5-468f-a1b2-109e90677009] 🔍 DEBUG - imageFile: {"fieldname":"image","originalname":"cover_spotify.png","encoding":"7bit","mimetype":"image/png","destination":"C:\\Users\\Denys Victoriano\\Documents\\GitHub\\clone\\zentraw\\Zentraw\\3d_visualizer\\uploads","filename":"1753718636916_image.png","path":"C:\\Users\\Denys Victoriano\\Documents\\GitHub\\clone\\zentraw\\Zentraw\\3d_visualizer\\uploads\\1753718636916_image.png","size":6594976}
[2025-07-28T16:03:57.061Z] [INFO] [e6af6b52-eaf5-468f-a1b2-109e90677009] Executando Blender: C:\Program Files\Blender Foundation\Blender 4.5\blender.exe C:\Users\Denys Victoriano\Documents\GitHub\clone\zentraw\Zentraw\3d_visualizer\Blender\template.blend --background --python C:\Users\Denys Victoriano\Documents\GitHub\clone\zentraw\Zentraw\3d_visualizer\Blender\render_audio_visualizer_v1.4.0.a.8.1.py -- C:\Users\Denys Victoriano\Documents\GitHub\clone\zentraw\Zentraw\3d_visualizer\uploads\1753718636905_audio.wav C:\Users\Denys Victoriano\Documents\GitHub\clone\zentraw\Zentraw\3d_visualizer\uploads\1753718636916_image.png C:\Users\Denys Victoriano\Documents\GitHub\clone\zentraw\Zentraw\3d_visualizer\outputs\output_v1.4.0.a.8.mp4 C:\Users\Denys Victoriano\Documents\GitHub\clone\zentraw\Zentraw\3d_visualizer\temp\config_e6af6b52-eaf5-468f-a1b2-109e90677009.json
[2025-07-28T16:04:05.609Z] [DEBUG] [e6af6b52-eaf5-468f-a1b2-109e90677009] Blender Output: Blender 4.5.0 (hash 8cb6b388974a built 2025-07-15 01:36:24)
Read blend: "C:\Users\Denys Victoriano\Documents\GitHub\clone\zentraw\Zentraw\3d_visualizer\Blender\template.blend"
Fra:1 Mem:119.40M (Peak 132.71M) | Time:00:01.03 | Rendering 1 / 64 samples

[2025-07-28T16:04:05.756Z] [DEBUG] [e6af6b52-eaf5-468f-a1b2-109e90677009] Blender Output: Fra:1 Mem:119.72M (Peak 132.71M) | Time:00:01.18 | Rendering 25 / 64 samples

[2025-07-28T16:04:05.891Z] [DEBUG] [e6af6b52-eaf5-468f-a1b2-109e90677009] Blender Output: Fra:1 Mem:119.72M (Peak 132.71M) | Time:00:01.31 | Rendering 50 / 64 samples

[2025-07-28T16:04:05.968Z] [DEBUG] [e6af6b52-eaf5-468f-a1b2-109e90677009] Blender Output: Fra:1 Mem:119.72M (Peak 132.71M) | Time:00:01.39 | Rendering 64 / 64 samples

[2025-07-28T16:04:06.258Z] [DEBUG] [e6af6b52-eaf5-468f-a1b2-109e90677009] Blender Output: Append frame 1
Time: 00:01.68 (Saving: 00:00.24)


[2025-07-28T16:04:06.309Z] [DEBUG] [e6af6b52-eaf5-468f-a1b2-109e90677009] Blender Output: Fra:2 Mem:119.86M (Peak 151.36M) | Time:00:00.05 | Rendering 1 / 64 samples

[2025-07-28T16:04:06.461Z] [DEBUG] [e6af6b52-eaf5-468f-a1b2-109e90677009] Blender Output: Fra:2 Mem:119.91M (Peak 151.36M) | Time:00:00.20 | Rendering 25 / 64 samples

[2025-07-28T16:04:06.616Z] [DEBUG] [e6af6b52-eaf5-468f-a1b2-109e90677009] Blender Output: Fra:2 Mem:119.91M (Peak 151.36M) | Time:00:00.35 | Rendering 50 / 64 samples

[2025-07-28T16:04:06.704Z] [DEBUG] [e6af6b52-eaf5-468f-a1b2-109e90677009] Blender Output: Fra:2 Mem:119.91M (Peak 151.36M) | Time:00:00.44 | Rendering 64 / 64 samples

[2025-07-28T16:04:06.803Z] [DEBUG] [e6af6b52-eaf5-468f-a1b2-109e90677009] Blender Output: Append frame 2
Time: 00:00.54 (Saving: 00:00.04)


[2025-07-28T16:04:06.840Z] [DEBUG] [e6af6b52-eaf5-468f-a1b2-109e90677009] Blender Output: Fra:3 Mem:119.91M (Peak 151.55M) | Time:00:00.03 | Rendering 1 / 64 samples

[2025-07-28T16:04:06.995Z] [DEBUG] [e6af6b52-eaf5-468f-a1b2-109e90677009] Blender Output: Fra:3 Mem:119.91M (Peak 151.55M) | Time:00:00.19 | Rendering 25 / 64 samples

[2025-07-28T16:04:07.148Z] [DEBUG] [e6af6b52-eaf5-468f-a1b2-109e90677009] Blender Output: Fra:3 Mem:119.91M (Peak 151.55M) | Time:00:00.34 | Rendering 50 / 64 samples

[2025-07-28T16:04:07.236Z] [DEBUG] [e6af6b52-eaf5-468f-a1b2-109e90677009] Blender Output: Fra:3 Mem:119.91M (Peak 151.55M) | Time:00:00.43 | Rendering 64 / 64 samples

[2025-07-28T16:04:07.316Z] [DEBUG] [e6af6b52-eaf5-468f-a1b2-109e90677009] Blender Output: Append frame 3
Time: 00:00.51 (Saving: 00:00.03)


[2025-07-28T16:04:07.352Z] [DEBUG] [e6af6b52-eaf5-468f-a1b2-109e90677009] Blender Output: Fra:4 Mem:119.91M (Peak 151.55M) | Time:00:00.03 | Rendering 1 / 64 samples

[2025-07-28T16:04:07.505Z] [DEBUG] [e6af6b52-eaf5-468f-a1b2-109e90677009] Blender Output: Fra:4 Mem:119.91M (Peak 151.55M) | Time:00:00.18 | Rendering 25 / 64 samples

[2025-07-28T16:04:07.660Z] [DEBUG] [e6af6b52-eaf5-468f-a1b2-109e90677009] Blender Output: Fra:4 Mem:119.91M (Peak 151.55M) | Time:00:00.34 | Rendering 50 / 64 samples

[2025-07-28T16:04:07.749Z] [DEBUG] [e6af6b52-eaf5-468f-a1b2-109e90677009] Blender Output: Fra:4 Mem:119.91M (Peak 151.55M) | Time:00:00.43 | Rendering 64 / 64 samples

[2025-07-28T16:04:07.828Z] [DEBUG] [e6af6b52-eaf5-468f-a1b2-109e90677009] Blender Output: Append frame 4
Time: 00:00.51 (Saving: 00:00.03)


[2025-07-28T16:04:07.864Z] [DEBUG] [e6af6b52-eaf5-468f-a1b2-109e90677009] Blender Output: Fra:5 Mem:119.91M (Peak 151.55M) | Time:00:00.03 | Rendering 1 / 64 samples

[2025-07-28T16:04:08.016Z] [DEBUG] [e6af6b52-eaf5-468f-a1b2-109e90677009] Blender Output: Fra:5 Mem:119.91M (Peak 151.55M) | Time:00:00.18 | Rendering 25 / 64 samples

[2025-07-28T16:04:08.171Z] [DEBUG] [e6af6b52-eaf5-468f-a1b2-109e90677009] Blender Output: Fra:5 Mem:119.91M (Peak 151.55M) | Time:00:00.34 | Rendering 50 / 64 samples

[2025-07-28T16:04:08.259Z] [DEBUG] [e6af6b52-eaf5-468f-a1b2-109e90677009] Blender Output: Fra:5 Mem:119.91M (Peak 151.55M) | Time:00:00.43 | Rendering 64 / 64 samples

[2025-07-28T16:04:08.337Z] [DEBUG] [e6af6b52-eaf5-468f-a1b2-109e90677009] Blender Output: Append frame 5
Time: 00:00.50 (Saving: 00:00.03)


[2025-07-28T16:04:08.373Z] [DEBUG] [e6af6b52-eaf5-468f-a1b2-109e90677009] Blender Output: Fra:6 Mem:119.91M (Peak 151.55M) | Time:00:00.03 | Rendering 1 / 64 samples

[2025-07-28T16:04:08.528Z] [DEBUG] [e6af6b52-eaf5-468f-a1b2-109e90677009] Blender Output: Fra:6 Mem:119.91M (Peak 151.55M) | Time:00:00.19 | Rendering 25 / 64 samples

[2025-07-28T16:04:08.685Z] [DEBUG] [e6af6b52-eaf5-468f-a1b2-109e90677009] Blender Output: Fra:6 Mem:119.91M (Peak 151.55M) | Time:00:00.34 | Rendering 50 / 64 samples

[2025-07-28T16:04:08.774Z] [DEBUG] [e6af6b52-eaf5-468f-a1b2-109e90677009] Blender Output: Fra:6 Mem:119.91M (Peak 151.55M) | Time:00:00.43 | Rendering 64 / 64 samples

[2025-07-28T16:04:08.853Z] [DEBUG] [e6af6b52-eaf5-468f-a1b2-109e90677009] Blender Output: Append frame 6
Time: 00:00.51 (Saving: 00:00.03)


[2025-07-28T16:04:08.890Z] [DEBUG] [e6af6b52-eaf5-468f-a1b2-109e90677009] Blender Output: Fra:7 Mem:119.91M (Peak 151.55M) | Time:00:00.03 | Rendering 1 / 64 samples

[2025-07-28T16:04:09.043Z] [DEBUG] [e6af6b52-eaf5-468f-a1b2-109e90677009] Blender Output: Fra:7 Mem:119.91M (Peak 151.55M) | Time:00:00.19 | Rendering 25 / 64 samples

[2025-07-28T16:04:09.198Z] [DEBUG] [e6af6b52-eaf5-468f-a1b2-109e90677009] Blender Output: Fra:7 Mem:119.91M (Peak 151.55M) | Time:00:00.34 | Rendering 50 / 64 samples

[2025-07-28T16:04:09.284Z] [DEBUG] [e6af6b52-eaf5-468f-a1b2-109e90677009] Blender Output: Fra:7 Mem:119.91M (Peak 151.55M) | Time:00:00.43 | Rendering 64 / 64 samples

[2025-07-28T16:04:09.363Z] [DEBUG] [e6af6b52-eaf5-468f-a1b2-109e90677009] Blender Output: Append frame 7
Time: 00:00.50 (Saving: 00:00.03)


[2025-07-28T16:04:09.400Z] [DEBUG] [e6af6b52-eaf5-468f-a1b2-109e90677009] Blender Output: Fra:8 Mem:119.91M (Peak 151.55M) | Time:00:00.03 | Rendering 1 / 64 samples

[2025-07-28T16:04:09.556Z] [DEBUG] [e6af6b52-eaf5-468f-a1b2-109e90677009] Blender Output: Fra:8 Mem:119.91M (Peak 151.55M) | Time:00:00.19 | Rendering 25 / 64 samples

[2025-07-28T16:04:09.717Z] [DEBUG] [e6af6b52-eaf5-468f-a1b2-109e90677009] Blender Output: Fra:8 Mem:119.91M (Peak 151.55M) | Time:00:00.35 | Rendering 50 / 64 samples

[2025-07-28T16:04:09.808Z] [DEBUG] [e6af6b52-eaf5-468f-a1b2-109e90677009] Blender Output: Fra:8 Mem:119.91M (Peak 151.55M) | Time:00:00.44 | Rendering 64 / 64 samples

[2025-07-28T16:04:09.886Z] [DEBUG] [e6af6b52-eaf5-468f-a1b2-109e90677009] Blender Output: Append frame 8
Time: 00:00.52 (Saving: 00:00.03)


[2025-07-28T16:04:09.927Z] [DEBUG] [e6af6b52-eaf5-468f-a1b2-109e90677009] Blender Output: Fra:9 Mem:119.91M (Peak 151.55M) | Time:00:00.04 | Rendering 1 / 64 samples

[2025-07-28T16:04:10.086Z] [DEBUG] [e6af6b52-eaf5-468f-a1b2-109e90677009] Blender Output: Fra:9 Mem:119.91M (Peak 151.55M) | Time:00:00.20 | Rendering 25 / 64 samples

[2025-07-28T16:04:10.245Z] [DEBUG] [e6af6b52-eaf5-468f-a1b2-109e90677009] Blender Output: Fra:9 Mem:119.91M (Peak 151.55M) | Time:00:00.35 | Rendering 50 / 64 samples

[2025-07-28T16:04:10.335Z] [DEBUG] [e6af6b52-eaf5-468f-a1b2-109e90677009] Blender Output: Fra:9 Mem:119.91M (Peak 151.55M) | Time:00:00.44 | Rendering 64 / 64 samples

[2025-07-28T16:04:10.414Z] [DEBUG] [e6af6b52-eaf5-468f-a1b2-109e90677009] Blender Output: Append frame 9
Time: 00:00.52 (Saving: 00:00.03)


[2025-07-28T16:04:10.450Z] [DEBUG] [e6af6b52-eaf5-468f-a1b2-109e90677009] Blender Output: Fra:10 Mem:119.91M (Peak 151.55M) | Time:00:00.03 | Rendering 1 / 64 samples

[2025-07-28T16:04:10.603Z] [DEBUG] [e6af6b52-eaf5-468f-a1b2-109e90677009] Blender Output: Fra:10 Mem:119.91M (Peak 151.55M) | Time:00:00.18 | Rendering 25 / 64 samples

[2025-07-28T16:04:10.758Z] [DEBUG] [e6af6b52-eaf5-468f-a1b2-109e90677009] Blender Output: Fra:10 Mem:119.91M (Peak 151.55M) | Time:00:00.34 | Rendering 50 / 64 samples

[2025-07-28T16:04:10.846Z] [DEBUG] [e6af6b52-eaf5-468f-a1b2-109e90677009] Blender Output: Fra:10 Mem:119.91M (Peak 151.55M) | Time:00:00.43 | Rendering 64 / 64 samples

[2025-07-28T16:04:10.929Z] [DEBUG] [e6af6b52-eaf5-468f-a1b2-109e90677009] Blender Output: Append frame 10
Time: 00:00.51 (Saving: 00:00.03)


[2025-07-28T16:04:10.965Z] [DEBUG] [e6af6b52-eaf5-468f-a1b2-109e90677009] Blender Output: Fra:11 Mem:119.91M (Peak 151.55M) | Time:00:00.03 | Rendering 1 / 64 samples

[2025-07-28T16:04:11.118Z] [DEBUG] [e6af6b52-eaf5-468f-a1b2-109e90677009] Blender Output: Fra:11 Mem:119.91M (Peak 151.55M) | Time:00:00.18 | Rendering 25 / 64 samples

[2025-07-28T16:04:11.274Z] [DEBUG] [e6af6b52-eaf5-468f-a1b2-109e90677009] Blender Output: Fra:11 Mem:119.91M (Peak 151.55M) | Time:00:00.34 | Rendering 50 / 64 samples

[2025-07-28T16:04:11.362Z] [DEBUG] [e6af6b52-eaf5-468f-a1b2-109e90677009] Blender Output: Fra:11 Mem:119.91M (Peak 151.55M) | Time:00:00.43 | Rendering 64 / 64 samples

[2025-07-28T16:04:11.443Z] [DEBUG] [e6af6b52-eaf5-468f-a1b2-109e90677009] Blender Output: Append frame 11
Time: 00:00.51 (Saving: 00:00.03)


[2025-07-28T16:04:11.478Z] [DEBUG] [e6af6b52-eaf5-468f-a1b2-109e90677009] Blender Output: Fra:12 Mem:119.91M (Peak 151.55M) | Time:00:00.03 | Rendering 1 / 64 samples

[2025-07-28T16:04:11.632Z] [DEBUG] [e6af6b52-eaf5-468f-a1b2-109e90677009] Blender Output: Fra:12 Mem:119.91M (Peak 151.55M) | Time:00:00.18 | Rendering 25 / 64 samples

[2025-07-28T16:04:11.788Z] [DEBUG] [e6af6b52-eaf5-468f-a1b2-109e90677009] Blender Output: Fra:12 Mem:119.91M (Peak 151.55M) | Time:00:00.34 | Rendering 50 / 64 samples

[2025-07-28T16:04:11.876Z] [DEBUG] [e6af6b52-eaf5-468f-a1b2-109e90677009] Blender Output: Fra:12 Mem:119.91M (Peak 151.55M) | Time:00:00.43 | Rendering 64 / 64 samples

[2025-07-28T16:04:11.953Z] [DEBUG] [e6af6b52-eaf5-468f-a1b2-109e90677009] Blender Output: Append frame 12
Time: 00:00.50 (Saving: 00:00.03)


[2025-07-28T16:04:11.989Z] [DEBUG] [e6af6b52-eaf5-468f-a1b2-109e90677009] Blender Output: Fra:13 Mem:119.91M (Peak 151.55M) | Time:00:00.03 | Rendering 1 / 64 samples

[2025-07-28T16:04:12.141Z] [DEBUG] [e6af6b52-eaf5-468f-a1b2-109e90677009] Blender Output: Fra:13 Mem:119.91M (Peak 151.55M) | Time:00:00.18 | Rendering 25 / 64 samples

[2025-07-28T16:04:12.297Z] [DEBUG] [e6af6b52-eaf5-468f-a1b2-109e90677009] Blender Output: Fra:13 Mem:119.91M (Peak 151.55M) | Time:00:00.34 | Rendering 50 / 64 samples

[2025-07-28T16:04:12.386Z] [DEBUG] [e6af6b52-eaf5-468f-a1b2-109e90677009] Blender Output: Fra:13 Mem:119.91M (Peak 151.55M) | Time:00:00.43 | Rendering 64 / 64 samples

[2025-07-28T16:04:12.465Z] [DEBUG] [e6af6b52-eaf5-468f-a1b2-109e90677009] Blender Output: Append frame 13
Time: 00:00.51 (Saving: 00:00.03)


[2025-07-28T16:04:12.501Z] [DEBUG] [e6af6b52-eaf5-468f-a1b2-109e90677009] Blender Output: Fra:14 Mem:119.91M (Peak 151.55M) | Time:00:00.03 | Rendering 1 / 64 samples

[2025-07-28T16:04:12.653Z] [DEBUG] [e6af6b52-eaf5-468f-a1b2-109e90677009] Blender Output: Fra:14 Mem:119.91M (Peak 151.55M) | Time:00:00.18 | Rendering 25 / 64 samples

[2025-07-28T16:04:12.808Z] [DEBUG] [e6af6b52-eaf5-468f-a1b2-109e90677009] Blender Output: Fra:14 Mem:119.91M (Peak 151.55M) | Time:00:00.34 | Rendering 50 / 64 samples

[2025-07-28T16:04:12.896Z] [DEBUG] [e6af6b52-eaf5-468f-a1b2-109e90677009] Blender Output: Fra:14 Mem:119.91M (Peak 151.55M) | Time:00:00.43 | Rendering 64 / 64 samples

[2025-07-28T16:04:12.975Z] [DEBUG] [e6af6b52-eaf5-468f-a1b2-109e90677009] Blender Output: Append frame 14
Time: 00:00.51 (Saving: 00:00.03)


[2025-07-28T16:04:13.011Z] [DEBUG] [e6af6b52-eaf5-468f-a1b2-109e90677009] Blender Output: Fra:15 Mem:119.91M (Peak 151.55M) | Time:00:00.03 | Rendering 1 / 64 samples

[2025-07-28T16:04:13.168Z] [DEBUG] [e6af6b52-eaf5-468f-a1b2-109e90677009] Blender Output: Fra:15 Mem:119.91M (Peak 151.55M) | Time:00:00.19 | Rendering 25 / 64 samples

[2025-07-28T16:04:13.328Z] [DEBUG] [e6af6b52-eaf5-468f-a1b2-109e90677009] Blender Output: Fra:15 Mem:119.91M (Peak 151.55M) | Time:00:00.35 | Rendering 50 / 64 samples

[2025-07-28T16:04:13.418Z] [DEBUG] [e6af6b52-eaf5-468f-a1b2-109e90677009] Blender Output: Fra:15 Mem:119.91M (Peak 151.55M) | Time:00:00.44 | Rendering 64 / 64 samples

[2025-07-28T16:04:13.498Z] [DEBUG] [e6af6b52-eaf5-468f-a1b2-109e90677009] Blender Output: Append frame 15
Time: 00:00.52 (Saving: 00:00.03)


[2025-07-28T16:04:13.534Z] [DEBUG] [e6af6b52-eaf5-468f-a1b2-109e90677009] Blender Output: Fra:16 Mem:119.91M (Peak 151.55M) | Time:00:00.03 | Rendering 1 / 64 samples

[2025-07-28T16:04:13.686Z] [DEBUG] [e6af6b52-eaf5-468f-a1b2-109e90677009] Blender Output: Fra:16 Mem:119.91M (Peak 151.55M) | Time:00:00.18 | Rendering 25 / 64 samples

[2025-07-28T16:04:13.840Z] [DEBUG] [e6af6b52-eaf5-468f-a1b2-109e90677009] Blender Output: Fra:16 Mem:119.91M (Peak 151.55M) | Time:00:00.34 | Rendering 50 / 64 samples

[2025-07-28T16:04:13.928Z] [DEBUG] [e6af6b52-eaf5-468f-a1b2-109e90677009] Blender Output: Fra:16 Mem:119.91M (Peak 151.55M) | Time:00:00.42 | Rendering 64 / 64 samples

[2025-07-28T16:04:14.005Z] [DEBUG] [e6af6b52-eaf5-468f-a1b2-109e90677009] Blender Output: Append frame 16
Time: 00:00.50 (Saving: 00:00.03)


[2025-07-28T16:04:14.041Z] [DEBUG] [e6af6b52-eaf5-468f-a1b2-109e90677009] Blender Output: Fra:17 Mem:119.91M (Peak 151.55M) | Time:00:00.03 | Rendering 1 / 64 samples

[2025-07-28T16:04:14.192Z] [DEBUG] [e6af6b52-eaf5-468f-a1b2-109e90677009] Blender Output: Fra:17 Mem:119.91M (Peak 151.55M) | Time:00:00.18 | Rendering 25 / 64 samples

[2025-07-28T16:04:14.347Z] [DEBUG] [e6af6b52-eaf5-468f-a1b2-109e90677009] Blender Output: Fra:17 Mem:119.91M (Peak 151.55M) | Time:00:00.34 | Rendering 50 / 64 samples

[2025-07-28T16:04:14.434Z] [DEBUG] [e6af6b52-eaf5-468f-a1b2-109e90677009] Blender Output: Fra:17 Mem:119.91M (Peak 151.55M) | Time:00:00.42 | Rendering 64 / 64 samples

[2025-07-28T16:04:14.513Z] [DEBUG] [e6af6b52-eaf5-468f-a1b2-109e90677009] Blender Output: Append frame 17
Time: 00:00.50 (Saving: 00:00.03)


[2025-07-28T16:04:14.549Z] [DEBUG] [e6af6b52-eaf5-468f-a1b2-109e90677009] Blender Output: Fra:18 Mem:119.91M (Peak 151.55M) | Time:00:00.03 | Rendering 1 / 64 samples

[2025-07-28T16:04:14.701Z] [DEBUG] [e6af6b52-eaf5-468f-a1b2-109e90677009] Blender Output: Fra:18 Mem:119.91M (Peak 151.55M) | Time:00:00.18 | Rendering 25 / 64 samples

[2025-07-28T16:04:14.855Z] [DEBUG] [e6af6b52-eaf5-468f-a1b2-109e90677009] Blender Output: Fra:18 Mem:119.91M (Peak 151.55M) | Time:00:00.34 | Rendering 50 / 64 samples

[2025-07-28T16:04:14.943Z] [DEBUG] [e6af6b52-eaf5-468f-a1b2-109e90677009] Blender Output: Fra:18 Mem:119.91M (Peak 151.55M) | Time:00:00.43 | Rendering 64 / 64 samples

[2025-07-28T16:04:15.019Z] [DEBUG] [e6af6b52-eaf5-468f-a1b2-109e90677009] Blender Output: Append frame 18
Time: 00:00.50 (Saving: 00:00.03)


[2025-07-28T16:04:15.055Z] [DEBUG] [e6af6b52-eaf5-468f-a1b2-109e90677009] Blender Output: Fra:19 Mem:119.91M (Peak 151.55M) | Time:00:00.03 | Rendering 1 / 64 samples

[2025-07-28T16:04:15.207Z] [DEBUG] [e6af6b52-eaf5-468f-a1b2-109e90677009] Blender Output: Fra:19 Mem:119.91M (Peak 151.55M) | Time:00:00.18 | Rendering 25 / 64 samples

[2025-07-28T16:04:15.362Z] [DEBUG] [e6af6b52-eaf5-468f-a1b2-109e90677009] Blender Output: Fra:19 Mem:119.91M (Peak 151.55M) | Time:00:00.34 | Rendering 50 / 64 samples

[2025-07-28T16:04:15.451Z] [DEBUG] [e6af6b52-eaf5-468f-a1b2-109e90677009] Blender Output: Fra:19 Mem:119.91M (Peak 151.55M) | Time:00:00.43 | Rendering 64 / 64 samples

[2025-07-28T16:04:15.526Z] [DEBUG] [e6af6b52-eaf5-468f-a1b2-109e90677009] Blender Output: Append frame 19
Time: 00:00.50 (Saving: 00:00.03)


[2025-07-28T16:04:15.562Z] [DEBUG] [e6af6b52-eaf5-468f-a1b2-109e90677009] Blender Output: Fra:20 Mem:119.91M (Peak 151.55M) | Time:00:00.03 | Rendering 1 / 64 samples

[2025-07-28T16:04:15.714Z] [DEBUG] [e6af6b52-eaf5-468f-a1b2-109e90677009] Blender Output: Fra:20 Mem:119.91M (Peak 151.55M) | Time:00:00.18 | Rendering 25 / 64 samples

[2025-07-28T16:04:15.870Z] [DEBUG] [e6af6b52-eaf5-468f-a1b2-109e90677009] Blender Output: Fra:20 Mem:119.91M (Peak 151.55M) | Time:00:00.34 | Rendering 50 / 64 samples

[2025-07-28T16:04:15.957Z] [DEBUG] [e6af6b52-eaf5-468f-a1b2-109e90677009] Blender Output: Fra:20 Mem:119.91M (Peak 151.55M) | Time:00:00.43 | Rendering 64 / 64 samples

[2025-07-28T16:04:16.037Z] [DEBUG] [e6af6b52-eaf5-468f-a1b2-109e90677009] Blender Output: Append frame 20
Time: 00:00.51 (Saving: 00:00.03)


[2025-07-28T16:04:16.074Z] [DEBUG] [e6af6b52-eaf5-468f-a1b2-109e90677009] Blender Output: Fra:21 Mem:119.91M (Peak 151.55M) | Time:00:00.03 | Rendering 1 / 64 samples

[2025-07-28T16:04:16.225Z] [DEBUG] [e6af6b52-eaf5-468f-a1b2-109e90677009] Blender Output: Fra:21 Mem:119.91M (Peak 151.55M) | Time:00:00.18 | Rendering 25 / 64 samples

[2025-07-28T16:04:16.380Z] [DEBUG] [e6af6b52-eaf5-468f-a1b2-109e90677009] Blender Output: Fra:21 Mem:119.91M (Peak 151.55M) | Time:00:00.34 | Rendering 50 / 64 samples

[2025-07-28T16:04:16.466Z] [DEBUG] [e6af6b52-eaf5-468f-a1b2-109e90677009] Blender Output: Fra:21 Mem:119.91M (Peak 151.55M) | Time:00:00.42 | Rendering 64 / 64 samples

[2025-07-28T16:04:16.542Z] [DEBUG] [e6af6b52-eaf5-468f-a1b2-109e90677009] Blender Output: Append frame 21
Time: 00:00.50 (Saving: 00:00.03)


[2025-07-28T16:04:16.579Z] [DEBUG] [e6af6b52-eaf5-468f-a1b2-109e90677009] Blender Output: Fra:22 Mem:119.91M (Peak 151.55M) | Time:00:00.03 | Rendering 1 / 64 samples

[2025-07-28T16:04:16.731Z] [DEBUG] [e6af6b52-eaf5-468f-a1b2-109e90677009] Blender Output: Fra:22 Mem:119.91M (Peak 151.55M) | Time:00:00.18 | Rendering 25 / 64 samples

[2025-07-28T16:04:16.887Z] [DEBUG] [e6af6b52-eaf5-468f-a1b2-109e90677009] Blender Output: Fra:22 Mem:119.91M (Peak 151.55M) | Time:00:00.34 | Rendering 50 / 64 samples

[2025-07-28T16:04:16.977Z] [DEBUG] [e6af6b52-eaf5-468f-a1b2-109e90677009] Blender Output: Fra:22 Mem:119.91M (Peak 151.55M) | Time:00:00.43 | Rendering 64 / 64 samples

[2025-07-28T16:04:17.056Z] [DEBUG] [e6af6b52-eaf5-468f-a1b2-109e90677009] Blender Output: Append frame 22
Time: 00:00.51 (Saving: 00:00.03)


[2025-07-28T16:04:17.092Z] [DEBUG] [e6af6b52-eaf5-468f-a1b2-109e90677009] Blender Output: Fra:23 Mem:119.91M (Peak 151.55M) | Time:00:00.03 | Rendering 1 / 64 samples

[2025-07-28T16:04:17.246Z] [DEBUG] [e6af6b52-eaf5-468f-a1b2-109e90677009] Blender Output: Fra:23 Mem:119.91M (Peak 151.55M) | Time:00:00.18 | Rendering 25 / 64 samples

[2025-07-28T16:04:17.402Z] [DEBUG] [e6af6b52-eaf5-468f-a1b2-109e90677009] Blender Output: Fra:23 Mem:119.91M (Peak 151.55M) | Time:00:00.34 | Rendering 50 / 64 samples

[2025-07-28T16:04:17.490Z] [DEBUG] [e6af6b52-eaf5-468f-a1b2-109e90677009] Blender Output: Fra:23 Mem:119.91M (Peak 151.55M) | Time:00:00.43 | Rendering 64 / 64 samples

[2025-07-28T16:04:17.569Z] [DEBUG] [e6af6b52-eaf5-468f-a1b2-109e90677009] Blender Output: Append frame 23
Time: 00:00.51 (Saving: 00:00.03)


[2025-07-28T16:04:17.606Z] [DEBUG] [e6af6b52-eaf5-468f-a1b2-109e90677009] Blender Output: Fra:24 Mem:119.91M (Peak 151.55M) | Time:00:00.03 | Rendering 1 / 64 samples

[2025-07-28T16:04:17.759Z] [DEBUG] [e6af6b52-eaf5-468f-a1b2-109e90677009] Blender Output: Fra:24 Mem:119.91M (Peak 151.55M) | Time:00:00.18 | Rendering 25 / 64 samples

[2025-07-28T16:04:17.912Z] [DEBUG] [e6af6b52-eaf5-468f-a1b2-109e90677009] Blender Output: Fra:24 Mem:119.91M (Peak 151.55M) | Time:00:00.34 | Rendering 50 / 64 samples

[2025-07-28T16:04:18.000Z] [DEBUG] [e6af6b52-eaf5-468f-a1b2-109e90677009] Blender Output: Fra:24 Mem:119.91M (Peak 151.55M) | Time:00:00.43 | Rendering 64 / 64 samples

[2025-07-28T16:04:18.079Z] [DEBUG] [e6af6b52-eaf5-468f-a1b2-109e90677009] Blender Output: Append frame 24
Time: 00:00.51 (Saving: 00:00.03)


[2025-07-28T16:04:18.116Z] [DEBUG] [e6af6b52-eaf5-468f-a1b2-109e90677009] Blender Output: Fra:25 Mem:119.91M (Peak 151.55M) | Time:00:00.03 | Rendering 1 / 64 samples

[2025-07-28T16:04:18.269Z] [DEBUG] [e6af6b52-eaf5-468f-a1b2-109e90677009] Blender Output: Fra:25 Mem:119.91M (Peak 151.55M) | Time:00:00.19 | Rendering 25 / 64 samples

[2025-07-28T16:04:18.425Z] [DEBUG] [e6af6b52-eaf5-468f-a1b2-109e90677009] Blender Output: Fra:25 Mem:119.91M (Peak 151.55M) | Time:00:00.34 | Rendering 50 / 64 samples

[2025-07-28T16:04:18.513Z] [DEBUG] [e6af6b52-eaf5-468f-a1b2-109e90677009] Blender Output: Fra:25 Mem:119.91M (Peak 151.55M) | Time:00:00.43 | Rendering 64 / 64 samples

[2025-07-28T16:04:18.590Z] [DEBUG] [e6af6b52-eaf5-468f-a1b2-109e90677009] Blender Output: Append frame 25
Time: 00:00.51 (Saving: 00:00.03)


[2025-07-28T16:04:18.626Z] [DEBUG] [e6af6b52-eaf5-468f-a1b2-109e90677009] Blender Output: Fra:26 Mem:119.91M (Peak 151.55M) | Time:00:00.03 | Rendering 1 / 64 samples

[2025-07-28T16:04:18.780Z] [DEBUG] [e6af6b52-eaf5-468f-a1b2-109e90677009] Blender Output: Fra:26 Mem:119.91M (Peak 151.55M) | Time:00:00.18 | Rendering 25 / 64 samples

[2025-07-28T16:04:18.935Z] [DEBUG] [e6af6b52-eaf5-468f-a1b2-109e90677009] Blender Output: Fra:26 Mem:119.91M (Peak 151.55M) | Time:00:00.34 | Rendering 50 / 64 samples

[2025-07-28T16:04:19.024Z] [DEBUG] [e6af6b52-eaf5-468f-a1b2-109e90677009] Blender Output: Fra:26 Mem:119.91M (Peak 151.55M) | Time:00:00.43 | Rendering 64 / 64 samples

[2025-07-28T16:04:19.102Z] [DEBUG] [e6af6b52-eaf5-468f-a1b2-109e90677009] Blender Output: Append frame 26
Time: 00:00.51 (Saving: 00:00.03)


[2025-07-28T16:04:19.139Z] [DEBUG] [e6af6b52-eaf5-468f-a1b2-109e90677009] Blender Output: Fra:27 Mem:119.91M (Peak 151.55M) | Time:00:00.03 | Rendering 1 / 64 samples

[2025-07-28T16:04:19.291Z] [DEBUG] [e6af6b52-eaf5-468f-a1b2-109e90677009] Blender Output: Fra:27 Mem:119.91M (Peak 151.55M) | Time:00:00.18 | Rendering 25 / 64 samples

[2025-07-28T16:04:19.447Z] [DEBUG] [e6af6b52-eaf5-468f-a1b2-109e90677009] Blender Output: Fra:27 Mem:119.91M (Peak 151.55M) | Time:00:00.34 | Rendering 50 / 64 samples

[2025-07-28T16:04:19.535Z] [DEBUG] [e6af6b52-eaf5-468f-a1b2-109e90677009] Blender Output: Fra:27 Mem:119.91M (Peak 151.55M) | Time:00:00.43 | Rendering 64 / 64 samples

[2025-07-28T16:04:19.613Z] [DEBUG] [e6af6b52-eaf5-468f-a1b2-109e90677009] Blender Output: Append frame 27
Time: 00:00.51 (Saving: 00:00.03)


[2025-07-28T16:04:19.651Z] [DEBUG] [e6af6b52-eaf5-468f-a1b2-109e90677009] Blender Output: Fra:28 Mem:119.91M (Peak 151.55M) | Time:00:00.03 | Rendering 1 / 64 samples

[2025-07-28T16:04:19.803Z] [DEBUG] [e6af6b52-eaf5-468f-a1b2-109e90677009] Blender Output: Fra:28 Mem:119.91M (Peak 151.55M) | Time:00:00.18 | Rendering 25 / 64 samples

[2025-07-28T16:04:19.958Z] [DEBUG] [e6af6b52-eaf5-468f-a1b2-109e90677009] Blender Output: Fra:28 Mem:119.91M (Peak 151.55M) | Time:00:00.34 | Rendering 50 / 64 samples

[2025-07-28T16:04:20.046Z] [DEBUG] [e6af6b52-eaf5-468f-a1b2-109e90677009] Blender Output: Fra:28 Mem:119.91M (Peak 151.55M) | Time:00:00.43 | Rendering 64 / 64 samples

[2025-07-28T16:04:20.126Z] [DEBUG] [e6af6b52-eaf5-468f-a1b2-109e90677009] Blender Output: Append frame 28
Time: 00:00.51 (Saving: 00:00.03)


[2025-07-28T16:04:20.162Z] [DEBUG] [e6af6b52-eaf5-468f-a1b2-109e90677009] Blender Output: Fra:29 Mem:119.91M (Peak 151.55M) | Time:00:00.03 | Rendering 1 / 64 samples

[2025-07-28T16:04:20.315Z] [DEBUG] [e6af6b52-eaf5-468f-a1b2-109e90677009] Blender Output: Fra:29 Mem:119.91M (Peak 151.55M) | Time:00:00.18 | Rendering 25 / 64 samples

[2025-07-28T16:04:20.469Z] [DEBUG] [e6af6b52-eaf5-468f-a1b2-109e90677009] Blender Output: Fra:29 Mem:119.91M (Peak 151.55M) | Time:00:00.34 | Rendering 50 / 64 samples

[2025-07-28T16:04:20.556Z] [DEBUG] [e6af6b52-eaf5-468f-a1b2-109e90677009] Blender Output: Fra:29 Mem:119.91M (Peak 151.55M) | Time:00:00.43 | Rendering 64 / 64 samples

[2025-07-28T16:04:20.636Z] [DEBUG] [e6af6b52-eaf5-468f-a1b2-109e90677009] Blender Output: Append frame 29
Time: 00:00.50 (Saving: 00:00.03)


[2025-07-28T16:04:20.673Z] [DEBUG] [e6af6b52-eaf5-468f-a1b2-109e90677009] Blender Output: Fra:30 Mem:119.91M (Peak 151.55M) | Time:00:00.03 | Rendering 1 / 64 samples

[2025-07-28T16:04:20.825Z] [DEBUG] [e6af6b52-eaf5-468f-a1b2-109e90677009] Blender Output: Fra:30 Mem:119.91M (Peak 151.55M) | Time:00:00.18 | Rendering 25 / 64 samples

[2025-07-28T16:04:20.984Z] [DEBUG] [e6af6b52-eaf5-468f-a1b2-109e90677009] Blender Output: Fra:30 Mem:119.91M (Peak 151.55M) | Time:00:00.34 | Rendering 50 / 64 samples

[2025-07-28T16:04:21.073Z] [DEBUG] [e6af6b52-eaf5-468f-a1b2-109e90677009] Blender Output: Fra:30 Mem:119.91M (Peak 151.55M) | Time:00:00.43 | Rendering 64 / 64 samples

[2025-07-28T16:04:21.149Z] [DEBUG] [e6af6b52-eaf5-468f-a1b2-109e90677009] Blender Output: Append frame 30
Time: 00:00.51 (Saving: 00:00.03)


[2025-07-28T16:04:21.187Z] [DEBUG] [e6af6b52-eaf5-468f-a1b2-109e90677009] Blender Output: Fra:31 Mem:119.91M (Peak 151.55M) | Time:00:00.03 | Rendering 1 / 64 samples

[2025-07-28T16:04:21.342Z] [DEBUG] [e6af6b52-eaf5-468f-a1b2-109e90677009] Blender Output: Fra:31 Mem:119.91M (Peak 151.55M) | Time:00:00.19 | Rendering 25 / 64 samples

[2025-07-28T16:04:21.500Z] [DEBUG] [e6af6b52-eaf5-468f-a1b2-109e90677009] Blender Output: Fra:31 Mem:119.91M (Peak 151.55M) | Time:00:00.35 | Rendering 50 / 64 samples

[2025-07-28T16:04:21.589Z] [DEBUG] [e6af6b52-eaf5-468f-a1b2-109e90677009] Blender Output: Fra:31 Mem:119.91M (Peak 151.55M) | Time:00:00.43 | Rendering 64 / 64 samples

[2025-07-28T16:04:21.665Z] [DEBUG] [e6af6b52-eaf5-468f-a1b2-109e90677009] Blender Output: Append frame 31
Time: 00:00.51 (Saving: 00:00.03)


[2025-07-28T16:04:21.701Z] [DEBUG] [e6af6b52-eaf5-468f-a1b2-109e90677009] Blender Output: Fra:32 Mem:119.91M (Peak 151.55M) | Time:00:00.03 | Rendering 1 / 64 samples

[2025-07-28T16:04:21.857Z] [DEBUG] [e6af6b52-eaf5-468f-a1b2-109e90677009] Blender Output: Fra:32 Mem:119.91M (Peak 151.55M) | Time:00:00.19 | Rendering 25 / 64 samples

[2025-07-28T16:04:22.015Z] [DEBUG] [e6af6b52-eaf5-468f-a1b2-109e90677009] Blender Output: Fra:32 Mem:119.91M (Peak 151.55M) | Time:00:00.35 | Rendering 50 / 64 samples

[2025-07-28T16:04:22.104Z] [DEBUG] [e6af6b52-eaf5-468f-a1b2-109e90677009] Blender Output: Fra:32 Mem:119.91M (Peak 151.55M) | Time:00:00.43 | Rendering 64 / 64 samples

[2025-07-28T16:04:22.185Z] [DEBUG] [e6af6b52-eaf5-468f-a1b2-109e90677009] Blender Output: Append frame 32
Time: 00:00.52 (Saving: 00:00.03)


[2025-07-28T16:04:22.222Z] [DEBUG] [e6af6b52-eaf5-468f-a1b2-109e90677009] Blender Output: Fra:33 Mem:119.91M (Peak 151.55M) | Time:00:00.03 | Rendering 1 / 64 samples

[2025-07-28T16:04:22.376Z] [DEBUG] [e6af6b52-eaf5-468f-a1b2-109e90677009] Blender Output: Fra:33 Mem:119.91M (Peak 151.55M) | Time:00:00.19 | Rendering 25 / 64 samples

[2025-07-28T16:04:22.534Z] [DEBUG] [e6af6b52-eaf5-468f-a1b2-109e90677009] Blender Output: Fra:33 Mem:119.91M (Peak 151.55M) | Time:00:00.34 | Rendering 50 / 64 samples

[2025-07-28T16:04:22.623Z] [DEBUG] [e6af6b52-eaf5-468f-a1b2-109e90677009] Blender Output: Fra:33 Mem:119.91M (Peak 151.55M) | Time:00:00.43 | Rendering 64 / 64 samples

[2025-07-28T16:04:22.700Z] [DEBUG] [e6af6b52-eaf5-468f-a1b2-109e90677009] Blender Output: Append frame 33
Time: 00:00.51 (Saving: 00:00.03)


[2025-07-28T16:04:22.737Z] [DEBUG] [e6af6b52-eaf5-468f-a1b2-109e90677009] Blender Output: Fra:34 Mem:119.91M (Peak 151.55M) | Time:00:00.03 | Rendering 1 / 64 samples

[2025-07-28T16:04:22.889Z] [DEBUG] [e6af6b52-eaf5-468f-a1b2-109e90677009] Blender Output: Fra:34 Mem:119.91M (Peak 151.55M) | Time:00:00.18 | Rendering 25 / 64 samples

[2025-07-28T16:04:23.046Z] [DEBUG] [e6af6b52-eaf5-468f-a1b2-109e90677009] Blender Output: Fra:34 Mem:119.91M (Peak 151.55M) | Time:00:00.34 | Rendering 50 / 64 samples

[2025-07-28T16:04:23.134Z] [DEBUG] [e6af6b52-eaf5-468f-a1b2-109e90677009] Blender Output: Fra:34 Mem:119.91M (Peak 151.55M) | Time:00:00.43 | Rendering 64 / 64 samples

[2025-07-28T16:04:23.212Z] [DEBUG] [e6af6b52-eaf5-468f-a1b2-109e90677009] Blender Output: Append frame 34
Time: 00:00.51 (Saving: 00:00.03)


[2025-07-28T16:04:23.249Z] [DEBUG] [e6af6b52-eaf5-468f-a1b2-109e90677009] Blender Output: Fra:35 Mem:119.91M (Peak 151.55M) | Time:00:00.03 | Rendering 1 / 64 samples

[2025-07-28T16:04:23.405Z] [DEBUG] [e6af6b52-eaf5-468f-a1b2-109e90677009] Blender Output: Fra:35 Mem:119.91M (Peak 151.55M) | Time:00:00.19 | Rendering 25 / 64 samples

[2025-07-28T16:04:23.564Z] [DEBUG] [e6af6b52-eaf5-468f-a1b2-109e90677009] Blender Output: Fra:35 Mem:119.91M (Peak 151.55M) | Time:00:00.35 | Rendering 50 / 64 samples

[2025-07-28T16:04:23.653Z] [DEBUG] [e6af6b52-eaf5-468f-a1b2-109e90677009] Blender Output: Fra:35 Mem:119.91M (Peak 151.55M) | Time:00:00.44 | Rendering 64 / 64 samples

[2025-07-28T16:04:23.731Z] [DEBUG] [e6af6b52-eaf5-468f-a1b2-109e90677009] Blender Output: Append frame 35
Time: 00:00.51 (Saving: 00:00.03)


[2025-07-28T16:04:23.768Z] [DEBUG] [e6af6b52-eaf5-468f-a1b2-109e90677009] Blender Output: Fra:36 Mem:119.91M (Peak 151.55M) | Time:00:00.03 | Rendering 1 / 64 samples

[2025-07-28T16:04:23.921Z] [DEBUG] [e6af6b52-eaf5-468f-a1b2-109e90677009] Blender Output: Fra:36 Mem:119.91M (Peak 151.55M) | Time:00:00.18 | Rendering 25 / 64 samples

[2025-07-28T16:04:24.077Z] [DEBUG] [e6af6b52-eaf5-468f-a1b2-109e90677009] Blender Output: Fra:36 Mem:119.91M (Peak 151.55M) | Time:00:00.34 | Rendering 50 / 64 samples

[2025-07-28T16:04:24.166Z] [DEBUG] [e6af6b52-eaf5-468f-a1b2-109e90677009] Blender Output: Fra:36 Mem:119.91M (Peak 151.55M) | Time:00:00.43 | Rendering 64 / 64 samples

[2025-07-28T16:04:24.245Z] [DEBUG] [e6af6b52-eaf5-468f-a1b2-109e90677009] Blender Output: Append frame 36
Time: 00:00.51 (Saving: 00:00.03)


[2025-07-28T16:04:24.281Z] [DEBUG] [e6af6b52-eaf5-468f-a1b2-109e90677009] Blender Output: Fra:37 Mem:119.91M (Peak 151.55M) | Time:00:00.03 | Rendering 1 / 64 samples

[2025-07-28T16:04:24.439Z] [DEBUG] [e6af6b52-eaf5-468f-a1b2-109e90677009] Blender Output: Fra:37 Mem:119.91M (Peak 151.55M) | Time:00:00.19 | Rendering 25 / 64 samples

[2025-07-28T16:04:24.600Z] [DEBUG] [e6af6b52-eaf5-468f-a1b2-109e90677009] Blender Output: Fra:37 Mem:119.91M (Peak 151.55M) | Time:00:00.35 | Rendering 50 / 64 samples

[2025-07-28T16:04:24.690Z] [DEBUG] [e6af6b52-eaf5-468f-a1b2-109e90677009] Blender Output: Fra:37 Mem:119.91M (Peak 151.55M) | Time:00:00.44 | Rendering 64 / 64 samples

[2025-07-28T16:04:24.770Z] [DEBUG] [e6af6b52-eaf5-468f-a1b2-109e90677009] Blender Output: Append frame 37
Time: 00:00.52 (Saving: 00:00.03)


[2025-07-28T16:04:24.806Z] [DEBUG] [e6af6b52-eaf5-468f-a1b2-109e90677009] Blender Output: Fra:38 Mem:119.91M (Peak 151.55M) | Time:00:00.03 | Rendering 1 / 64 samples

[2025-07-28T16:04:24.958Z] [DEBUG] [e6af6b52-eaf5-468f-a1b2-109e90677009] Blender Output: Fra:38 Mem:119.91M (Peak 151.55M) | Time:00:00.18 | Rendering 25 / 64 samples

[2025-07-28T16:04:25.115Z] [DEBUG] [e6af6b52-eaf5-468f-a1b2-109e90677009] Blender Output: Fra:38 Mem:119.91M (Peak 151.55M) | Time:00:00.34 | Rendering 50 / 64 samples

[2025-07-28T16:04:25.203Z] [DEBUG] [e6af6b52-eaf5-468f-a1b2-109e90677009] Blender Output: Fra:38 Mem:119.91M (Peak 151.55M) | Time:00:00.43 | Rendering 64 / 64 samples

[2025-07-28T16:04:25.282Z] [DEBUG] [e6af6b52-eaf5-468f-a1b2-109e90677009] Blender Output: Append frame 38
Time: 00:00.51 (Saving: 00:00.03)


[2025-07-28T16:04:25.319Z] [DEBUG] [e6af6b52-eaf5-468f-a1b2-109e90677009] Blender Output: Fra:39 Mem:119.91M (Peak 151.55M) | Time:00:00.03 | Rendering 1 / 64 samples

[2025-07-28T16:04:25.473Z] [DEBUG] [e6af6b52-eaf5-468f-a1b2-109e90677009] Blender Output: Fra:39 Mem:119.91M (Peak 151.55M) | Time:00:00.19 | Rendering 25 / 64 samples

[2025-07-28T16:04:25.629Z] [DEBUG] [e6af6b52-eaf5-468f-a1b2-109e90677009] Blender Output: Fra:39 Mem:119.91M (Peak 151.55M) | Time:00:00.34 | Rendering 50 / 64 samples

[2025-07-28T16:04:25.719Z] [DEBUG] [e6af6b52-eaf5-468f-a1b2-109e90677009] Blender Output: Fra:39 Mem:119.91M (Peak 151.55M) | Time:00:00.43 | Rendering 64 / 64 samples

[2025-07-28T16:04:25.798Z] [DEBUG] [e6af6b52-eaf5-468f-a1b2-109e90677009] Blender Output: Append frame 39
Time: 00:00.51 (Saving: 00:00.03)


[2025-07-28T16:04:25.834Z] [DEBUG] [e6af6b52-eaf5-468f-a1b2-109e90677009] Blender Output: Fra:40 Mem:119.91M (Peak 151.55M) | Time:00:00.03 | Rendering 1 / 64 samples

[2025-07-28T16:04:25.986Z] [DEBUG] [e6af6b52-eaf5-468f-a1b2-109e90677009] Blender Output: Fra:40 Mem:119.91M (Peak 151.55M) | Time:00:00.18 | Rendering 25 / 64 samples

[2025-07-28T16:04:26.141Z] [DEBUG] [e6af6b52-eaf5-468f-a1b2-109e90677009] Blender Output: Fra:40 Mem:119.91M (Peak 151.55M) | Time:00:00.34 | Rendering 50 / 64 samples

[2025-07-28T16:04:26.228Z] [DEBUG] [e6af6b52-eaf5-468f-a1b2-109e90677009] Blender Output: Fra:40 Mem:119.91M (Peak 151.55M) | Time:00:00.42 | Rendering 64 / 64 samples

[2025-07-28T16:04:26.309Z] [DEBUG] [e6af6b52-eaf5-468f-a1b2-109e90677009] Blender Output: Append frame 40
Time: 00:00.51 (Saving: 00:00.03)


[2025-07-28T16:04:26.345Z] [DEBUG] [e6af6b52-eaf5-468f-a1b2-109e90677009] Blender Output: Fra:41 Mem:119.91M (Peak 151.55M) | Time:00:00.03 | Rendering 1 / 64 samples

[2025-07-28T16:04:26.499Z] [DEBUG] [e6af6b52-eaf5-468f-a1b2-109e90677009] Blender Output: Fra:41 Mem:119.91M (Peak 151.55M) | Time:00:00.18 | Rendering 25 / 64 samples

[2025-07-28T16:04:26.655Z] [DEBUG] [e6af6b52-eaf5-468f-a1b2-109e90677009] Blender Output: Fra:41 Mem:119.91M (Peak 151.55M) | Time:00:00.34 | Rendering 50 / 64 samples

[2025-07-28T16:04:26.743Z] [DEBUG] [e6af6b52-eaf5-468f-a1b2-109e90677009] Blender Output: Fra:41 Mem:119.91M (Peak 151.55M) | Time:00:00.43 | Rendering 64 / 64 samples

[2025-07-28T16:04:26.824Z] [DEBUG] [e6af6b52-eaf5-468f-a1b2-109e90677009] Blender Output: Append frame 41
Time: 00:00.51 (Saving: 00:00.03)


[2025-07-28T16:04:26.861Z] [DEBUG] [e6af6b52-eaf5-468f-a1b2-109e90677009] Blender Output: Fra:42 Mem:119.91M (Peak 151.55M) | Time:00:00.03 | Rendering 1 / 64 samples

[2025-07-28T16:04:27.015Z] [DEBUG] [e6af6b52-eaf5-468f-a1b2-109e90677009] Blender Output: Fra:42 Mem:119.91M (Peak 151.55M) | Time:00:00.19 | Rendering 25 / 64 samples

[2025-07-28T16:04:27.169Z] [DEBUG] [e6af6b52-eaf5-468f-a1b2-109e90677009] Blender Output: Fra:42 Mem:119.91M (Peak 151.55M) | Time:00:00.34 | Rendering 50 / 64 samples

[2025-07-28T16:04:27.256Z] [DEBUG] [e6af6b52-eaf5-468f-a1b2-109e90677009] Blender Output: Fra:42 Mem:119.91M (Peak 151.55M) | Time:00:00.43 | Rendering 64 / 64 samples

[2025-07-28T16:04:27.334Z] [DEBUG] [e6af6b52-eaf5-468f-a1b2-109e90677009] Blender Output: Append frame 42
Time: 00:00.50 (Saving: 00:00.03)


[2025-07-28T16:04:27.371Z] [DEBUG] [e6af6b52-eaf5-468f-a1b2-109e90677009] Blender Output: Fra:43 Mem:119.91M (Peak 151.55M) | Time:00:00.03 | Rendering 1 / 64 samples

[2025-07-28T16:04:27.524Z] [DEBUG] [e6af6b52-eaf5-468f-a1b2-109e90677009] Blender Output: Fra:43 Mem:119.91M (Peak 151.55M) | Time:00:00.19 | Rendering 25 / 64 samples

[2025-07-28T16:04:27.679Z] [DEBUG] [e6af6b52-eaf5-468f-a1b2-109e90677009] Blender Output: Fra:43 Mem:119.91M (Peak 151.55M) | Time:00:00.34 | Rendering 50 / 64 samples

[2025-07-28T16:04:27.766Z] [DEBUG] [e6af6b52-eaf5-468f-a1b2-109e90677009] Blender Output: Fra:43 Mem:119.91M (Peak 151.55M) | Time:00:00.43 | Rendering 64 / 64 samples

[2025-07-28T16:04:27.844Z] [DEBUG] [e6af6b52-eaf5-468f-a1b2-109e90677009] Blender Output: Append frame 43
Time: 00:00.50 (Saving: 00:00.03)


[2025-07-28T16:04:27.881Z] [DEBUG] [e6af6b52-eaf5-468f-a1b2-109e90677009] Blender Output: Fra:44 Mem:119.91M (Peak 151.55M) | Time:00:00.03 | Rendering 1 / 64 samples

[2025-07-28T16:04:28.035Z] [DEBUG] [e6af6b52-eaf5-468f-a1b2-109e90677009] Blender Output: Fra:44 Mem:119.91M (Peak 151.55M) | Time:00:00.19 | Rendering 25 / 64 samples

[2025-07-28T16:04:28.191Z] [DEBUG] [e6af6b52-eaf5-468f-a1b2-109e90677009] Blender Output: Fra:44 Mem:119.91M (Peak 151.55M) | Time:00:00.34 | Rendering 50 / 64 samples

[2025-07-28T16:04:28.280Z] [DEBUG] [e6af6b52-eaf5-468f-a1b2-109e90677009] Blender Output: Fra:44 Mem:119.91M (Peak 151.55M) | Time:00:00.43 | Rendering 64 / 64 samples

[2025-07-28T16:04:28.358Z] [DEBUG] [e6af6b52-eaf5-468f-a1b2-109e90677009] Blender Output: Append frame 44
Time: 00:00.51 (Saving: 00:00.03)


[2025-07-28T16:04:28.395Z] [DEBUG] [e6af6b52-eaf5-468f-a1b2-109e90677009] Blender Output: Fra:45 Mem:119.91M (Peak 151.55M) | Time:00:00.03 | Rendering 1 / 64 samples

[2025-07-28T16:04:28.551Z] [DEBUG] [e6af6b52-eaf5-468f-a1b2-109e90677009] Blender Output: Fra:45 Mem:119.91M (Peak 151.55M) | Time:00:00.19 | Rendering 25 / 64 samples

[2025-07-28T16:04:28.710Z] [DEBUG] [e6af6b52-eaf5-468f-a1b2-109e90677009] Blender Output: Fra:45 Mem:119.91M (Peak 151.55M) | Time:00:00.35 | Rendering 50 / 64 samples

[2025-07-28T16:04:28.800Z] [DEBUG] [e6af6b52-eaf5-468f-a1b2-109e90677009] Blender Output: Fra:45 Mem:119.91M (Peak 151.55M) | Time:00:00.44 | Rendering 64 / 64 samples

[2025-07-28T16:04:28.880Z] [DEBUG] [e6af6b52-eaf5-468f-a1b2-109e90677009] Blender Output: Append frame 45
Time: 00:00.52 (Saving: 00:00.03)


[2025-07-28T16:04:28.917Z] [DEBUG] [e6af6b52-eaf5-468f-a1b2-109e90677009] Blender Output: Fra:46 Mem:119.91M (Peak 151.55M) | Time:00:00.03 | Rendering 1 / 64 samples

[2025-07-28T16:04:29.076Z] [DEBUG] [e6af6b52-eaf5-468f-a1b2-109e90677009] Blender Output: Fra:46 Mem:119.91M (Peak 151.55M) | Time:00:00.19 | Rendering 25 / 64 samples

[2025-07-28T16:04:29.239Z] [DEBUG] [e6af6b52-eaf5-468f-a1b2-109e90677009] Blender Output: Fra:46 Mem:119.91M (Peak 151.55M) | Time:00:00.35 | Rendering 50 / 64 samples

[2025-07-28T16:04:29.334Z] [DEBUG] [e6af6b52-eaf5-468f-a1b2-109e90677009] Blender Output: Fra:46 Mem:119.91M (Peak 151.55M) | Time:00:00.45 | Rendering 64 / 64 samples

[2025-07-28T16:04:29.410Z] [DEBUG] [e6af6b52-eaf5-468f-a1b2-109e90677009] Blender Output: Append frame 46
Time: 00:00.52 (Saving: 00:00.03)


[2025-07-28T16:04:29.447Z] [DEBUG] [e6af6b52-eaf5-468f-a1b2-109e90677009] Blender Output: Fra:47 Mem:119.91M (Peak 151.55M) | Time:00:00.03 | Rendering 1 / 64 samples

[2025-07-28T16:04:29.609Z] [DEBUG] [e6af6b52-eaf5-468f-a1b2-109e90677009] Blender Output: Fra:47 Mem:119.91M (Peak 151.55M) | Time:00:00.19 | Rendering 25 / 64 samples

[2025-07-28T16:04:29.770Z] [DEBUG] [e6af6b52-eaf5-468f-a1b2-109e90677009] Blender Output: Fra:47 Mem:119.91M (Peak 151.55M) | Time:00:00.35 | Rendering 50 / 64 samples

[2025-07-28T16:04:29.860Z] [DEBUG] [e6af6b52-eaf5-468f-a1b2-109e90677009] Blender Output: Fra:47 Mem:119.91M (Peak 151.55M) | Time:00:00.45 | Rendering 64 / 64 samples

[2025-07-28T16:04:29.940Z] [DEBUG] [e6af6b52-eaf5-468f-a1b2-109e90677009] Blender Output: Append frame 47
Time: 00:00.52 (Saving: 00:00.03)


[2025-07-28T16:04:29.976Z] [DEBUG] [e6af6b52-eaf5-468f-a1b2-109e90677009] Blender Output: Fra:48 Mem:119.91M (Peak 151.55M) | Time:00:00.03 | Rendering 1 / 64 samples

[2025-07-28T16:04:30.132Z] [DEBUG] [e6af6b52-eaf5-468f-a1b2-109e90677009] Blender Output: Fra:48 Mem:119.91M (Peak 151.55M) | Time:00:00.19 | Rendering 25 / 64 samples

[2025-07-28T16:04:30.291Z] [DEBUG] [e6af6b52-eaf5-468f-a1b2-109e90677009] Blender Output: Fra:48 Mem:119.91M (Peak 151.55M) | Time:00:00.35 | Rendering 50 / 64 samples

[2025-07-28T16:04:30.380Z] [DEBUG] [e6af6b52-eaf5-468f-a1b2-109e90677009] Blender Output: Fra:48 Mem:119.91M (Peak 151.55M) | Time:00:00.44 | Rendering 64 / 64 samples

[2025-07-28T16:04:30.456Z] [DEBUG] [e6af6b52-eaf5-468f-a1b2-109e90677009] Blender Output: Append frame 48
Time: 00:00.51 (Saving: 00:00.03)


[2025-07-28T16:04:30.495Z] [DEBUG] [e6af6b52-eaf5-468f-a1b2-109e90677009] Blender Output: Fra:49 Mem:119.91M (Peak 151.55M) | Time:00:00.03 | Rendering 1 / 64 samples

[2025-07-28T16:04:30.650Z] [DEBUG] [e6af6b52-eaf5-468f-a1b2-109e90677009] Blender Output: Fra:49 Mem:119.91M (Peak 151.55M) | Time:00:00.19 | Rendering 25 / 64 samples

[2025-07-28T16:04:30.807Z] [DEBUG] [e6af6b52-eaf5-468f-a1b2-109e90677009] Blender Output: Fra:49 Mem:119.91M (Peak 151.55M) | Time:00:00.35 | Rendering 50 / 64 samples

[2025-07-28T16:04:30.897Z] [DEBUG] [e6af6b52-eaf5-468f-a1b2-109e90677009] Blender Output: Fra:49 Mem:119.91M (Peak 151.55M) | Time:00:00.44 | Rendering 64 / 64 samples

[2025-07-28T16:04:30.974Z] [DEBUG] [e6af6b52-eaf5-468f-a1b2-109e90677009] Blender Output: Append frame 49
Time: 00:00.51 (Saving: 00:00.03)


[2025-07-28T16:04:31.028Z] [DEBUG] [e6af6b52-eaf5-468f-a1b2-109e90677009] Blender Output: Fra:50 Mem:119.91M (Peak 151.55M) | Time:00:00.05 | Rendering 1 / 64 samples

[2025-07-28T16:04:31.181Z] [DEBUG] [e6af6b52-eaf5-468f-a1b2-109e90677009] Blender Output: Fra:50 Mem:119.91M (Peak 151.55M) | Time:00:00.20 | Rendering 25 / 64 samples

[2025-07-28T16:04:31.338Z] [DEBUG] [e6af6b52-eaf5-468f-a1b2-109e90677009] Blender Output: Fra:50 Mem:119.91M (Peak 151.55M) | Time:00:00.36 | Rendering 50 / 64 samples

[2025-07-28T16:04:31.427Z] [DEBUG] [e6af6b52-eaf5-468f-a1b2-109e90677009] Blender Output: Fra:50 Mem:119.91M (Peak 151.55M) | Time:00:00.45 | Rendering 64 / 64 samples

[2025-07-28T16:04:31.506Z] [DEBUG] [e6af6b52-eaf5-468f-a1b2-109e90677009] Blender Output: Append frame 50
Time: 00:00.53 (Saving: 00:00.03)


[2025-07-28T16:04:31.543Z] [DEBUG] [e6af6b52-eaf5-468f-a1b2-109e90677009] Blender Output: Fra:51 Mem:119.91M (Peak 151.55M) | Time:00:00.03 | Rendering 1 / 64 samples

[2025-07-28T16:04:31.701Z] [DEBUG] [e6af6b52-eaf5-468f-a1b2-109e90677009] Blender Output: Fra:51 Mem:119.91M (Peak 151.55M) | Time:00:00.19 | Rendering 25 / 64 samples

[2025-07-28T16:04:31.861Z] [DEBUG] [e6af6b52-eaf5-468f-a1b2-109e90677009] Blender Output: Fra:51 Mem:119.91M (Peak 151.55M) | Time:00:00.35 | Rendering 50 / 64 samples

[2025-07-28T16:04:31.951Z] [DEBUG] [e6af6b52-eaf5-468f-a1b2-109e90677009] Blender Output: Fra:51 Mem:119.91M (Peak 151.55M) | Time:00:00.44 | Rendering 64 / 64 samples

[2025-07-28T16:04:32.030Z] [DEBUG] [e6af6b52-eaf5-468f-a1b2-109e90677009] Blender Output: Append frame 51
Time: 00:00.52 (Saving: 00:00.03)


[2025-07-28T16:04:32.066Z] [DEBUG] [e6af6b52-eaf5-468f-a1b2-109e90677009] Blender Output: Fra:52 Mem:119.91M (Peak 151.55M) | Time:00:00.03 | Rendering 1 / 64 samples

[2025-07-28T16:04:32.219Z] [DEBUG] [e6af6b52-eaf5-468f-a1b2-109e90677009] Blender Output: Fra:52 Mem:119.91M (Peak 151.55M) | Time:00:00.18 | Rendering 25 / 64 samples

[2025-07-28T16:04:32.375Z] [DEBUG] [e6af6b52-eaf5-468f-a1b2-109e90677009] Blender Output: Fra:52 Mem:119.91M (Peak 151.55M) | Time:00:00.34 | Rendering 50 / 64 samples

[2025-07-28T16:04:32.464Z] [DEBUG] [e6af6b52-eaf5-468f-a1b2-109e90677009] Blender Output: Fra:52 Mem:119.91M (Peak 151.55M) | Time:00:00.43 | Rendering 64 / 64 samples

[2025-07-28T16:04:32.545Z] [DEBUG] [e6af6b52-eaf5-468f-a1b2-109e90677009] Blender Output: Append frame 52
Time: 00:00.51 (Saving: 00:00.03)


[2025-07-28T16:04:32.582Z] [DEBUG] [e6af6b52-eaf5-468f-a1b2-109e90677009] Blender Output: Fra:53 Mem:119.91M (Peak 151.55M) | Time:00:00.03 | Rendering 1 / 64 samples

[2025-07-28T16:04:32.734Z] [DEBUG] [e6af6b52-eaf5-468f-a1b2-109e90677009] Blender Output: Fra:53 Mem:119.91M (Peak 151.55M) | Time:00:00.18 | Rendering 25 / 64 samples

[2025-07-28T16:04:32.890Z] [DEBUG] [e6af6b52-eaf5-468f-a1b2-109e90677009] Blender Output: Fra:53 Mem:119.91M (Peak 151.55M) | Time:00:00.34 | Rendering 50 / 64 samples

[2025-07-28T16:04:32.978Z] [DEBUG] [e6af6b52-eaf5-468f-a1b2-109e90677009] Blender Output: Fra:53 Mem:119.91M (Peak 151.55M) | Time:00:00.43 | Rendering 64 / 64 samples

[2025-07-28T16:04:33.056Z] [DEBUG] [e6af6b52-eaf5-468f-a1b2-109e90677009] Blender Output: Append frame 53
Time: 00:00.51 (Saving: 00:00.03)


[2025-07-28T16:04:33.093Z] [DEBUG] [e6af6b52-eaf5-468f-a1b2-109e90677009] Blender Output: Fra:54 Mem:119.91M (Peak 151.55M) | Time:00:00.03 | Rendering 1 / 64 samples

[2025-07-28T16:04:33.250Z] [DEBUG] [e6af6b52-eaf5-468f-a1b2-109e90677009] Blender Output: Fra:54 Mem:119.91M (Peak 151.55M) | Time:00:00.19 | Rendering 25 / 64 samples

[2025-07-28T16:04:33.410Z] [DEBUG] [e6af6b52-eaf5-468f-a1b2-109e90677009] Blender Output: Fra:54 Mem:119.91M (Peak 151.55M) | Time:00:00.35 | Rendering 50 / 64 samples

[2025-07-28T16:04:33.500Z] [DEBUG] [e6af6b52-eaf5-468f-a1b2-109e90677009] Blender Output: Fra:54 Mem:119.91M (Peak 151.55M) | Time:00:00.44 | Rendering 64 / 64 samples

[2025-07-28T16:04:33.577Z] [DEBUG] [e6af6b52-eaf5-468f-a1b2-109e90677009] Blender Output: Append frame 54
Time: 00:00.52 (Saving: 00:00.03)


[2025-07-28T16:04:33.614Z] [DEBUG] [e6af6b52-eaf5-468f-a1b2-109e90677009] Blender Output: Fra:55 Mem:119.91M (Peak 151.55M) | Time:00:00.03 | Rendering 1 / 64 samples

[2025-07-28T16:04:33.766Z] [DEBUG] [e6af6b52-eaf5-468f-a1b2-109e90677009] Blender Output: Fra:55 Mem:119.91M (Peak 151.55M) | Time:00:00.18 | Rendering 25 / 64 samples

[2025-07-28T16:04:33.920Z] [DEBUG] [e6af6b52-eaf5-468f-a1b2-109e90677009] Blender Output: Fra:55 Mem:119.91M (Peak 151.55M) | Time:00:00.34 | Rendering 50 / 64 samples

[2025-07-28T16:04:34.008Z] [DEBUG] [e6af6b52-eaf5-468f-a1b2-109e90677009] Blender Output: Fra:55 Mem:119.91M (Peak 151.55M) | Time:00:00.43 | Rendering 64 / 64 samples

[2025-07-28T16:04:34.087Z] [DEBUG] [e6af6b52-eaf5-468f-a1b2-109e90677009] Blender Output: Append frame 55
Time: 00:00.50 (Saving: 00:00.03)


[2025-07-28T16:04:34.124Z] [DEBUG] [e6af6b52-eaf5-468f-a1b2-109e90677009] Blender Output: Fra:56 Mem:119.91M (Peak 151.55M) | Time:00:00.03 | Rendering 1 / 64 samples

[2025-07-28T16:04:34.280Z] [DEBUG] [e6af6b52-eaf5-468f-a1b2-109e90677009] Blender Output: Fra:56 Mem:119.91M (Peak 151.55M) | Time:00:00.19 | Rendering 25 / 64 samples

[2025-07-28T16:04:34.439Z] [DEBUG] [e6af6b52-eaf5-468f-a1b2-109e90677009] Blender Output: Fra:56 Mem:119.91M (Peak 151.55M) | Time:00:00.35 | Rendering 50 / 64 samples

[2025-07-28T16:04:34.529Z] [DEBUG] [e6af6b52-eaf5-468f-a1b2-109e90677009] Blender Output: Fra:56 Mem:119.91M (Peak 151.55M) | Time:00:00.44 | Rendering 64 / 64 samples

[2025-07-28T16:04:34.608Z] [DEBUG] [e6af6b52-eaf5-468f-a1b2-109e90677009] Blender Output: Append frame 56
Time: 00:00.52 (Saving: 00:00.03)


[2025-07-28T16:04:34.645Z] [DEBUG] [e6af6b52-eaf5-468f-a1b2-109e90677009] Blender Output: Fra:57 Mem:119.91M (Peak 151.55M) | Time:00:00.03 | Rendering 1 / 64 samples

[2025-07-28T16:04:34.797Z] [DEBUG] [e6af6b52-eaf5-468f-a1b2-109e90677009] Blender Output: Fra:57 Mem:119.91M (Peak 151.55M) | Time:00:00.18 | Rendering 25 / 64 samples

[2025-07-28T16:04:34.954Z] [DEBUG] [e6af6b52-eaf5-468f-a1b2-109e90677009] Blender Output: Fra:57 Mem:119.91M (Peak 151.55M) | Time:00:00.34 | Rendering 50 / 64 samples

[2025-07-28T16:04:35.041Z] [DEBUG] [e6af6b52-eaf5-468f-a1b2-109e90677009] Blender Output: Fra:57 Mem:119.91M (Peak 151.55M) | Time:00:00.43 | Rendering 64 / 64 samples

[2025-07-28T16:04:35.117Z] [DEBUG] [e6af6b52-eaf5-468f-a1b2-109e90677009] Blender Output: Append frame 57
Time: 00:00.50 (Saving: 00:00.03)


[2025-07-28T16:04:35.154Z] [DEBUG] [e6af6b52-eaf5-468f-a1b2-109e90677009] Blender Output: Fra:58 Mem:119.91M (Peak 151.55M) | Time:00:00.03 | Rendering 1 / 64 samples

[2025-07-28T16:04:35.309Z] [DEBUG] [e6af6b52-eaf5-468f-a1b2-109e90677009] Blender Output: Fra:58 Mem:119.91M (Peak 151.55M) | Time:00:00.19 | Rendering 25 / 64 samples

[2025-07-28T16:04:35.465Z] [DEBUG] [e6af6b52-eaf5-468f-a1b2-109e90677009] Blender Output: Fra:58 Mem:119.91M (Peak 151.55M) | Time:00:00.34 | Rendering 50 / 64 samples

[2025-07-28T16:04:35.556Z] [DEBUG] [e6af6b52-eaf5-468f-a1b2-109e90677009] Blender Output: Fra:58 Mem:119.91M (Peak 151.55M) | Time:00:00.43 | Rendering 64 / 64 samples

[2025-07-28T16:04:35.633Z] [DEBUG] [e6af6b52-eaf5-468f-a1b2-109e90677009] Blender Output: Append frame 58
Time: 00:00.51 (Saving: 00:00.03)


[2025-07-28T16:04:35.671Z] [DEBUG] [e6af6b52-eaf5-468f-a1b2-109e90677009] Blender Output: Fra:59 Mem:119.91M (Peak 151.55M) | Time:00:00.03 | Rendering 1 / 64 samples

[2025-07-28T16:04:35.831Z] [DEBUG] [e6af6b52-eaf5-468f-a1b2-109e90677009] Blender Output: Fra:59 Mem:119.91M (Peak 151.55M) | Time:00:00.19 | Rendering 25 / 64 samples

[2025-07-28T16:04:35.994Z] [DEBUG] [e6af6b52-eaf5-468f-a1b2-109e90677009] Blender Output: Fra:59 Mem:119.91M (Peak 151.55M) | Time:00:00.36 | Rendering 50 / 64 samples

[2025-07-28T16:04:36.086Z] [DEBUG] [e6af6b52-eaf5-468f-a1b2-109e90677009] Blender Output: Fra:59 Mem:119.91M (Peak 151.55M) | Time:00:00.45 | Rendering 64 / 64 samples

[2025-07-28T16:04:36.160Z] [DEBUG] [e6af6b52-eaf5-468f-a1b2-109e90677009] Blender Output: Append frame 59
Time: 00:00.52 (Saving: 00:00.03)


[2025-07-28T16:04:36.197Z] [DEBUG] [e6af6b52-eaf5-468f-a1b2-109e90677009] Blender Output: Fra:60 Mem:119.91M (Peak 151.55M) | Time:00:00.03 | Rendering 1 / 64 samples

[2025-07-28T16:04:36.357Z] [DEBUG] [e6af6b52-eaf5-468f-a1b2-109e90677009] Blender Output: Fra:60 Mem:119.91M (Peak 151.55M) | Time:00:00.19 | Rendering 25 / 64 samples

[2025-07-28T16:04:36.516Z] [DEBUG] [e6af6b52-eaf5-468f-a1b2-109e90677009] Blender Output: Fra:60 Mem:119.91M (Peak 151.55M) | Time:00:00.35 | Rendering 50 / 64 samples

[2025-07-28T16:04:36.606Z] [DEBUG] [e6af6b52-eaf5-468f-a1b2-109e90677009] Blender Output: Fra:60 Mem:119.91M (Peak 151.55M) | Time:00:00.44 | Rendering 64 / 64 samples

[2025-07-28T16:04:36.684Z] [DEBUG] [e6af6b52-eaf5-468f-a1b2-109e90677009] Blender Output: Append frame 60
Time: 00:00.52 (Saving: 00:00.03)


[2025-07-28T16:04:36.722Z] [DEBUG] [e6af6b52-eaf5-468f-a1b2-109e90677009] Blender Output: Fra:61 Mem:119.91M (Peak 151.55M) | Time:00:00.03 | Rendering 1 / 64 samples

[2025-07-28T16:04:36.882Z] [DEBUG] [e6af6b52-eaf5-468f-a1b2-109e90677009] Blender Output: Fra:61 Mem:119.91M (Peak 151.55M) | Time:00:00.19 | Rendering 25 / 64 samples

[2025-07-28T16:04:37.045Z] [DEBUG] [e6af6b52-eaf5-468f-a1b2-109e90677009] Blender Output: Fra:61 Mem:119.91M (Peak 151.55M) | Time:00:00.36 | Rendering 50 / 64 samples

[2025-07-28T16:04:37.137Z] [DEBUG] [e6af6b52-eaf5-468f-a1b2-109e90677009] Blender Output: Fra:61 Mem:119.91M (Peak 151.55M) | Time:00:00.45 | Rendering 64 / 64 samples

[2025-07-28T16:04:37.216Z] [DEBUG] [e6af6b52-eaf5-468f-a1b2-109e90677009] Blender Output: Append frame 61
Time: 00:00.53 (Saving: 00:00.03)


[2025-07-28T16:04:37.253Z] [DEBUG] [e6af6b52-eaf5-468f-a1b2-109e90677009] Blender Output: Fra:62 Mem:119.91M (Peak 151.55M) | Time:00:00.03 | Rendering 1 / 64 samples

[2025-07-28T16:04:37.414Z] [DEBUG] [e6af6b52-eaf5-468f-a1b2-109e90677009] Blender Output: Fra:62 Mem:119.91M (Peak 151.55M) | Time:00:00.19 | Rendering 25 / 64 samples

[2025-07-28T16:04:37.576Z] [DEBUG] [e6af6b52-eaf5-468f-a1b2-109e90677009] Blender Output: Fra:62 Mem:119.91M (Peak 151.55M) | Time:00:00.36 | Rendering 50 / 64 samples

[2025-07-28T16:04:37.669Z] [DEBUG] [e6af6b52-eaf5-468f-a1b2-109e90677009] Blender Output: Fra:62 Mem:119.91M (Peak 151.55M) | Time:00:00.45 | Rendering 64 / 64 samples

[2025-07-28T16:04:37.746Z] [DEBUG] [e6af6b52-eaf5-468f-a1b2-109e90677009] Blender Output: Append frame 62
Time: 00:00.52 (Saving: 00:00.03)


[2025-07-28T16:04:37.782Z] [DEBUG] [e6af6b52-eaf5-468f-a1b2-109e90677009] Blender Output: Fra:63 Mem:119.91M (Peak 151.55M) | Time:00:00.03 | Rendering 1 / 64 samples

[2025-07-28T16:04:37.936Z] [DEBUG] [e6af6b52-eaf5-468f-a1b2-109e90677009] Blender Output: Fra:63 Mem:119.91M (Peak 151.55M) | Time:00:00.19 | Rendering 25 / 64 samples

[2025-07-28T16:04:38.092Z] [DEBUG] [e6af6b52-eaf5-468f-a1b2-109e90677009] Blender Output: Fra:63 Mem:119.91M (Peak 151.55M) | Time:00:00.34 | Rendering 50 / 64 samples

[2025-07-28T16:04:38.180Z] [DEBUG] [e6af6b52-eaf5-468f-a1b2-109e90677009] Blender Output: Fra:63 Mem:119.91M (Peak 151.55M) | Time:00:00.43 | Rendering 64 / 64 samples

[2025-07-28T16:04:38.256Z] [DEBUG] [e6af6b52-eaf5-468f-a1b2-109e90677009] Blender Output: Append frame 63
Time: 00:00.51 (Saving: 00:00.03)


[2025-07-28T16:04:38.293Z] [DEBUG] [e6af6b52-eaf5-468f-a1b2-109e90677009] Blender Output: Fra:64 Mem:119.91M (Peak 151.55M) | Time:00:00.03 | Rendering 1 / 64 samples

[2025-07-28T16:04:38.447Z] [DEBUG] [e6af6b52-eaf5-468f-a1b2-109e90677009] Blender Output: Fra:64 Mem:119.91M (Peak 151.55M) | Time:00:00.19 | Rendering 25 / 64 samples

[2025-07-28T16:04:38.605Z] [DEBUG] [e6af6b52-eaf5-468f-a1b2-109e90677009] Blender Output: Fra:64 Mem:119.91M (Peak 151.55M) | Time:00:00.34 | Rendering 50 / 64 samples

[2025-07-28T16:04:38.693Z] [DEBUG] [e6af6b52-eaf5-468f-a1b2-109e90677009] Blender Output: Fra:64 Mem:119.91M (Peak 151.55M) | Time:00:00.43 | Rendering 64 / 64 samples

[2025-07-28T16:04:38.771Z] [DEBUG] [e6af6b52-eaf5-468f-a1b2-109e90677009] Blender Output: Append frame 64
Time: 00:00.51 (Saving: 00:00.03)


[2025-07-28T16:04:38.807Z] [DEBUG] [e6af6b52-eaf5-468f-a1b2-109e90677009] Blender Output: Fra:65 Mem:119.91M (Peak 151.55M) | Time:00:00.03 | Rendering 1 / 64 samples

[2025-07-28T16:04:38.960Z] [DEBUG] [e6af6b52-eaf5-468f-a1b2-109e90677009] Blender Output: Fra:65 Mem:119.91M (Peak 151.55M) | Time:00:00.18 | Rendering 25 / 64 samples

[2025-07-28T16:04:39.115Z] [DEBUG] [e6af6b52-eaf5-468f-a1b2-109e90677009] Blender Output: Fra:65 Mem:119.91M (Peak 151.55M) | Time:00:00.34 | Rendering 50 / 64 samples

[2025-07-28T16:04:39.203Z] [DEBUG] [e6af6b52-eaf5-468f-a1b2-109e90677009] Blender Output: Fra:65 Mem:119.91M (Peak 151.55M) | Time:00:00.43 | Rendering 64 / 64 samples

[2025-07-28T16:04:39.280Z] [DEBUG] [e6af6b52-eaf5-468f-a1b2-109e90677009] Blender Output: Append frame 65
Time: 00:00.50 (Saving: 00:00.03)


[2025-07-28T16:04:39.317Z] [DEBUG] [e6af6b52-eaf5-468f-a1b2-109e90677009] Blender Output: Fra:66 Mem:119.91M (Peak 151.55M) | Time:00:00.03 | Rendering 1 / 64 samples

[2025-07-28T16:04:39.470Z] [DEBUG] [e6af6b52-eaf5-468f-a1b2-109e90677009] Blender Output: Fra:66 Mem:119.91M (Peak 151.55M) | Time:00:00.19 | Rendering 25 / 64 samples

[2025-07-28T16:04:39.626Z] [DEBUG] [e6af6b52-eaf5-468f-a1b2-109e90677009] Blender Output: Fra:66 Mem:119.91M (Peak 151.55M) | Time:00:00.34 | Rendering 50 / 64 samples

[2025-07-28T16:04:39.713Z] [DEBUG] [e6af6b52-eaf5-468f-a1b2-109e90677009] Blender Output: Fra:66 Mem:119.91M (Peak 151.55M) | Time:00:00.43 | Rendering 64 / 64 samples

[2025-07-28T16:04:39.790Z] [DEBUG] [e6af6b52-eaf5-468f-a1b2-109e90677009] Blender Output: Append frame 66
Time: 00:00.50 (Saving: 00:00.03)


[2025-07-28T16:04:39.827Z] [DEBUG] [e6af6b52-eaf5-468f-a1b2-109e90677009] Blender Output: Fra:67 Mem:119.91M (Peak 151.55M) | Time:00:00.03 | Rendering 1 / 64 samples

[2025-07-28T16:04:39.980Z] [DEBUG] [e6af6b52-eaf5-468f-a1b2-109e90677009] Blender Output: Fra:67 Mem:119.91M (Peak 151.55M) | Time:00:00.19 | Rendering 25 / 64 samples

[2025-07-28T16:04:40.136Z] [DEBUG] [e6af6b52-eaf5-468f-a1b2-109e90677009] Blender Output: Fra:67 Mem:119.91M (Peak 151.55M) | Time:00:00.34 | Rendering 50 / 64 samples

[2025-07-28T16:04:40.224Z] [DEBUG] [e6af6b52-eaf5-468f-a1b2-109e90677009] Blender Output: Fra:67 Mem:119.91M (Peak 151.55M) | Time:00:00.43 | Rendering 64 / 64 samples

[2025-07-28T16:04:40.299Z] [DEBUG] [e6af6b52-eaf5-468f-a1b2-109e90677009] Blender Output: Append frame 67
Time: 00:00.50 (Saving: 00:00.03)


[2025-07-28T16:04:40.337Z] [DEBUG] [e6af6b52-eaf5-468f-a1b2-109e90677009] Blender Output: Fra:68 Mem:119.91M (Peak 151.55M) | Time:00:00.03 | Rendering 1 / 64 samples

[2025-07-28T16:04:40.490Z] [DEBUG] [e6af6b52-eaf5-468f-a1b2-109e90677009] Blender Output: Fra:68 Mem:119.91M (Peak 151.55M) | Time:00:00.19 | Rendering 25 / 64 samples

[2025-07-28T16:04:40.646Z] [DEBUG] [e6af6b52-eaf5-468f-a1b2-109e90677009] Blender Output: Fra:68 Mem:119.91M (Peak 151.55M) | Time:00:00.34 | Rendering 50 / 64 samples

[2025-07-28T16:04:40.735Z] [DEBUG] [e6af6b52-eaf5-468f-a1b2-109e90677009] Blender Output: Fra:68 Mem:119.91M (Peak 151.55M) | Time:00:00.43 | Rendering 64 / 64 samples

[2025-07-28T16:04:40.813Z] [DEBUG] [e6af6b52-eaf5-468f-a1b2-109e90677009] Blender Output: Append frame 68
Time: 00:00.51 (Saving: 00:00.03)


[2025-07-28T16:04:40.852Z] [DEBUG] [e6af6b52-eaf5-468f-a1b2-109e90677009] Blender Output: Fra:69 Mem:119.91M (Peak 151.55M) | Time:00:00.03 | Rendering 1 / 64 samples

[2025-07-28T16:04:41.008Z] [DEBUG] [e6af6b52-eaf5-468f-a1b2-109e90677009] Blender Output: Fra:69 Mem:119.91M (Peak 151.55M) | Time:00:00.19 | Rendering 25 / 64 samples

[2025-07-28T16:04:41.165Z] [DEBUG] [e6af6b52-eaf5-468f-a1b2-109e90677009] Blender Output: Fra:69 Mem:119.91M (Peak 151.55M) | Time:00:00.35 | Rendering 50 / 64 samples

[2025-07-28T16:04:41.255Z] [DEBUG] [e6af6b52-eaf5-468f-a1b2-109e90677009] Blender Output: Fra:69 Mem:119.91M (Peak 151.55M) | Time:00:00.44 | Rendering 64 / 64 samples

[2025-07-28T16:04:41.333Z] [DEBUG] [e6af6b52-eaf5-468f-a1b2-109e90677009] Blender Output: Append frame 69
Time: 00:00.51 (Saving: 00:00.03)


[2025-07-28T16:04:41.370Z] [DEBUG] [e6af6b52-eaf5-468f-a1b2-109e90677009] Blender Output: Fra:70 Mem:119.91M (Peak 151.55M) | Time:00:00.03 | Rendering 1 / 64 samples

[2025-07-28T16:04:41.521Z] [DEBUG] [e6af6b52-eaf5-468f-a1b2-109e90677009] Blender Output: Fra:70 Mem:119.91M (Peak 151.55M) | Time:00:00.18 | Rendering 25 / 64 samples

[2025-07-28T16:04:41.676Z] [DEBUG] [e6af6b52-eaf5-468f-a1b2-109e90677009] Blender Output: Fra:70 Mem:119.91M (Peak 151.55M) | Time:00:00.34 | Rendering 50 / 64 samples

[2025-07-28T16:04:41.763Z] [DEBUG] [e6af6b52-eaf5-468f-a1b2-109e90677009] Blender Output: Fra:70 Mem:119.91M (Peak 151.55M) | Time:00:00.43 | Rendering 64 / 64 samples

[2025-07-28T16:04:41.840Z] [DEBUG] [e6af6b52-eaf5-468f-a1b2-109e90677009] Blender Output: Append frame 70
Time: 00:00.50 (Saving: 00:00.03)


[2025-07-28T16:04:41.876Z] [DEBUG] [e6af6b52-eaf5-468f-a1b2-109e90677009] Blender Output: Fra:71 Mem:119.91M (Peak 151.55M) | Time:00:00.03 | Rendering 1 / 64 samples

[2025-07-28T16:04:42.029Z] [DEBUG] [e6af6b52-eaf5-468f-a1b2-109e90677009] Blender Output: Fra:71 Mem:119.91M (Peak 151.55M) | Time:00:00.18 | Rendering 25 / 64 samples

[2025-07-28T16:04:42.184Z] [DEBUG] [e6af6b52-eaf5-468f-a1b2-109e90677009] Blender Output: Fra:71 Mem:119.91M (Peak 151.55M) | Time:00:00.34 | Rendering 50 / 64 samples

[2025-07-28T16:04:42.271Z] [DEBUG] [e6af6b52-eaf5-468f-a1b2-109e90677009] Blender Output: Fra:71 Mem:119.91M (Peak 151.55M) | Time:00:00.43 | Rendering 64 / 64 samples

[2025-07-28T16:04:42.349Z] [DEBUG] [e6af6b52-eaf5-468f-a1b2-109e90677009] Blender Output: Append frame 71
Time: 00:00.50 (Saving: 00:00.03)


[2025-07-28T16:04:42.387Z] [DEBUG] [e6af6b52-eaf5-468f-a1b2-109e90677009] Blender Output: Fra:72 Mem:119.91M (Peak 151.55M) | Time:00:00.03 | Rendering 1 / 64 samples

[2025-07-28T16:04:42.542Z] [DEBUG] [e6af6b52-eaf5-468f-a1b2-109e90677009] Blender Output: Fra:72 Mem:119.91M (Peak 151.55M) | Time:00:00.19 | Rendering 25 / 64 samples

[2025-07-28T16:04:42.700Z] [DEBUG] [e6af6b52-eaf5-468f-a1b2-109e90677009] Blender Output: Fra:72 Mem:119.91M (Peak 151.55M) | Time:00:00.35 | Rendering 50 / 64 samples

[2025-07-28T16:04:42.789Z] [DEBUG] [e6af6b52-eaf5-468f-a1b2-109e90677009] Blender Output: Fra:72 Mem:119.91M (Peak 151.55M) | Time:00:00.43 | Rendering 64 / 64 samples

[2025-07-28T16:04:42.866Z] [DEBUG] [e6af6b52-eaf5-468f-a1b2-109e90677009] Blender Output: Append frame 72
Time: 00:00.51 (Saving: 00:00.03)


[2025-07-28T16:04:42.902Z] [DEBUG] [e6af6b52-eaf5-468f-a1b2-109e90677009] Blender Output: Fra:73 Mem:119.91M (Peak 151.55M) | Time:00:00.03 | Rendering 1 / 64 samples

[2025-07-28T16:04:43.058Z] [DEBUG] [e6af6b52-eaf5-468f-a1b2-109e90677009] Blender Output: Fra:73 Mem:119.91M (Peak 151.55M) | Time:00:00.19 | Rendering 25 / 64 samples

[2025-07-28T16:04:43.217Z] [DEBUG] [e6af6b52-eaf5-468f-a1b2-109e90677009] Blender Output: Fra:73 Mem:119.91M (Peak 151.55M) | Time:00:00.35 | Rendering 50 / 64 samples

[2025-07-28T16:04:43.305Z] [DEBUG] [e6af6b52-eaf5-468f-a1b2-109e90677009] Blender Output: Fra:73 Mem:119.91M (Peak 151.55M) | Time:00:00.43 | Rendering 64 / 64 samples

[2025-07-28T16:04:43.380Z] [DEBUG] [e6af6b52-eaf5-468f-a1b2-109e90677009] Blender Output: Append frame 73
Time: 00:00.51 (Saving: 00:00.03)


[2025-07-28T16:04:43.417Z] [DEBUG] [e6af6b52-eaf5-468f-a1b2-109e90677009] Blender Output: Fra:74 Mem:119.91M (Peak 151.55M) | Time:00:00.03 | Rendering 1 / 64 samples

[2025-07-28T16:04:43.573Z] [DEBUG] [e6af6b52-eaf5-468f-a1b2-109e90677009] Blender Output: Fra:74 Mem:119.91M (Peak 151.55M) | Time:00:00.19 | Rendering 25 / 64 samples

[2025-07-28T16:04:43.730Z] [DEBUG] [e6af6b52-eaf5-468f-a1b2-109e90677009] Blender Output: Fra:74 Mem:119.91M (Peak 151.55M) | Time:00:00.34 | Rendering 50 / 64 samples

[2025-07-28T16:04:43.818Z] [DEBUG] [e6af6b52-eaf5-468f-a1b2-109e90677009] Blender Output: Fra:74 Mem:119.91M (Peak 151.55M) | Time:00:00.43 | Rendering 64 / 64 samples

[2025-07-28T16:04:43.893Z] [DEBUG] [e6af6b52-eaf5-468f-a1b2-109e90677009] Blender Output: Append frame 74
Time: 00:00.51 (Saving: 00:00.03)


[2025-07-28T16:04:43.930Z] [DEBUG] [e6af6b52-eaf5-468f-a1b2-109e90677009] Blender Output: Fra:75 Mem:119.91M (Peak 151.55M) | Time:00:00.03 | Rendering 1 / 64 samples

[2025-07-28T16:04:44.086Z] [DEBUG] [e6af6b52-eaf5-468f-a1b2-109e90677009] Blender Output: Fra:75 Mem:119.91M (Peak 151.55M) | Time:00:00.19 | Rendering 25 / 64 samples

[2025-07-28T16:04:44.244Z] [DEBUG] [e6af6b52-eaf5-468f-a1b2-109e90677009] Blender Output: Fra:75 Mem:119.91M (Peak 151.55M) | Time:00:00.35 | Rendering 50 / 64 samples

[2025-07-28T16:04:44.332Z] [DEBUG] [e6af6b52-eaf5-468f-a1b2-109e90677009] Blender Output: Fra:75 Mem:119.91M (Peak 151.55M) | Time:00:00.43 | Rendering 64 / 64 samples

[2025-07-28T16:04:44.410Z] [DEBUG] [e6af6b52-eaf5-468f-a1b2-109e90677009] Blender Output: Append frame 75
Time: 00:00.51 (Saving: 00:00.03)


[2025-07-28T16:04:44.447Z] [DEBUG] [e6af6b52-eaf5-468f-a1b2-109e90677009] Blender Output: Fra:76 Mem:119.91M (Peak 151.55M) | Time:00:00.03 | Rendering 1 / 64 samples

[2025-07-28T16:04:44.602Z] [DEBUG] [e6af6b52-eaf5-468f-a1b2-109e90677009] Blender Output: Fra:76 Mem:119.91M (Peak 151.55M) | Time:00:00.19 | Rendering 25 / 64 samples

[2025-07-28T16:04:44.759Z] [DEBUG] [e6af6b52-eaf5-468f-a1b2-109e90677009] Blender Output: Fra:76 Mem:119.91M (Peak 151.55M) | Time:00:00.34 | Rendering 50 / 64 samples

[2025-07-28T16:04:44.848Z] [DEBUG] [e6af6b52-eaf5-468f-a1b2-109e90677009] Blender Output: Fra:76 Mem:119.91M (Peak 151.55M) | Time:00:00.43 | Rendering 64 / 64 samples

[2025-07-28T16:04:44.923Z] [DEBUG] [e6af6b52-eaf5-468f-a1b2-109e90677009] Blender Output: Append frame 76
Time: 00:00.51 (Saving: 00:00.03)


[2025-07-28T16:04:44.960Z] [DEBUG] [e6af6b52-eaf5-468f-a1b2-109e90677009] Blender Output: Fra:77 Mem:119.91M (Peak 151.55M) | Time:00:00.03 | Rendering 1 / 64 samples

[2025-07-28T16:04:45.115Z] [DEBUG] [e6af6b52-eaf5-468f-a1b2-109e90677009] Blender Output: Fra:77 Mem:119.91M (Peak 151.55M) | Time:00:00.19 | Rendering 25 / 64 samples

[2025-07-28T16:04:45.271Z] [DEBUG] [e6af6b52-eaf5-468f-a1b2-109e90677009] Blender Output: Fra:77 Mem:119.91M (Peak 151.55M) | Time:00:00.34 | Rendering 50 / 64 samples

[2025-07-28T16:04:45.360Z] [DEBUG] [e6af6b52-eaf5-468f-a1b2-109e90677009] Blender Output: Fra:77 Mem:119.91M (Peak 151.55M) | Time:00:00.43 | Rendering 64 / 64 samples

[2025-07-28T16:04:45.437Z] [DEBUG] [e6af6b52-eaf5-468f-a1b2-109e90677009] Blender Output: Append frame 77
Time: 00:00.51 (Saving: 00:00.03)


[2025-07-28T16:04:45.473Z] [DEBUG] [e6af6b52-eaf5-468f-a1b2-109e90677009] Blender Output: Fra:78 Mem:119.91M (Peak 151.55M) | Time:00:00.03 | Rendering 1 / 64 samples

[2025-07-28T16:04:45.626Z] [DEBUG] [e6af6b52-eaf5-468f-a1b2-109e90677009] Blender Output: Fra:78 Mem:119.91M (Peak 151.55M) | Time:00:00.18 | Rendering 25 / 64 samples

[2025-07-28T16:04:45.782Z] [DEBUG] [e6af6b52-eaf5-468f-a1b2-109e90677009] Blender Output: Fra:78 Mem:119.91M (Peak 151.55M) | Time:00:00.34 | Rendering 50 / 64 samples

[2025-07-28T16:04:45.870Z] [DEBUG] [e6af6b52-eaf5-468f-a1b2-109e90677009] Blender Output: Fra:78 Mem:119.91M (Peak 151.55M) | Time:00:00.43 | Rendering 64 / 64 samples

[2025-07-28T16:04:45.947Z] [DEBUG] [e6af6b52-eaf5-468f-a1b2-109e90677009] Blender Output: Append frame 78
Time: 00:00.50 (Saving: 00:00.03)


[2025-07-28T16:04:45.983Z] [DEBUG] [e6af6b52-eaf5-468f-a1b2-109e90677009] Blender Output: Fra:79 Mem:119.91M (Peak 151.55M) | Time:00:00.03 | Rendering 1 / 64 samples

[2025-07-28T16:04:46.136Z] [DEBUG] [e6af6b52-eaf5-468f-a1b2-109e90677009] Blender Output: Fra:79 Mem:119.91M (Peak 151.55M) | Time:00:00.18 | Rendering 25 / 64 samples

[2025-07-28T16:04:46.291Z] [DEBUG] [e6af6b52-eaf5-468f-a1b2-109e90677009] Blender Output: Fra:79 Mem:119.91M (Peak 151.55M) | Time:00:00.34 | Rendering 50 / 64 samples

[2025-07-28T16:04:46.380Z] [DEBUG] [e6af6b52-eaf5-468f-a1b2-109e90677009] Blender Output: Fra:79 Mem:119.91M (Peak 151.55M) | Time:00:00.43 | Rendering 64 / 64 samples

[2025-07-28T16:04:46.458Z] [DEBUG] [e6af6b52-eaf5-468f-a1b2-109e90677009] Blender Output: Append frame 79
Time: 00:00.51 (Saving: 00:00.03)


[2025-07-28T16:04:46.495Z] [DEBUG] [e6af6b52-eaf5-468f-a1b2-109e90677009] Blender Output: Fra:80 Mem:119.91M (Peak 151.55M) | Time:00:00.03 | Rendering 1 / 64 samples

[2025-07-28T16:04:46.649Z] [DEBUG] [e6af6b52-eaf5-468f-a1b2-109e90677009] Blender Output: Fra:80 Mem:119.91M (Peak 151.55M) | Time:00:00.19 | Rendering 25 / 64 samples

[2025-07-28T16:04:46.806Z] [DEBUG] [e6af6b52-eaf5-468f-a1b2-109e90677009] Blender Output: Fra:80 Mem:119.91M (Peak 151.55M) | Time:00:00.34 | Rendering 50 / 64 samples

[2025-07-28T16:04:46.894Z] [DEBUG] [e6af6b52-eaf5-468f-a1b2-109e90677009] Blender Output: Fra:80 Mem:119.91M (Peak 151.55M) | Time:00:00.43 | Rendering 64 / 64 samples

[2025-07-28T16:04:46.971Z] [DEBUG] [e6af6b52-eaf5-468f-a1b2-109e90677009] Blender Output: Append frame 80
Time: 00:00.51 (Saving: 00:00.03)


[2025-07-28T16:04:47.009Z] [DEBUG] [e6af6b52-eaf5-468f-a1b2-109e90677009] Blender Output: Fra:81 Mem:119.91M (Peak 151.55M) | Time:00:00.03 | Rendering 1 / 64 samples

[2025-07-28T16:04:47.162Z] [DEBUG] [e6af6b52-eaf5-468f-a1b2-109e90677009] Blender Output: Fra:81 Mem:119.91M (Peak 151.55M) | Time:00:00.19 | Rendering 25 / 64 samples

[2025-07-28T16:04:47.317Z] [DEBUG] [e6af6b52-eaf5-468f-a1b2-109e90677009] Blender Output: Fra:81 Mem:119.91M (Peak 151.55M) | Time:00:00.34 | Rendering 50 / 64 samples

[2025-07-28T16:04:47.405Z] [DEBUG] [e6af6b52-eaf5-468f-a1b2-109e90677009] Blender Output: Fra:81 Mem:119.91M (Peak 151.55M) | Time:00:00.43 | Rendering 64 / 64 samples

[2025-07-28T16:04:47.482Z] [DEBUG] [e6af6b52-eaf5-468f-a1b2-109e90677009] Blender Output: Append frame 81
Time: 00:00.51 (Saving: 00:00.03)


[2025-07-28T16:04:47.519Z] [DEBUG] [e6af6b52-eaf5-468f-a1b2-109e90677009] Blender Output: Fra:82 Mem:119.91M (Peak 151.55M) | Time:00:00.03 | Rendering 1 / 64 samples

[2025-07-28T16:04:47.671Z] [DEBUG] [e6af6b52-eaf5-468f-a1b2-109e90677009] Blender Output: Fra:82 Mem:119.91M (Peak 151.55M) | Time:00:00.18 | Rendering 25 / 64 samples

[2025-07-28T16:04:47.825Z] [DEBUG] [e6af6b52-eaf5-468f-a1b2-109e90677009] Blender Output: Fra:82 Mem:119.91M (Peak 151.55M) | Time:00:00.34 | Rendering 50 / 64 samples

[2025-07-28T16:04:47.912Z] [DEBUG] [e6af6b52-eaf5-468f-a1b2-109e90677009] Blender Output: Fra:82 Mem:119.91M (Peak 151.55M) | Time:00:00.43 | Rendering 64 / 64 samples

[2025-07-28T16:04:47.990Z] [DEBUG] [e6af6b52-eaf5-468f-a1b2-109e90677009] Blender Output: Append frame 82
Time: 00:00.50 (Saving: 00:00.03)


[2025-07-28T16:04:48.026Z] [DEBUG] [e6af6b52-eaf5-468f-a1b2-109e90677009] Blender Output: Fra:83 Mem:119.91M (Peak 151.55M) | Time:00:00.03 | Rendering 1 / 64 samples

[2025-07-28T16:04:48.178Z] [DEBUG] [e6af6b52-eaf5-468f-a1b2-109e90677009] Blender Output: Fra:83 Mem:119.91M (Peak 151.55M) | Time:00:00.18 | Rendering 25 / 64 samples

[2025-07-28T16:04:48.333Z] [DEBUG] [e6af6b52-eaf5-468f-a1b2-109e90677009] Blender Output: Fra:83 Mem:119.91M (Peak 151.55M) | Time:00:00.34 | Rendering 50 / 64 samples

[2025-07-28T16:04:48.420Z] [DEBUG] [e6af6b52-eaf5-468f-a1b2-109e90677009] Blender Output: Fra:83 Mem:119.91M (Peak 151.55M) | Time:00:00.43 | Rendering 64 / 64 samples

[2025-07-28T16:04:48.498Z] [DEBUG] [e6af6b52-eaf5-468f-a1b2-109e90677009] Blender Output: Append frame 83
Time: 00:00.50 (Saving: 00:00.03)


[2025-07-28T16:04:48.534Z] [DEBUG] [e6af6b52-eaf5-468f-a1b2-109e90677009] Blender Output: Fra:84 Mem:119.91M (Peak 151.55M) | Time:00:00.03 | Rendering 1 / 64 samples

[2025-07-28T16:04:48.688Z] [DEBUG] [e6af6b52-eaf5-468f-a1b2-109e90677009] Blender Output: Fra:84 Mem:119.91M (Peak 151.55M) | Time:00:00.19 | Rendering 25 / 64 samples

[2025-07-28T16:04:48.842Z] [DEBUG] [e6af6b52-eaf5-468f-a1b2-109e90677009] Blender Output: Fra:84 Mem:119.91M (Peak 151.55M) | Time:00:00.34 | Rendering 50 / 64 samples

[2025-07-28T16:04:48.929Z] [DEBUG] [e6af6b52-eaf5-468f-a1b2-109e90677009] Blender Output: Fra:84 Mem:119.91M (Peak 151.55M) | Time:00:00.43 | Rendering 64 / 64 samples

[2025-07-28T16:04:49.005Z] [DEBUG] [e6af6b52-eaf5-468f-a1b2-109e90677009] Blender Output: Append frame 84
Time: 00:00.50 (Saving: 00:00.03)


[2025-07-28T16:04:49.042Z] [DEBUG] [e6af6b52-eaf5-468f-a1b2-109e90677009] Blender Output: Fra:85 Mem:119.91M (Peak 151.55M) | Time:00:00.03 | Rendering 1 / 64 samples

[2025-07-28T16:04:49.194Z] [DEBUG] [e6af6b52-eaf5-468f-a1b2-109e90677009] Blender Output: Fra:85 Mem:119.91M (Peak 151.55M) | Time:00:00.18 | Rendering 25 / 64 samples

[2025-07-28T16:04:49.349Z] [DEBUG] [e6af6b52-eaf5-468f-a1b2-109e90677009] Blender Output: Fra:85 Mem:119.91M (Peak 151.55M) | Time:00:00.34 | Rendering 50 / 64 samples

[2025-07-28T16:04:49.436Z] [DEBUG] [e6af6b52-eaf5-468f-a1b2-109e90677009] Blender Output: Fra:85 Mem:119.91M (Peak 151.55M) | Time:00:00.43 | Rendering 64 / 64 samples

[2025-07-28T16:04:49.510Z] [DEBUG] [e6af6b52-eaf5-468f-a1b2-109e90677009] Blender Output: Append frame 85
Time: 00:00.50 (Saving: 00:00.03)


[2025-07-28T16:04:49.547Z] [DEBUG] [e6af6b52-eaf5-468f-a1b2-109e90677009] Blender Output: Fra:86 Mem:119.91M (Peak 151.55M) | Time:00:00.03 | Rendering 1 / 64 samples

[2025-07-28T16:04:49.701Z] [DEBUG] [e6af6b52-eaf5-468f-a1b2-109e90677009] Blender Output: Fra:86 Mem:119.91M (Peak 151.55M) | Time:00:00.19 | Rendering 25 / 64 samples

[2025-07-28T16:04:49.858Z] [DEBUG] [e6af6b52-eaf5-468f-a1b2-109e90677009] Blender Output: Fra:86 Mem:119.91M (Peak 151.55M) | Time:00:00.34 | Rendering 50 / 64 samples

[2025-07-28T16:04:49.947Z] [DEBUG] [e6af6b52-eaf5-468f-a1b2-109e90677009] Blender Output: Fra:86 Mem:119.91M (Peak 151.55M) | Time:00:00.43 | Rendering 64 / 64 samples

[2025-07-28T16:04:50.024Z] [DEBUG] [e6af6b52-eaf5-468f-a1b2-109e90677009] Blender Output: Append frame 86
Time: 00:00.51 (Saving: 00:00.03)


[2025-07-28T16:04:50.060Z] [DEBUG] [e6af6b52-eaf5-468f-a1b2-109e90677009] Blender Output: Fra:87 Mem:119.91M (Peak 151.55M) | Time:00:00.03 | Rendering 1 / 64 samples

[2025-07-28T16:04:50.214Z] [DEBUG] [e6af6b52-eaf5-468f-a1b2-109e90677009] Blender Output: Fra:87 Mem:119.91M (Peak 151.55M) | Time:00:00.19 | Rendering 25 / 64 samples

[2025-07-28T16:04:50.372Z] [DEBUG] [e6af6b52-eaf5-468f-a1b2-109e90677009] Blender Output: Fra:87 Mem:119.91M (Peak 151.55M) | Time:00:00.34 | Rendering 50 / 64 samples

[2025-07-28T16:04:50.459Z] [DEBUG] [e6af6b52-eaf5-468f-a1b2-109e90677009] Blender Output: Fra:87 Mem:119.91M (Peak 151.55M) | Time:00:00.43 | Rendering 64 / 64 samples

[2025-07-28T16:04:50.538Z] [DEBUG] [e6af6b52-eaf5-468f-a1b2-109e90677009] Blender Output: Append frame 87
Time: 00:00.51 (Saving: 00:00.03)


[2025-07-28T16:04:50.575Z] [DEBUG] [e6af6b52-eaf5-468f-a1b2-109e90677009] Blender Output: Fra:88 Mem:119.91M (Peak 151.55M) | Time:00:00.03 | Rendering 1 / 64 samples

[2025-07-28T16:04:50.730Z] [DEBUG] [e6af6b52-eaf5-468f-a1b2-109e90677009] Blender Output: Fra:88 Mem:119.91M (Peak 151.55M) | Time:00:00.19 | Rendering 25 / 64 samples

[2025-07-28T16:04:50.888Z] [DEBUG] [e6af6b52-eaf5-468f-a1b2-109e90677009] Blender Output: Fra:88 Mem:119.91M (Peak 151.55M) | Time:00:00.35 | Rendering 50 / 64 samples

[2025-07-28T16:04:50.981Z] [DEBUG] [e6af6b52-eaf5-468f-a1b2-109e90677009] Blender Output: Fra:88 Mem:119.91M (Peak 151.55M) | Time:00:00.44 | Rendering 64 / 64 samples

[2025-07-28T16:04:51.055Z] [DEBUG] [e6af6b52-eaf5-468f-a1b2-109e90677009] Blender Output: Append frame 88
Time: 00:00.51 (Saving: 00:00.03)


[2025-07-28T16:04:51.092Z] [DEBUG] [e6af6b52-eaf5-468f-a1b2-109e90677009] Blender Output: Fra:89 Mem:119.91M (Peak 151.55M) | Time:00:00.03 | Rendering 1 / 64 samples

[2025-07-28T16:04:51.246Z] [DEBUG] [e6af6b52-eaf5-468f-a1b2-109e90677009] Blender Output: Fra:89 Mem:119.91M (Peak 151.55M) | Time:00:00.19 | Rendering 25 / 64 samples

[2025-07-28T16:04:51.402Z] [DEBUG] [e6af6b52-eaf5-468f-a1b2-109e90677009] Blender Output: Fra:89 Mem:119.91M (Peak 151.55M) | Time:00:00.34 | Rendering 50 / 64 samples

[2025-07-28T16:04:51.490Z] [DEBUG] [e6af6b52-eaf5-468f-a1b2-109e90677009] Blender Output: Fra:89 Mem:119.91M (Peak 151.55M) | Time:00:00.43 | Rendering 64 / 64 samples

[2025-07-28T16:04:51.567Z] [DEBUG] [e6af6b52-eaf5-468f-a1b2-109e90677009] Blender Output: Append frame 89
Time: 00:00.51 (Saving: 00:00.03)


[2025-07-28T16:04:51.603Z] [DEBUG] [e6af6b52-eaf5-468f-a1b2-109e90677009] Blender Output: Fra:90 Mem:119.91M (Peak 151.55M) | Time:00:00.03 | Rendering 1 / 64 samples

[2025-07-28T16:04:51.758Z] [DEBUG] [e6af6b52-eaf5-468f-a1b2-109e90677009] Blender Output: Fra:90 Mem:119.91M (Peak 151.55M) | Time:00:00.19 | Rendering 25 / 64 samples

[2025-07-28T16:04:51.919Z] [DEBUG] [e6af6b52-eaf5-468f-a1b2-109e90677009] Blender Output: Fra:90 Mem:119.91M (Peak 151.55M) | Time:00:00.35 | Rendering 50 / 64 samples

[2025-07-28T16:04:52.007Z] [DEBUG] [e6af6b52-eaf5-468f-a1b2-109e90677009] Blender Output: Fra:90 Mem:119.91M (Peak 151.55M) | Time:00:00.44 | Rendering 64 / 64 samples

[2025-07-28T16:04:52.085Z] [DEBUG] [e6af6b52-eaf5-468f-a1b2-109e90677009] Blender Output: Append frame 90
Time: 00:00.51 (Saving: 00:00.03)


[2025-07-28T16:04:52.123Z] [DEBUG] [e6af6b52-eaf5-468f-a1b2-109e90677009] Blender Output: Fra:91 Mem:119.91M (Peak 151.55M) | Time:00:00.03 | Rendering 1 / 64 samples

[2025-07-28T16:04:52.275Z] [DEBUG] [e6af6b52-eaf5-468f-a1b2-109e90677009] Blender Output: Fra:91 Mem:119.91M (Peak 151.55M) | Time:00:00.18 | Rendering 25 / 64 samples

[2025-07-28T16:04:52.431Z] [DEBUG] [e6af6b52-eaf5-468f-a1b2-109e90677009] Blender Output: Fra:91 Mem:119.91M (Peak 151.55M) | Time:00:00.34 | Rendering 50 / 64 samples

[2025-07-28T16:04:52.517Z] [DEBUG] [e6af6b52-eaf5-468f-a1b2-109e90677009] Blender Output: Fra:91 Mem:119.91M (Peak 151.55M) | Time:00:00.43 | Rendering 64 / 64 samples

[2025-07-28T16:04:52.593Z] [DEBUG] [e6af6b52-eaf5-468f-a1b2-109e90677009] Blender Output: Append frame 91
Time: 00:00.50 (Saving: 00:00.03)


[2025-07-28T16:04:52.629Z] [DEBUG] [e6af6b52-eaf5-468f-a1b2-109e90677009] Blender Output: Fra:92 Mem:119.91M (Peak 151.55M) | Time:00:00.03 | Rendering 1 / 64 samples

[2025-07-28T16:04:52.781Z] [DEBUG] [e6af6b52-eaf5-468f-a1b2-109e90677009] Blender Output: Fra:92 Mem:119.91M (Peak 151.55M) | Time:00:00.18 | Rendering 25 / 64 samples

[2025-07-28T16:04:52.935Z] [DEBUG] [e6af6b52-eaf5-468f-a1b2-109e90677009] Blender Output: Fra:92 Mem:119.91M (Peak 151.55M) | Time:00:00.34 | Rendering 50 / 64 samples

[2025-07-28T16:04:53.022Z] [DEBUG] [e6af6b52-eaf5-468f-a1b2-109e90677009] Blender Output: Fra:92 Mem:119.91M (Peak 151.55M) | Time:00:00.42 | Rendering 64 / 64 samples

[2025-07-28T16:04:53.098Z] [DEBUG] [e6af6b52-eaf5-468f-a1b2-109e90677009] Blender Output: Append frame 92
Time: 00:00.50 (Saving: 00:00.03)


[2025-07-28T16:04:53.135Z] [DEBUG] [e6af6b52-eaf5-468f-a1b2-109e90677009] Blender Output: Fra:93 Mem:119.91M (Peak 151.55M) | Time:00:00.03 | Rendering 1 / 64 samples

[2025-07-28T16:04:53.286Z] [DEBUG] [e6af6b52-eaf5-468f-a1b2-109e90677009] Blender Output: Fra:93 Mem:119.91M (Peak 151.55M) | Time:00:00.18 | Rendering 25 / 64 samples

[2025-07-28T16:04:53.439Z] [DEBUG] [e6af6b52-eaf5-468f-a1b2-109e90677009] Blender Output: Fra:93 Mem:119.91M (Peak 151.55M) | Time:00:00.34 | Rendering 50 / 64 samples

[2025-07-28T16:04:53.524Z] [DEBUG] [e6af6b52-eaf5-468f-a1b2-109e90677009] Blender Output: Fra:93 Mem:119.91M (Peak 151.55M) | Time:00:00.42 | Rendering 64 / 64 samples

[2025-07-28T16:04:53.601Z] [DEBUG] [e6af6b52-eaf5-468f-a1b2-109e90677009] Blender Output: Append frame 93
Time: 00:00.50 (Saving: 00:00.03)


[2025-07-28T16:04:53.638Z] [DEBUG] [e6af6b52-eaf5-468f-a1b2-109e90677009] Blender Output: Fra:94 Mem:119.91M (Peak 151.55M) | Time:00:00.03 | Rendering 1 / 64 samples

[2025-07-28T16:04:53.788Z] [DEBUG] [e6af6b52-eaf5-468f-a1b2-109e90677009] Blender Output: Fra:94 Mem:119.91M (Peak 151.55M) | Time:00:00.18 | Rendering 25 / 64 samples

[2025-07-28T16:04:53.942Z] [DEBUG] [e6af6b52-eaf5-468f-a1b2-109e90677009] Blender Output: Fra:94 Mem:119.91M (Peak 151.55M) | Time:00:00.34 | Rendering 50 / 64 samples

[2025-07-28T16:04:54.028Z] [DEBUG] [e6af6b52-eaf5-468f-a1b2-109e90677009] Blender Output: Fra:94 Mem:119.91M (Peak 151.55M) | Time:00:00.42 | Rendering 64 / 64 samples

[2025-07-28T16:04:54.105Z] [DEBUG] [e6af6b52-eaf5-468f-a1b2-109e90677009] Blender Output: Append frame 94
Time: 00:00.50 (Saving: 00:00.03)


[2025-07-28T16:04:54.141Z] [DEBUG] [e6af6b52-eaf5-468f-a1b2-109e90677009] Blender Output: Fra:95 Mem:119.91M (Peak 151.55M) | Time:00:00.03 | Rendering 1 / 64 samples

[2025-07-28T16:04:54.290Z] [DEBUG] [e6af6b52-eaf5-468f-a1b2-109e90677009] Blender Output: Fra:95 Mem:119.91M (Peak 151.55M) | Time:00:00.18 | Rendering 25 / 64 samples

[2025-07-28T16:04:54.443Z] [DEBUG] [e6af6b52-eaf5-468f-a1b2-109e90677009] Blender Output: Fra:95 Mem:119.91M (Peak 151.55M) | Time:00:00.33 | Rendering 50 / 64 samples

[2025-07-28T16:04:54.527Z] [DEBUG] [e6af6b52-eaf5-468f-a1b2-109e90677009] Blender Output: Fra:95 Mem:119.91M (Peak 151.55M) | Time:00:00.42 | Rendering 64 / 64 samples

[2025-07-28T16:04:54.601Z] [DEBUG] [e6af6b52-eaf5-468f-a1b2-109e90677009] Blender Output: Append frame 95
Time: 00:00.49 (Saving: 00:00.03)


[2025-07-28T16:04:54.638Z] [DEBUG] [e6af6b52-eaf5-468f-a1b2-109e90677009] Blender Output: Fra:96 Mem:119.91M (Peak 151.55M) | Time:00:00.03 | Rendering 1 / 64 samples

[2025-07-28T16:04:54.788Z] [DEBUG] [e6af6b52-eaf5-468f-a1b2-109e90677009] Blender Output: Fra:96 Mem:119.91M (Peak 151.55M) | Time:00:00.18 | Rendering 25 / 64 samples

[2025-07-28T16:04:54.939Z] [DEBUG] [e6af6b52-eaf5-468f-a1b2-109e90677009] Blender Output: Fra:96 Mem:119.91M (Peak 151.55M) | Time:00:00.33 | Rendering 50 / 64 samples

[2025-07-28T16:04:55.026Z] [DEBUG] [e6af6b52-eaf5-468f-a1b2-109e90677009] Blender Output: Fra:96 Mem:119.91M (Peak 151.55M) | Time:00:00.42 | Rendering 64 / 64 samples

[2025-07-28T16:04:55.099Z] [DEBUG] [e6af6b52-eaf5-468f-a1b2-109e90677009] Blender Output: Append frame 96
Time: 00:00.49 (Saving: 00:00.03)


[2025-07-28T16:04:55.139Z] [DEBUG] [e6af6b52-eaf5-468f-a1b2-109e90677009] Blender Output: Fra:97 Mem:119.91M (Peak 151.55M) | Time:00:00.03 | Rendering 1 / 64 samples

[2025-07-28T16:04:55.287Z] [DEBUG] [e6af6b52-eaf5-468f-a1b2-109e90677009] Blender Output: Fra:97 Mem:119.91M (Peak 151.55M) | Time:00:00.18 | Rendering 25 / 64 samples

[2025-07-28T16:04:55.440Z] [DEBUG] [e6af6b52-eaf5-468f-a1b2-109e90677009] Blender Output: Fra:97 Mem:119.91M (Peak 151.55M) | Time:00:00.34 | Rendering 50 / 64 samples

[2025-07-28T16:04:55.525Z] [DEBUG] [e6af6b52-eaf5-468f-a1b2-109e90677009] Blender Output: Fra:97 Mem:119.91M (Peak 151.55M) | Time:00:00.42 | Rendering 64 / 64 samples

[2025-07-28T16:04:55.602Z] [DEBUG] [e6af6b52-eaf5-468f-a1b2-109e90677009] Blender Output: Append frame 97
Time: 00:00.50 (Saving: 00:00.03)


[2025-07-28T16:04:55.638Z] [DEBUG] [e6af6b52-eaf5-468f-a1b2-109e90677009] Blender Output: Fra:98 Mem:119.91M (Peak 151.55M) | Time:00:00.03 | Rendering 1 / 64 samples

[2025-07-28T16:04:55.788Z] [DEBUG] [e6af6b52-eaf5-468f-a1b2-109e90677009] Blender Output: Fra:98 Mem:119.91M (Peak 151.55M) | Time:00:00.18 | Rendering 25 / 64 samples

[2025-07-28T16:04:55.940Z] [DEBUG] [e6af6b52-eaf5-468f-a1b2-109e90677009] Blender Output: Fra:98 Mem:119.91M (Peak 151.55M) | Time:00:00.33 | Rendering 50 / 64 samples

[2025-07-28T16:04:56.025Z] [DEBUG] [e6af6b52-eaf5-468f-a1b2-109e90677009] Blender Output: Fra:98 Mem:119.91M (Peak 151.55M) | Time:00:00.42 | Rendering 64 / 64 samples

[2025-07-28T16:04:56.099Z] [DEBUG] [e6af6b52-eaf5-468f-a1b2-109e90677009] Blender Output: Append frame 98
Time: 00:00.49 (Saving: 00:00.03)


[2025-07-28T16:04:56.135Z] [DEBUG] [e6af6b52-eaf5-468f-a1b2-109e90677009] Blender Output: Fra:99 Mem:119.91M (Peak 151.55M) | Time:00:00.03 | Rendering 1 / 64 samples

[2025-07-28T16:04:56.287Z] [DEBUG] [e6af6b52-eaf5-468f-a1b2-109e90677009] Blender Output: Fra:99 Mem:119.91M (Peak 151.55M) | Time:00:00.18 | Rendering 25 / 64 samples

[2025-07-28T16:04:56.444Z] [DEBUG] [e6af6b52-eaf5-468f-a1b2-109e90677009] Blender Output: Fra:99 Mem:119.91M (Peak 151.55M) | Time:00:00.34 | Rendering 50 / 64 samples

[2025-07-28T16:04:56.534Z] [DEBUG] [e6af6b52-eaf5-468f-a1b2-109e90677009] Blender Output: Fra:99 Mem:119.91M (Peak 151.55M) | Time:00:00.43 | Rendering 64 / 64 samples

[2025-07-28T16:04:56.610Z] [DEBUG] [e6af6b52-eaf5-468f-a1b2-109e90677009] Blender Output: Append frame 99
Time: 00:00.51 (Saving: 00:00.03)


[2025-07-28T16:04:56.647Z] [DEBUG] [e6af6b52-eaf5-468f-a1b2-109e90677009] Blender Output: Fra:100 Mem:119.91M (Peak 151.55M) | Time:00:00.03 | Rendering 1 / 64 samples

[2025-07-28T16:04:56.806Z] [DEBUG] [e6af6b52-eaf5-468f-a1b2-109e90677009] Blender Output: Fra:100 Mem:119.91M (Peak 151.55M) | Time:00:00.19 | Rendering 25 / 64 samples

[2025-07-28T16:04:56.970Z] [DEBUG] [e6af6b52-eaf5-468f-a1b2-109e90677009] Blender Output: Fra:100 Mem:119.91M (Peak 151.55M) | Time:00:00.36 | Rendering 50 / 64 samples

[2025-07-28T16:04:57.062Z] [DEBUG] [e6af6b52-eaf5-468f-a1b2-109e90677009] Blender Output: Fra:100 Mem:119.91M (Peak 151.55M) | Time:00:00.45 | Rendering 64 / 64 samples

[2025-07-28T16:04:57.137Z] [DEBUG] [e6af6b52-eaf5-468f-a1b2-109e90677009] Blender Output: Append frame 100
Time: 00:00.52 (Saving: 00:00.03)


[2025-07-28T16:04:57.174Z] [DEBUG] [e6af6b52-eaf5-468f-a1b2-109e90677009] Blender Output: Fra:101 Mem:119.91M (Peak 151.55M) | Time:00:00.03 | Rendering 1 / 64 samples

[2025-07-28T16:04:57.330Z] [DEBUG] [e6af6b52-eaf5-468f-a1b2-109e90677009] Blender Output: Fra:101 Mem:119.91M (Peak 151.55M) | Time:00:00.19 | Rendering 25 / 64 samples

[2025-07-28T16:04:57.488Z] [DEBUG] [e6af6b52-eaf5-468f-a1b2-109e90677009] Blender Output: Fra:101 Mem:119.91M (Peak 151.55M) | Time:00:00.35 | Rendering 50 / 64 samples

[2025-07-28T16:04:57.578Z] [DEBUG] [e6af6b52-eaf5-468f-a1b2-109e90677009] Blender Output: Fra:101 Mem:119.91M (Peak 151.55M) | Time:00:00.44 | Rendering 64 / 64 samples

[2025-07-28T16:04:57.654Z] [DEBUG] [e6af6b52-eaf5-468f-a1b2-109e90677009] Blender Output: Append frame 101
Time: 00:00.51 (Saving: 00:00.03)


[2025-07-28T16:04:57.691Z] [DEBUG] [e6af6b52-eaf5-468f-a1b2-109e90677009] Blender Output: Fra:102 Mem:119.91M (Peak 151.55M) | Time:00:00.03 | Rendering 1 / 64 samples

[2025-07-28T16:04:57.845Z] [DEBUG] [e6af6b52-eaf5-468f-a1b2-109e90677009] Blender Output: Fra:102 Mem:119.91M (Peak 151.55M) | Time:00:00.19 | Rendering 25 / 64 samples

[2025-07-28T16:04:58.003Z] [DEBUG] [e6af6b52-eaf5-468f-a1b2-109e90677009] Blender Output: Fra:102 Mem:119.91M (Peak 151.55M) | Time:00:00.34 | Rendering 50 / 64 samples

[2025-07-28T16:04:58.092Z] [DEBUG] [e6af6b52-eaf5-468f-a1b2-109e90677009] Blender Output: Fra:102 Mem:119.91M (Peak 151.55M) | Time:00:00.43 | Rendering 64 / 64 samples

[2025-07-28T16:04:58.169Z] [DEBUG] [e6af6b52-eaf5-468f-a1b2-109e90677009] Blender Output: Append frame 102
Time: 00:00.51 (Saving: 00:00.03)


[2025-07-28T16:04:58.206Z] [DEBUG] [e6af6b52-eaf5-468f-a1b2-109e90677009] Blender Output: Fra:103 Mem:119.91M (Peak 151.55M) | Time:00:00.03 | Rendering 1 / 64 samples

[2025-07-28T16:04:58.360Z] [DEBUG] [e6af6b52-eaf5-468f-a1b2-109e90677009] Blender Output: Fra:103 Mem:119.91M (Peak 151.55M) | Time:00:00.19 | Rendering 25 / 64 samples

[2025-07-28T16:04:58.519Z] [DEBUG] [e6af6b52-eaf5-468f-a1b2-109e90677009] Blender Output: Fra:103 Mem:119.91M (Peak 151.55M) | Time:00:00.34 | Rendering 50 / 64 samples

[2025-07-28T16:04:58.608Z] [DEBUG] [e6af6b52-eaf5-468f-a1b2-109e90677009] Blender Output: Fra:103 Mem:119.91M (Peak 151.55M) | Time:00:00.43 | Rendering 64 / 64 samples

[2025-07-28T16:04:58.684Z] [DEBUG] [e6af6b52-eaf5-468f-a1b2-109e90677009] Blender Output: Append frame 103
Time: 00:00.51 (Saving: 00:00.03)


[2025-07-28T16:04:58.721Z] [DEBUG] [e6af6b52-eaf5-468f-a1b2-109e90677009] Blender Output: Fra:104 Mem:119.91M (Peak 151.55M) | Time:00:00.03 | Rendering 1 / 64 samples

[2025-07-28T16:04:58.877Z] [DEBUG] [e6af6b52-eaf5-468f-a1b2-109e90677009] Blender Output: Fra:104 Mem:119.91M (Peak 151.55M) | Time:00:00.19 | Rendering 25 / 64 samples

[2025-07-28T16:04:59.038Z] [DEBUG] [e6af6b52-eaf5-468f-a1b2-109e90677009] Blender Output: Fra:104 Mem:119.91M (Peak 151.55M) | Time:00:00.35 | Rendering 50 / 64 samples

[2025-07-28T16:04:59.127Z] [DEBUG] [e6af6b52-eaf5-468f-a1b2-109e90677009] Blender Output: Fra:104 Mem:119.91M (Peak 151.55M) | Time:00:00.44 | Rendering 64 / 64 samples

[2025-07-28T16:04:59.204Z] [DEBUG] [e6af6b52-eaf5-468f-a1b2-109e90677009] Blender Output: Append frame 104
Time: 00:00.51 (Saving: 00:00.03)


[2025-07-28T16:04:59.240Z] [DEBUG] [e6af6b52-eaf5-468f-a1b2-109e90677009] Blender Output: Fra:105 Mem:119.91M (Peak 151.55M) | Time:00:00.03 | Rendering 1 / 64 samples

[2025-07-28T16:04:59.394Z] [DEBUG] [e6af6b52-eaf5-468f-a1b2-109e90677009] Blender Output: Fra:105 Mem:119.91M (Peak 151.55M) | Time:00:00.18 | Rendering 25 / 64 samples

[2025-07-28T16:04:59.552Z] [DEBUG] [e6af6b52-eaf5-468f-a1b2-109e90677009] Blender Output: Fra:105 Mem:119.91M (Peak 151.55M) | Time:00:00.34 | Rendering 50 / 64 samples

[2025-07-28T16:04:59.639Z] [DEBUG] [e6af6b52-eaf5-468f-a1b2-109e90677009] Blender Output: Fra:105 Mem:119.91M (Peak 151.55M) | Time:00:00.43 | Rendering 64 / 64 samples

[2025-07-28T16:04:59.718Z] [DEBUG] [e6af6b52-eaf5-468f-a1b2-109e90677009] Blender Output: Append frame 105
Time: 00:00.51 (Saving: 00:00.03)


[2025-07-28T16:04:59.755Z] [DEBUG] [e6af6b52-eaf5-468f-a1b2-109e90677009] Blender Output: Fra:106 Mem:119.91M (Peak 151.55M) | Time:00:00.03 | Rendering 1 / 64 samples

[2025-07-28T16:04:59.914Z] [DEBUG] [e6af6b52-eaf5-468f-a1b2-109e90677009] Blender Output: Fra:106 Mem:119.91M (Peak 151.55M) | Time:00:00.19 | Rendering 25 / 64 samples

[2025-07-28T16:05:00.077Z] [DEBUG] [e6af6b52-eaf5-468f-a1b2-109e90677009] Blender Output: Fra:106 Mem:119.91M (Peak 151.55M) | Time:00:00.35 | Rendering 50 / 64 samples

[2025-07-28T16:05:00.169Z] [DEBUG] [e6af6b52-eaf5-468f-a1b2-109e90677009] Blender Output: Fra:106 Mem:119.91M (Peak 151.55M) | Time:00:00.45 | Rendering 64 / 64 samples

[2025-07-28T16:05:00.242Z] [DEBUG] [e6af6b52-eaf5-468f-a1b2-109e90677009] Blender Output: Append frame 106
Time: 00:00.52 (Saving: 00:00.03)


[2025-07-28T16:05:00.279Z] [DEBUG] [e6af6b52-eaf5-468f-a1b2-109e90677009] Blender Output: Fra:107 Mem:119.91M (Peak 151.55M) | Time:00:00.03 | Rendering 1 / 64 samples

[2025-07-28T16:05:00.431Z] [DEBUG] [e6af6b52-eaf5-468f-a1b2-109e90677009] Blender Output: Fra:107 Mem:119.91M (Peak 151.55M) | Time:00:00.18 | Rendering 25 / 64 samples

[2025-07-28T16:05:00.586Z] [DEBUG] [e6af6b52-eaf5-468f-a1b2-109e90677009] Blender Output: Fra:107 Mem:119.91M (Peak 151.55M) | Time:00:00.34 | Rendering 50 / 64 samples

[2025-07-28T16:05:00.674Z] [DEBUG] [e6af6b52-eaf5-468f-a1b2-109e90677009] Blender Output: Fra:107 Mem:119.91M (Peak 151.55M) | Time:00:00.43 | Rendering 64 / 64 samples

[2025-07-28T16:05:00.752Z] [DEBUG] [e6af6b52-eaf5-468f-a1b2-109e90677009] Blender Output: Append frame 107
Time: 00:00.50 (Saving: 00:00.03)


[2025-07-28T16:05:00.789Z] [DEBUG] [e6af6b52-eaf5-468f-a1b2-109e90677009] Blender Output: Fra:108 Mem:119.91M (Peak 151.55M) | Time:00:00.03 | Rendering 1 / 64 samples

[2025-07-28T16:05:00.943Z] [DEBUG] [e6af6b52-eaf5-468f-a1b2-109e90677009] Blender Output: Fra:108 Mem:119.91M (Peak 151.55M) | Time:00:00.19 | Rendering 25 / 64 samples

[2025-07-28T16:05:01.098Z] [DEBUG] [e6af6b52-eaf5-468f-a1b2-109e90677009] Blender Output: Fra:108 Mem:119.91M (Peak 151.55M) | Time:00:00.34 | Rendering 50 / 64 samples

[2025-07-28T16:05:01.184Z] [DEBUG] [e6af6b52-eaf5-468f-a1b2-109e90677009] Blender Output: Fra:108 Mem:119.91M (Peak 151.55M) | Time:00:00.43 | Rendering 64 / 64 samples

[2025-07-28T16:05:01.261Z] [DEBUG] [e6af6b52-eaf5-468f-a1b2-109e90677009] Blender Output: Append frame 108
Time: 00:00.50 (Saving: 00:00.03)


[2025-07-28T16:05:01.298Z] [DEBUG] [e6af6b52-eaf5-468f-a1b2-109e90677009] Blender Output: Fra:109 Mem:119.91M (Peak 151.55M) | Time:00:00.03 | Rendering 1 / 64 samples

[2025-07-28T16:05:01.455Z] [DEBUG] [e6af6b52-eaf5-468f-a1b2-109e90677009] Blender Output: Fra:109 Mem:119.91M (Peak 151.55M) | Time:00:00.19 | Rendering 25 / 64 samples

[2025-07-28T16:05:01.615Z] [DEBUG] [e6af6b52-eaf5-468f-a1b2-109e90677009] Blender Output: Fra:109 Mem:119.91M (Peak 151.55M) | Time:00:00.35 | Rendering 50 / 64 samples

[2025-07-28T16:05:01.705Z] [DEBUG] [e6af6b52-eaf5-468f-a1b2-109e90677009] Blender Output: Fra:109 Mem:119.91M (Peak 151.55M) | Time:00:00.44 | Rendering 64 / 64 samples

[2025-07-28T16:05:01.779Z] [DEBUG] [e6af6b52-eaf5-468f-a1b2-109e90677009] Blender Output: Append frame 109
Time: 00:00.51 (Saving: 00:00.03)


[2025-07-28T16:05:01.815Z] [DEBUG] [e6af6b52-eaf5-468f-a1b2-109e90677009] Blender Output: Fra:110 Mem:119.91M (Peak 151.55M) | Time:00:00.03 | Rendering 1 / 64 samples

[2025-07-28T16:05:01.967Z] [DEBUG] [e6af6b52-eaf5-468f-a1b2-109e90677009] Blender Output: Fra:110 Mem:119.91M (Peak 151.55M) | Time:00:00.18 | Rendering 25 / 64 samples

[2025-07-28T16:05:02.122Z] [DEBUG] [e6af6b52-eaf5-468f-a1b2-109e90677009] Blender Output: Fra:110 Mem:119.91M (Peak 151.55M) | Time:00:00.34 | Rendering 50 / 64 samples

[2025-07-28T16:05:02.208Z] [DEBUG] [e6af6b52-eaf5-468f-a1b2-109e90677009] Blender Output: Fra:110 Mem:119.91M (Peak 151.55M) | Time:00:00.42 | Rendering 64 / 64 samples

[2025-07-28T16:05:02.285Z] [DEBUG] [e6af6b52-eaf5-468f-a1b2-109e90677009] Blender Output: Append frame 110
Time: 00:00.50 (Saving: 00:00.03)


[2025-07-28T16:05:02.322Z] [DEBUG] [e6af6b52-eaf5-468f-a1b2-109e90677009] Blender Output: Fra:111 Mem:119.91M (Peak 151.55M) | Time:00:00.03 | Rendering 1 / 64 samples

[2025-07-28T16:05:02.475Z] [DEBUG] [e6af6b52-eaf5-468f-a1b2-109e90677009] Blender Output: Fra:111 Mem:119.91M (Peak 151.55M) | Time:00:00.18 | Rendering 25 / 64 samples

[2025-07-28T16:05:02.631Z] [DEBUG] [e6af6b52-eaf5-468f-a1b2-109e90677009] Blender Output: Fra:111 Mem:119.91M (Peak 151.55M) | Time:00:00.34 | Rendering 50 / 64 samples

[2025-07-28T16:05:02.720Z] [DEBUG] [e6af6b52-eaf5-468f-a1b2-109e90677009] Blender Output: Fra:111 Mem:119.91M (Peak 151.55M) | Time:00:00.43 | Rendering 64 / 64 samples

[2025-07-28T16:05:02.799Z] [DEBUG] [e6af6b52-eaf5-468f-a1b2-109e90677009] Blender Output: Append frame 111
Time: 00:00.51 (Saving: 00:00.03)


[2025-07-28T16:05:02.835Z] [DEBUG] [e6af6b52-eaf5-468f-a1b2-109e90677009] Blender Output: Fra:112 Mem:119.91M (Peak 151.55M) | Time:00:00.03 | Rendering 1 / 64 samples

[2025-07-28T16:05:02.989Z] [DEBUG] [e6af6b52-eaf5-468f-a1b2-109e90677009] Blender Output: Fra:112 Mem:119.91M (Peak 151.55M) | Time:00:00.19 | Rendering 25 / 64 samples

[2025-07-28T16:05:03.144Z] [DEBUG] [e6af6b52-eaf5-468f-a1b2-109e90677009] Blender Output: Fra:112 Mem:119.91M (Peak 151.55M) | Time:00:00.34 | Rendering 50 / 64 samples

[2025-07-28T16:05:03.230Z] [DEBUG] [e6af6b52-eaf5-468f-a1b2-109e90677009] Blender Output: Fra:112 Mem:119.91M (Peak 151.55M) | Time:00:00.43 | Rendering 64 / 64 samples

[2025-07-28T16:05:03.306Z] [DEBUG] [e6af6b52-eaf5-468f-a1b2-109e90677009] Blender Output: Append frame 112
Time: 00:00.50 (Saving: 00:00.03)


[2025-07-28T16:05:03.341Z] [DEBUG] [e6af6b52-eaf5-468f-a1b2-109e90677009] Blender Output: Fra:113 Mem:119.91M (Peak 151.55M) | Time:00:00.03 | Rendering 1 / 64 samples

[2025-07-28T16:05:03.492Z] [DEBUG] [e6af6b52-eaf5-468f-a1b2-109e90677009] Blender Output: Fra:113 Mem:119.91M (Peak 151.55M) | Time:00:00.18 | Rendering 25 / 64 samples

[2025-07-28T16:05:03.647Z] [DEBUG] [e6af6b52-eaf5-468f-a1b2-109e90677009] Blender Output: Fra:113 Mem:119.91M (Peak 151.55M) | Time:00:00.34 | Rendering 50 / 64 samples

[2025-07-28T16:05:03.735Z] [DEBUG] [e6af6b52-eaf5-468f-a1b2-109e90677009] Blender Output: Fra:113 Mem:119.91M (Peak 151.55M) | Time:00:00.42 | Rendering 64 / 64 samples

[2025-07-28T16:05:03.811Z] [DEBUG] [e6af6b52-eaf5-468f-a1b2-109e90677009] Blender Output: Append frame 113
Time: 00:00.50 (Saving: 00:00.03)


[2025-07-28T16:05:03.848Z] [DEBUG] [e6af6b52-eaf5-468f-a1b2-109e90677009] Blender Output: Fra:114 Mem:119.91M (Peak 151.55M) | Time:00:00.03 | Rendering 1 / 64 samples

[2025-07-28T16:05:04.001Z] [DEBUG] [e6af6b52-eaf5-468f-a1b2-109e90677009] Blender Output: Fra:114 Mem:119.91M (Peak 151.55M) | Time:00:00.18 | Rendering 25 / 64 samples

[2025-07-28T16:05:04.156Z] [DEBUG] [e6af6b52-eaf5-468f-a1b2-109e90677009] Blender Output: Fra:114 Mem:119.91M (Peak 151.55M) | Time:00:00.34 | Rendering 50 / 64 samples

[2025-07-28T16:05:04.243Z] [DEBUG] [e6af6b52-eaf5-468f-a1b2-109e90677009] Blender Output: Fra:114 Mem:119.91M (Peak 151.55M) | Time:00:00.43 | Rendering 64 / 64 samples

[2025-07-28T16:05:04.321Z] [DEBUG] [e6af6b52-eaf5-468f-a1b2-109e90677009] Blender Output: Append frame 114
Time: 00:00.50 (Saving: 00:00.03)


[2025-07-28T16:05:04.364Z] [DEBUG] [e6af6b52-eaf5-468f-a1b2-109e90677009] Blender Output: Fra:115 Mem:119.91M (Peak 151.55M) | Time:00:00.04 | Rendering 1 / 64 samples

[2025-07-28T16:05:04.525Z] [DEBUG] [e6af6b52-eaf5-468f-a1b2-109e90677009] Blender Output: Fra:115 Mem:119.91M (Peak 151.55M) | Time:00:00.20 | Rendering 25 / 64 samples

[2025-07-28T16:05:04.683Z] [DEBUG] [e6af6b52-eaf5-468f-a1b2-109e90677009] Blender Output: Fra:115 Mem:119.91M (Peak 151.55M) | Time:00:00.36 | Rendering 50 / 64 samples

[2025-07-28T16:05:04.773Z] [DEBUG] [e6af6b52-eaf5-468f-a1b2-109e90677009] Blender Output: Fra:115 Mem:119.91M (Peak 151.55M) | Time:00:00.45 | Rendering 64 / 64 samples

[2025-07-28T16:05:04.850Z] [DEBUG] [e6af6b52-eaf5-468f-a1b2-109e90677009] Blender Output: Append frame 115
Time: 00:00.52 (Saving: 00:00.03)


[2025-07-28T16:05:04.888Z] [DEBUG] [e6af6b52-eaf5-468f-a1b2-109e90677009] Blender Output: Fra:116 Mem:119.91M (Peak 151.55M) | Time:00:00.03 | Rendering 1 / 64 samples

[2025-07-28T16:05:05.043Z] [DEBUG] [e6af6b52-eaf5-468f-a1b2-109e90677009] Blender Output: Fra:116 Mem:119.91M (Peak 151.55M) | Time:00:00.19 | Rendering 25 / 64 samples

[2025-07-28T16:05:05.198Z] [DEBUG] [e6af6b52-eaf5-468f-a1b2-109e90677009] Blender Output: Fra:116 Mem:119.91M (Peak 151.55M) | Time:00:00.34 | Rendering 50 / 64 samples

[2025-07-28T16:05:05.286Z] [DEBUG] [e6af6b52-eaf5-468f-a1b2-109e90677009] Blender Output: Fra:116 Mem:119.91M (Peak 151.55M) | Time:00:00.43 | Rendering 64 / 64 samples

[2025-07-28T16:05:05.364Z] [DEBUG] [e6af6b52-eaf5-468f-a1b2-109e90677009] Blender Output: Append frame 116
Time: 00:00.51 (Saving: 00:00.03)


[2025-07-28T16:05:05.417Z] [DEBUG] [e6af6b52-eaf5-468f-a1b2-109e90677009] Blender Output: Fra:117 Mem:119.91M (Peak 151.55M) | Time:00:00.05 | Rendering 1 / 64 samples

[2025-07-28T16:05:05.572Z] [DEBUG] [e6af6b52-eaf5-468f-a1b2-109e90677009] Blender Output: Fra:117 Mem:119.91M (Peak 151.55M) | Time:00:00.20 | Rendering 25 / 64 samples

[2025-07-28T16:05:05.729Z] [DEBUG] [e6af6b52-eaf5-468f-a1b2-109e90677009] Blender Output: Fra:117 Mem:119.91M (Peak 151.55M) | Time:00:00.36 | Rendering 50 / 64 samples

[2025-07-28T16:05:05.818Z] [DEBUG] [e6af6b52-eaf5-468f-a1b2-109e90677009] Blender Output: Fra:117 Mem:119.91M (Peak 151.55M) | Time:00:00.45 | Rendering 64 / 64 samples

[2025-07-28T16:05:05.892Z] [DEBUG] [e6af6b52-eaf5-468f-a1b2-109e90677009] Blender Output: Append frame 117
Time: 00:00.52 (Saving: 00:00.03)


[2025-07-28T16:05:05.929Z] [DEBUG] [e6af6b52-eaf5-468f-a1b2-109e90677009] Blender Output: Fra:118 Mem:119.91M (Peak 151.55M) | Time:00:00.03 | Rendering 1 / 64 samples

[2025-07-28T16:05:06.086Z] [DEBUG] [e6af6b52-eaf5-468f-a1b2-109e90677009] Blender Output: Fra:118 Mem:119.91M (Peak 151.55M) | Time:00:00.19 | Rendering 25 / 64 samples

[2025-07-28T16:05:06.243Z] [DEBUG] [e6af6b52-eaf5-468f-a1b2-109e90677009] Blender Output: Fra:118 Mem:119.91M (Peak 151.55M) | Time:00:00.35 | Rendering 50 / 64 samples

[2025-07-28T16:05:06.332Z] [DEBUG] [e6af6b52-eaf5-468f-a1b2-109e90677009] Blender Output: Fra:118 Mem:119.91M (Peak 151.55M) | Time:00:00.43 | Rendering 64 / 64 samples

[2025-07-28T16:05:06.410Z] [DEBUG] [e6af6b52-eaf5-468f-a1b2-109e90677009] Blender Output: Append frame 118
Time: 00:00.51 (Saving: 00:00.03)


[2025-07-28T16:05:06.445Z] [DEBUG] [e6af6b52-eaf5-468f-a1b2-109e90677009] Blender Output: Fra:119 Mem:119.91M (Peak 151.55M) | Time:00:00.03 | Rendering 1 / 64 samples

[2025-07-28T16:05:06.603Z] [DEBUG] [e6af6b52-eaf5-468f-a1b2-109e90677009] Blender Output: Fra:119 Mem:119.91M (Peak 151.55M) | Time:00:00.19 | Rendering 25 / 64 samples

[2025-07-28T16:05:06.761Z] [DEBUG] [e6af6b52-eaf5-468f-a1b2-109e90677009] Blender Output: Fra:119 Mem:119.91M (Peak 151.55M) | Time:00:00.35 | Rendering 50 / 64 samples

[2025-07-28T16:05:06.852Z] [DEBUG] [e6af6b52-eaf5-468f-a1b2-109e90677009] Blender Output: Fra:119 Mem:119.91M (Peak 151.55M) | Time:00:00.44 | Rendering 64 / 64 samples

[2025-07-28T16:05:06.931Z] [DEBUG] [e6af6b52-eaf5-468f-a1b2-109e90677009] Blender Output: Append frame 119
Time: 00:00.52 (Saving: 00:00.03)


[2025-07-28T16:05:06.968Z] [DEBUG] [e6af6b52-eaf5-468f-a1b2-109e90677009] Blender Output: Fra:120 Mem:119.91M (Peak 151.55M) | Time:00:00.03 | Rendering 1 / 64 samples

[2025-07-28T16:05:07.122Z] [DEBUG] [e6af6b52-eaf5-468f-a1b2-109e90677009] Blender Output: Fra:120 Mem:119.91M (Peak 151.55M) | Time:00:00.19 | Rendering 25 / 64 samples

[2025-07-28T16:05:07.279Z] [DEBUG] [e6af6b52-eaf5-468f-a1b2-109e90677009] Blender Output: Fra:120 Mem:119.91M (Peak 151.55M) | Time:00:00.34 | Rendering 50 / 64 samples

[2025-07-28T16:05:07.368Z] [DEBUG] [e6af6b52-eaf5-468f-a1b2-109e90677009] Blender Output: Fra:120 Mem:119.91M (Peak 151.55M) | Time:00:00.43 | Rendering 64 / 64 samples

[2025-07-28T16:05:07.445Z] [DEBUG] [e6af6b52-eaf5-468f-a1b2-109e90677009] Blender Output: Append frame 120
Time: 00:00.51 (Saving: 00:00.03)


[2025-07-28T16:05:07.481Z] [DEBUG] [e6af6b52-eaf5-468f-a1b2-109e90677009] Blender Output: Fra:121 Mem:119.91M (Peak 151.55M) | Time:00:00.03 | Rendering 1 / 64 samples

[2025-07-28T16:05:07.637Z] [DEBUG] [e6af6b52-eaf5-468f-a1b2-109e90677009] Blender Output: Fra:121 Mem:119.91M (Peak 151.55M) | Time:00:00.19 | Rendering 25 / 64 samples

[2025-07-28T16:05:07.794Z] [DEBUG] [e6af6b52-eaf5-468f-a1b2-109e90677009] Blender Output: Fra:121 Mem:119.91M (Peak 151.55M) | Time:00:00.34 | Rendering 50 / 64 samples

[2025-07-28T16:05:07.883Z] [DEBUG] [e6af6b52-eaf5-468f-a1b2-109e90677009] Blender Output: Fra:121 Mem:119.91M (Peak 151.55M) | Time:00:00.43 | Rendering 64 / 64 samples

[2025-07-28T16:05:07.957Z] [DEBUG] [e6af6b52-eaf5-468f-a1b2-109e90677009] Blender Output: Append frame 121
Time: 00:00.51 (Saving: 00:00.03)


[2025-07-28T16:05:07.994Z] [DEBUG] [e6af6b52-eaf5-468f-a1b2-109e90677009] Blender Output: Fra:122 Mem:119.91M (Peak 151.55M) | Time:00:00.03 | Rendering 1 / 64 samples

[2025-07-28T16:05:08.148Z] [DEBUG] [e6af6b52-eaf5-468f-a1b2-109e90677009] Blender Output: Fra:122 Mem:119.91M (Peak 151.55M) | Time:00:00.19 | Rendering 25 / 64 samples

[2025-07-28T16:05:08.305Z] [DEBUG] [e6af6b52-eaf5-468f-a1b2-109e90677009] Blender Output: Fra:122 Mem:119.91M (Peak 151.55M) | Time:00:00.34 | Rendering 50 / 64 samples

[2025-07-28T16:05:08.393Z] [DEBUG] [e6af6b52-eaf5-468f-a1b2-109e90677009] Blender Output: Fra:122 Mem:119.91M (Peak 151.55M) | Time:00:00.43 | Rendering 64 / 64 samples

[2025-07-28T16:05:08.470Z] [DEBUG] [e6af6b52-eaf5-468f-a1b2-109e90677009] Blender Output: Append frame 122
Time: 00:00.51 (Saving: 00:00.03)


[2025-07-28T16:05:08.507Z] [DEBUG] [e6af6b52-eaf5-468f-a1b2-109e90677009] Blender Output: Fra:123 Mem:119.91M (Peak 151.55M) | Time:00:00.03 | Rendering 1 / 64 samples

[2025-07-28T16:05:08.659Z] [DEBUG] [e6af6b52-eaf5-468f-a1b2-109e90677009] Blender Output: Fra:123 Mem:119.91M (Peak 151.55M) | Time:00:00.18 | Rendering 25 / 64 samples

[2025-07-28T16:05:08.815Z] [DEBUG] [e6af6b52-eaf5-468f-a1b2-109e90677009] Blender Output: Fra:123 Mem:119.91M (Peak 151.55M) | Time:00:00.34 | Rendering 50 / 64 samples

[2025-07-28T16:05:08.902Z] [DEBUG] [e6af6b52-eaf5-468f-a1b2-109e90677009] Blender Output: Fra:123 Mem:119.91M (Peak 151.55M) | Time:00:00.43 | Rendering 64 / 64 samples

[2025-07-28T16:05:08.978Z] [DEBUG] [e6af6b52-eaf5-468f-a1b2-109e90677009] Blender Output: Append frame 123
Time: 00:00.50 (Saving: 00:00.03)


[2025-07-28T16:05:09.015Z] [DEBUG] [e6af6b52-eaf5-468f-a1b2-109e90677009] Blender Output: Fra:124 Mem:119.91M (Peak 151.55M) | Time:00:00.03 | Rendering 1 / 64 samples

[2025-07-28T16:05:09.168Z] [DEBUG] [e6af6b52-eaf5-468f-a1b2-109e90677009] Blender Output: Fra:124 Mem:119.91M (Peak 151.55M) | Time:00:00.19 | Rendering 25 / 64 samples

[2025-07-28T16:05:09.323Z] [DEBUG] [e6af6b52-eaf5-468f-a1b2-109e90677009] Blender Output: Fra:124 Mem:119.91M (Peak 151.55M) | Time:00:00.34 | Rendering 50 / 64 samples

[2025-07-28T16:05:09.412Z] [DEBUG] [e6af6b52-eaf5-468f-a1b2-109e90677009] Blender Output: Fra:124 Mem:119.91M (Peak 151.55M) | Time:00:00.43 | Rendering 64 / 64 samples

[2025-07-28T16:05:09.490Z] [DEBUG] [e6af6b52-eaf5-468f-a1b2-109e90677009] Blender Output: Append frame 124
Time: 00:00.51 (Saving: 00:00.03)


[2025-07-28T16:05:09.528Z] [DEBUG] [e6af6b52-eaf5-468f-a1b2-109e90677009] Blender Output: Fra:125 Mem:119.91M (Peak 151.55M) | Time:00:00.03 | Rendering 1 / 64 samples

[2025-07-28T16:05:09.681Z] [DEBUG] [e6af6b52-eaf5-468f-a1b2-109e90677009] Blender Output: Fra:125 Mem:119.91M (Peak 151.55M) | Time:00:00.19 | Rendering 25 / 64 samples

[2025-07-28T16:05:09.835Z] [DEBUG] [e6af6b52-eaf5-468f-a1b2-109e90677009] Blender Output: Fra:125 Mem:119.91M (Peak 151.55M) | Time:00:00.34 | Rendering 50 / 64 samples

[2025-07-28T16:05:09.920Z] [DEBUG] [e6af6b52-eaf5-468f-a1b2-109e90677009] Blender Output: Fra:125 Mem:119.91M (Peak 151.55M) | Time:00:00.42 | Rendering 64 / 64 samples

[2025-07-28T16:05:09.996Z] [DEBUG] [e6af6b52-eaf5-468f-a1b2-109e90677009] Blender Output: Append frame 125
Time: 00:00.50 (Saving: 00:00.03)


[2025-07-28T16:05:10.033Z] [DEBUG] [e6af6b52-eaf5-468f-a1b2-109e90677009] Blender Output: Fra:126 Mem:119.91M (Peak 151.55M) | Time:00:00.03 | Rendering 1 / 64 samples

[2025-07-28T16:05:10.185Z] [DEBUG] [e6af6b52-eaf5-468f-a1b2-109e90677009] Blender Output: Fra:126 Mem:119.91M (Peak 151.55M) | Time:00:00.18 | Rendering 25 / 64 samples

[2025-07-28T16:05:10.338Z] [DEBUG] [e6af6b52-eaf5-468f-a1b2-109e90677009] Blender Output: Fra:126 Mem:119.91M (Peak 151.55M) | Time:00:00.34 | Rendering 50 / 64 samples

[2025-07-28T16:05:10.424Z] [DEBUG] [e6af6b52-eaf5-468f-a1b2-109e90677009] Blender Output: Fra:126 Mem:119.91M (Peak 151.55M) | Time:00:00.42 | Rendering 64 / 64 samples

[2025-07-28T16:05:10.498Z] [DEBUG] [e6af6b52-eaf5-468f-a1b2-109e90677009] Blender Output: Append frame 126
Time: 00:00.50 (Saving: 00:00.03)


[2025-07-28T16:05:10.534Z] [DEBUG] [e6af6b52-eaf5-468f-a1b2-109e90677009] Blender Output: Fra:127 Mem:119.91M (Peak 151.55M) | Time:00:00.03 | Rendering 1 / 64 samples

[2025-07-28T16:05:10.686Z] [DEBUG] [e6af6b52-eaf5-468f-a1b2-109e90677009] Blender Output: Fra:127 Mem:119.91M (Peak 151.55M) | Time:00:00.18 | Rendering 25 / 64 samples

[2025-07-28T16:05:10.841Z] [DEBUG] [e6af6b52-eaf5-468f-a1b2-109e90677009] Blender Output: Fra:127 Mem:119.91M (Peak 151.55M) | Time:00:00.34 | Rendering 50 / 64 samples

[2025-07-28T16:05:10.929Z] [DEBUG] [e6af6b52-eaf5-468f-a1b2-109e90677009] Blender Output: Fra:127 Mem:119.91M (Peak 151.55M) | Time:00:00.43 | Rendering 64 / 64 samples

[2025-07-28T16:05:11.007Z] [DEBUG] [e6af6b52-eaf5-468f-a1b2-109e90677009] Blender Output: Append frame 127
Time: 00:00.50 (Saving: 00:00.03)


[2025-07-28T16:05:11.044Z] [DEBUG] [e6af6b52-eaf5-468f-a1b2-109e90677009] Blender Output: Fra:128 Mem:119.91M (Peak 151.55M) | Time:00:00.03 | Rendering 1 / 64 samples

[2025-07-28T16:05:11.196Z] [DEBUG] [e6af6b52-eaf5-468f-a1b2-109e90677009] Blender Output: Fra:128 Mem:119.91M (Peak 151.55M) | Time:00:00.18 | Rendering 25 / 64 samples

[2025-07-28T16:05:11.350Z] [DEBUG] [e6af6b52-eaf5-468f-a1b2-109e90677009] Blender Output: Fra:128 Mem:119.91M (Peak 151.55M) | Time:00:00.34 | Rendering 50 / 64 samples

[2025-07-28T16:05:11.437Z] [DEBUG] [e6af6b52-eaf5-468f-a1b2-109e90677009] Blender Output: Fra:128 Mem:119.91M (Peak 151.55M) | Time:00:00.42 | Rendering 64 / 64 samples

[2025-07-28T16:05:11.514Z] [DEBUG] [e6af6b52-eaf5-468f-a1b2-109e90677009] Blender Output: Append frame 128
Time: 00:00.50 (Saving: 00:00.03)


[2025-07-28T16:05:11.551Z] [DEBUG] [e6af6b52-eaf5-468f-a1b2-109e90677009] Blender Output: Fra:129 Mem:119.91M (Peak 151.55M) | Time:00:00.03 | Rendering 1 / 64 samples

[2025-07-28T16:05:11.704Z] [DEBUG] [e6af6b52-eaf5-468f-a1b2-109e90677009] Blender Output: Fra:129 Mem:119.91M (Peak 151.55M) | Time:00:00.19 | Rendering 25 / 64 samples

[2025-07-28T16:05:11.860Z] [DEBUG] [e6af6b52-eaf5-468f-a1b2-109e90677009] Blender Output: Fra:129 Mem:119.91M (Peak 151.55M) | Time:00:00.34 | Rendering 50 / 64 samples

[2025-07-28T16:05:11.948Z] [DEBUG] [e6af6b52-eaf5-468f-a1b2-109e90677009] Blender Output: Fra:129 Mem:119.91M (Peak 151.55M) | Time:00:00.43 | Rendering 64 / 64 samples

[2025-07-28T16:05:12.025Z] [DEBUG] [e6af6b52-eaf5-468f-a1b2-109e90677009] Blender Output: Append frame 129
Time: 00:00.51 (Saving: 00:00.03)


[2025-07-28T16:05:12.061Z] [DEBUG] [e6af6b52-eaf5-468f-a1b2-109e90677009] Blender Output: Fra:130 Mem:119.91M (Peak 151.55M) | Time:00:00.03 | Rendering 1 / 64 samples

[2025-07-28T16:05:12.215Z] [DEBUG] [e6af6b52-eaf5-468f-a1b2-109e90677009] Blender Output: Fra:130 Mem:119.91M (Peak 151.55M) | Time:00:00.18 | Rendering 25 / 64 samples

[2025-07-28T16:05:12.370Z] [DEBUG] [e6af6b52-eaf5-468f-a1b2-109e90677009] Blender Output: Fra:130 Mem:119.91M (Peak 151.55M) | Time:00:00.34 | Rendering 50 / 64 samples

[2025-07-28T16:05:12.459Z] [DEBUG] [e6af6b52-eaf5-468f-a1b2-109e90677009] Blender Output: Fra:130 Mem:119.91M (Peak 151.55M) | Time:00:00.43 | Rendering 64 / 64 samples

[2025-07-28T16:05:12.536Z] [DEBUG] [e6af6b52-eaf5-468f-a1b2-109e90677009] Blender Output: Append frame 130
Time: 00:00.51 (Saving: 00:00.03)


[2025-07-28T16:05:12.573Z] [DEBUG] [e6af6b52-eaf5-468f-a1b2-109e90677009] Blender Output: Fra:131 Mem:119.91M (Peak 151.55M) | Time:00:00.03 | Rendering 1 / 64 samples

[2025-07-28T16:05:12.728Z] [DEBUG] [e6af6b52-eaf5-468f-a1b2-109e90677009] Blender Output: Fra:131 Mem:119.91M (Peak 151.55M) | Time:00:00.19 | Rendering 25 / 64 samples

[2025-07-28T16:05:12.886Z] [DEBUG] [e6af6b52-eaf5-468f-a1b2-109e90677009] Blender Output: Fra:131 Mem:119.91M (Peak 151.55M) | Time:00:00.34 | Rendering 50 / 64 samples

[2025-07-28T16:05:12.976Z] [DEBUG] [e6af6b52-eaf5-468f-a1b2-109e90677009] Blender Output: Fra:131 Mem:119.91M (Peak 151.55M) | Time:00:00.43 | Rendering 64 / 64 samples

[2025-07-28T16:05:13.054Z] [DEBUG] [e6af6b52-eaf5-468f-a1b2-109e90677009] Blender Output: Append frame 131
Time: 00:00.51 (Saving: 00:00.03)


[2025-07-28T16:05:13.097Z] [DEBUG] [e6af6b52-eaf5-468f-a1b2-109e90677009] Blender Output: Fra:132 Mem:119.91M (Peak 151.55M) | Time:00:00.04 | Rendering 1 / 64 samples

[2025-07-28T16:05:13.254Z] [DEBUG] [e6af6b52-eaf5-468f-a1b2-109e90677009] Blender Output: Fra:132 Mem:119.91M (Peak 151.55M) | Time:00:00.19 | Rendering 25 / 64 samples

[2025-07-28T16:05:13.412Z] [DEBUG] [e6af6b52-eaf5-468f-a1b2-109e90677009] Blender Output: Fra:132 Mem:119.91M (Peak 151.55M) | Time:00:00.35 | Rendering 50 / 64 samples

[2025-07-28T16:05:13.501Z] [DEBUG] [e6af6b52-eaf5-468f-a1b2-109e90677009] Blender Output: Fra:132 Mem:119.91M (Peak 151.55M) | Time:00:00.44 | Rendering 64 / 64 samples

[2025-07-28T16:05:13.576Z] [DEBUG] [e6af6b52-eaf5-468f-a1b2-109e90677009] Blender Output: Append frame 132
Time: 00:00.52 (Saving: 00:00.03)


[2025-07-28T16:05:13.612Z] [DEBUG] [e6af6b52-eaf5-468f-a1b2-109e90677009] Blender Output: Fra:133 Mem:119.91M (Peak 151.55M) | Time:00:00.03 | Rendering 1 / 64 samples

[2025-07-28T16:05:13.765Z] [DEBUG] [e6af6b52-eaf5-468f-a1b2-109e90677009] Blender Output: Fra:133 Mem:119.91M (Peak 151.55M) | Time:00:00.18 | Rendering 25 / 64 samples

[2025-07-28T16:05:13.922Z] [DEBUG] [e6af6b52-eaf5-468f-a1b2-109e90677009] Blender Output: Fra:133 Mem:119.91M (Peak 151.55M) | Time:00:00.34 | Rendering 50 / 64 samples

[2025-07-28T16:05:14.010Z] [DEBUG] [e6af6b52-eaf5-468f-a1b2-109e90677009] Blender Output: Fra:133 Mem:119.91M (Peak 151.55M) | Time:00:00.43 | Rendering 64 / 64 samples

[2025-07-28T16:05:14.088Z] [DEBUG] [e6af6b52-eaf5-468f-a1b2-109e90677009] Blender Output: Append frame 133
Time: 00:00.51 (Saving: 00:00.03)


[2025-07-28T16:05:14.124Z] [DEBUG] [e6af6b52-eaf5-468f-a1b2-109e90677009] Blender Output: Fra:134 Mem:119.91M (Peak 151.55M) | Time:00:00.03 | Rendering 1 / 64 samples

[2025-07-28T16:05:14.280Z] [DEBUG] [e6af6b52-eaf5-468f-a1b2-109e90677009] Blender Output: Fra:134 Mem:119.91M (Peak 151.55M) | Time:00:00.19 | Rendering 25 / 64 samples

[2025-07-28T16:05:14.439Z] [DEBUG] [e6af6b52-eaf5-468f-a1b2-109e90677009] Blender Output: Fra:134 Mem:119.91M (Peak 151.55M) | Time:00:00.35 | Rendering 50 / 64 samples

[2025-07-28T16:05:14.529Z] [DEBUG] [e6af6b52-eaf5-468f-a1b2-109e90677009] Blender Output: Fra:134 Mem:119.91M (Peak 151.55M) | Time:00:00.44 | Rendering 64 / 64 samples

[2025-07-28T16:05:14.606Z] [DEBUG] [e6af6b52-eaf5-468f-a1b2-109e90677009] Blender Output: Append frame 134
Time: 00:00.51 (Saving: 00:00.03)


[2025-07-28T16:05:14.643Z] [DEBUG] [e6af6b52-eaf5-468f-a1b2-109e90677009] Blender Output: Fra:135 Mem:119.91M (Peak 151.55M) | Time:00:00.03 | Rendering 1 / 64 samples

[2025-07-28T16:05:14.797Z] [DEBUG] [e6af6b52-eaf5-468f-a1b2-109e90677009] Blender Output: Fra:135 Mem:119.91M (Peak 151.55M) | Time:00:00.19 | Rendering 25 / 64 samples

[2025-07-28T16:05:14.952Z] [DEBUG] [e6af6b52-eaf5-468f-a1b2-109e90677009] Blender Output: Fra:135 Mem:119.91M (Peak 151.55M) | Time:00:00.34 | Rendering 50 / 64 samples

[2025-07-28T16:05:15.040Z] [DEBUG] [e6af6b52-eaf5-468f-a1b2-109e90677009] Blender Output: Fra:135 Mem:119.91M (Peak 151.55M) | Time:00:00.43 | Rendering 64 / 64 samples

[2025-07-28T16:05:15.117Z] [DEBUG] [e6af6b52-eaf5-468f-a1b2-109e90677009] Blender Output: Append frame 135
Time: 00:00.51 (Saving: 00:00.03)


[2025-07-28T16:05:15.154Z] [DEBUG] [e6af6b52-eaf5-468f-a1b2-109e90677009] Blender Output: Fra:136 Mem:119.91M (Peak 151.55M) | Time:00:00.03 | Rendering 1 / 64 samples

[2025-07-28T16:05:15.307Z] [DEBUG] [e6af6b52-eaf5-468f-a1b2-109e90677009] Blender Output: Fra:136 Mem:119.91M (Peak 151.55M) | Time:00:00.19 | Rendering 25 / 64 samples

[2025-07-28T16:05:15.462Z] [DEBUG] [e6af6b52-eaf5-468f-a1b2-109e90677009] Blender Output: Fra:136 Mem:119.91M (Peak 151.55M) | Time:00:00.34 | Rendering 50 / 64 samples

[2025-07-28T16:05:15.549Z] [DEBUG] [e6af6b52-eaf5-468f-a1b2-109e90677009] Blender Output: Fra:136 Mem:119.91M (Peak 151.55M) | Time:00:00.43 | Rendering 64 / 64 samples

[2025-07-28T16:05:15.626Z] [DEBUG] [e6af6b52-eaf5-468f-a1b2-109e90677009] Blender Output: Append frame 136
Time: 00:00.50 (Saving: 00:00.03)


[2025-07-28T16:05:15.663Z] [DEBUG] [e6af6b52-eaf5-468f-a1b2-109e90677009] Blender Output: Fra:137 Mem:119.91M (Peak 151.55M) | Time:00:00.03 | Rendering 1 / 64 samples

[2025-07-28T16:05:15.815Z] [DEBUG] [e6af6b52-eaf5-468f-a1b2-109e90677009] Blender Output: Fra:137 Mem:119.91M (Peak 151.55M) | Time:00:00.18 | Rendering 25 / 64 samples

[2025-07-28T16:05:15.970Z] [DEBUG] [e6af6b52-eaf5-468f-a1b2-109e90677009] Blender Output: Fra:137 Mem:119.91M (Peak 151.55M) | Time:00:00.34 | Rendering 50 / 64 samples

[2025-07-28T16:05:16.057Z] [DEBUG] [e6af6b52-eaf5-468f-a1b2-109e90677009] Blender Output: Fra:137 Mem:119.91M (Peak 151.55M) | Time:00:00.43 | Rendering 64 / 64 samples

[2025-07-28T16:05:16.135Z] [DEBUG] [e6af6b52-eaf5-468f-a1b2-109e90677009] Blender Output: Append frame 137
Time: 00:00.50 (Saving: 00:00.03)


[2025-07-28T16:05:16.172Z] [DEBUG] [e6af6b52-eaf5-468f-a1b2-109e90677009] Blender Output: Fra:138 Mem:119.91M (Peak 151.55M) | Time:00:00.03 | Rendering 1 / 64 samples

[2025-07-28T16:05:16.324Z] [DEBUG] [e6af6b52-eaf5-468f-a1b2-109e90677009] Blender Output: Fra:138 Mem:119.91M (Peak 151.55M) | Time:00:00.18 | Rendering 25 / 64 samples

[2025-07-28T16:05:16.478Z] [DEBUG] [e6af6b52-eaf5-468f-a1b2-109e90677009] Blender Output: Fra:138 Mem:119.91M (Peak 151.55M) | Time:00:00.34 | Rendering 50 / 64 samples

[2025-07-28T16:05:16.565Z] [DEBUG] [e6af6b52-eaf5-468f-a1b2-109e90677009] Blender Output: Fra:138 Mem:119.91M (Peak 151.55M) | Time:00:00.42 | Rendering 64 / 64 samples

[2025-07-28T16:05:16.643Z] [DEBUG] [e6af6b52-eaf5-468f-a1b2-109e90677009] Blender Output: Append frame 138
Time: 00:00.50 (Saving: 00:00.03)


[2025-07-28T16:05:16.681Z] [DEBUG] [e6af6b52-eaf5-468f-a1b2-109e90677009] Blender Output: Fra:139 Mem:119.91M (Peak 151.55M) | Time:00:00.03 | Rendering 1 / 64 samples

[2025-07-28T16:05:16.833Z] [DEBUG] [e6af6b52-eaf5-468f-a1b2-109e90677009] Blender Output: Fra:139 Mem:119.91M (Peak 151.55M) | Time:00:00.19 | Rendering 25 / 64 samples

[2025-07-28T16:05:16.990Z] [DEBUG] [e6af6b52-eaf5-468f-a1b2-109e90677009] Blender Output: Fra:139 Mem:119.91M (Peak 151.55M) | Time:00:00.34 | Rendering 50 / 64 samples

[2025-07-28T16:05:17.078Z] [DEBUG] [e6af6b52-eaf5-468f-a1b2-109e90677009] Blender Output: Fra:139 Mem:119.91M (Peak 151.55M) | Time:00:00.43 | Rendering 64 / 64 samples

[2025-07-28T16:05:17.154Z] [DEBUG] [e6af6b52-eaf5-468f-a1b2-109e90677009] Blender Output: Append frame 139
Time: 00:00.51 (Saving: 00:00.03)


[2025-07-28T16:05:17.191Z] [DEBUG] [e6af6b52-eaf5-468f-a1b2-109e90677009] Blender Output: Fra:140 Mem:119.91M (Peak 151.55M) | Time:00:00.03 | Rendering 1 / 64 samples

[2025-07-28T16:05:17.343Z] [DEBUG] [e6af6b52-eaf5-468f-a1b2-109e90677009] Blender Output: Fra:140 Mem:119.91M (Peak 151.55M) | Time:00:00.18 | Rendering 25 / 64 samples

[2025-07-28T16:05:17.496Z] [DEBUG] [e6af6b52-eaf5-468f-a1b2-109e90677009] Blender Output: Fra:140 Mem:119.91M (Peak 151.55M) | Time:00:00.34 | Rendering 50 / 64 samples

[2025-07-28T16:05:17.584Z] [DEBUG] [e6af6b52-eaf5-468f-a1b2-109e90677009] Blender Output: Fra:140 Mem:119.91M (Peak 151.55M) | Time:00:00.42 | Rendering 64 / 64 samples

[2025-07-28T16:05:17.661Z] [DEBUG] [e6af6b52-eaf5-468f-a1b2-109e90677009] Blender Output: Append frame 140
Time: 00:00.50 (Saving: 00:00.03)


[2025-07-28T16:05:17.698Z] [DEBUG] [e6af6b52-eaf5-468f-a1b2-109e90677009] Blender Output: Fra:141 Mem:119.91M (Peak 151.55M) | Time:00:00.03 | Rendering 1 / 64 samples

[2025-07-28T16:05:17.850Z] [DEBUG] [e6af6b52-eaf5-468f-a1b2-109e90677009] Blender Output: Fra:141 Mem:119.91M (Peak 151.55M) | Time:00:00.18 | Rendering 25 / 64 samples

[2025-07-28T16:05:18.006Z] [DEBUG] [e6af6b52-eaf5-468f-a1b2-109e90677009] Blender Output: Fra:141 Mem:119.91M (Peak 151.55M) | Time:00:00.34 | Rendering 50 / 64 samples

[2025-07-28T16:05:18.093Z] [DEBUG] [e6af6b52-eaf5-468f-a1b2-109e90677009] Blender Output: Fra:141 Mem:119.91M (Peak 151.55M) | Time:00:00.43 | Rendering 64 / 64 samples

[2025-07-28T16:05:18.169Z] [DEBUG] [e6af6b52-eaf5-468f-a1b2-109e90677009] Blender Output: Append frame 141
Time: 00:00.50 (Saving: 00:00.03)


[2025-07-28T16:05:18.205Z] [DEBUG] [e6af6b52-eaf5-468f-a1b2-109e90677009] Blender Output: Fra:142 Mem:119.91M (Peak 151.55M) | Time:00:00.03 | Rendering 1 / 64 samples

[2025-07-28T16:05:18.357Z] [DEBUG] [e6af6b52-eaf5-468f-a1b2-109e90677009] Blender Output: Fra:142 Mem:119.91M (Peak 151.55M) | Time:00:00.18 | Rendering 25 / 64 samples

[2025-07-28T16:05:18.512Z] [DEBUG] [e6af6b52-eaf5-468f-a1b2-109e90677009] Blender Output: Fra:142 Mem:119.91M (Peak 151.55M) | Time:00:00.34 | Rendering 50 / 64 samples

[2025-07-28T16:05:18.598Z] [DEBUG] [e6af6b52-eaf5-468f-a1b2-109e90677009] Blender Output: Fra:142 Mem:119.91M (Peak 151.55M) | Time:00:00.42 | Rendering 64 / 64 samples

[2025-07-28T16:05:18.673Z] [DEBUG] [e6af6b52-eaf5-468f-a1b2-109e90677009] Blender Output: Append frame 142
Time: 00:00.50 (Saving: 00:00.03)


[2025-07-28T16:05:18.851Z] [DEBUG] [e6af6b52-eaf5-468f-a1b2-109e90677009] Blender Output: 🎯 V1.4.0.a.8.1 - HOTFIX BLENDER 4.5+ INICIADO
🛡️ BLINDAGEM: V1.4.0.a.7 sync perfeito preservado
🔧 HOTFIX: APIs compatíveis com Blender 4.5+ e EEVEE_NEXT
📂 Working directory: C:\Users\Denys Victoriano\Documents\GitHub\clone\zentraw\Zentraw\3d_visualizer\Blender
🐍 Python script: C:\Users\Denys Victoriano\Documents\GitHub\clone\zentraw\Zentraw\3d_visualizer\Blender\render_audio_visualizer_v1.4.0.a.8.1.py
🔍 Verificando existência dos arquivos...
✅ Todos os arquivos validados com sucesso
🎵 Áudio: C:\Users\Denys Victoriano\Documents\GitHub\clone\zentraw\Zentraw\3d_visualizer\uploads\1753718636905_audio.wav
🖼️ Imagem: C:\Users\Denys Victoriano\Documents\GitHub\clone\zentraw\Zentraw\3d_visualizer\uploads\1753718636916_image.png
📁 Output (absoluto): C:\Users\Denys Victoriano\Documents\GitHub\clone\zentraw\Zentraw\3d_visualizer\outputs\output_v1.4.0.a.8.mp4
⚙️ Config: C:\Users\Denys Victoriano\Documents\GitHub\clone\zentraw\Zentraw\3d_visualizer\temp\config_e6af6b52-eaf5-468f-a1b2-109e90677009.json
📊 CONFIGURAÇÕES APLICADAS V1.4.0.a.8.1 HOTFIX:
   🎬 Resolução: 1920x1080 (Full HD padrão)
   🎞️ FPS: 30
   🔍 Samples: 128
   ⚡ Engine: BLENDER_EEVEE_NEXT (Eevee Next padrão - Blender 4.5+)
   📊 Amplitude Multiplier: 3.0x (V1.4.0.a.7 BLINDADO)
   🌊 Suavização: 1
   🎧 Canais: mono
   📦 Escala Base: 1.0x
   📈 Escala Máxima: 5.0x
   🎯 Partículas: 64
   📏 Espaçamento: 1.2
🎬 Setting up scene...
🚀 Render engine: BLENDER_EEVEE_NEXT
📐 Resolução: 1920x1080
⚡ Eevee configurado para velocidade (samples: 64)
✅ Samples Eevee configurados
🔒 Definindo caminho de saída do render: C:\Users\Denys Victoriano\Documents\GitHub\clone\zentraw\Zentraw\3d_visualizer\outputs\output_v1.4.0.a.8.mp4
🎵 Carregando áudio...
🎵 Áudio carregado: 227324 samples, 48000Hz, 2 canais
⏱️ Duração: 4.74s, 142 frames @ 30fps
🎯 Criando sistema de cubos...
✅ 64 cubos criados
🎵 Animando baseado no áudio...
✅ Animação completa
🖼️ Adicionando imagem de fundo: C:\Users\Denys Victoriano\Documents\GitHub\clone\zentraw\Zentraw\3d_visualizer\uploads\1753718636916_image.png
🎵 Configurando áudio no sequencer...
🎬 Iniciando render...
📊 Engine: BLENDER_EEVEE_NEXT
📐 Resolução: 1920x1080
⏱️ Frames: 142
🎵 Com áudio: True
🎉 Render concluído com sucesso!
📂 Arquivos no diretório de saída (C:\Users\Denys Victoriano\Documents\GitHub\clone\zentraw\Zentraw\3d_visualizer\outputs):
 - output_v1.4.0.a.8.mp4
✅ Arquivo MP4 gerado: C:\Users\Denys Victoriano\Documents\GitHub\clone\zentraw\Zentraw\3d_visualizer\outputs\output_v1.4.0.a.8.mp4

[2025-07-28T16:05:19.316Z] [DEBUG] [e6af6b52-eaf5-468f-a1b2-109e90677009] Blender Output: 
Blender quit

[2025-07-28T16:05:19.368Z] [INFO] [e6af6b52-eaf5-468f-a1b2-109e90677009] Blender process finalizado com código: 0
[2025-07-28T16:05:19.370Z] [SUCCESS] [e6af6b52-eaf5-468f-a1b2-109e90677009] Render concluído: C:\Users\Denys Victoriano\Documents\GitHub\clone\zentraw\Zentraw\3d_visualizer\outputs\output_v1.4.0.a.8.mp4
[2025-07-28T16:11:31.414Z] [INFO] 🚀 Zentraw V1.4.0.a.8 Backend iniciado na porta 3004
[2025-07-28T16:11:31.415Z] [INFO] 🛡️ Sistema de blindagem V1.4.0.a.7 ativo
[2025-07-28T16:11:31.416Z] [INFO] ⚙️ Interface parametrizada completa disponível
[2025-07-28T16:11:31.416Z] [INFO] 📁 Diretórios: uploads=C:\Users\Denys Victoriano\Documents\GitHub\clone\zentraw\Zentraw\3d_visualizer\uploads, outputs=C:\Users\Denys Victoriano\Documents\GitHub\clone\zentraw\Zentraw\3d_visualizer\outputs, logs=C:\Users\Denys Victoriano\Documents\GitHub\clone\zentraw\Zentraw\3d_visualizer\logs
[2025-07-28T16:11:36.525Z] [INFO] Health check solicitado
[2025-07-28T16:11:48.119Z] [INFO] [7ab35f19-2eef-41d8-98db-7098d86b2ed2] Iniciando render parametrizado
[2025-07-28T16:11:48.119Z] [DEBUG] [7ab35f19-2eef-41d8-98db-7098d86b2ed2] 🔍 DEBUG - audioFile: {"fieldname":"audio","originalname":"sample_audio3.wav","encoding":"7bit","mimetype":"audio/wav","destination":"C:\\Users\\Denys Victoriano\\Documents\\GitHub\\clone\\zentraw\\Zentraw\\3d_visualizer\\uploads","filename":"1753719108110_audio.wav","path":"C:\\Users\\Denys Victoriano\\Documents\\GitHub\\clone\\zentraw\\Zentraw\\3d_visualizer\\uploads\\1753719108110_audio.wav","size":909502}
[2025-07-28T16:11:48.120Z] [DEBUG] [7ab35f19-2eef-41d8-98db-7098d86b2ed2] 🔍 DEBUG - imageFile: {"fieldname":"image","originalname":"sample_cover.jpg","encoding":"7bit","mimetype":"image/jpeg","destination":"C:\\Users\\Denys Victoriano\\Documents\\GitHub\\clone\\zentraw\\Zentraw\\3d_visualizer\\uploads","filename":"1753719108115_image.jpg","path":"C:\\Users\\Denys Victoriano\\Documents\\GitHub\\clone\\zentraw\\Zentraw\\3d_visualizer\\uploads\\1753719108115_image.jpg","size":362360}
[2025-07-28T16:11:48.227Z] [INFO] [7ab35f19-2eef-41d8-98db-7098d86b2ed2] Executando Blender: C:\Program Files\Blender Foundation\Blender 4.5\blender.exe C:\Users\Denys Victoriano\Documents\GitHub\clone\zentraw\Zentraw\3d_visualizer\Blender\template.blend --background --python C:\Users\Denys Victoriano\Documents\GitHub\clone\zentraw\Zentraw\3d_visualizer\Blender\render_audio_visualizer_v1.4.0.a.8.1.py -- C:\Users\Denys Victoriano\Documents\GitHub\clone\zentraw\Zentraw\3d_visualizer\uploads\1753719108110_audio.wav C:\Users\Denys Victoriano\Documents\GitHub\clone\zentraw\Zentraw\3d_visualizer\uploads\1753719108115_image.jpg C:\Users\Denys Victoriano\Documents\GitHub\clone\zentraw\Zentraw\3d_visualizer\outputs\output_v1.4.0.a.8.mp4 C:\Users\Denys Victoriano\Documents\GitHub\clone\zentraw\Zentraw\3d_visualizer\temp\config_7ab35f19-2eef-41d8-98db-7098d86b2ed2.json
[2025-07-28T16:11:51.484Z] [DEBUG] [7ab35f19-2eef-41d8-98db-7098d86b2ed2] Blender Output: Blender 4.5.0 (hash 8cb6b388974a built 2025-07-15 01:36:24)
Read blend: "C:\Users\Denys Victoriano\Documents\GitHub\clone\zentraw\Zentraw\3d_visualizer\Blender\template.blend"
Fra:1 Mem:118.68M (Peak 127.29M) | Time:00:00.48 | Rendering 1 / 64 samples

[2025-07-28T16:11:51.624Z] [DEBUG] [7ab35f19-2eef-41d8-98db-7098d86b2ed2] Blender Output: Fra:1 Mem:119.01M (Peak 127.29M) | Time:00:00.62 | Rendering 25 / 64 samples

[2025-07-28T16:11:51.756Z] [DEBUG] [7ab35f19-2eef-41d8-98db-7098d86b2ed2] Blender Output: Fra:1 Mem:119.01M (Peak 127.29M) | Time:00:00.75 | Rendering 50 / 64 samples

[2025-07-28T16:11:51.832Z] [DEBUG] [7ab35f19-2eef-41d8-98db-7098d86b2ed2] Blender Output: Fra:1 Mem:119.01M (Peak 127.29M) | Time:00:00.83 | Rendering 64 / 64 samples

[2025-07-28T16:11:52.099Z] [DEBUG] [7ab35f19-2eef-41d8-98db-7098d86b2ed2] Blender Output: Append frame 1
Time: 00:01.09 (Saving: 00:00.22)


[2025-07-28T16:11:52.145Z] [DEBUG] [7ab35f19-2eef-41d8-98db-7098d86b2ed2] Blender Output: Fra:2 Mem:119.15M (Peak 150.65M) | Time:00:00.04 | Rendering 1 / 64 samples

[2025-07-28T16:11:52.298Z] [DEBUG] [7ab35f19-2eef-41d8-98db-7098d86b2ed2] Blender Output: Fra:2 Mem:119.20M (Peak 150.65M) | Time:00:00.19 | Rendering 25 / 64 samples

[2025-07-28T16:11:52.453Z] [DEBUG] [7ab35f19-2eef-41d8-98db-7098d86b2ed2] Blender Output: Fra:2 Mem:119.20M (Peak 150.65M) | Time:00:00.35 | Rendering 50 / 64 samples

[2025-07-28T16:11:52.542Z] [DEBUG] [7ab35f19-2eef-41d8-98db-7098d86b2ed2] Blender Output: Fra:2 Mem:119.20M (Peak 150.65M) | Time:00:00.44 | Rendering 64 / 64 samples

[2025-07-28T16:11:52.628Z] [DEBUG] [7ab35f19-2eef-41d8-98db-7098d86b2ed2] Blender Output: Append frame 2
Time: 00:00.52 (Saving: 00:00.03)


[2025-07-28T16:11:52.665Z] [DEBUG] [7ab35f19-2eef-41d8-98db-7098d86b2ed2] Blender Output: Fra:3 Mem:119.20M (Peak 150.84M) | Time:00:00.03 | Rendering 1 / 64 samples

[2025-07-28T16:11:52.818Z] [DEBUG] [7ab35f19-2eef-41d8-98db-7098d86b2ed2] Blender Output: Fra:3 Mem:119.20M (Peak 150.84M) | Time:00:00.18 | Rendering 25 / 64 samples

[2025-07-28T16:11:52.975Z] [DEBUG] [7ab35f19-2eef-41d8-98db-7098d86b2ed2] Blender Output: Fra:3 Mem:119.20M (Peak 150.84M) | Time:00:00.34 | Rendering 50 / 64 samples

[2025-07-28T16:11:53.062Z] [DEBUG] [7ab35f19-2eef-41d8-98db-7098d86b2ed2] Blender Output: Fra:3 Mem:119.20M (Peak 150.84M) | Time:00:00.43 | Rendering 64 / 64 samples

[2025-07-28T16:11:53.140Z] [DEBUG] [7ab35f19-2eef-41d8-98db-7098d86b2ed2] Blender Output: Append frame 3
Time: 00:00.51 (Saving: 00:00.03)


[2025-07-28T16:11:53.177Z] [DEBUG] [7ab35f19-2eef-41d8-98db-7098d86b2ed2] Blender Output: Fra:4 Mem:119.20M (Peak 150.84M) | Time:00:00.03 | Rendering 1 / 64 samples

[2025-07-28T16:11:53.327Z] [DEBUG] [7ab35f19-2eef-41d8-98db-7098d86b2ed2] Blender Output: Fra:4 Mem:119.20M (Peak 150.84M) | Time:00:00.18 | Rendering 25 / 64 samples

[2025-07-28T16:11:53.482Z] [DEBUG] [7ab35f19-2eef-41d8-98db-7098d86b2ed2] Blender Output: Fra:4 Mem:119.20M (Peak 150.84M) | Time:00:00.34 | Rendering 50 / 64 samples

[2025-07-28T16:11:53.567Z] [DEBUG] [7ab35f19-2eef-41d8-98db-7098d86b2ed2] Blender Output: Fra:4 Mem:119.20M (Peak 150.84M) | Time:00:00.42 | Rendering 64 / 64 samples

[2025-07-28T16:11:53.646Z] [DEBUG] [7ab35f19-2eef-41d8-98db-7098d86b2ed2] Blender Output: Append frame 4
Time: 00:00.50 (Saving: 00:00.03)


[2025-07-28T16:11:53.683Z] [DEBUG] [7ab35f19-2eef-41d8-98db-7098d86b2ed2] Blender Output: Fra:5 Mem:119.20M (Peak 150.84M) | Time:00:00.03 | Rendering 1 / 64 samples

[2025-07-28T16:11:53.832Z] [DEBUG] [7ab35f19-2eef-41d8-98db-7098d86b2ed2] Blender Output: Fra:5 Mem:119.20M (Peak 150.84M) | Time:00:00.18 | Rendering 25 / 64 samples

[2025-07-28T16:11:53.985Z] [DEBUG] [7ab35f19-2eef-41d8-98db-7098d86b2ed2] Blender Output: Fra:5 Mem:119.20M (Peak 150.84M) | Time:00:00.33 | Rendering 50 / 64 samples

[2025-07-28T16:11:54.070Z] [DEBUG] [7ab35f19-2eef-41d8-98db-7098d86b2ed2] Blender Output: Fra:5 Mem:119.20M (Peak 150.84M) | Time:00:00.42 | Rendering 64 / 64 samples

[2025-07-28T16:11:54.149Z] [DEBUG] [7ab35f19-2eef-41d8-98db-7098d86b2ed2] Blender Output: Append frame 5
Time: 00:00.50 (Saving: 00:00.03)


[2025-07-28T16:11:54.186Z] [DEBUG] [7ab35f19-2eef-41d8-98db-7098d86b2ed2] Blender Output: Fra:6 Mem:119.20M (Peak 150.84M) | Time:00:00.03 | Rendering 1 / 64 samples

[2025-07-28T16:11:54.335Z] [DEBUG] [7ab35f19-2eef-41d8-98db-7098d86b2ed2] Blender Output: Fra:6 Mem:119.20M (Peak 150.84M) | Time:00:00.18 | Rendering 25 / 64 samples

[2025-07-28T16:11:54.487Z] [DEBUG] [7ab35f19-2eef-41d8-98db-7098d86b2ed2] Blender Output: Fra:6 Mem:119.20M (Peak 150.84M) | Time:00:00.33 | Rendering 50 / 64 samples

[2025-07-28T16:11:54.573Z] [DEBUG] [7ab35f19-2eef-41d8-98db-7098d86b2ed2] Blender Output: Fra:6 Mem:119.20M (Peak 150.84M) | Time:00:00.42 | Rendering 64 / 64 samples

[2025-07-28T16:11:54.650Z] [DEBUG] [7ab35f19-2eef-41d8-98db-7098d86b2ed2] Blender Output: Append frame 6
Time: 00:00.50 (Saving: 00:00.03)


[2025-07-28T16:11:54.685Z] [DEBUG] [7ab35f19-2eef-41d8-98db-7098d86b2ed2] Blender Output: Fra:7 Mem:119.20M (Peak 150.84M) | Time:00:00.03 | Rendering 1 / 64 samples

[2025-07-28T16:11:54.834Z] [DEBUG] [7ab35f19-2eef-41d8-98db-7098d86b2ed2] Blender Output: Fra:7 Mem:119.20M (Peak 150.84M) | Time:00:00.18 | Rendering 25 / 64 samples

[2025-07-28T16:11:54.985Z] [DEBUG] [7ab35f19-2eef-41d8-98db-7098d86b2ed2] Blender Output: Fra:7 Mem:119.20M (Peak 150.84M) | Time:00:00.33 | Rendering 50 / 64 samples

[2025-07-28T16:11:55.070Z] [DEBUG] [7ab35f19-2eef-41d8-98db-7098d86b2ed2] Blender Output: Fra:7 Mem:119.20M (Peak 150.84M) | Time:00:00.41 | Rendering 64 / 64 samples

[2025-07-28T16:11:55.147Z] [DEBUG] [7ab35f19-2eef-41d8-98db-7098d86b2ed2] Blender Output: Append frame 7
Time: 00:00.49 (Saving: 00:00.03)


[2025-07-28T16:11:55.184Z] [DEBUG] [7ab35f19-2eef-41d8-98db-7098d86b2ed2] Blender Output: Fra:8 Mem:119.20M (Peak 150.84M) | Time:00:00.03 | Rendering 1 / 64 samples

[2025-07-28T16:11:55.340Z] [DEBUG] [7ab35f19-2eef-41d8-98db-7098d86b2ed2] Blender Output: Fra:8 Mem:119.20M (Peak 150.84M) | Time:00:00.19 | Rendering 25 / 64 samples

[2025-07-28T16:11:55.500Z] [DEBUG] [7ab35f19-2eef-41d8-98db-7098d86b2ed2] Blender Output: Fra:8 Mem:119.20M (Peak 150.84M) | Time:00:00.35 | Rendering 50 / 64 samples

[2025-07-28T16:11:55.588Z] [DEBUG] [7ab35f19-2eef-41d8-98db-7098d86b2ed2] Blender Output: Fra:8 Mem:119.20M (Peak 150.84M) | Time:00:00.44 | Rendering 64 / 64 samples

[2025-07-28T16:11:55.666Z] [DEBUG] [7ab35f19-2eef-41d8-98db-7098d86b2ed2] Blender Output: Append frame 8
Time: 00:00.51 (Saving: 00:00.03)


[2025-07-28T16:11:55.707Z] [DEBUG] [7ab35f19-2eef-41d8-98db-7098d86b2ed2] Blender Output: Fra:9 Mem:119.20M (Peak 150.84M) | Time:00:00.04 | Rendering 1 / 64 samples

[2025-07-28T16:11:55.865Z] [DEBUG] [7ab35f19-2eef-41d8-98db-7098d86b2ed2] Blender Output: Fra:9 Mem:119.20M (Peak 150.84M) | Time:00:00.19 | Rendering 25 / 64 samples

[2025-07-28T16:11:56.023Z] [DEBUG] [7ab35f19-2eef-41d8-98db-7098d86b2ed2] Blender Output: Fra:9 Mem:119.20M (Peak 150.84M) | Time:00:00.35 | Rendering 50 / 64 samples

[2025-07-28T16:11:56.110Z] [DEBUG] [7ab35f19-2eef-41d8-98db-7098d86b2ed2] Blender Output: Fra:9 Mem:119.20M (Peak 150.84M) | Time:00:00.44 | Rendering 64 / 64 samples

[2025-07-28T16:11:56.184Z] [DEBUG] [7ab35f19-2eef-41d8-98db-7098d86b2ed2] Blender Output: Append frame 9
Time: 00:00.51 (Saving: 00:00.03)


[2025-07-28T16:11:56.220Z] [DEBUG] [7ab35f19-2eef-41d8-98db-7098d86b2ed2] Blender Output: Fra:10 Mem:119.20M (Peak 150.84M) | Time:00:00.03 | Rendering 1 / 64 samples

[2025-07-28T16:11:56.370Z] [DEBUG] [7ab35f19-2eef-41d8-98db-7098d86b2ed2] Blender Output: Fra:10 Mem:119.20M (Peak 150.84M) | Time:00:00.18 | Rendering 25 / 64 samples

[2025-07-28T16:11:56.524Z] [DEBUG] [7ab35f19-2eef-41d8-98db-7098d86b2ed2] Blender Output: Fra:10 Mem:119.20M (Peak 150.84M) | Time:00:00.34 | Rendering 50 / 64 samples

[2025-07-28T16:11:56.610Z] [DEBUG] [7ab35f19-2eef-41d8-98db-7098d86b2ed2] Blender Output: Fra:10 Mem:119.20M (Peak 150.84M) | Time:00:00.42 | Rendering 64 / 64 samples

[2025-07-28T16:11:56.690Z] [DEBUG] [7ab35f19-2eef-41d8-98db-7098d86b2ed2] Blender Output: Append frame 10
Time: 00:00.50 (Saving: 00:00.03)


[2025-07-28T16:11:56.730Z] [DEBUG] [7ab35f19-2eef-41d8-98db-7098d86b2ed2] Blender Output: Fra:11 Mem:119.20M (Peak 150.84M) | Time:00:00.03 | Rendering 1 / 64 samples

[2025-07-28T16:11:56.884Z] [DEBUG] [7ab35f19-2eef-41d8-98db-7098d86b2ed2] Blender Output: Fra:11 Mem:119.20M (Peak 150.84M) | Time:00:00.19 | Rendering 25 / 64 samples

[2025-07-28T16:11:57.037Z] [DEBUG] [7ab35f19-2eef-41d8-98db-7098d86b2ed2] Blender Output: Fra:11 Mem:119.20M (Peak 150.84M) | Time:00:00.34 | Rendering 50 / 64 samples

[2025-07-28T16:11:57.122Z] [DEBUG] [7ab35f19-2eef-41d8-98db-7098d86b2ed2] Blender Output: Fra:11 Mem:119.20M (Peak 150.84M) | Time:00:00.43 | Rendering 64 / 64 samples

[2025-07-28T16:11:57.199Z] [DEBUG] [7ab35f19-2eef-41d8-98db-7098d86b2ed2] Blender Output: Append frame 11
Time: 00:00.50 (Saving: 00:00.03)


[2025-07-28T16:11:57.235Z] [DEBUG] [7ab35f19-2eef-41d8-98db-7098d86b2ed2] Blender Output: Fra:12 Mem:119.20M (Peak 150.84M) | Time:00:00.03 | Rendering 1 / 64 samples

[2025-07-28T16:11:57.386Z] [DEBUG] [7ab35f19-2eef-41d8-98db-7098d86b2ed2] Blender Output: Fra:12 Mem:119.20M (Peak 150.84M) | Time:00:00.18 | Rendering 25 / 64 samples

[2025-07-28T16:11:57.548Z] [DEBUG] [7ab35f19-2eef-41d8-98db-7098d86b2ed2] Blender Output: Fra:12 Mem:119.20M (Peak 150.84M) | Time:00:00.34 | Rendering 50 / 64 samples

[2025-07-28T16:11:57.642Z] [DEBUG] [7ab35f19-2eef-41d8-98db-7098d86b2ed2] Blender Output: Fra:12 Mem:119.20M (Peak 150.84M) | Time:00:00.44 | Rendering 64 / 64 samples

[2025-07-28T16:11:57.724Z] [DEBUG] [7ab35f19-2eef-41d8-98db-7098d86b2ed2] Blender Output: Append frame 12
Time: 00:00.52 (Saving: 00:00.03)


[2025-07-28T16:11:57.761Z] [DEBUG] [7ab35f19-2eef-41d8-98db-7098d86b2ed2] Blender Output: Fra:13 Mem:119.20M (Peak 150.84M) | Time:00:00.03 | Rendering 1 / 64 samples

[2025-07-28T16:11:57.913Z] [DEBUG] [7ab35f19-2eef-41d8-98db-7098d86b2ed2] Blender Output: Fra:13 Mem:119.20M (Peak 150.84M) | Time:00:00.18 | Rendering 25 / 64 samples

[2025-07-28T16:11:58.071Z] [DEBUG] [7ab35f19-2eef-41d8-98db-7098d86b2ed2] Blender Output: Fra:13 Mem:119.20M (Peak 150.84M) | Time:00:00.34 | Rendering 50 / 64 samples

[2025-07-28T16:11:58.158Z] [DEBUG] [7ab35f19-2eef-41d8-98db-7098d86b2ed2] Blender Output: Fra:13 Mem:119.20M (Peak 150.84M) | Time:00:00.43 | Rendering 64 / 64 samples

[2025-07-28T16:11:58.236Z] [DEBUG] [7ab35f19-2eef-41d8-98db-7098d86b2ed2] Blender Output: Append frame 13
Time: 00:00.51 (Saving: 00:00.03)


[2025-07-28T16:11:58.272Z] [DEBUG] [7ab35f19-2eef-41d8-98db-7098d86b2ed2] Blender Output: Fra:14 Mem:119.20M (Peak 150.84M) | Time:00:00.03 | Rendering 1 / 64 samples

[2025-07-28T16:11:58.423Z] [DEBUG] [7ab35f19-2eef-41d8-98db-7098d86b2ed2] Blender Output: Fra:14 Mem:119.20M (Peak 150.84M) | Time:00:00.18 | Rendering 25 / 64 samples

[2025-07-28T16:11:58.576Z] [DEBUG] [7ab35f19-2eef-41d8-98db-7098d86b2ed2] Blender Output: Fra:14 Mem:119.20M (Peak 150.84M) | Time:00:00.33 | Rendering 50 / 64 samples

[2025-07-28T16:11:58.662Z] [DEBUG] [7ab35f19-2eef-41d8-98db-7098d86b2ed2] Blender Output: Fra:14 Mem:119.20M (Peak 150.84M) | Time:00:00.42 | Rendering 64 / 64 samples

[2025-07-28T16:11:58.741Z] [DEBUG] [7ab35f19-2eef-41d8-98db-7098d86b2ed2] Blender Output: Append frame 14
Time: 00:00.50 (Saving: 00:00.03)


[2025-07-28T16:11:58.776Z] [DEBUG] [7ab35f19-2eef-41d8-98db-7098d86b2ed2] Blender Output: Fra:15 Mem:119.20M (Peak 150.84M) | Time:00:00.03 | Rendering 1 / 64 samples

[2025-07-28T16:11:58.931Z] [DEBUG] [7ab35f19-2eef-41d8-98db-7098d86b2ed2] Blender Output: Fra:15 Mem:119.20M (Peak 150.84M) | Time:00:00.19 | Rendering 25 / 64 samples

[2025-07-28T16:11:59.090Z] [DEBUG] [7ab35f19-2eef-41d8-98db-7098d86b2ed2] Blender Output: Fra:15 Mem:119.20M (Peak 150.84M) | Time:00:00.34 | Rendering 50 / 64 samples

[2025-07-28T16:11:59.181Z] [DEBUG] [7ab35f19-2eef-41d8-98db-7098d86b2ed2] Blender Output: Fra:15 Mem:119.20M (Peak 150.84M) | Time:00:00.43 | Rendering 64 / 64 samples

[2025-07-28T16:11:59.260Z] [DEBUG] [7ab35f19-2eef-41d8-98db-7098d86b2ed2] Blender Output: Append frame 15
Time: 00:00.51 (Saving: 00:00.03)


[2025-07-28T16:11:59.299Z] [DEBUG] [7ab35f19-2eef-41d8-98db-7098d86b2ed2] Blender Output: Fra:16 Mem:119.20M (Peak 150.84M) | Time:00:00.03 | Rendering 1 / 64 samples

[2025-07-28T16:11:59.456Z] [DEBUG] [7ab35f19-2eef-41d8-98db-7098d86b2ed2] Blender Output: Fra:16 Mem:119.20M (Peak 150.84M) | Time:00:00.19 | Rendering 25 / 64 samples

[2025-07-28T16:11:59.617Z] [DEBUG] [7ab35f19-2eef-41d8-98db-7098d86b2ed2] Blender Output: Fra:16 Mem:119.20M (Peak 150.84M) | Time:00:00.35 | Rendering 50 / 64 samples

[2025-07-28T16:11:59.705Z] [DEBUG] [7ab35f19-2eef-41d8-98db-7098d86b2ed2] Blender Output: Fra:16 Mem:119.20M (Peak 150.84M) | Time:00:00.44 | Rendering 64 / 64 samples

[2025-07-28T16:11:59.784Z] [DEBUG] [7ab35f19-2eef-41d8-98db-7098d86b2ed2] Blender Output: Append frame 16
Time: 00:00.52 (Saving: 00:00.03)


[2025-07-28T16:11:59.820Z] [DEBUG] [7ab35f19-2eef-41d8-98db-7098d86b2ed2] Blender Output: Fra:17 Mem:119.20M (Peak 150.84M) | Time:00:00.03 | Rendering 1 / 64 samples

[2025-07-28T16:11:59.976Z] [DEBUG] [7ab35f19-2eef-41d8-98db-7098d86b2ed2] Blender Output: Fra:17 Mem:119.20M (Peak 150.84M) | Time:00:00.19 | Rendering 25 / 64 samples

[2025-07-28T16:12:00.129Z] [DEBUG] [7ab35f19-2eef-41d8-98db-7098d86b2ed2] Blender Output: Fra:17 Mem:119.20M (Peak 150.84M) | Time:00:00.34 | Rendering 50 / 64 samples

[2025-07-28T16:12:00.214Z] [DEBUG] [7ab35f19-2eef-41d8-98db-7098d86b2ed2] Blender Output: Fra:17 Mem:119.20M (Peak 150.84M) | Time:00:00.42 | Rendering 64 / 64 samples

[2025-07-28T16:12:00.289Z] [DEBUG] [7ab35f19-2eef-41d8-98db-7098d86b2ed2] Blender Output: Append frame 17
Time: 00:00.50 (Saving: 00:00.03)


[2025-07-28T16:12:00.325Z] [DEBUG] [7ab35f19-2eef-41d8-98db-7098d86b2ed2] Blender Output: Fra:18 Mem:119.20M (Peak 150.84M) | Time:00:00.03 | Rendering 1 / 64 samples

[2025-07-28T16:12:00.475Z] [DEBUG] [7ab35f19-2eef-41d8-98db-7098d86b2ed2] Blender Output: Fra:18 Mem:119.20M (Peak 150.84M) | Time:00:00.18 | Rendering 25 / 64 samples

[2025-07-28T16:12:00.629Z] [DEBUG] [7ab35f19-2eef-41d8-98db-7098d86b2ed2] Blender Output: Fra:18 Mem:119.20M (Peak 150.84M) | Time:00:00.33 | Rendering 50 / 64 samples

[2025-07-28T16:12:00.715Z] [DEBUG] [7ab35f19-2eef-41d8-98db-7098d86b2ed2] Blender Output: Fra:18 Mem:119.20M (Peak 150.84M) | Time:00:00.42 | Rendering 64 / 64 samples

[2025-07-28T16:12:00.794Z] [DEBUG] [7ab35f19-2eef-41d8-98db-7098d86b2ed2] Blender Output: Append frame 18
Time: 00:00.50 (Saving: 00:00.03)


[2025-07-28T16:12:00.830Z] [DEBUG] [7ab35f19-2eef-41d8-98db-7098d86b2ed2] Blender Output: Fra:19 Mem:119.20M (Peak 150.84M) | Time:00:00.03 | Rendering 1 / 64 samples

[2025-07-28T16:12:00.980Z] [DEBUG] [7ab35f19-2eef-41d8-98db-7098d86b2ed2] Blender Output: Fra:19 Mem:119.20M (Peak 150.84M) | Time:00:00.18 | Rendering 25 / 64 samples

[2025-07-28T16:12:01.135Z] [DEBUG] [7ab35f19-2eef-41d8-98db-7098d86b2ed2] Blender Output: Fra:19 Mem:119.20M (Peak 150.84M) | Time:00:00.34 | Rendering 50 / 64 samples

[2025-07-28T16:12:01.221Z] [DEBUG] [7ab35f19-2eef-41d8-98db-7098d86b2ed2] Blender Output: Fra:19 Mem:119.20M (Peak 150.84M) | Time:00:00.42 | Rendering 64 / 64 samples

[2025-07-28T16:12:01.301Z] [DEBUG] [7ab35f19-2eef-41d8-98db-7098d86b2ed2] Blender Output: Append frame 19
Time: 00:00.50 (Saving: 00:00.03)


[2025-07-28T16:12:01.353Z] [DEBUG] [7ab35f19-2eef-41d8-98db-7098d86b2ed2] Blender Output: Fra:20 Mem:119.20M (Peak 150.84M) | Time:00:00.05 | Rendering 1 / 64 samples

[2025-07-28T16:12:01.513Z] [DEBUG] [7ab35f19-2eef-41d8-98db-7098d86b2ed2] Blender Output: Fra:20 Mem:119.20M (Peak 150.84M) | Time:00:00.21 | Rendering 25 / 64 samples

[2025-07-28T16:12:01.670Z] [DEBUG] [7ab35f19-2eef-41d8-98db-7098d86b2ed2] Blender Output: Fra:20 Mem:119.20M (Peak 150.84M) | Time:00:00.36 | Rendering 50 / 64 samples

[2025-07-28T16:12:01.756Z] [DEBUG] [7ab35f19-2eef-41d8-98db-7098d86b2ed2] Blender Output: Fra:20 Mem:119.20M (Peak 150.84M) | Time:00:00.45 | Rendering 64 / 64 samples

[2025-07-28T16:12:01.831Z] [DEBUG] [7ab35f19-2eef-41d8-98db-7098d86b2ed2] Blender Output: Append frame 20
Time: 00:00.52 (Saving: 00:00.03)


[2025-07-28T16:12:01.867Z] [DEBUG] [7ab35f19-2eef-41d8-98db-7098d86b2ed2] Blender Output: Fra:21 Mem:119.20M (Peak 150.84M) | Time:00:00.03 | Rendering 1 / 64 samples

[2025-07-28T16:12:02.018Z] [DEBUG] [7ab35f19-2eef-41d8-98db-7098d86b2ed2] Blender Output: Fra:21 Mem:119.20M (Peak 150.84M) | Time:00:00.18 | Rendering 25 / 64 samples

[2025-07-28T16:12:02.174Z] [DEBUG] [7ab35f19-2eef-41d8-98db-7098d86b2ed2] Blender Output: Fra:21 Mem:119.20M (Peak 150.84M) | Time:00:00.34 | Rendering 50 / 64 samples

[2025-07-28T16:12:02.260Z] [DEBUG] [7ab35f19-2eef-41d8-98db-7098d86b2ed2] Blender Output: Fra:21 Mem:119.20M (Peak 150.84M) | Time:00:00.42 | Rendering 64 / 64 samples

[2025-07-28T16:12:02.341Z] [DEBUG] [7ab35f19-2eef-41d8-98db-7098d86b2ed2] Blender Output: Append frame 21
Time: 00:00.50 (Saving: 00:00.03)


[2025-07-28T16:12:02.377Z] [DEBUG] [7ab35f19-2eef-41d8-98db-7098d86b2ed2] Blender Output: Fra:22 Mem:119.20M (Peak 150.84M) | Time:00:00.03 | Rendering 1 / 64 samples

[2025-07-28T16:12:02.528Z] [DEBUG] [7ab35f19-2eef-41d8-98db-7098d86b2ed2] Blender Output: Fra:22 Mem:119.20M (Peak 150.84M) | Time:00:00.18 | Rendering 25 / 64 samples

[2025-07-28T16:12:02.689Z] [DEBUG] [7ab35f19-2eef-41d8-98db-7098d86b2ed2] Blender Output: Fra:22 Mem:119.20M (Peak 150.84M) | Time:00:00.34 | Rendering 50 / 64 samples

[2025-07-28T16:12:02.782Z] [DEBUG] [7ab35f19-2eef-41d8-98db-7098d86b2ed2] Blender Output: Fra:22 Mem:119.20M (Peak 150.84M) | Time:00:00.44 | Rendering 64 / 64 samples

[2025-07-28T16:12:02.862Z] [DEBUG] [7ab35f19-2eef-41d8-98db-7098d86b2ed2] Blender Output: Append frame 22
Time: 00:00.52 (Saving: 00:00.03)


[2025-07-28T16:12:02.898Z] [DEBUG] [7ab35f19-2eef-41d8-98db-7098d86b2ed2] Blender Output: Fra:23 Mem:119.20M (Peak 150.84M) | Time:00:00.03 | Rendering 1 / 64 samples

[2025-07-28T16:12:03.057Z] [DEBUG] [7ab35f19-2eef-41d8-98db-7098d86b2ed2] Blender Output: Fra:23 Mem:119.20M (Peak 150.84M) | Time:00:00.19 | Rendering 25 / 64 samples

[2025-07-28T16:12:03.219Z] [DEBUG] [7ab35f19-2eef-41d8-98db-7098d86b2ed2] Blender Output: Fra:23 Mem:119.20M (Peak 150.84M) | Time:00:00.35 | Rendering 50 / 64 samples

[2025-07-28T16:12:03.308Z] [DEBUG] [7ab35f19-2eef-41d8-98db-7098d86b2ed2] Blender Output: Fra:23 Mem:119.20M (Peak 150.84M) | Time:00:00.44 | Rendering 64 / 64 samples

[2025-07-28T16:12:03.388Z] [DEBUG] [7ab35f19-2eef-41d8-98db-7098d86b2ed2] Blender Output: Append frame 23
Time: 00:00.52 (Saving: 00:00.03)


[2025-07-28T16:12:03.425Z] [DEBUG] [7ab35f19-2eef-41d8-98db-7098d86b2ed2] Blender Output: Fra:24 Mem:119.20M (Peak 150.84M) | Time:00:00.03 | Rendering 1 / 64 samples

[2025-07-28T16:12:03.578Z] [DEBUG] [7ab35f19-2eef-41d8-98db-7098d86b2ed2] Blender Output: Fra:24 Mem:119.20M (Peak 150.84M) | Time:00:00.18 | Rendering 25 / 64 samples

[2025-07-28T16:12:03.732Z] [DEBUG] [7ab35f19-2eef-41d8-98db-7098d86b2ed2] Blender Output: Fra:24 Mem:119.20M (Peak 150.84M) | Time:00:00.34 | Rendering 50 / 64 samples

[2025-07-28T16:12:03.818Z] [DEBUG] [7ab35f19-2eef-41d8-98db-7098d86b2ed2] Blender Output: Fra:24 Mem:119.20M (Peak 150.84M) | Time:00:00.43 | Rendering 64 / 64 samples

[2025-07-28T16:12:03.897Z] [DEBUG] [7ab35f19-2eef-41d8-98db-7098d86b2ed2] Blender Output: Append frame 24
Time: 00:00.50 (Saving: 00:00.03)


[2025-07-28T16:12:03.933Z] [DEBUG] [7ab35f19-2eef-41d8-98db-7098d86b2ed2] Blender Output: Fra:25 Mem:119.20M (Peak 150.84M) | Time:00:00.03 | Rendering 1 / 64 samples

[2025-07-28T16:12:04.083Z] [DEBUG] [7ab35f19-2eef-41d8-98db-7098d86b2ed2] Blender Output: Fra:25 Mem:119.20M (Peak 150.84M) | Time:00:00.18 | Rendering 25 / 64 samples

[2025-07-28T16:12:04.238Z] [DEBUG] [7ab35f19-2eef-41d8-98db-7098d86b2ed2] Blender Output: Fra:25 Mem:119.20M (Peak 150.84M) | Time:00:00.34 | Rendering 50 / 64 samples

[2025-07-28T16:12:04.323Z] [DEBUG] [7ab35f19-2eef-41d8-98db-7098d86b2ed2] Blender Output: Fra:25 Mem:119.20M (Peak 150.84M) | Time:00:00.42 | Rendering 64 / 64 samples

[2025-07-28T16:12:04.402Z] [DEBUG] [7ab35f19-2eef-41d8-98db-7098d86b2ed2] Blender Output: Append frame 25
Time: 00:00.50 (Saving: 00:00.03)


[2025-07-28T16:12:04.438Z] [DEBUG] [7ab35f19-2eef-41d8-98db-7098d86b2ed2] Blender Output: Fra:26 Mem:119.20M (Peak 150.84M) | Time:00:00.03 | Rendering 1 / 64 samples

[2025-07-28T16:12:04.587Z] [DEBUG] [7ab35f19-2eef-41d8-98db-7098d86b2ed2] Blender Output: Fra:26 Mem:119.20M (Peak 150.84M) | Time:00:00.18 | Rendering 25 / 64 samples

[2025-07-28T16:12:04.740Z] [DEBUG] [7ab35f19-2eef-41d8-98db-7098d86b2ed2] Blender Output: Fra:26 Mem:119.20M (Peak 150.84M) | Time:00:00.33 | Rendering 50 / 64 samples

[2025-07-28T16:12:04.825Z] [DEBUG] [7ab35f19-2eef-41d8-98db-7098d86b2ed2] Blender Output: Fra:26 Mem:119.20M (Peak 150.84M) | Time:00:00.42 | Rendering 64 / 64 samples

[2025-07-28T16:12:04.906Z] [DEBUG] [7ab35f19-2eef-41d8-98db-7098d86b2ed2] Blender Output: Append frame 26
Time: 00:00.50 (Saving: 00:00.03)


[2025-07-28T16:12:04.942Z] [DEBUG] [7ab35f19-2eef-41d8-98db-7098d86b2ed2] Blender Output: Fra:27 Mem:119.20M (Peak 150.84M) | Time:00:00.03 | Rendering 1 / 64 samples

[2025-07-28T16:12:05.092Z] [DEBUG] [7ab35f19-2eef-41d8-98db-7098d86b2ed2] Blender Output: Fra:27 Mem:119.20M (Peak 150.84M) | Time:00:00.18 | Rendering 25 / 64 samples

[2025-07-28T16:12:05.245Z] [DEBUG] [7ab35f19-2eef-41d8-98db-7098d86b2ed2] Blender Output: Fra:27 Mem:119.20M (Peak 150.84M) | Time:00:00.33 | Rendering 50 / 64 samples

[2025-07-28T16:12:05.330Z] [DEBUG] [7ab35f19-2eef-41d8-98db-7098d86b2ed2] Blender Output: Fra:27 Mem:119.20M (Peak 150.84M) | Time:00:00.42 | Rendering 64 / 64 samples

[2025-07-28T16:12:05.409Z] [DEBUG] [7ab35f19-2eef-41d8-98db-7098d86b2ed2] Blender Output: Append frame 27
Time: 00:00.50 (Saving: 00:00.03)


[2025-07-28T16:12:05.445Z] [DEBUG] [7ab35f19-2eef-41d8-98db-7098d86b2ed2] Blender Output: Fra:28 Mem:119.20M (Peak 150.84M) | Time:00:00.03 | Rendering 1 / 64 samples

[2025-07-28T16:12:05.595Z] [DEBUG] [7ab35f19-2eef-41d8-98db-7098d86b2ed2] Blender Output: Fra:28 Mem:119.20M (Peak 150.84M) | Time:00:00.18 | Rendering 25 / 64 samples

[2025-07-28T16:12:05.747Z] [DEBUG] [7ab35f19-2eef-41d8-98db-7098d86b2ed2] Blender Output: Fra:28 Mem:119.20M (Peak 150.84M) | Time:00:00.33 | Rendering 50 / 64 samples

[2025-07-28T16:12:05.832Z] [DEBUG] [7ab35f19-2eef-41d8-98db-7098d86b2ed2] Blender Output: Fra:28 Mem:119.20M (Peak 150.84M) | Time:00:00.42 | Rendering 64 / 64 samples

[2025-07-28T16:12:05.907Z] [DEBUG] [7ab35f19-2eef-41d8-98db-7098d86b2ed2] Blender Output: Append frame 28
Time: 00:00.49 (Saving: 00:00.03)


[2025-07-28T16:12:05.942Z] [DEBUG] [7ab35f19-2eef-41d8-98db-7098d86b2ed2] Blender Output: Fra:29 Mem:119.20M (Peak 150.84M) | Time:00:00.03 | Rendering 1 / 64 samples

[2025-07-28T16:12:06.092Z] [DEBUG] [7ab35f19-2eef-41d8-98db-7098d86b2ed2] Blender Output: Fra:29 Mem:119.20M (Peak 150.84M) | Time:00:00.18 | Rendering 25 / 64 samples

[2025-07-28T16:12:06.245Z] [DEBUG] [7ab35f19-2eef-41d8-98db-7098d86b2ed2] Blender Output: Fra:29 Mem:119.20M (Peak 150.84M) | Time:00:00.33 | Rendering 50 / 64 samples

[2025-07-28T16:12:06.331Z] [DEBUG] [7ab35f19-2eef-41d8-98db-7098d86b2ed2] Blender Output: Fra:29 Mem:119.20M (Peak 150.84M) | Time:00:00.42 | Rendering 64 / 64 samples

[2025-07-28T16:12:06.410Z] [DEBUG] [7ab35f19-2eef-41d8-98db-7098d86b2ed2] Blender Output: Append frame 29
Time: 00:00.50 (Saving: 00:00.03)


[2025-07-28T16:12:06.447Z] [DEBUG] [7ab35f19-2eef-41d8-98db-7098d86b2ed2] Blender Output: Fra:30 Mem:119.20M (Peak 150.84M) | Time:00:00.03 | Rendering 1 / 64 samples

[2025-07-28T16:12:06.597Z] [DEBUG] [7ab35f19-2eef-41d8-98db-7098d86b2ed2] Blender Output: Fra:30 Mem:119.20M (Peak 150.84M) | Time:00:00.18 | Rendering 25 / 64 samples

[2025-07-28T16:12:06.752Z] [DEBUG] [7ab35f19-2eef-41d8-98db-7098d86b2ed2] Blender Output: Fra:30 Mem:119.20M (Peak 150.84M) | Time:00:00.34 | Rendering 50 / 64 samples

[2025-07-28T16:12:06.838Z] [DEBUG] [7ab35f19-2eef-41d8-98db-7098d86b2ed2] Blender Output: Fra:30 Mem:119.20M (Peak 150.84M) | Time:00:00.42 | Rendering 64 / 64 samples

[2025-07-28T16:12:06.913Z] [DEBUG] [7ab35f19-2eef-41d8-98db-7098d86b2ed2] Blender Output: Append frame 30
Time: 00:00.50 (Saving: 00:00.03)


[2025-07-28T16:12:06.950Z] [DEBUG] [7ab35f19-2eef-41d8-98db-7098d86b2ed2] Blender Output: Fra:31 Mem:119.20M (Peak 150.84M) | Time:00:00.03 | Rendering 1 / 64 samples

[2025-07-28T16:12:07.100Z] [DEBUG] [7ab35f19-2eef-41d8-98db-7098d86b2ed2] Blender Output: Fra:31 Mem:119.20M (Peak 150.84M) | Time:00:00.18 | Rendering 25 / 64 samples

[2025-07-28T16:12:07.255Z] [DEBUG] [7ab35f19-2eef-41d8-98db-7098d86b2ed2] Blender Output: Fra:31 Mem:119.20M (Peak 150.84M) | Time:00:00.34 | Rendering 50 / 64 samples

[2025-07-28T16:12:07.342Z] [DEBUG] [7ab35f19-2eef-41d8-98db-7098d86b2ed2] Blender Output: Fra:31 Mem:119.20M (Peak 150.84M) | Time:00:00.42 | Rendering 64 / 64 samples

[2025-07-28T16:12:07.423Z] [DEBUG] [7ab35f19-2eef-41d8-98db-7098d86b2ed2] Blender Output: Append frame 31
Time: 00:00.50 (Saving: 00:00.03)


[2025-07-28T16:12:07.460Z] [DEBUG] [7ab35f19-2eef-41d8-98db-7098d86b2ed2] Blender Output: Fra:32 Mem:119.20M (Peak 150.84M) | Time:00:00.03 | Rendering 1 / 64 samples

[2025-07-28T16:12:07.614Z] [DEBUG] [7ab35f19-2eef-41d8-98db-7098d86b2ed2] Blender Output: Fra:32 Mem:119.20M (Peak 150.84M) | Time:00:00.19 | Rendering 25 / 64 samples

[2025-07-28T16:12:07.778Z] [DEBUG] [7ab35f19-2eef-41d8-98db-7098d86b2ed2] Blender Output: Fra:32 Mem:119.20M (Peak 150.84M) | Time:00:00.35 | Rendering 50 / 64 samples

[2025-07-28T16:12:07.865Z] [DEBUG] [7ab35f19-2eef-41d8-98db-7098d86b2ed2] Blender Output: Fra:32 Mem:119.20M (Peak 150.84M) | Time:00:00.44 | Rendering 64 / 64 samples

[2025-07-28T16:12:07.946Z] [DEBUG] [7ab35f19-2eef-41d8-98db-7098d86b2ed2] Blender Output: Append frame 32
Time: 00:00.52 (Saving: 00:00.03)


[2025-07-28T16:12:07.982Z] [DEBUG] [7ab35f19-2eef-41d8-98db-7098d86b2ed2] Blender Output: Fra:33 Mem:119.20M (Peak 150.84M) | Time:00:00.03 | Rendering 1 / 64 samples

[2025-07-28T16:12:08.134Z] [DEBUG] [7ab35f19-2eef-41d8-98db-7098d86b2ed2] Blender Output: Fra:33 Mem:119.20M (Peak 150.84M) | Time:00:00.18 | Rendering 25 / 64 samples

[2025-07-28T16:12:08.292Z] [DEBUG] [7ab35f19-2eef-41d8-98db-7098d86b2ed2] Blender Output: Fra:33 Mem:119.20M (Peak 150.84M) | Time:00:00.34 | Rendering 50 / 64 samples

[2025-07-28T16:12:08.380Z] [DEBUG] [7ab35f19-2eef-41d8-98db-7098d86b2ed2] Blender Output: Fra:33 Mem:119.20M (Peak 150.84M) | Time:00:00.43 | Rendering 64 / 64 samples

[2025-07-28T16:12:08.456Z] [DEBUG] [7ab35f19-2eef-41d8-98db-7098d86b2ed2] Blender Output: Append frame 33
Time: 00:00.51 (Saving: 00:00.03)


[2025-07-28T16:12:08.492Z] [DEBUG] [7ab35f19-2eef-41d8-98db-7098d86b2ed2] Blender Output: Fra:34 Mem:119.20M (Peak 150.84M) | Time:00:00.03 | Rendering 1 / 64 samples

[2025-07-28T16:12:08.644Z] [DEBUG] [7ab35f19-2eef-41d8-98db-7098d86b2ed2] Blender Output: Fra:34 Mem:119.20M (Peak 150.84M) | Time:00:00.18 | Rendering 25 / 64 samples

[2025-07-28T16:12:08.798Z] [DEBUG] [7ab35f19-2eef-41d8-98db-7098d86b2ed2] Blender Output: Fra:34 Mem:119.20M (Peak 150.84M) | Time:00:00.34 | Rendering 50 / 64 samples

[2025-07-28T16:12:08.886Z] [DEBUG] [7ab35f19-2eef-41d8-98db-7098d86b2ed2] Blender Output: Fra:34 Mem:119.20M (Peak 150.84M) | Time:00:00.42 | Rendering 64 / 64 samples

[2025-07-28T16:12:08.963Z] [DEBUG] [7ab35f19-2eef-41d8-98db-7098d86b2ed2] Blender Output: Append frame 34
Time: 00:00.50 (Saving: 00:00.03)


[2025-07-28T16:12:08.999Z] [DEBUG] [7ab35f19-2eef-41d8-98db-7098d86b2ed2] Blender Output: Fra:35 Mem:119.20M (Peak 150.84M) | Time:00:00.03 | Rendering 1 / 64 samples

[2025-07-28T16:12:09.152Z] [DEBUG] [7ab35f19-2eef-41d8-98db-7098d86b2ed2] Blender Output: Fra:35 Mem:119.20M (Peak 150.84M) | Time:00:00.18 | Rendering 25 / 64 samples

[2025-07-28T16:12:09.310Z] [DEBUG] [7ab35f19-2eef-41d8-98db-7098d86b2ed2] Blender Output: Fra:35 Mem:119.20M (Peak 150.84M) | Time:00:00.34 | Rendering 50 / 64 samples

[2025-07-28T16:12:09.399Z] [DEBUG] [7ab35f19-2eef-41d8-98db-7098d86b2ed2] Blender Output: Fra:35 Mem:119.20M (Peak 150.84M) | Time:00:00.43 | Rendering 64 / 64 samples

[2025-07-28T16:12:09.475Z] [DEBUG] [7ab35f19-2eef-41d8-98db-7098d86b2ed2] Blender Output: Append frame 35
Time: 00:00.51 (Saving: 00:00.03)


[2025-07-28T16:12:09.512Z] [DEBUG] [7ab35f19-2eef-41d8-98db-7098d86b2ed2] Blender Output: Fra:36 Mem:119.20M (Peak 150.84M) | Time:00:00.03 | Rendering 1 / 64 samples

[2025-07-28T16:12:09.662Z] [DEBUG] [7ab35f19-2eef-41d8-98db-7098d86b2ed2] Blender Output: Fra:36 Mem:119.20M (Peak 150.84M) | Time:00:00.18 | Rendering 25 / 64 samples

[2025-07-28T16:12:09.816Z] [DEBUG] [7ab35f19-2eef-41d8-98db-7098d86b2ed2] Blender Output: Fra:36 Mem:119.20M (Peak 150.84M) | Time:00:00.34 | Rendering 50 / 64 samples

[2025-07-28T16:12:09.903Z] [DEBUG] [7ab35f19-2eef-41d8-98db-7098d86b2ed2] Blender Output: Fra:36 Mem:119.20M (Peak 150.84M) | Time:00:00.42 | Rendering 64 / 64 samples

[2025-07-28T16:12:09.982Z] [DEBUG] [7ab35f19-2eef-41d8-98db-7098d86b2ed2] Blender Output: Append frame 36
Time: 00:00.50 (Saving: 00:00.03)


[2025-07-28T16:12:10.019Z] [DEBUG] [7ab35f19-2eef-41d8-98db-7098d86b2ed2] Blender Output: Fra:37 Mem:119.20M (Peak 150.84M) | Time:00:00.03 | Rendering 1 / 64 samples

[2025-07-28T16:12:10.176Z] [DEBUG] [7ab35f19-2eef-41d8-98db-7098d86b2ed2] Blender Output: Fra:37 Mem:119.20M (Peak 150.84M) | Time:00:00.19 | Rendering 25 / 64 samples

[2025-07-28T16:12:10.335Z] [DEBUG] [7ab35f19-2eef-41d8-98db-7098d86b2ed2] Blender Output: Fra:37 Mem:119.20M (Peak 150.84M) | Time:00:00.35 | Rendering 50 / 64 samples

[2025-07-28T16:12:10.424Z] [DEBUG] [7ab35f19-2eef-41d8-98db-7098d86b2ed2] Blender Output: Fra:37 Mem:119.20M (Peak 150.84M) | Time:00:00.44 | Rendering 64 / 64 samples

[2025-07-28T16:12:10.502Z] [DEBUG] [7ab35f19-2eef-41d8-98db-7098d86b2ed2] Blender Output: Append frame 37
Time: 00:00.51 (Saving: 00:00.03)


[2025-07-28T16:12:10.537Z] [DEBUG] [7ab35f19-2eef-41d8-98db-7098d86b2ed2] Blender Output: Fra:38 Mem:119.20M (Peak 150.84M) | Time:00:00.03 | Rendering 1 / 64 samples

[2025-07-28T16:12:10.688Z] [DEBUG] [7ab35f19-2eef-41d8-98db-7098d86b2ed2] Blender Output: Fra:38 Mem:119.20M (Peak 150.84M) | Time:00:00.18 | Rendering 25 / 64 samples

[2025-07-28T16:12:10.843Z] [DEBUG] [7ab35f19-2eef-41d8-98db-7098d86b2ed2] Blender Output: Fra:38 Mem:119.20M (Peak 150.84M) | Time:00:00.34 | Rendering 50 / 64 samples

[2025-07-28T16:12:10.930Z] [DEBUG] [7ab35f19-2eef-41d8-98db-7098d86b2ed2] Blender Output: Fra:38 Mem:119.20M (Peak 150.84M) | Time:00:00.42 | Rendering 64 / 64 samples

[2025-07-28T16:12:11.010Z] [DEBUG] [7ab35f19-2eef-41d8-98db-7098d86b2ed2] Blender Output: Append frame 38
Time: 00:00.50 (Saving: 00:00.03)


[2025-07-28T16:12:11.046Z] [DEBUG] [7ab35f19-2eef-41d8-98db-7098d86b2ed2] Blender Output: Fra:39 Mem:119.20M (Peak 150.84M) | Time:00:00.03 | Rendering 1 / 64 samples

[2025-07-28T16:12:11.197Z] [DEBUG] [7ab35f19-2eef-41d8-98db-7098d86b2ed2] Blender Output: Fra:39 Mem:119.20M (Peak 150.84M) | Time:00:00.18 | Rendering 25 / 64 samples

[2025-07-28T16:12:11.352Z] [DEBUG] [7ab35f19-2eef-41d8-98db-7098d86b2ed2] Blender Output: Fra:39 Mem:119.20M (Peak 150.84M) | Time:00:00.34 | Rendering 50 / 64 samples

[2025-07-28T16:12:11.439Z] [DEBUG] [7ab35f19-2eef-41d8-98db-7098d86b2ed2] Blender Output: Fra:39 Mem:119.20M (Peak 150.84M) | Time:00:00.42 | Rendering 64 / 64 samples

[2025-07-28T16:12:11.517Z] [DEBUG] [7ab35f19-2eef-41d8-98db-7098d86b2ed2] Blender Output: Append frame 39
Time: 00:00.50 (Saving: 00:00.03)


[2025-07-28T16:12:11.553Z] [DEBUG] [7ab35f19-2eef-41d8-98db-7098d86b2ed2] Blender Output: Fra:40 Mem:119.20M (Peak 150.84M) | Time:00:00.03 | Rendering 1 / 64 samples

[2025-07-28T16:12:11.704Z] [DEBUG] [7ab35f19-2eef-41d8-98db-7098d86b2ed2] Blender Output: Fra:40 Mem:119.20M (Peak 150.84M) | Time:00:00.18 | Rendering 25 / 64 samples

[2025-07-28T16:12:11.857Z] [DEBUG] [7ab35f19-2eef-41d8-98db-7098d86b2ed2] Blender Output: Fra:40 Mem:119.20M (Peak 150.84M) | Time:00:00.34 | Rendering 50 / 64 samples

[2025-07-28T16:12:11.942Z] [DEBUG] [7ab35f19-2eef-41d8-98db-7098d86b2ed2] Blender Output: Fra:40 Mem:119.20M (Peak 150.84M) | Time:00:00.42 | Rendering 64 / 64 samples

[2025-07-28T16:12:12.018Z] [DEBUG] [7ab35f19-2eef-41d8-98db-7098d86b2ed2] Blender Output: Append frame 40
Time: 00:00.50 (Saving: 00:00.03)


[2025-07-28T16:12:12.054Z] [DEBUG] [7ab35f19-2eef-41d8-98db-7098d86b2ed2] Blender Output: Fra:41 Mem:119.20M (Peak 150.84M) | Time:00:00.03 | Rendering 1 / 64 samples

[2025-07-28T16:12:12.207Z] [DEBUG] [7ab35f19-2eef-41d8-98db-7098d86b2ed2] Blender Output: Fra:41 Mem:119.20M (Peak 150.84M) | Time:00:00.18 | Rendering 25 / 64 samples

[2025-07-28T16:12:12.362Z] [DEBUG] [7ab35f19-2eef-41d8-98db-7098d86b2ed2] Blender Output: Fra:41 Mem:119.20M (Peak 150.84M) | Time:00:00.34 | Rendering 50 / 64 samples

[2025-07-28T16:12:12.455Z] [DEBUG] [7ab35f19-2eef-41d8-98db-7098d86b2ed2] Blender Output: Fra:41 Mem:119.20M (Peak 150.84M) | Time:00:00.43 | Rendering 64 / 64 samples

[2025-07-28T16:12:12.530Z] [DEBUG] [7ab35f19-2eef-41d8-98db-7098d86b2ed2] Blender Output: Append frame 41
Time: 00:00.51 (Saving: 00:00.03)


[2025-07-28T16:12:12.566Z] [DEBUG] [7ab35f19-2eef-41d8-98db-7098d86b2ed2] Blender Output: Fra:42 Mem:119.20M (Peak 150.84M) | Time:00:00.03 | Rendering 1 / 64 samples

[2025-07-28T16:12:12.718Z] [DEBUG] [7ab35f19-2eef-41d8-98db-7098d86b2ed2] Blender Output: Fra:42 Mem:119.20M (Peak 150.84M) | Time:00:00.18 | Rendering 25 / 64 samples

[2025-07-28T16:12:12.871Z] [DEBUG] [7ab35f19-2eef-41d8-98db-7098d86b2ed2] Blender Output: Fra:42 Mem:119.20M (Peak 150.84M) | Time:00:00.34 | Rendering 50 / 64 samples

[2025-07-28T16:12:12.960Z] [DEBUG] [7ab35f19-2eef-41d8-98db-7098d86b2ed2] Blender Output: Fra:42 Mem:119.20M (Peak 150.84M) | Time:00:00.42 | Rendering 64 / 64 samples

[2025-07-28T16:12:13.039Z] [DEBUG] [7ab35f19-2eef-41d8-98db-7098d86b2ed2] Blender Output: Append frame 42
Time: 00:00.50 (Saving: 00:00.03)


[2025-07-28T16:12:13.076Z] [DEBUG] [7ab35f19-2eef-41d8-98db-7098d86b2ed2] Blender Output: Fra:43 Mem:119.20M (Peak 150.84M) | Time:00:00.03 | Rendering 1 / 64 samples

[2025-07-28T16:12:13.228Z] [DEBUG] [7ab35f19-2eef-41d8-98db-7098d86b2ed2] Blender Output: Fra:43 Mem:119.20M (Peak 150.84M) | Time:00:00.18 | Rendering 25 / 64 samples

[2025-07-28T16:12:13.384Z] [DEBUG] [7ab35f19-2eef-41d8-98db-7098d86b2ed2] Blender Output: Fra:43 Mem:119.20M (Peak 150.84M) | Time:00:00.34 | Rendering 50 / 64 samples

[2025-07-28T16:12:13.472Z] [DEBUG] [7ab35f19-2eef-41d8-98db-7098d86b2ed2] Blender Output: Fra:43 Mem:119.20M (Peak 150.84M) | Time:00:00.43 | Rendering 64 / 64 samples

[2025-07-28T16:12:13.550Z] [DEBUG] [7ab35f19-2eef-41d8-98db-7098d86b2ed2] Blender Output: Append frame 43
Time: 00:00.51 (Saving: 00:00.03)


[2025-07-28T16:12:13.587Z] [DEBUG] [7ab35f19-2eef-41d8-98db-7098d86b2ed2] Blender Output: Fra:44 Mem:119.20M (Peak 150.84M) | Time:00:00.03 | Rendering 1 / 64 samples

[2025-07-28T16:12:13.738Z] [DEBUG] [7ab35f19-2eef-41d8-98db-7098d86b2ed2] Blender Output: Fra:44 Mem:119.20M (Peak 150.84M) | Time:00:00.18 | Rendering 25 / 64 samples

[2025-07-28T16:12:13.894Z] [DEBUG] [7ab35f19-2eef-41d8-98db-7098d86b2ed2] Blender Output: Fra:44 Mem:119.20M (Peak 150.84M) | Time:00:00.34 | Rendering 50 / 64 samples

[2025-07-28T16:12:13.983Z] [DEBUG] [7ab35f19-2eef-41d8-98db-7098d86b2ed2] Blender Output: Fra:44 Mem:119.20M (Peak 150.84M) | Time:00:00.43 | Rendering 64 / 64 samples

[2025-07-28T16:12:14.062Z] [DEBUG] [7ab35f19-2eef-41d8-98db-7098d86b2ed2] Blender Output: Append frame 44
Time: 00:00.51 (Saving: 00:00.03)


[2025-07-28T16:12:14.098Z] [DEBUG] [7ab35f19-2eef-41d8-98db-7098d86b2ed2] Blender Output: Fra:45 Mem:119.20M (Peak 150.84M) | Time:00:00.03 | Rendering 1 / 64 samples

[2025-07-28T16:12:14.252Z] [DEBUG] [7ab35f19-2eef-41d8-98db-7098d86b2ed2] Blender Output: Fra:45 Mem:119.20M (Peak 150.84M) | Time:00:00.19 | Rendering 25 / 64 samples

[2025-07-28T16:12:14.410Z] [DEBUG] [7ab35f19-2eef-41d8-98db-7098d86b2ed2] Blender Output: Fra:45 Mem:119.20M (Peak 150.84M) | Time:00:00.34 | Rendering 50 / 64 samples

[2025-07-28T16:12:14.498Z] [DEBUG] [7ab35f19-2eef-41d8-98db-7098d86b2ed2] Blender Output: Fra:45 Mem:119.20M (Peak 150.84M) | Time:00:00.43 | Rendering 64 / 64 samples

[2025-07-28T16:12:14.577Z] [DEBUG] [7ab35f19-2eef-41d8-98db-7098d86b2ed2] Blender Output: Append frame 45
Time: 00:00.51 (Saving: 00:00.03)


[2025-07-28T16:12:14.613Z] [DEBUG] [7ab35f19-2eef-41d8-98db-7098d86b2ed2] Blender Output: Fra:46 Mem:119.20M (Peak 150.84M) | Time:00:00.03 | Rendering 1 / 64 samples

[2025-07-28T16:12:14.766Z] [DEBUG] [7ab35f19-2eef-41d8-98db-7098d86b2ed2] Blender Output: Fra:46 Mem:119.20M (Peak 150.84M) | Time:00:00.18 | Rendering 25 / 64 samples

[2025-07-28T16:12:14.922Z] [DEBUG] [7ab35f19-2eef-41d8-98db-7098d86b2ed2] Blender Output: Fra:46 Mem:119.20M (Peak 150.84M) | Time:00:00.34 | Rendering 50 / 64 samples

[2025-07-28T16:12:15.009Z] [DEBUG] [7ab35f19-2eef-41d8-98db-7098d86b2ed2] Blender Output: Fra:46 Mem:119.20M (Peak 150.84M) | Time:00:00.43 | Rendering 64 / 64 samples

[2025-07-28T16:12:15.087Z] [DEBUG] [7ab35f19-2eef-41d8-98db-7098d86b2ed2] Blender Output: Append frame 46
Time: 00:00.51 (Saving: 00:00.03)


[2025-07-28T16:12:15.123Z] [DEBUG] [7ab35f19-2eef-41d8-98db-7098d86b2ed2] Blender Output: Fra:47 Mem:119.20M (Peak 150.84M) | Time:00:00.03 | Rendering 1 / 64 samples

[2025-07-28T16:12:15.284Z] [DEBUG] [7ab35f19-2eef-41d8-98db-7098d86b2ed2] Blender Output: Fra:47 Mem:119.20M (Peak 150.84M) | Time:00:00.19 | Rendering 25 / 64 samples

[2025-07-28T16:12:15.449Z] [DEBUG] [7ab35f19-2eef-41d8-98db-7098d86b2ed2] Blender Output: Fra:47 Mem:119.20M (Peak 150.84M) | Time:00:00.36 | Rendering 50 / 64 samples

[2025-07-28T16:12:15.541Z] [DEBUG] [7ab35f19-2eef-41d8-98db-7098d86b2ed2] Blender Output: Fra:47 Mem:119.20M (Peak 150.84M) | Time:00:00.45 | Rendering 64 / 64 samples

[2025-07-28T16:12:15.619Z] [DEBUG] [7ab35f19-2eef-41d8-98db-7098d86b2ed2] Blender Output: Append frame 47
Time: 00:00.53 (Saving: 00:00.03)


[2025-07-28T16:12:15.657Z] [DEBUG] [7ab35f19-2eef-41d8-98db-7098d86b2ed2] Blender Output: Fra:48 Mem:119.20M (Peak 150.84M) | Time:00:00.03 | Rendering 1 / 64 samples

[2025-07-28T16:12:15.816Z] [DEBUG] [7ab35f19-2eef-41d8-98db-7098d86b2ed2] Blender Output: Fra:48 Mem:119.20M (Peak 150.84M) | Time:00:00.19 | Rendering 25 / 64 samples

[2025-07-28T16:12:15.978Z] [DEBUG] [7ab35f19-2eef-41d8-98db-7098d86b2ed2] Blender Output: Fra:48 Mem:119.20M (Peak 150.84M) | Time:00:00.35 | Rendering 50 / 64 samples

[2025-07-28T16:12:16.065Z] [DEBUG] [7ab35f19-2eef-41d8-98db-7098d86b2ed2] Blender Output: Fra:48 Mem:119.20M (Peak 150.84M) | Time:00:00.44 | Rendering 64 / 64 samples

[2025-07-28T16:12:16.143Z] [DEBUG] [7ab35f19-2eef-41d8-98db-7098d86b2ed2] Blender Output: Append frame 48
Time: 00:00.52 (Saving: 00:00.03)


[2025-07-28T16:12:16.180Z] [DEBUG] [7ab35f19-2eef-41d8-98db-7098d86b2ed2] Blender Output: Fra:49 Mem:119.20M (Peak 150.84M) | Time:00:00.03 | Rendering 1 / 64 samples

[2025-07-28T16:12:16.333Z] [DEBUG] [7ab35f19-2eef-41d8-98db-7098d86b2ed2] Blender Output: Fra:49 Mem:119.20M (Peak 150.84M) | Time:00:00.19 | Rendering 25 / 64 samples

[2025-07-28T16:12:16.489Z] [DEBUG] [7ab35f19-2eef-41d8-98db-7098d86b2ed2] Blender Output: Fra:49 Mem:119.20M (Peak 150.84M) | Time:00:00.34 | Rendering 50 / 64 samples

[2025-07-28T16:12:16.576Z] [DEBUG] [7ab35f19-2eef-41d8-98db-7098d86b2ed2] Blender Output: Fra:49 Mem:119.20M (Peak 150.84M) | Time:00:00.43 | Rendering 64 / 64 samples

[2025-07-28T16:12:16.651Z] [DEBUG] [7ab35f19-2eef-41d8-98db-7098d86b2ed2] Blender Output: Append frame 49
Time: 00:00.50 (Saving: 00:00.03)


[2025-07-28T16:12:16.687Z] [DEBUG] [7ab35f19-2eef-41d8-98db-7098d86b2ed2] Blender Output: Fra:50 Mem:119.20M (Peak 150.84M) | Time:00:00.03 | Rendering 1 / 64 samples

[2025-07-28T16:12:16.838Z] [DEBUG] [7ab35f19-2eef-41d8-98db-7098d86b2ed2] Blender Output: Fra:50 Mem:119.20M (Peak 150.84M) | Time:00:00.18 | Rendering 25 / 64 samples

[2025-07-28T16:12:16.992Z] [DEBUG] [7ab35f19-2eef-41d8-98db-7098d86b2ed2] Blender Output: Fra:50 Mem:119.20M (Peak 150.84M) | Time:00:00.34 | Rendering 50 / 64 samples

[2025-07-28T16:12:17.078Z] [DEBUG] [7ab35f19-2eef-41d8-98db-7098d86b2ed2] Blender Output: Fra:50 Mem:119.20M (Peak 150.84M) | Time:00:00.42 | Rendering 64 / 64 samples

[2025-07-28T16:12:17.154Z] [DEBUG] [7ab35f19-2eef-41d8-98db-7098d86b2ed2] Blender Output: Append frame 50
Time: 00:00.50 (Saving: 00:00.03)


[2025-07-28T16:12:17.190Z] [DEBUG] [7ab35f19-2eef-41d8-98db-7098d86b2ed2] Blender Output: Fra:51 Mem:119.20M (Peak 150.84M) | Time:00:00.03 | Rendering 1 / 64 samples

[2025-07-28T16:12:17.345Z] [DEBUG] [7ab35f19-2eef-41d8-98db-7098d86b2ed2] Blender Output: Fra:51 Mem:119.20M (Peak 150.84M) | Time:00:00.19 | Rendering 25 / 64 samples

[2025-07-28T16:12:17.503Z] [DEBUG] [7ab35f19-2eef-41d8-98db-7098d86b2ed2] Blender Output: Fra:51 Mem:119.20M (Peak 150.84M) | Time:00:00.34 | Rendering 50 / 64 samples

[2025-07-28T16:12:17.591Z] [DEBUG] [7ab35f19-2eef-41d8-98db-7098d86b2ed2] Blender Output: Fra:51 Mem:119.20M (Peak 150.84M) | Time:00:00.43 | Rendering 64 / 64 samples

[2025-07-28T16:12:17.669Z] [DEBUG] [7ab35f19-2eef-41d8-98db-7098d86b2ed2] Blender Output: Append frame 51
Time: 00:00.51 (Saving: 00:00.03)


[2025-07-28T16:12:17.704Z] [DEBUG] [7ab35f19-2eef-41d8-98db-7098d86b2ed2] Blender Output: Fra:52 Mem:119.20M (Peak 150.84M) | Time:00:00.03 | Rendering 1 / 64 samples

[2025-07-28T16:12:17.859Z] [DEBUG] [7ab35f19-2eef-41d8-98db-7098d86b2ed2] Blender Output: Fra:52 Mem:119.20M (Peak 150.84M) | Time:00:00.19 | Rendering 25 / 64 samples

[2025-07-28T16:12:18.013Z] [DEBUG] [7ab35f19-2eef-41d8-98db-7098d86b2ed2] Blender Output: Fra:52 Mem:119.20M (Peak 150.84M) | Time:00:00.34 | Rendering 50 / 64 samples

[2025-07-28T16:12:18.099Z] [DEBUG] [7ab35f19-2eef-41d8-98db-7098d86b2ed2] Blender Output: Fra:52 Mem:119.20M (Peak 150.84M) | Time:00:00.43 | Rendering 64 / 64 samples

[2025-07-28T16:12:18.176Z] [DEBUG] [7ab35f19-2eef-41d8-98db-7098d86b2ed2] Blender Output: Append frame 52
Time: 00:00.50 (Saving: 00:00.03)


[2025-07-28T16:12:18.210Z] [DEBUG] [7ab35f19-2eef-41d8-98db-7098d86b2ed2] Blender Output: Fra:53 Mem:119.20M (Peak 150.84M) | Time:00:00.03 | Rendering 1 / 64 samples

[2025-07-28T16:12:18.362Z] [DEBUG] [7ab35f19-2eef-41d8-98db-7098d86b2ed2] Blender Output: Fra:53 Mem:119.20M (Peak 150.84M) | Time:00:00.18 | Rendering 25 / 64 samples

[2025-07-28T16:12:18.514Z] [DEBUG] [7ab35f19-2eef-41d8-98db-7098d86b2ed2] Blender Output: Fra:53 Mem:119.20M (Peak 150.84M) | Time:00:00.33 | Rendering 50 / 64 samples

[2025-07-28T16:12:18.599Z] [DEBUG] [7ab35f19-2eef-41d8-98db-7098d86b2ed2] Blender Output: Fra:53 Mem:119.20M (Peak 150.84M) | Time:00:00.42 | Rendering 64 / 64 samples

[2025-07-28T16:12:18.676Z] [DEBUG] [7ab35f19-2eef-41d8-98db-7098d86b2ed2] Blender Output: Append frame 53
Time: 00:00.49 (Saving: 00:00.03)


[2025-07-28T16:12:18.713Z] [DEBUG] [7ab35f19-2eef-41d8-98db-7098d86b2ed2] Blender Output: Fra:54 Mem:119.20M (Peak 150.84M) | Time:00:00.03 | Rendering 1 / 64 samples

[2025-07-28T16:12:18.865Z] [DEBUG] [7ab35f19-2eef-41d8-98db-7098d86b2ed2] Blender Output: Fra:54 Mem:119.20M (Peak 150.84M) | Time:00:00.18 | Rendering 25 / 64 samples

[2025-07-28T16:12:19.023Z] [DEBUG] [7ab35f19-2eef-41d8-98db-7098d86b2ed2] Blender Output: Fra:54 Mem:119.20M (Peak 150.84M) | Time:00:00.34 | Rendering 50 / 64 samples

[2025-07-28T16:12:19.112Z] [DEBUG] [7ab35f19-2eef-41d8-98db-7098d86b2ed2] Blender Output: Fra:54 Mem:119.20M (Peak 150.84M) | Time:00:00.43 | Rendering 64 / 64 samples

[2025-07-28T16:12:19.188Z] [DEBUG] [7ab35f19-2eef-41d8-98db-7098d86b2ed2] Blender Output: Append frame 54
Time: 00:00.51 (Saving: 00:00.03)


[2025-07-28T16:12:19.224Z] [DEBUG] [7ab35f19-2eef-41d8-98db-7098d86b2ed2] Blender Output: Fra:55 Mem:119.20M (Peak 150.84M) | Time:00:00.03 | Rendering 1 / 64 samples

[2025-07-28T16:12:19.375Z] [DEBUG] [7ab35f19-2eef-41d8-98db-7098d86b2ed2] Blender Output: Fra:55 Mem:119.20M (Peak 150.84M) | Time:00:00.18 | Rendering 25 / 64 samples

[2025-07-28T16:12:19.529Z] [DEBUG] [7ab35f19-2eef-41d8-98db-7098d86b2ed2] Blender Output: Fra:55 Mem:119.20M (Peak 150.84M) | Time:00:00.34 | Rendering 50 / 64 samples

[2025-07-28T16:12:19.614Z] [DEBUG] [7ab35f19-2eef-41d8-98db-7098d86b2ed2] Blender Output: Fra:55 Mem:119.20M (Peak 150.84M) | Time:00:00.42 | Rendering 64 / 64 samples

[2025-07-28T16:12:19.688Z] [DEBUG] [7ab35f19-2eef-41d8-98db-7098d86b2ed2] Blender Output: Append frame 55
Time: 00:00.50 (Saving: 00:00.03)


[2025-07-28T16:12:19.725Z] [DEBUG] [7ab35f19-2eef-41d8-98db-7098d86b2ed2] Blender Output: Fra:56 Mem:119.20M (Peak 150.84M) | Time:00:00.03 | Rendering 1 / 64 samples

[2025-07-28T16:12:19.882Z] [DEBUG] [7ab35f19-2eef-41d8-98db-7098d86b2ed2] Blender Output: Fra:56 Mem:119.20M (Peak 150.84M) | Time:00:00.19 | Rendering 25 / 64 samples

[2025-07-28T16:12:20.040Z] [DEBUG] [7ab35f19-2eef-41d8-98db-7098d86b2ed2] Blender Output: Fra:56 Mem:119.20M (Peak 150.84M) | Time:00:00.35 | Rendering 50 / 64 samples

[2025-07-28T16:12:20.128Z] [DEBUG] [7ab35f19-2eef-41d8-98db-7098d86b2ed2] Blender Output: Fra:56 Mem:119.20M (Peak 150.84M) | Time:00:00.43 | Rendering 64 / 64 samples

[2025-07-28T16:12:20.205Z] [DEBUG] [7ab35f19-2eef-41d8-98db-7098d86b2ed2] Blender Output: Append frame 56
Time: 00:00.51 (Saving: 00:00.03)


[2025-07-28T16:12:20.242Z] [DEBUG] [7ab35f19-2eef-41d8-98db-7098d86b2ed2] Blender Output: Fra:57 Mem:119.20M (Peak 150.84M) | Time:00:00.03 | Rendering 1 / 64 samples

[2025-07-28T16:12:20.394Z] [DEBUG] [7ab35f19-2eef-41d8-98db-7098d86b2ed2] Blender Output: Fra:57 Mem:119.20M (Peak 150.84M) | Time:00:00.18 | Rendering 25 / 64 samples

[2025-07-28T16:12:20.547Z] [DEBUG] [7ab35f19-2eef-41d8-98db-7098d86b2ed2] Blender Output: Fra:57 Mem:119.20M (Peak 150.84M) | Time:00:00.34 | Rendering 50 / 64 samples

[2025-07-28T16:12:20.632Z] [DEBUG] [7ab35f19-2eef-41d8-98db-7098d86b2ed2] Blender Output: Fra:57 Mem:119.20M (Peak 150.84M) | Time:00:00.42 | Rendering 64 / 64 samples

[2025-07-28T16:12:20.708Z] [DEBUG] [7ab35f19-2eef-41d8-98db-7098d86b2ed2] Blender Output: Append frame 57
Time: 00:00.50 (Saving: 00:00.03)


[2025-07-28T16:12:20.744Z] [DEBUG] [7ab35f19-2eef-41d8-98db-7098d86b2ed2] Blender Output: Fra:58 Mem:119.20M (Peak 150.84M) | Time:00:00.03 | Rendering 1 / 64 samples

[2025-07-28T16:12:20.897Z] [DEBUG] [7ab35f19-2eef-41d8-98db-7098d86b2ed2] Blender Output: Fra:58 Mem:119.20M (Peak 150.84M) | Time:00:00.18 | Rendering 25 / 64 samples

[2025-07-28T16:12:21.052Z] [DEBUG] [7ab35f19-2eef-41d8-98db-7098d86b2ed2] Blender Output: Fra:58 Mem:119.20M (Peak 150.84M) | Time:00:00.34 | Rendering 50 / 64 samples

[2025-07-28T16:12:21.140Z] [DEBUG] [7ab35f19-2eef-41d8-98db-7098d86b2ed2] Blender Output: Fra:58 Mem:119.20M (Peak 150.84M) | Time:00:00.43 | Rendering 64 / 64 samples

[2025-07-28T16:12:21.214Z] [DEBUG] [7ab35f19-2eef-41d8-98db-7098d86b2ed2] Blender Output: Append frame 58
Time: 00:00.50 (Saving: 00:00.03)


[2025-07-28T16:12:21.249Z] [DEBUG] [7ab35f19-2eef-41d8-98db-7098d86b2ed2] Blender Output: Fra:59 Mem:119.20M (Peak 150.84M) | Time:00:00.03 | Rendering 1 / 64 samples

[2025-07-28T16:12:21.403Z] [DEBUG] [7ab35f19-2eef-41d8-98db-7098d86b2ed2] Blender Output: Fra:59 Mem:119.20M (Peak 150.84M) | Time:00:00.18 | Rendering 25 / 64 samples

[2025-07-28T16:12:21.561Z] [DEBUG] [7ab35f19-2eef-41d8-98db-7098d86b2ed2] Blender Output: Fra:59 Mem:119.20M (Peak 150.84M) | Time:00:00.34 | Rendering 50 / 64 samples

[2025-07-28T16:12:21.649Z] [DEBUG] [7ab35f19-2eef-41d8-98db-7098d86b2ed2] Blender Output: Fra:59 Mem:119.20M (Peak 150.84M) | Time:00:00.43 | Rendering 64 / 64 samples

[2025-07-28T16:12:21.726Z] [DEBUG] [7ab35f19-2eef-41d8-98db-7098d86b2ed2] Blender Output: Append frame 59
Time: 00:00.51 (Saving: 00:00.03)


[2025-07-28T16:12:21.763Z] [DEBUG] [7ab35f19-2eef-41d8-98db-7098d86b2ed2] Blender Output: Fra:60 Mem:119.20M (Peak 150.84M) | Time:00:00.03 | Rendering 1 / 64 samples

[2025-07-28T16:12:21.918Z] [DEBUG] [7ab35f19-2eef-41d8-98db-7098d86b2ed2] Blender Output: Fra:60 Mem:119.20M (Peak 150.84M) | Time:00:00.19 | Rendering 25 / 64 samples

[2025-07-28T16:12:22.077Z] [DEBUG] [7ab35f19-2eef-41d8-98db-7098d86b2ed2] Blender Output: Fra:60 Mem:119.20M (Peak 150.84M) | Time:00:00.35 | Rendering 50 / 64 samples

[2025-07-28T16:12:22.165Z] [DEBUG] [7ab35f19-2eef-41d8-98db-7098d86b2ed2] Blender Output: Fra:60 Mem:119.20M (Peak 150.84M) | Time:00:00.43 | Rendering 64 / 64 samples

[2025-07-28T16:12:22.241Z] [DEBUG] [7ab35f19-2eef-41d8-98db-7098d86b2ed2] Blender Output: Append frame 60
Time: 00:00.51 (Saving: 00:00.03)


[2025-07-28T16:12:22.277Z] [DEBUG] [7ab35f19-2eef-41d8-98db-7098d86b2ed2] Blender Output: Fra:61 Mem:119.20M (Peak 150.84M) | Time:00:00.03 | Rendering 1 / 64 samples

[2025-07-28T16:12:22.434Z] [DEBUG] [7ab35f19-2eef-41d8-98db-7098d86b2ed2] Blender Output: Fra:61 Mem:119.20M (Peak 150.84M) | Time:00:00.19 | Rendering 25 / 64 samples

[2025-07-28T16:12:22.594Z] [DEBUG] [7ab35f19-2eef-41d8-98db-7098d86b2ed2] Blender Output: Fra:61 Mem:119.20M (Peak 150.84M) | Time:00:00.35 | Rendering 50 / 64 samples

[2025-07-28T16:12:22.683Z] [DEBUG] [7ab35f19-2eef-41d8-98db-7098d86b2ed2] Blender Output: Fra:61 Mem:119.20M (Peak 150.84M) | Time:00:00.44 | Rendering 64 / 64 samples

[2025-07-28T16:12:22.759Z] [DEBUG] [7ab35f19-2eef-41d8-98db-7098d86b2ed2] Blender Output: Append frame 61
Time: 00:00.51 (Saving: 00:00.03)


[2025-07-28T16:12:22.796Z] [DEBUG] [7ab35f19-2eef-41d8-98db-7098d86b2ed2] Blender Output: Fra:62 Mem:119.20M (Peak 150.84M) | Time:00:00.03 | Rendering 1 / 64 samples

[2025-07-28T16:12:22.955Z] [DEBUG] [7ab35f19-2eef-41d8-98db-7098d86b2ed2] Blender Output: Fra:62 Mem:119.20M (Peak 150.84M) | Time:00:00.19 | Rendering 25 / 64 samples

[2025-07-28T16:12:23.116Z] [DEBUG] [7ab35f19-2eef-41d8-98db-7098d86b2ed2] Blender Output: Fra:62 Mem:119.20M (Peak 150.84M) | Time:00:00.35 | Rendering 50 / 64 samples

[2025-07-28T16:12:23.207Z] [DEBUG] [7ab35f19-2eef-41d8-98db-7098d86b2ed2] Blender Output: Fra:62 Mem:119.20M (Peak 150.84M) | Time:00:00.44 | Rendering 64 / 64 samples

[2025-07-28T16:12:23.281Z] [DEBUG] [7ab35f19-2eef-41d8-98db-7098d86b2ed2] Blender Output: Append frame 62
Time: 00:00.52 (Saving: 00:00.03)


[2025-07-28T16:12:23.318Z] [DEBUG] [7ab35f19-2eef-41d8-98db-7098d86b2ed2] Blender Output: Fra:63 Mem:119.20M (Peak 150.84M) | Time:00:00.03 | Rendering 1 / 64 samples

[2025-07-28T16:12:23.470Z] [DEBUG] [7ab35f19-2eef-41d8-98db-7098d86b2ed2] Blender Output: Fra:63 Mem:119.20M (Peak 150.84M) | Time:00:00.18 | Rendering 25 / 64 samples

[2025-07-28T16:12:23.625Z] [DEBUG] [7ab35f19-2eef-41d8-98db-7098d86b2ed2] Blender Output: Fra:63 Mem:119.20M (Peak 150.84M) | Time:00:00.34 | Rendering 50 / 64 samples

[2025-07-28T16:12:23.712Z] [DEBUG] [7ab35f19-2eef-41d8-98db-7098d86b2ed2] Blender Output: Fra:63 Mem:119.20M (Peak 150.84M) | Time:00:00.43 | Rendering 64 / 64 samples

[2025-07-28T16:12:23.786Z] [DEBUG] [7ab35f19-2eef-41d8-98db-7098d86b2ed2] Blender Output: Append frame 63
Time: 00:00.50 (Saving: 00:00.03)


[2025-07-28T16:12:23.823Z] [DEBUG] [7ab35f19-2eef-41d8-98db-7098d86b2ed2] Blender Output: Fra:64 Mem:119.20M (Peak 150.84M) | Time:00:00.03 | Rendering 1 / 64 samples

[2025-07-28T16:12:23.976Z] [DEBUG] [7ab35f19-2eef-41d8-98db-7098d86b2ed2] Blender Output: Fra:64 Mem:119.20M (Peak 150.84M) | Time:00:00.18 | Rendering 25 / 64 samples

[2025-07-28T16:12:24.130Z] [DEBUG] [7ab35f19-2eef-41d8-98db-7098d86b2ed2] Blender Output: Fra:64 Mem:119.20M (Peak 150.84M) | Time:00:00.34 | Rendering 50 / 64 samples

[2025-07-28T16:12:24.219Z] [DEBUG] [7ab35f19-2eef-41d8-98db-7098d86b2ed2] Blender Output: Fra:64 Mem:119.20M (Peak 150.84M) | Time:00:00.43 | Rendering 64 / 64 samples

[2025-07-28T16:12:24.296Z] [DEBUG] [7ab35f19-2eef-41d8-98db-7098d86b2ed2] Blender Output: Append frame 64
Time: 00:00.50 (Saving: 00:00.03)


[2025-07-28T16:12:24.332Z] [DEBUG] [7ab35f19-2eef-41d8-98db-7098d86b2ed2] Blender Output: Fra:65 Mem:119.20M (Peak 150.84M) | Time:00:00.03 | Rendering 1 / 64 samples

[2025-07-28T16:12:24.484Z] [DEBUG] [7ab35f19-2eef-41d8-98db-7098d86b2ed2] Blender Output: Fra:65 Mem:119.20M (Peak 150.84M) | Time:00:00.18 | Rendering 25 / 64 samples

[2025-07-28T16:12:24.637Z] [DEBUG] [7ab35f19-2eef-41d8-98db-7098d86b2ed2] Blender Output: Fra:65 Mem:119.20M (Peak 150.84M) | Time:00:00.34 | Rendering 50 / 64 samples

[2025-07-28T16:12:24.723Z] [DEBUG] [7ab35f19-2eef-41d8-98db-7098d86b2ed2] Blender Output: Fra:65 Mem:119.20M (Peak 150.84M) | Time:00:00.42 | Rendering 64 / 64 samples

[2025-07-28T16:12:24.796Z] [DEBUG] [7ab35f19-2eef-41d8-98db-7098d86b2ed2] Blender Output: Append frame 65
Time: 00:00.50 (Saving: 00:00.03)


[2025-07-28T16:12:24.833Z] [DEBUG] [7ab35f19-2eef-41d8-98db-7098d86b2ed2] Blender Output: Fra:66 Mem:119.20M (Peak 150.84M) | Time:00:00.03 | Rendering 1 / 64 samples

[2025-07-28T16:12:24.984Z] [DEBUG] [7ab35f19-2eef-41d8-98db-7098d86b2ed2] Blender Output: Fra:66 Mem:119.20M (Peak 150.84M) | Time:00:00.18 | Rendering 25 / 64 samples

[2025-07-28T16:12:25.138Z] [DEBUG] [7ab35f19-2eef-41d8-98db-7098d86b2ed2] Blender Output: Fra:66 Mem:119.20M (Peak 150.84M) | Time:00:00.34 | Rendering 50 / 64 samples

[2025-07-28T16:12:25.225Z] [DEBUG] [7ab35f19-2eef-41d8-98db-7098d86b2ed2] Blender Output: Fra:66 Mem:119.20M (Peak 150.84M) | Time:00:00.42 | Rendering 64 / 64 samples

[2025-07-28T16:12:25.302Z] [DEBUG] [7ab35f19-2eef-41d8-98db-7098d86b2ed2] Blender Output: Append frame 66
Time: 00:00.50 (Saving: 00:00.03)


[2025-07-28T16:12:25.340Z] [DEBUG] [7ab35f19-2eef-41d8-98db-7098d86b2ed2] Blender Output: Fra:67 Mem:119.20M (Peak 150.84M) | Time:00:00.03 | Rendering 1 / 64 samples

[2025-07-28T16:12:25.491Z] [DEBUG] [7ab35f19-2eef-41d8-98db-7098d86b2ed2] Blender Output: Fra:67 Mem:119.20M (Peak 150.84M) | Time:00:00.18 | Rendering 25 / 64 samples

[2025-07-28T16:12:25.644Z] [DEBUG] [7ab35f19-2eef-41d8-98db-7098d86b2ed2] Blender Output: Fra:67 Mem:119.20M (Peak 150.84M) | Time:00:00.34 | Rendering 50 / 64 samples

[2025-07-28T16:12:25.729Z] [DEBUG] [7ab35f19-2eef-41d8-98db-7098d86b2ed2] Blender Output: Fra:67 Mem:119.20M (Peak 150.84M) | Time:00:00.42 | Rendering 64 / 64 samples

[2025-07-28T16:12:25.807Z] [DEBUG] [7ab35f19-2eef-41d8-98db-7098d86b2ed2] Blender Output: Append frame 67
Time: 00:00.50 (Saving: 00:00.03)


[2025-07-28T16:12:25.844Z] [DEBUG] [7ab35f19-2eef-41d8-98db-7098d86b2ed2] Blender Output: Fra:68 Mem:119.20M (Peak 150.84M) | Time:00:00.03 | Rendering 1 / 64 samples

[2025-07-28T16:12:25.995Z] [DEBUG] [7ab35f19-2eef-41d8-98db-7098d86b2ed2] Blender Output: Fra:68 Mem:119.20M (Peak 150.84M) | Time:00:00.18 | Rendering 25 / 64 samples

[2025-07-28T16:12:26.150Z] [DEBUG] [7ab35f19-2eef-41d8-98db-7098d86b2ed2] Blender Output: Fra:68 Mem:119.20M (Peak 150.84M) | Time:00:00.34 | Rendering 50 / 64 samples

[2025-07-28T16:12:26.237Z] [DEBUG] [7ab35f19-2eef-41d8-98db-7098d86b2ed2] Blender Output: Fra:68 Mem:119.20M (Peak 150.84M) | Time:00:00.42 | Rendering 64 / 64 samples

[2025-07-28T16:12:26.314Z] [DEBUG] [7ab35f19-2eef-41d8-98db-7098d86b2ed2] Blender Output: Append frame 68
Time: 00:00.50 (Saving: 00:00.03)


[2025-07-28T16:12:26.350Z] [DEBUG] [7ab35f19-2eef-41d8-98db-7098d86b2ed2] Blender Output: Fra:69 Mem:119.20M (Peak 150.84M) | Time:00:00.03 | Rendering 1 / 64 samples

[2025-07-28T16:12:26.505Z] [DEBUG] [7ab35f19-2eef-41d8-98db-7098d86b2ed2] Blender Output: Fra:69 Mem:119.20M (Peak 150.84M) | Time:00:00.19 | Rendering 25 / 64 samples

[2025-07-28T16:12:26.661Z] [DEBUG] [7ab35f19-2eef-41d8-98db-7098d86b2ed2] Blender Output: Fra:69 Mem:119.20M (Peak 150.84M) | Time:00:00.34 | Rendering 50 / 64 samples

[2025-07-28T16:12:26.750Z] [DEBUG] [7ab35f19-2eef-41d8-98db-7098d86b2ed2] Blender Output: Fra:69 Mem:119.20M (Peak 150.84M) | Time:00:00.43 | Rendering 64 / 64 samples

[2025-07-28T16:12:26.825Z] [DEBUG] [7ab35f19-2eef-41d8-98db-7098d86b2ed2] Blender Output: Append frame 69
Time: 00:00.51 (Saving: 00:00.03)


[2025-07-28T16:12:26.862Z] [DEBUG] [7ab35f19-2eef-41d8-98db-7098d86b2ed2] Blender Output: Fra:70 Mem:119.20M (Peak 150.84M) | Time:00:00.03 | Rendering 1 / 64 samples

[2025-07-28T16:12:27.018Z] [DEBUG] [7ab35f19-2eef-41d8-98db-7098d86b2ed2] Blender Output: Fra:70 Mem:119.20M (Peak 150.84M) | Time:00:00.19 | Rendering 25 / 64 samples

[2025-07-28T16:12:27.170Z] [DEBUG] [7ab35f19-2eef-41d8-98db-7098d86b2ed2] Blender Output: Fra:70 Mem:119.20M (Peak 150.84M) | Time:00:00.34 | Rendering 50 / 64 samples

[2025-07-28T16:12:27.256Z] [DEBUG] [7ab35f19-2eef-41d8-98db-7098d86b2ed2] Blender Output: Fra:70 Mem:119.20M (Peak 150.84M) | Time:00:00.43 | Rendering 64 / 64 samples

[2025-07-28T16:12:27.333Z] [DEBUG] [7ab35f19-2eef-41d8-98db-7098d86b2ed2] Blender Output: Append frame 70
Time: 00:00.50 (Saving: 00:00.03)


[2025-07-28T16:12:27.369Z] [DEBUG] [7ab35f19-2eef-41d8-98db-7098d86b2ed2] Blender Output: Fra:71 Mem:119.20M (Peak 150.84M) | Time:00:00.03 | Rendering 1 / 64 samples

[2025-07-28T16:12:27.520Z] [DEBUG] [7ab35f19-2eef-41d8-98db-7098d86b2ed2] Blender Output: Fra:71 Mem:119.20M (Peak 150.84M) | Time:00:00.18 | Rendering 25 / 64 samples

[2025-07-28T16:12:27.673Z] [DEBUG] [7ab35f19-2eef-41d8-98db-7098d86b2ed2] Blender Output: Fra:71 Mem:119.20M (Peak 150.84M) | Time:00:00.34 | Rendering 50 / 64 samples

[2025-07-28T16:12:27.759Z] [DEBUG] [7ab35f19-2eef-41d8-98db-7098d86b2ed2] Blender Output: Fra:71 Mem:119.20M (Peak 150.84M) | Time:00:00.42 | Rendering 64 / 64 samples

[2025-07-28T16:12:27.835Z] [DEBUG] [7ab35f19-2eef-41d8-98db-7098d86b2ed2] Blender Output: Append frame 71
Time: 00:00.50 (Saving: 00:00.03)


[2025-07-28T16:12:27.871Z] [DEBUG] [7ab35f19-2eef-41d8-98db-7098d86b2ed2] Blender Output: Fra:72 Mem:119.20M (Peak 150.84M) | Time:00:00.03 | Rendering 1 / 64 samples

[2025-07-28T16:12:28.023Z] [DEBUG] [7ab35f19-2eef-41d8-98db-7098d86b2ed2] Blender Output: Fra:72 Mem:119.20M (Peak 150.84M) | Time:00:00.18 | Rendering 25 / 64 samples

[2025-07-28T16:12:28.181Z] [DEBUG] [7ab35f19-2eef-41d8-98db-7098d86b2ed2] Blender Output: Fra:72 Mem:119.20M (Peak 150.84M) | Time:00:00.34 | Rendering 50 / 64 samples

[2025-07-28T16:12:28.267Z] [DEBUG] [7ab35f19-2eef-41d8-98db-7098d86b2ed2] Blender Output: Fra:72 Mem:119.20M (Peak 150.84M) | Time:00:00.43 | Rendering 64 / 64 samples

[2025-07-28T16:12:28.344Z] [DEBUG] [7ab35f19-2eef-41d8-98db-7098d86b2ed2] Blender Output: Append frame 72
Time: 00:00.50 (Saving: 00:00.03)


[2025-07-28T16:12:28.380Z] [DEBUG] [7ab35f19-2eef-41d8-98db-7098d86b2ed2] Blender Output: Fra:73 Mem:119.20M (Peak 150.84M) | Time:00:00.03 | Rendering 1 / 64 samples

[2025-07-28T16:12:28.533Z] [DEBUG] [7ab35f19-2eef-41d8-98db-7098d86b2ed2] Blender Output: Fra:73 Mem:119.20M (Peak 150.84M) | Time:00:00.18 | Rendering 25 / 64 samples

[2025-07-28T16:12:28.689Z] [DEBUG] [7ab35f19-2eef-41d8-98db-7098d86b2ed2] Blender Output: Fra:73 Mem:119.20M (Peak 150.84M) | Time:00:00.34 | Rendering 50 / 64 samples

[2025-07-28T16:12:28.777Z] [DEBUG] [7ab35f19-2eef-41d8-98db-7098d86b2ed2] Blender Output: Fra:73 Mem:119.20M (Peak 150.84M) | Time:00:00.43 | Rendering 64 / 64 samples

[2025-07-28T16:12:28.854Z] [DEBUG] [7ab35f19-2eef-41d8-98db-7098d86b2ed2] Blender Output: Append frame 73
Time: 00:00.51 (Saving: 00:00.03)


[2025-07-28T16:12:28.892Z] [DEBUG] [7ab35f19-2eef-41d8-98db-7098d86b2ed2] Blender Output: Fra:74 Mem:119.20M (Peak 150.84M) | Time:00:00.03 | Rendering 1 / 64 samples

[2025-07-28T16:12:29.050Z] [DEBUG] [7ab35f19-2eef-41d8-98db-7098d86b2ed2] Blender Output: Fra:74 Mem:119.20M (Peak 150.84M) | Time:00:00.19 | Rendering 25 / 64 samples

[2025-07-28T16:12:29.212Z] [DEBUG] [7ab35f19-2eef-41d8-98db-7098d86b2ed2] Blender Output: Fra:74 Mem:119.20M (Peak 150.84M) | Time:00:00.35 | Rendering 50 / 64 samples

[2025-07-28T16:12:29.301Z] [DEBUG] [7ab35f19-2eef-41d8-98db-7098d86b2ed2] Blender Output: Fra:74 Mem:119.20M (Peak 150.84M) | Time:00:00.44 | Rendering 64 / 64 samples

[2025-07-28T16:12:29.377Z] [DEBUG] [7ab35f19-2eef-41d8-98db-7098d86b2ed2] Blender Output: Append frame 74
Time: 00:00.52 (Saving: 00:00.03)


[2025-07-28T16:12:29.414Z] [DEBUG] [7ab35f19-2eef-41d8-98db-7098d86b2ed2] Blender Output: Fra:75 Mem:119.20M (Peak 150.84M) | Time:00:00.03 | Rendering 1 / 64 samples

[2025-07-28T16:12:29.573Z] [DEBUG] [7ab35f19-2eef-41d8-98db-7098d86b2ed2] Blender Output: Fra:75 Mem:119.20M (Peak 150.84M) | Time:00:00.19 | Rendering 25 / 64 samples

[2025-07-28T16:12:29.733Z] [DEBUG] [7ab35f19-2eef-41d8-98db-7098d86b2ed2] Blender Output: Fra:75 Mem:119.20M (Peak 150.84M) | Time:00:00.35 | Rendering 50 / 64 samples

[2025-07-28T16:12:29.822Z] [DEBUG] [7ab35f19-2eef-41d8-98db-7098d86b2ed2] Blender Output: Fra:75 Mem:119.20M (Peak 150.84M) | Time:00:00.44 | Rendering 64 / 64 samples

[2025-07-28T16:12:29.899Z] [DEBUG] [7ab35f19-2eef-41d8-98db-7098d86b2ed2] Blender Output: Append frame 75
Time: 00:00.52 (Saving: 00:00.03)


[2025-07-28T16:12:29.935Z] [DEBUG] [7ab35f19-2eef-41d8-98db-7098d86b2ed2] Blender Output: Fra:76 Mem:119.20M (Peak 150.84M) | Time:00:00.03 | Rendering 1 / 64 samples

[2025-07-28T16:12:30.087Z] [DEBUG] [7ab35f19-2eef-41d8-98db-7098d86b2ed2] Blender Output: Fra:76 Mem:119.20M (Peak 150.84M) | Time:00:00.18 | Rendering 25 / 64 samples

[2025-07-28T16:12:30.241Z] [DEBUG] [7ab35f19-2eef-41d8-98db-7098d86b2ed2] Blender Output: Fra:76 Mem:119.20M (Peak 150.84M) | Time:00:00.34 | Rendering 50 / 64 samples

[2025-07-28T16:12:30.328Z] [DEBUG] [7ab35f19-2eef-41d8-98db-7098d86b2ed2] Blender Output: Fra:76 Mem:119.20M (Peak 150.84M) | Time:00:00.42 | Rendering 64 / 64 samples

[2025-07-28T16:12:30.402Z] [DEBUG] [7ab35f19-2eef-41d8-98db-7098d86b2ed2] Blender Output: Append frame 76
Time: 00:00.50 (Saving: 00:00.03)


[2025-07-28T16:12:30.438Z] [DEBUG] [7ab35f19-2eef-41d8-98db-7098d86b2ed2] Blender Output: Fra:77 Mem:119.20M (Peak 150.84M) | Time:00:00.03 | Rendering 1 / 64 samples

[2025-07-28T16:12:30.590Z] [DEBUG] [7ab35f19-2eef-41d8-98db-7098d86b2ed2] Blender Output: Fra:77 Mem:119.20M (Peak 150.84M) | Time:00:00.18 | Rendering 25 / 64 samples

[2025-07-28T16:12:30.746Z] [DEBUG] [7ab35f19-2eef-41d8-98db-7098d86b2ed2] Blender Output: Fra:77 Mem:119.20M (Peak 150.84M) | Time:00:00.34 | Rendering 50 / 64 samples

[2025-07-28T16:12:30.832Z] [DEBUG] [7ab35f19-2eef-41d8-98db-7098d86b2ed2] Blender Output: Fra:77 Mem:119.20M (Peak 150.84M) | Time:00:00.42 | Rendering 64 / 64 samples

[2025-07-28T16:12:30.907Z] [DEBUG] [7ab35f19-2eef-41d8-98db-7098d86b2ed2] Blender Output: Append frame 77
Time: 00:00.50 (Saving: 00:00.03)


[2025-07-28T16:12:30.944Z] [DEBUG] [7ab35f19-2eef-41d8-98db-7098d86b2ed2] Blender Output: Fra:78 Mem:119.20M (Peak 150.84M) | Time:00:00.03 | Rendering 1 / 64 samples

[2025-07-28T16:12:31.097Z] [DEBUG] [7ab35f19-2eef-41d8-98db-7098d86b2ed2] Blender Output: Fra:78 Mem:119.20M (Peak 150.84M) | Time:00:00.18 | Rendering 25 / 64 samples

[2025-07-28T16:12:31.252Z] [DEBUG] [7ab35f19-2eef-41d8-98db-7098d86b2ed2] Blender Output: Fra:78 Mem:119.20M (Peak 150.84M) | Time:00:00.34 | Rendering 50 / 64 samples

[2025-07-28T16:12:31.338Z] [DEBUG] [7ab35f19-2eef-41d8-98db-7098d86b2ed2] Blender Output: Fra:78 Mem:119.20M (Peak 150.84M) | Time:00:00.43 | Rendering 64 / 64 samples

[2025-07-28T16:12:31.412Z] [DEBUG] [7ab35f19-2eef-41d8-98db-7098d86b2ed2] Blender Output: Append frame 78
Time: 00:00.50 (Saving: 00:00.03)


[2025-07-28T16:12:31.448Z] [DEBUG] [7ab35f19-2eef-41d8-98db-7098d86b2ed2] Blender Output: Fra:79 Mem:119.20M (Peak 150.84M) | Time:00:00.03 | Rendering 1 / 64 samples

[2025-07-28T16:12:31.598Z] [DEBUG] [7ab35f19-2eef-41d8-98db-7098d86b2ed2] Blender Output: Fra:79 Mem:119.20M (Peak 150.84M) | Time:00:00.18 | Rendering 25 / 64 samples

[2025-07-28T16:12:31.753Z] [DEBUG] [7ab35f19-2eef-41d8-98db-7098d86b2ed2] Blender Output: Fra:79 Mem:119.20M (Peak 150.84M) | Time:00:00.34 | Rendering 50 / 64 samples

[2025-07-28T16:12:31.839Z] [DEBUG] [7ab35f19-2eef-41d8-98db-7098d86b2ed2] Blender Output: Fra:79 Mem:119.20M (Peak 150.84M) | Time:00:00.42 | Rendering 64 / 64 samples

[2025-07-28T16:12:31.916Z] [DEBUG] [7ab35f19-2eef-41d8-98db-7098d86b2ed2] Blender Output: Append frame 79
Time: 00:00.50 (Saving: 00:00.03)


[2025-07-28T16:12:31.953Z] [DEBUG] [7ab35f19-2eef-41d8-98db-7098d86b2ed2] Blender Output: Fra:80 Mem:119.20M (Peak 150.84M) | Time:00:00.03 | Rendering 1 / 64 samples

[2025-07-28T16:12:32.105Z] [DEBUG] [7ab35f19-2eef-41d8-98db-7098d86b2ed2] Blender Output: Fra:80 Mem:119.20M (Peak 150.84M) | Time:00:00.18 | Rendering 25 / 64 samples

[2025-07-28T16:12:32.260Z] [DEBUG] [7ab35f19-2eef-41d8-98db-7098d86b2ed2] Blender Output: Fra:80 Mem:119.20M (Peak 150.84M) | Time:00:00.34 | Rendering 50 / 64 samples

[2025-07-28T16:12:32.347Z] [DEBUG] [7ab35f19-2eef-41d8-98db-7098d86b2ed2] Blender Output: Fra:80 Mem:119.20M (Peak 150.84M) | Time:00:00.43 | Rendering 64 / 64 samples

[2025-07-28T16:12:32.424Z] [DEBUG] [7ab35f19-2eef-41d8-98db-7098d86b2ed2] Blender Output: Append frame 80
Time: 00:00.50 (Saving: 00:00.03)


[2025-07-28T16:12:32.460Z] [DEBUG] [7ab35f19-2eef-41d8-98db-7098d86b2ed2] Blender Output: Fra:81 Mem:119.20M (Peak 150.84M) | Time:00:00.03 | Rendering 1 / 64 samples

[2025-07-28T16:12:32.616Z] [DEBUG] [7ab35f19-2eef-41d8-98db-7098d86b2ed2] Blender Output: Fra:81 Mem:119.20M (Peak 150.84M) | Time:00:00.19 | Rendering 25 / 64 samples

[2025-07-28T16:12:32.770Z] [DEBUG] [7ab35f19-2eef-41d8-98db-7098d86b2ed2] Blender Output: Fra:81 Mem:119.20M (Peak 150.84M) | Time:00:00.34 | Rendering 50 / 64 samples

[2025-07-28T16:12:32.857Z] [DEBUG] [7ab35f19-2eef-41d8-98db-7098d86b2ed2] Blender Output: Fra:81 Mem:119.20M (Peak 150.84M) | Time:00:00.43 | Rendering 64 / 64 samples

[2025-07-28T16:12:32.933Z] [DEBUG] [7ab35f19-2eef-41d8-98db-7098d86b2ed2] Blender Output: Append frame 81
Time: 00:00.50 (Saving: 00:00.03)


[2025-07-28T16:12:32.970Z] [DEBUG] [7ab35f19-2eef-41d8-98db-7098d86b2ed2] Blender Output: Fra:82 Mem:119.20M (Peak 150.84M) | Time:00:00.03 | Rendering 1 / 64 samples

[2025-07-28T16:12:33.120Z] [DEBUG] [7ab35f19-2eef-41d8-98db-7098d86b2ed2] Blender Output: Fra:82 Mem:119.20M (Peak 150.84M) | Time:00:00.18 | Rendering 25 / 64 samples

[2025-07-28T16:12:33.274Z] [DEBUG] [7ab35f19-2eef-41d8-98db-7098d86b2ed2] Blender Output: Fra:82 Mem:119.20M (Peak 150.84M) | Time:00:00.34 | Rendering 50 / 64 samples

[2025-07-28T16:12:33.361Z] [DEBUG] [7ab35f19-2eef-41d8-98db-7098d86b2ed2] Blender Output: Fra:82 Mem:119.20M (Peak 150.84M) | Time:00:00.42 | Rendering 64 / 64 samples

[2025-07-28T16:12:33.438Z] [DEBUG] [7ab35f19-2eef-41d8-98db-7098d86b2ed2] Blender Output: Append frame 82
Time: 00:00.50 (Saving: 00:00.03)


[2025-07-28T16:12:33.475Z] [DEBUG] [7ab35f19-2eef-41d8-98db-7098d86b2ed2] Blender Output: Fra:83 Mem:119.20M (Peak 150.84M) | Time:00:00.03 | Rendering 1 / 64 samples

[2025-07-28T16:12:33.625Z] [DEBUG] [7ab35f19-2eef-41d8-98db-7098d86b2ed2] Blender Output: Fra:83 Mem:119.20M (Peak 150.84M) | Time:00:00.18 | Rendering 25 / 64 samples

[2025-07-28T16:12:33.778Z] [DEBUG] [7ab35f19-2eef-41d8-98db-7098d86b2ed2] Blender Output: Fra:83 Mem:119.20M (Peak 150.84M) | Time:00:00.33 | Rendering 50 / 64 samples

[2025-07-28T16:12:33.864Z] [DEBUG] [7ab35f19-2eef-41d8-98db-7098d86b2ed2] Blender Output: Fra:83 Mem:119.20M (Peak 150.84M) | Time:00:00.42 | Rendering 64 / 64 samples

[2025-07-28T16:12:33.941Z] [DEBUG] [7ab35f19-2eef-41d8-98db-7098d86b2ed2] Blender Output: Append frame 83
Time: 00:00.50 (Saving: 00:00.03)


[2025-07-28T16:12:33.977Z] [DEBUG] [7ab35f19-2eef-41d8-98db-7098d86b2ed2] Blender Output: Fra:84 Mem:119.20M (Peak 150.84M) | Time:00:00.03 | Rendering 1 / 64 samples

[2025-07-28T16:12:34.127Z] [DEBUG] [7ab35f19-2eef-41d8-98db-7098d86b2ed2] Blender Output: Fra:84 Mem:119.20M (Peak 150.84M) | Time:00:00.18 | Rendering 25 / 64 samples

[2025-07-28T16:12:34.280Z] [DEBUG] [7ab35f19-2eef-41d8-98db-7098d86b2ed2] Blender Output: Fra:84 Mem:119.20M (Peak 150.84M) | Time:00:00.33 | Rendering 50 / 64 samples

[2025-07-28T16:12:34.366Z] [DEBUG] [7ab35f19-2eef-41d8-98db-7098d86b2ed2] Blender Output: Fra:84 Mem:119.20M (Peak 150.84M) | Time:00:00.42 | Rendering 64 / 64 samples

[2025-07-28T16:12:34.443Z] [DEBUG] [7ab35f19-2eef-41d8-98db-7098d86b2ed2] Blender Output: Append frame 84
Time: 00:00.50 (Saving: 00:00.03)


[2025-07-28T16:12:34.480Z] [DEBUG] [7ab35f19-2eef-41d8-98db-7098d86b2ed2] Blender Output: Fra:85 Mem:119.20M (Peak 150.84M) | Time:00:00.03 | Rendering 1 / 64 samples

[2025-07-28T16:12:34.631Z] [DEBUG] [7ab35f19-2eef-41d8-98db-7098d86b2ed2] Blender Output: Fra:85 Mem:119.20M (Peak 150.84M) | Time:00:00.18 | Rendering 25 / 64 samples

[2025-07-28T16:12:34.783Z] [DEBUG] [7ab35f19-2eef-41d8-98db-7098d86b2ed2] Blender Output: Fra:85 Mem:119.20M (Peak 150.84M) | Time:00:00.33 | Rendering 50 / 64 samples

[2025-07-28T16:12:34.869Z] [DEBUG] [7ab35f19-2eef-41d8-98db-7098d86b2ed2] Blender Output: Fra:85 Mem:119.20M (Peak 150.84M) | Time:00:00.42 | Rendering 64 / 64 samples

[2025-07-28T16:12:34.946Z] [DEBUG] [7ab35f19-2eef-41d8-98db-7098d86b2ed2] Blender Output: Append frame 85
Time: 00:00.50 (Saving: 00:00.03)


[2025-07-28T16:12:34.984Z] [DEBUG] [7ab35f19-2eef-41d8-98db-7098d86b2ed2] Blender Output: Fra:86 Mem:119.20M (Peak 150.84M) | Time:00:00.03 | Rendering 1 / 64 samples

[2025-07-28T16:12:35.134Z] [DEBUG] [7ab35f19-2eef-41d8-98db-7098d86b2ed2] Blender Output: Fra:86 Mem:119.20M (Peak 150.84M) | Time:00:00.18 | Rendering 25 / 64 samples

[2025-07-28T16:12:35.289Z] [DEBUG] [7ab35f19-2eef-41d8-98db-7098d86b2ed2] Blender Output: Fra:86 Mem:119.20M (Peak 150.84M) | Time:00:00.34 | Rendering 50 / 64 samples

[2025-07-28T16:12:35.375Z] [DEBUG] [7ab35f19-2eef-41d8-98db-7098d86b2ed2] Blender Output: Fra:86 Mem:119.20M (Peak 150.84M) | Time:00:00.42 | Rendering 64 / 64 samples

[2025-07-28T16:12:35.449Z] [DEBUG] [7ab35f19-2eef-41d8-98db-7098d86b2ed2] Blender Output: Append frame 86
Time: 00:00.50 (Saving: 00:00.03)


[2025-07-28T16:12:35.485Z] [DEBUG] [7ab35f19-2eef-41d8-98db-7098d86b2ed2] Blender Output: Fra:87 Mem:119.20M (Peak 150.84M) | Time:00:00.03 | Rendering 1 / 64 samples

[2025-07-28T16:12:35.637Z] [DEBUG] [7ab35f19-2eef-41d8-98db-7098d86b2ed2] Blender Output: Fra:87 Mem:119.20M (Peak 150.84M) | Time:00:00.18 | Rendering 25 / 64 samples

[2025-07-28T16:12:35.792Z] [DEBUG] [7ab35f19-2eef-41d8-98db-7098d86b2ed2] Blender Output: Fra:87 Mem:119.20M (Peak 150.84M) | Time:00:00.34 | Rendering 50 / 64 samples

[2025-07-28T16:12:35.879Z] [DEBUG] [7ab35f19-2eef-41d8-98db-7098d86b2ed2] Blender Output: Fra:87 Mem:119.20M (Peak 150.84M) | Time:00:00.43 | Rendering 64 / 64 samples

[2025-07-28T16:12:35.959Z] [DEBUG] [7ab35f19-2eef-41d8-98db-7098d86b2ed2] Blender Output: Append frame 87
Time: 00:00.50 (Saving: 00:00.03)


[2025-07-28T16:12:35.996Z] [DEBUG] [7ab35f19-2eef-41d8-98db-7098d86b2ed2] Blender Output: Fra:88 Mem:119.20M (Peak 150.84M) | Time:00:00.03 | Rendering 1 / 64 samples

[2025-07-28T16:12:36.154Z] [DEBUG] [7ab35f19-2eef-41d8-98db-7098d86b2ed2] Blender Output: Fra:88 Mem:119.20M (Peak 150.84M) | Time:00:00.19 | Rendering 25 / 64 samples

[2025-07-28T16:12:36.312Z] [DEBUG] [7ab35f19-2eef-41d8-98db-7098d86b2ed2] Blender Output: Fra:88 Mem:119.20M (Peak 150.84M) | Time:00:00.35 | Rendering 50 / 64 samples

[2025-07-28T16:12:36.400Z] [DEBUG] [7ab35f19-2eef-41d8-98db-7098d86b2ed2] Blender Output: Fra:88 Mem:119.20M (Peak 150.84M) | Time:00:00.44 | Rendering 64 / 64 samples

[2025-07-28T16:12:36.480Z] [DEBUG] [7ab35f19-2eef-41d8-98db-7098d86b2ed2] Blender Output: Append frame 88
Time: 00:00.52 (Saving: 00:00.03)


[2025-07-28T16:12:36.516Z] [DEBUG] [7ab35f19-2eef-41d8-98db-7098d86b2ed2] Blender Output: Fra:89 Mem:119.20M (Peak 150.84M) | Time:00:00.03 | Rendering 1 / 64 samples

[2025-07-28T16:12:36.670Z] [DEBUG] [7ab35f19-2eef-41d8-98db-7098d86b2ed2] Blender Output: Fra:89 Mem:119.20M (Peak 150.84M) | Time:00:00.19 | Rendering 25 / 64 samples

[2025-07-28T16:12:36.827Z] [DEBUG] [7ab35f19-2eef-41d8-98db-7098d86b2ed2] Blender Output: Fra:89 Mem:119.20M (Peak 150.84M) | Time:00:00.34 | Rendering 50 / 64 samples

[2025-07-28T16:12:36.914Z] [DEBUG] [7ab35f19-2eef-41d8-98db-7098d86b2ed2] Blender Output: Fra:89 Mem:119.20M (Peak 150.84M) | Time:00:00.43 | Rendering 64 / 64 samples

[2025-07-28T16:12:36.991Z] [DEBUG] [7ab35f19-2eef-41d8-98db-7098d86b2ed2] Blender Output: Append frame 89
Time: 00:00.51 (Saving: 00:00.03)


[2025-07-28T16:12:37.028Z] [DEBUG] [7ab35f19-2eef-41d8-98db-7098d86b2ed2] Blender Output: Fra:90 Mem:119.20M (Peak 150.84M) | Time:00:00.03 | Rendering 1 / 64 samples

[2025-07-28T16:12:37.185Z] [DEBUG] [7ab35f19-2eef-41d8-98db-7098d86b2ed2] Blender Output: Fra:90 Mem:119.20M (Peak 150.84M) | Time:00:00.19 | Rendering 25 / 64 samples

[2025-07-28T16:12:37.350Z] [DEBUG] [7ab35f19-2eef-41d8-98db-7098d86b2ed2] Blender Output: Fra:90 Mem:119.20M (Peak 150.84M) | Time:00:00.35 | Rendering 50 / 64 samples

[2025-07-28T16:12:37.442Z] [DEBUG] [7ab35f19-2eef-41d8-98db-7098d86b2ed2] Blender Output: Fra:90 Mem:119.20M (Peak 150.84M) | Time:00:00.45 | Rendering 64 / 64 samples

[2025-07-28T16:12:37.520Z] [DEBUG] [7ab35f19-2eef-41d8-98db-7098d86b2ed2] Blender Output: Append frame 90
Time: 00:00.52 (Saving: 00:00.03)


[2025-07-28T16:12:37.556Z] [DEBUG] [7ab35f19-2eef-41d8-98db-7098d86b2ed2] Blender Output: Fra:91 Mem:119.20M (Peak 150.84M) | Time:00:00.03 | Rendering 1 / 64 samples

[2025-07-28T16:12:37.715Z] [DEBUG] [7ab35f19-2eef-41d8-98db-7098d86b2ed2] Blender Output: Fra:91 Mem:119.20M (Peak 150.84M) | Time:00:00.19 | Rendering 25 / 64 samples

[2025-07-28T16:12:37.878Z] [DEBUG] [7ab35f19-2eef-41d8-98db-7098d86b2ed2] Blender Output: Fra:91 Mem:119.20M (Peak 150.84M) | Time:00:00.35 | Rendering 50 / 64 samples

[2025-07-28T16:12:37.967Z] [DEBUG] [7ab35f19-2eef-41d8-98db-7098d86b2ed2] Blender Output: Fra:91 Mem:119.20M (Peak 150.84M) | Time:00:00.44 | Rendering 64 / 64 samples

[2025-07-28T16:12:38.045Z] [DEBUG] [7ab35f19-2eef-41d8-98db-7098d86b2ed2] Blender Output: Append frame 91
Time: 00:00.52 (Saving: 00:00.03)


[2025-07-28T16:12:38.082Z] [DEBUG] [7ab35f19-2eef-41d8-98db-7098d86b2ed2] Blender Output: Fra:92 Mem:119.20M (Peak 150.84M) | Time:00:00.03 | Rendering 1 / 64 samples

[2025-07-28T16:12:38.235Z] [DEBUG] [7ab35f19-2eef-41d8-98db-7098d86b2ed2] Blender Output: Fra:92 Mem:119.20M (Peak 150.84M) | Time:00:00.18 | Rendering 25 / 64 samples

[2025-07-28T16:12:38.389Z] [DEBUG] [7ab35f19-2eef-41d8-98db-7098d86b2ed2] Blender Output: Fra:92 Mem:119.20M (Peak 150.84M) | Time:00:00.34 | Rendering 50 / 64 samples

[2025-07-28T16:12:38.475Z] [DEBUG] [7ab35f19-2eef-41d8-98db-7098d86b2ed2] Blender Output: Fra:92 Mem:119.20M (Peak 150.84M) | Time:00:00.43 | Rendering 64 / 64 samples

[2025-07-28T16:12:38.551Z] [DEBUG] [7ab35f19-2eef-41d8-98db-7098d86b2ed2] Blender Output: Append frame 92
Time: 00:00.50 (Saving: 00:00.03)


[2025-07-28T16:12:38.587Z] [DEBUG] [7ab35f19-2eef-41d8-98db-7098d86b2ed2] Blender Output: Fra:93 Mem:119.20M (Peak 150.84M) | Time:00:00.03 | Rendering 1 / 64 samples

[2025-07-28T16:12:38.738Z] [DEBUG] [7ab35f19-2eef-41d8-98db-7098d86b2ed2] Blender Output: Fra:93 Mem:119.20M (Peak 150.84M) | Time:00:00.18 | Rendering 25 / 64 samples

[2025-07-28T16:12:38.893Z] [DEBUG] [7ab35f19-2eef-41d8-98db-7098d86b2ed2] Blender Output: Fra:93 Mem:119.20M (Peak 150.84M) | Time:00:00.34 | Rendering 50 / 64 samples

[2025-07-28T16:12:38.980Z] [DEBUG] [7ab35f19-2eef-41d8-98db-7098d86b2ed2] Blender Output: Fra:93 Mem:119.20M (Peak 150.84M) | Time:00:00.42 | Rendering 64 / 64 samples

[2025-07-28T16:12:39.056Z] [DEBUG] [7ab35f19-2eef-41d8-98db-7098d86b2ed2] Blender Output: Append frame 93
Time: 00:00.50 (Saving: 00:00.03)


[2025-07-28T16:12:39.093Z] [DEBUG] [7ab35f19-2eef-41d8-98db-7098d86b2ed2] Blender Output: Fra:94 Mem:119.20M (Peak 150.84M) | Time:00:00.03 | Rendering 1 / 64 samples

[2025-07-28T16:12:39.244Z] [DEBUG] [7ab35f19-2eef-41d8-98db-7098d86b2ed2] Blender Output: Fra:94 Mem:119.20M (Peak 150.84M) | Time:00:00.18 | Rendering 25 / 64 samples

[2025-07-28T16:12:39.397Z] [DEBUG] [7ab35f19-2eef-41d8-98db-7098d86b2ed2] Blender Output: Fra:94 Mem:119.20M (Peak 150.84M) | Time:00:00.34 | Rendering 50 / 64 samples

[2025-07-28T16:12:39.484Z] [DEBUG] [7ab35f19-2eef-41d8-98db-7098d86b2ed2] Blender Output: Fra:94 Mem:119.20M (Peak 150.84M) | Time:00:00.42 | Rendering 64 / 64 samples

[2025-07-28T16:12:39.557Z] [DEBUG] [7ab35f19-2eef-41d8-98db-7098d86b2ed2] Blender Output: Append frame 94
Time: 00:00.50 (Saving: 00:00.03)


[2025-07-28T16:12:39.593Z] [DEBUG] [7ab35f19-2eef-41d8-98db-7098d86b2ed2] Blender Output: Fra:95 Mem:119.20M (Peak 150.84M) | Time:00:00.03 | Rendering 1 / 64 samples

[2025-07-28T16:12:39.742Z] [DEBUG] [7ab35f19-2eef-41d8-98db-7098d86b2ed2] Blender Output: Fra:95 Mem:119.20M (Peak 150.84M) | Time:00:00.18 | Rendering 25 / 64 samples

[2025-07-28T16:12:39.895Z] [DEBUG] [7ab35f19-2eef-41d8-98db-7098d86b2ed2] Blender Output: Fra:95 Mem:119.20M (Peak 150.84M) | Time:00:00.33 | Rendering 50 / 64 samples

[2025-07-28T16:12:39.981Z] [DEBUG] [7ab35f19-2eef-41d8-98db-7098d86b2ed2] Blender Output: Fra:95 Mem:119.20M (Peak 150.84M) | Time:00:00.42 | Rendering 64 / 64 samples

[2025-07-28T16:12:40.057Z] [DEBUG] [7ab35f19-2eef-41d8-98db-7098d86b2ed2] Blender Output: Append frame 95
Time: 00:00.49 (Saving: 00:00.03)


[2025-07-28T16:12:40.094Z] [DEBUG] [7ab35f19-2eef-41d8-98db-7098d86b2ed2] Blender Output: Fra:96 Mem:119.20M (Peak 150.84M) | Time:00:00.03 | Rendering 1 / 64 samples

[2025-07-28T16:12:40.244Z] [DEBUG] [7ab35f19-2eef-41d8-98db-7098d86b2ed2] Blender Output: Fra:96 Mem:119.20M (Peak 150.84M) | Time:00:00.18 | Rendering 25 / 64 samples

[2025-07-28T16:12:40.394Z] [DEBUG] [7ab35f19-2eef-41d8-98db-7098d86b2ed2] Blender Output: Fra:96 Mem:119.20M (Peak 150.84M) | Time:00:00.33 | Rendering 50 / 64 samples

[2025-07-28T16:12:40.479Z] [DEBUG] [7ab35f19-2eef-41d8-98db-7098d86b2ed2] Blender Output: Fra:96 Mem:119.20M (Peak 150.84M) | Time:00:00.42 | Rendering 64 / 64 samples

[2025-07-28T16:12:40.553Z] [DEBUG] [7ab35f19-2eef-41d8-98db-7098d86b2ed2] Blender Output: Append frame 96
Time: 00:00.49 (Saving: 00:00.03)


[2025-07-28T16:12:40.589Z] [DEBUG] [7ab35f19-2eef-41d8-98db-7098d86b2ed2] Blender Output: Fra:97 Mem:119.20M (Peak 150.84M) | Time:00:00.03 | Rendering 1 / 64 samples

[2025-07-28T16:12:40.738Z] [DEBUG] [7ab35f19-2eef-41d8-98db-7098d86b2ed2] Blender Output: Fra:97 Mem:119.20M (Peak 150.84M) | Time:00:00.18 | Rendering 25 / 64 samples

[2025-07-28T16:12:40.891Z] [DEBUG] [7ab35f19-2eef-41d8-98db-7098d86b2ed2] Blender Output: Fra:97 Mem:119.20M (Peak 150.84M) | Time:00:00.33 | Rendering 50 / 64 samples

[2025-07-28T16:12:40.976Z] [DEBUG] [7ab35f19-2eef-41d8-98db-7098d86b2ed2] Blender Output: Fra:97 Mem:119.20M (Peak 150.84M) | Time:00:00.42 | Rendering 64 / 64 samples

[2025-07-28T16:12:41.053Z] [DEBUG] [7ab35f19-2eef-41d8-98db-7098d86b2ed2] Blender Output: Append frame 97
Time: 00:00.50 (Saving: 00:00.03)


[2025-07-28T16:12:41.090Z] [DEBUG] [7ab35f19-2eef-41d8-98db-7098d86b2ed2] Blender Output: Fra:98 Mem:119.20M (Peak 150.84M) | Time:00:00.03 | Rendering 1 / 64 samples

[2025-07-28T16:12:41.239Z] [DEBUG] [7ab35f19-2eef-41d8-98db-7098d86b2ed2] Blender Output: Fra:98 Mem:119.20M (Peak 150.84M) | Time:00:00.18 | Rendering 25 / 64 samples

[2025-07-28T16:12:41.391Z] [DEBUG] [7ab35f19-2eef-41d8-98db-7098d86b2ed2] Blender Output: Fra:98 Mem:119.20M (Peak 150.84M) | Time:00:00.33 | Rendering 50 / 64 samples

[2025-07-28T16:12:41.477Z] [DEBUG] [7ab35f19-2eef-41d8-98db-7098d86b2ed2] Blender Output: Fra:98 Mem:119.20M (Peak 150.84M) | Time:00:00.42 | Rendering 64 / 64 samples

[2025-07-28T16:12:41.555Z] [DEBUG] [7ab35f19-2eef-41d8-98db-7098d86b2ed2] Blender Output: Append frame 98
Time: 00:00.50 (Saving: 00:00.03)


[2025-07-28T16:12:41.591Z] [DEBUG] [7ab35f19-2eef-41d8-98db-7098d86b2ed2] Blender Output: Fra:99 Mem:119.20M (Peak 150.84M) | Time:00:00.03 | Rendering 1 / 64 samples

[2025-07-28T16:12:41.740Z] [DEBUG] [7ab35f19-2eef-41d8-98db-7098d86b2ed2] Blender Output: Fra:99 Mem:119.20M (Peak 150.84M) | Time:00:00.18 | Rendering 25 / 64 samples

[2025-07-28T16:12:41.892Z] [DEBUG] [7ab35f19-2eef-41d8-98db-7098d86b2ed2] Blender Output: Fra:99 Mem:119.20M (Peak 150.84M) | Time:00:00.33 | Rendering 50 / 64 samples

[2025-07-28T16:12:41.978Z] [DEBUG] [7ab35f19-2eef-41d8-98db-7098d86b2ed2] Blender Output: Fra:99 Mem:119.20M (Peak 150.84M) | Time:00:00.42 | Rendering 64 / 64 samples

[2025-07-28T16:12:42.056Z] [DEBUG] [7ab35f19-2eef-41d8-98db-7098d86b2ed2] Blender Output: Append frame 99
Time: 00:00.50 (Saving: 00:00.03)


[2025-07-28T16:12:42.093Z] [DEBUG] [7ab35f19-2eef-41d8-98db-7098d86b2ed2] Blender Output: Fra:100 Mem:119.20M (Peak 150.84M) | Time:00:00.03 | Rendering 1 / 64 samples

[2025-07-28T16:12:42.253Z] [DEBUG] [7ab35f19-2eef-41d8-98db-7098d86b2ed2] Blender Output: Fra:100 Mem:119.20M (Peak 150.84M) | Time:00:00.19 | Rendering 25 / 64 samples

[2025-07-28T16:12:42.414Z] [DEBUG] [7ab35f19-2eef-41d8-98db-7098d86b2ed2] Blender Output: Fra:100 Mem:119.20M (Peak 150.84M) | Time:00:00.35 | Rendering 50 / 64 samples

[2025-07-28T16:12:42.504Z] [DEBUG] [7ab35f19-2eef-41d8-98db-7098d86b2ed2] Blender Output: Fra:100 Mem:119.20M (Peak 150.84M) | Time:00:00.44 | Rendering 64 / 64 samples

[2025-07-28T16:12:42.580Z] [DEBUG] [7ab35f19-2eef-41d8-98db-7098d86b2ed2] Blender Output: Append frame 100
Time: 00:00.52 (Saving: 00:00.03)


[2025-07-28T16:12:42.616Z] [DEBUG] [7ab35f19-2eef-41d8-98db-7098d86b2ed2] Blender Output: Fra:101 Mem:119.20M (Peak 150.84M) | Time:00:00.03 | Rendering 1 / 64 samples

[2025-07-28T16:12:42.774Z] [DEBUG] [7ab35f19-2eef-41d8-98db-7098d86b2ed2] Blender Output: Fra:101 Mem:119.20M (Peak 150.84M) | Time:00:00.19 | Rendering 25 / 64 samples

[2025-07-28T16:12:42.932Z] [DEBUG] [7ab35f19-2eef-41d8-98db-7098d86b2ed2] Blender Output: Fra:101 Mem:119.20M (Peak 150.84M) | Time:00:00.35 | Rendering 50 / 64 samples

[2025-07-28T16:12:43.021Z] [DEBUG] [7ab35f19-2eef-41d8-98db-7098d86b2ed2] Blender Output: Fra:101 Mem:119.20M (Peak 150.84M) | Time:00:00.44 | Rendering 64 / 64 samples

[2025-07-28T16:12:43.094Z] [DEBUG] [7ab35f19-2eef-41d8-98db-7098d86b2ed2] Blender Output: Append frame 101
Time: 00:00.51 (Saving: 00:00.03)


[2025-07-28T16:12:43.130Z] [DEBUG] [7ab35f19-2eef-41d8-98db-7098d86b2ed2] Blender Output: Fra:102 Mem:119.20M (Peak 150.84M) | Time:00:00.03 | Rendering 1 / 64 samples

[2025-07-28T16:12:43.282Z] [DEBUG] [7ab35f19-2eef-41d8-98db-7098d86b2ed2] Blender Output: Fra:102 Mem:119.20M (Peak 150.84M) | Time:00:00.18 | Rendering 25 / 64 samples

[2025-07-28T16:12:43.438Z] [DEBUG] [7ab35f19-2eef-41d8-98db-7098d86b2ed2] Blender Output: Fra:102 Mem:119.20M (Peak 150.84M) | Time:00:00.34 | Rendering 50 / 64 samples

[2025-07-28T16:12:43.525Z] [DEBUG] [7ab35f19-2eef-41d8-98db-7098d86b2ed2] Blender Output: Fra:102 Mem:119.20M (Peak 150.84M) | Time:00:00.43 | Rendering 64 / 64 samples

[2025-07-28T16:12:43.604Z] [DEBUG] [7ab35f19-2eef-41d8-98db-7098d86b2ed2] Blender Output: Append frame 102
Time: 00:00.50 (Saving: 00:00.03)


[2025-07-28T16:12:43.640Z] [DEBUG] [7ab35f19-2eef-41d8-98db-7098d86b2ed2] Blender Output: Fra:103 Mem:119.20M (Peak 150.84M) | Time:00:00.03 | Rendering 1 / 64 samples

[2025-07-28T16:12:43.793Z] [DEBUG] [7ab35f19-2eef-41d8-98db-7098d86b2ed2] Blender Output: Fra:103 Mem:119.20M (Peak 150.84M) | Time:00:00.18 | Rendering 25 / 64 samples

[2025-07-28T16:12:43.949Z] [DEBUG] [7ab35f19-2eef-41d8-98db-7098d86b2ed2] Blender Output: Fra:103 Mem:119.20M (Peak 150.84M) | Time:00:00.34 | Rendering 50 / 64 samples

[2025-07-28T16:12:44.038Z] [DEBUG] [7ab35f19-2eef-41d8-98db-7098d86b2ed2] Blender Output: Fra:103 Mem:119.20M (Peak 150.84M) | Time:00:00.43 | Rendering 64 / 64 samples

[2025-07-28T16:12:44.114Z] [DEBUG] [7ab35f19-2eef-41d8-98db-7098d86b2ed2] Blender Output: Append frame 103
Time: 00:00.51 (Saving: 00:00.03)


[2025-07-28T16:12:44.152Z] [DEBUG] [7ab35f19-2eef-41d8-98db-7098d86b2ed2] Blender Output: Fra:104 Mem:119.20M (Peak 150.84M) | Time:00:00.03 | Rendering 1 / 64 samples

[2025-07-28T16:12:44.307Z] [DEBUG] [7ab35f19-2eef-41d8-98db-7098d86b2ed2] Blender Output: Fra:104 Mem:119.20M (Peak 150.84M) | Time:00:00.19 | Rendering 25 / 64 samples

[2025-07-28T16:12:44.464Z] [DEBUG] [7ab35f19-2eef-41d8-98db-7098d86b2ed2] Blender Output: Fra:104 Mem:119.20M (Peak 150.84M) | Time:00:00.34 | Rendering 50 / 64 samples

[2025-07-28T16:12:44.552Z] [DEBUG] [7ab35f19-2eef-41d8-98db-7098d86b2ed2] Blender Output: Fra:104 Mem:119.20M (Peak 150.84M) | Time:00:00.43 | Rendering 64 / 64 samples

[2025-07-28T16:12:44.627Z] [DEBUG] [7ab35f19-2eef-41d8-98db-7098d86b2ed2] Blender Output: Append frame 104
Time: 00:00.51 (Saving: 00:00.03)


[2025-07-28T16:12:44.662Z] [DEBUG] [7ab35f19-2eef-41d8-98db-7098d86b2ed2] Blender Output: Fra:105 Mem:119.20M (Peak 150.84M) | Time:00:00.03 | Rendering 1 / 64 samples

[2025-07-28T16:12:44.813Z] [DEBUG] [7ab35f19-2eef-41d8-98db-7098d86b2ed2] Blender Output: Fra:105 Mem:119.20M (Peak 150.84M) | Time:00:00.18 | Rendering 25 / 64 samples

[2025-07-28T16:12:44.968Z] [DEBUG] [7ab35f19-2eef-41d8-98db-7098d86b2ed2] Blender Output: Fra:105 Mem:119.20M (Peak 150.84M) | Time:00:00.34 | Rendering 50 / 64 samples

[2025-07-28T16:12:45.055Z] [DEBUG] [7ab35f19-2eef-41d8-98db-7098d86b2ed2] Blender Output: Fra:105 Mem:119.20M (Peak 150.84M) | Time:00:00.42 | Rendering 64 / 64 samples

[2025-07-28T16:12:45.133Z] [DEBUG] [7ab35f19-2eef-41d8-98db-7098d86b2ed2] Blender Output: Append frame 105
Time: 00:00.50 (Saving: 00:00.03)


[2025-07-28T16:12:45.170Z] [DEBUG] [7ab35f19-2eef-41d8-98db-7098d86b2ed2] Blender Output: Fra:106 Mem:119.20M (Peak 150.84M) | Time:00:00.03 | Rendering 1 / 64 samples

[2025-07-28T16:12:45.327Z] [DEBUG] [7ab35f19-2eef-41d8-98db-7098d86b2ed2] Blender Output: Fra:106 Mem:119.20M (Peak 150.84M) | Time:00:00.19 | Rendering 25 / 64 samples

[2025-07-28T16:12:45.488Z] [DEBUG] [7ab35f19-2eef-41d8-98db-7098d86b2ed2] Blender Output: Fra:106 Mem:119.20M (Peak 150.84M) | Time:00:00.35 | Rendering 50 / 64 samples

[2025-07-28T16:12:45.578Z] [DEBUG] [7ab35f19-2eef-41d8-98db-7098d86b2ed2] Blender Output: Fra:106 Mem:119.20M (Peak 150.84M) | Time:00:00.44 | Rendering 64 / 64 samples

[2025-07-28T16:12:45.654Z] [DEBUG] [7ab35f19-2eef-41d8-98db-7098d86b2ed2] Blender Output: Append frame 106
Time: 00:00.52 (Saving: 00:00.03)


[2025-07-28T16:12:45.691Z] [DEBUG] [7ab35f19-2eef-41d8-98db-7098d86b2ed2] Blender Output: Fra:107 Mem:119.20M (Peak 150.84M) | Time:00:00.03 | Rendering 1 / 64 samples

[2025-07-28T16:12:45.842Z] [DEBUG] [7ab35f19-2eef-41d8-98db-7098d86b2ed2] Blender Output: Fra:107 Mem:119.20M (Peak 150.84M) | Time:00:00.18 | Rendering 25 / 64 samples

[2025-07-28T16:12:45.997Z] [DEBUG] [7ab35f19-2eef-41d8-98db-7098d86b2ed2] Blender Output: Fra:107 Mem:119.20M (Peak 150.84M) | Time:00:00.34 | Rendering 50 / 64 samples

[2025-07-28T16:12:46.084Z] [DEBUG] [7ab35f19-2eef-41d8-98db-7098d86b2ed2] Blender Output: Fra:107 Mem:119.20M (Peak 150.84M) | Time:00:00.42 | Rendering 64 / 64 samples

[2025-07-28T16:12:46.161Z] [DEBUG] [7ab35f19-2eef-41d8-98db-7098d86b2ed2] Blender Output: Append frame 107
Time: 00:00.50 (Saving: 00:00.03)


[2025-07-28T16:12:46.199Z] [DEBUG] [7ab35f19-2eef-41d8-98db-7098d86b2ed2] Blender Output: Fra:108 Mem:119.20M (Peak 150.84M) | Time:00:00.03 | Rendering 1 / 64 samples

[2025-07-28T16:12:46.349Z] [DEBUG] [7ab35f19-2eef-41d8-98db-7098d86b2ed2] Blender Output: Fra:108 Mem:119.20M (Peak 150.84M) | Time:00:00.18 | Rendering 25 / 64 samples

[2025-07-28T16:12:46.502Z] [DEBUG] [7ab35f19-2eef-41d8-98db-7098d86b2ed2] Blender Output: Fra:108 Mem:119.20M (Peak 150.84M) | Time:00:00.34 | Rendering 50 / 64 samples

[2025-07-28T16:12:46.589Z] [DEBUG] [7ab35f19-2eef-41d8-98db-7098d86b2ed2] Blender Output: Fra:108 Mem:119.20M (Peak 150.84M) | Time:00:00.42 | Rendering 64 / 64 samples

[2025-07-28T16:12:46.664Z] [DEBUG] [7ab35f19-2eef-41d8-98db-7098d86b2ed2] Blender Output: Append frame 108
Time: 00:00.50 (Saving: 00:00.03)


[2025-07-28T16:12:46.700Z] [DEBUG] [7ab35f19-2eef-41d8-98db-7098d86b2ed2] Blender Output: Fra:109 Mem:119.20M (Peak 150.84M) | Time:00:00.03 | Rendering 1 / 64 samples

[2025-07-28T16:12:46.855Z] [DEBUG] [7ab35f19-2eef-41d8-98db-7098d86b2ed2] Blender Output: Fra:109 Mem:119.20M (Peak 150.84M) | Time:00:00.19 | Rendering 25 / 64 samples

[2025-07-28T16:12:47.015Z] [DEBUG] [7ab35f19-2eef-41d8-98db-7098d86b2ed2] Blender Output: Fra:109 Mem:119.20M (Peak 150.84M) | Time:00:00.35 | Rendering 50 / 64 samples

[2025-07-28T16:12:47.103Z] [DEBUG] [7ab35f19-2eef-41d8-98db-7098d86b2ed2] Blender Output: Fra:109 Mem:119.20M (Peak 150.84M) | Time:00:00.43 | Rendering 64 / 64 samples

[2025-07-28T16:12:47.177Z] [DEBUG] [7ab35f19-2eef-41d8-98db-7098d86b2ed2] Blender Output: Append frame 109
Time: 00:00.51 (Saving: 00:00.03)


[2025-07-28T16:12:47.214Z] [DEBUG] [7ab35f19-2eef-41d8-98db-7098d86b2ed2] Blender Output: Fra:110 Mem:119.20M (Peak 150.84M) | Time:00:00.03 | Rendering 1 / 64 samples

[2025-07-28T16:12:47.364Z] [DEBUG] [7ab35f19-2eef-41d8-98db-7098d86b2ed2] Blender Output: Fra:110 Mem:119.20M (Peak 150.84M) | Time:00:00.18 | Rendering 25 / 64 samples

[2025-07-28T16:12:47.520Z] [DEBUG] [7ab35f19-2eef-41d8-98db-7098d86b2ed2] Blender Output: Fra:110 Mem:119.20M (Peak 150.84M) | Time:00:00.34 | Rendering 50 / 64 samples

[2025-07-28T16:12:47.606Z] [DEBUG] [7ab35f19-2eef-41d8-98db-7098d86b2ed2] Blender Output: Fra:110 Mem:119.20M (Peak 150.84M) | Time:00:00.42 | Rendering 64 / 64 samples

[2025-07-28T16:12:47.684Z] [DEBUG] [7ab35f19-2eef-41d8-98db-7098d86b2ed2] Blender Output: Append frame 110
Time: 00:00.50 (Saving: 00:00.03)


[2025-07-28T16:12:47.721Z] [DEBUG] [7ab35f19-2eef-41d8-98db-7098d86b2ed2] Blender Output: Fra:111 Mem:119.20M (Peak 150.84M) | Time:00:00.03 | Rendering 1 / 64 samples

[2025-07-28T16:12:47.872Z] [DEBUG] [7ab35f19-2eef-41d8-98db-7098d86b2ed2] Blender Output: Fra:111 Mem:119.20M (Peak 150.84M) | Time:00:00.18 | Rendering 25 / 64 samples

[2025-07-28T16:12:48.027Z] [DEBUG] [7ab35f19-2eef-41d8-98db-7098d86b2ed2] Blender Output: Fra:111 Mem:119.20M (Peak 150.84M) | Time:00:00.34 | Rendering 50 / 64 samples

[2025-07-28T16:12:48.114Z] [DEBUG] [7ab35f19-2eef-41d8-98db-7098d86b2ed2] Blender Output: Fra:111 Mem:119.20M (Peak 150.84M) | Time:00:00.42 | Rendering 64 / 64 samples

[2025-07-28T16:12:48.188Z] [DEBUG] [7ab35f19-2eef-41d8-98db-7098d86b2ed2] Blender Output: Append frame 111
Time: 00:00.50 (Saving: 00:00.03)


[2025-07-28T16:12:48.225Z] [DEBUG] [7ab35f19-2eef-41d8-98db-7098d86b2ed2] Blender Output: Fra:112 Mem:119.20M (Peak 150.84M) | Time:00:00.03 | Rendering 1 / 64 samples

[2025-07-28T16:12:48.374Z] [DEBUG] [7ab35f19-2eef-41d8-98db-7098d86b2ed2] Blender Output: Fra:112 Mem:119.20M (Peak 150.84M) | Time:00:00.18 | Rendering 25 / 64 samples

[2025-07-28T16:12:48.527Z] [DEBUG] [7ab35f19-2eef-41d8-98db-7098d86b2ed2] Blender Output: Fra:112 Mem:119.20M (Peak 150.84M) | Time:00:00.33 | Rendering 50 / 64 samples

[2025-07-28T16:12:48.612Z] [DEBUG] [7ab35f19-2eef-41d8-98db-7098d86b2ed2] Blender Output: Fra:112 Mem:119.20M (Peak 150.84M) | Time:00:00.42 | Rendering 64 / 64 samples

[2025-07-28T16:12:48.690Z] [DEBUG] [7ab35f19-2eef-41d8-98db-7098d86b2ed2] Blender Output: Append frame 112
Time: 00:00.50 (Saving: 00:00.03)


[2025-07-28T16:12:48.726Z] [DEBUG] [7ab35f19-2eef-41d8-98db-7098d86b2ed2] Blender Output: Fra:113 Mem:119.20M (Peak 150.84M) | Time:00:00.03 | Rendering 1 / 64 samples

[2025-07-28T16:12:48.876Z] [DEBUG] [7ab35f19-2eef-41d8-98db-7098d86b2ed2] Blender Output: Fra:113 Mem:119.20M (Peak 150.84M) | Time:00:00.18 | Rendering 25 / 64 samples

[2025-07-28T16:12:49.028Z] [DEBUG] [7ab35f19-2eef-41d8-98db-7098d86b2ed2] Blender Output: Fra:113 Mem:119.20M (Peak 150.84M) | Time:00:00.33 | Rendering 50 / 64 samples

[2025-07-28T16:12:49.112Z] [DEBUG] [7ab35f19-2eef-41d8-98db-7098d86b2ed2] Blender Output: Fra:113 Mem:119.20M (Peak 150.84M) | Time:00:00.42 | Rendering 64 / 64 samples

[2025-07-28T16:12:49.188Z] [DEBUG] [7ab35f19-2eef-41d8-98db-7098d86b2ed2] Blender Output: Append frame 113
Time: 00:00.49 (Saving: 00:00.03)


[2025-07-28T16:12:49.225Z] [DEBUG] [7ab35f19-2eef-41d8-98db-7098d86b2ed2] Blender Output: Fra:114 Mem:119.20M (Peak 150.84M) | Time:00:00.03 | Rendering 1 / 64 samples

[2025-07-28T16:12:49.375Z] [DEBUG] [7ab35f19-2eef-41d8-98db-7098d86b2ed2] Blender Output: Fra:114 Mem:119.20M (Peak 150.84M) | Time:00:00.18 | Rendering 25 / 64 samples

[2025-07-28T16:12:49.528Z] [DEBUG] [7ab35f19-2eef-41d8-98db-7098d86b2ed2] Blender Output: Fra:114 Mem:119.20M (Peak 150.84M) | Time:00:00.34 | Rendering 50 / 64 samples

[2025-07-28T16:12:49.614Z] [DEBUG] [7ab35f19-2eef-41d8-98db-7098d86b2ed2] Blender Output: Fra:114 Mem:119.20M (Peak 150.84M) | Time:00:00.42 | Rendering 64 / 64 samples

[2025-07-28T16:12:49.691Z] [DEBUG] [7ab35f19-2eef-41d8-98db-7098d86b2ed2] Blender Output: Append frame 114
Time: 00:00.50 (Saving: 00:00.03)


[2025-07-28T16:12:49.727Z] [DEBUG] [7ab35f19-2eef-41d8-98db-7098d86b2ed2] Blender Output: Fra:115 Mem:119.20M (Peak 150.84M) | Time:00:00.03 | Rendering 1 / 64 samples

[2025-07-28T16:12:49.882Z] [DEBUG] [7ab35f19-2eef-41d8-98db-7098d86b2ed2] Blender Output: Fra:115 Mem:119.20M (Peak 150.84M) | Time:00:00.19 | Rendering 25 / 64 samples

[2025-07-28T16:12:50.038Z] [DEBUG] [7ab35f19-2eef-41d8-98db-7098d86b2ed2] Blender Output: Fra:115 Mem:119.20M (Peak 150.84M) | Time:00:00.34 | Rendering 50 / 64 samples

[2025-07-28T16:12:50.125Z] [DEBUG] [7ab35f19-2eef-41d8-98db-7098d86b2ed2] Blender Output: Fra:115 Mem:119.20M (Peak 150.84M) | Time:00:00.43 | Rendering 64 / 64 samples

[2025-07-28T16:12:50.200Z] [DEBUG] [7ab35f19-2eef-41d8-98db-7098d86b2ed2] Blender Output: Append frame 115
Time: 00:00.50 (Saving: 00:00.03)


[2025-07-28T16:12:50.236Z] [DEBUG] [7ab35f19-2eef-41d8-98db-7098d86b2ed2] Blender Output: Fra:116 Mem:119.20M (Peak 150.84M) | Time:00:00.03 | Rendering 1 / 64 samples

[2025-07-28T16:12:50.388Z] [DEBUG] [7ab35f19-2eef-41d8-98db-7098d86b2ed2] Blender Output: Fra:116 Mem:119.20M (Peak 150.84M) | Time:00:00.18 | Rendering 25 / 64 samples

[2025-07-28T16:12:50.544Z] [DEBUG] [7ab35f19-2eef-41d8-98db-7098d86b2ed2] Blender Output: Fra:116 Mem:119.20M (Peak 150.84M) | Time:00:00.34 | Rendering 50 / 64 samples

[2025-07-28T16:12:50.632Z] [DEBUG] [7ab35f19-2eef-41d8-98db-7098d86b2ed2] Blender Output: Fra:116 Mem:119.20M (Peak 150.84M) | Time:00:00.43 | Rendering 64 / 64 samples

[2025-07-28T16:12:50.708Z] [DEBUG] [7ab35f19-2eef-41d8-98db-7098d86b2ed2] Blender Output: Append frame 116
Time: 00:00.50 (Saving: 00:00.03)


[2025-07-28T16:12:50.746Z] [DEBUG] [7ab35f19-2eef-41d8-98db-7098d86b2ed2] Blender Output: Fra:117 Mem:119.20M (Peak 150.84M) | Time:00:00.03 | Rendering 1 / 64 samples

[2025-07-28T16:12:50.904Z] [DEBUG] [7ab35f19-2eef-41d8-98db-7098d86b2ed2] Blender Output: Fra:117 Mem:119.20M (Peak 150.84M) | Time:00:00.19 | Rendering 25 / 64 samples

[2025-07-28T16:12:51.061Z] [DEBUG] [7ab35f19-2eef-41d8-98db-7098d86b2ed2] Blender Output: Fra:117 Mem:119.20M (Peak 150.84M) | Time:00:00.35 | Rendering 50 / 64 samples

[2025-07-28T16:12:51.149Z] [DEBUG] [7ab35f19-2eef-41d8-98db-7098d86b2ed2] Blender Output: Fra:117 Mem:119.20M (Peak 150.84M) | Time:00:00.44 | Rendering 64 / 64 samples

[2025-07-28T16:12:51.226Z] [DEBUG] [7ab35f19-2eef-41d8-98db-7098d86b2ed2] Blender Output: Append frame 117
Time: 00:00.51 (Saving: 00:00.03)


[2025-07-28T16:12:51.262Z] [DEBUG] [7ab35f19-2eef-41d8-98db-7098d86b2ed2] Blender Output: Fra:118 Mem:119.20M (Peak 150.84M) | Time:00:00.03 | Rendering 1 / 64 samples

[2025-07-28T16:12:51.416Z] [DEBUG] [7ab35f19-2eef-41d8-98db-7098d86b2ed2] Blender Output: Fra:118 Mem:119.20M (Peak 150.84M) | Time:00:00.18 | Rendering 25 / 64 samples

[2025-07-28T16:12:51.571Z] [DEBUG] [7ab35f19-2eef-41d8-98db-7098d86b2ed2] Blender Output: Fra:118 Mem:119.20M (Peak 150.84M) | Time:00:00.34 | Rendering 50 / 64 samples

[2025-07-28T16:12:51.659Z] [DEBUG] [7ab35f19-2eef-41d8-98db-7098d86b2ed2] Blender Output: Fra:118 Mem:119.20M (Peak 150.84M) | Time:00:00.43 | Rendering 64 / 64 samples

[2025-07-28T16:12:51.731Z] [DEBUG] [7ab35f19-2eef-41d8-98db-7098d86b2ed2] Blender Output: Append frame 118
Time: 00:00.50 (Saving: 00:00.03)


[2025-07-28T16:12:51.768Z] [DEBUG] [7ab35f19-2eef-41d8-98db-7098d86b2ed2] Blender Output: Fra:119 Mem:119.20M (Peak 150.84M) | Time:00:00.03 | Rendering 1 / 64 samples

[2025-07-28T16:12:51.922Z] [DEBUG] [7ab35f19-2eef-41d8-98db-7098d86b2ed2] Blender Output: Fra:119 Mem:119.20M (Peak 150.84M) | Time:00:00.19 | Rendering 25 / 64 samples

[2025-07-28T16:12:52.079Z] [DEBUG] [7ab35f19-2eef-41d8-98db-7098d86b2ed2] Blender Output: Fra:119 Mem:119.20M (Peak 150.84M) | Time:00:00.34 | Rendering 50 / 64 samples

[2025-07-28T16:12:52.169Z] [DEBUG] [7ab35f19-2eef-41d8-98db-7098d86b2ed2] Blender Output: Fra:119 Mem:119.20M (Peak 150.84M) | Time:00:00.43 | Rendering 64 / 64 samples

[2025-07-28T16:12:52.247Z] [DEBUG] [7ab35f19-2eef-41d8-98db-7098d86b2ed2] Blender Output: Append frame 119
Time: 00:00.51 (Saving: 00:00.03)


[2025-07-28T16:12:52.283Z] [DEBUG] [7ab35f19-2eef-41d8-98db-7098d86b2ed2] Blender Output: Fra:120 Mem:119.20M (Peak 150.84M) | Time:00:00.03 | Rendering 1 / 64 samples

[2025-07-28T16:12:52.437Z] [DEBUG] [7ab35f19-2eef-41d8-98db-7098d86b2ed2] Blender Output: Fra:120 Mem:119.20M (Peak 150.84M) | Time:00:00.19 | Rendering 25 / 64 samples

[2025-07-28T16:12:52.599Z] [DEBUG] [7ab35f19-2eef-41d8-98db-7098d86b2ed2] Blender Output: Fra:120 Mem:119.20M (Peak 150.84M) | Time:00:00.35 | Rendering 50 / 64 samples

[2025-07-28T16:12:52.689Z] [DEBUG] [7ab35f19-2eef-41d8-98db-7098d86b2ed2] Blender Output: Fra:120 Mem:119.20M (Peak 150.84M) | Time:00:00.44 | Rendering 64 / 64 samples

[2025-07-28T16:12:52.763Z] [DEBUG] [7ab35f19-2eef-41d8-98db-7098d86b2ed2] Blender Output: Append frame 120
Time: 00:00.51 (Saving: 00:00.03)


[2025-07-28T16:12:52.799Z] [DEBUG] [7ab35f19-2eef-41d8-98db-7098d86b2ed2] Blender Output: Fra:121 Mem:119.20M (Peak 150.84M) | Time:00:00.03 | Rendering 1 / 64 samples

[2025-07-28T16:12:52.956Z] [DEBUG] [7ab35f19-2eef-41d8-98db-7098d86b2ed2] Blender Output: Fra:121 Mem:119.20M (Peak 150.84M) | Time:00:00.19 | Rendering 25 / 64 samples

[2025-07-28T16:12:53.113Z] [DEBUG] [7ab35f19-2eef-41d8-98db-7098d86b2ed2] Blender Output: Fra:121 Mem:119.20M (Peak 150.84M) | Time:00:00.35 | Rendering 50 / 64 samples

[2025-07-28T16:12:53.201Z] [DEBUG] [7ab35f19-2eef-41d8-98db-7098d86b2ed2] Blender Output: Fra:121 Mem:119.20M (Peak 150.84M) | Time:00:00.43 | Rendering 64 / 64 samples

[2025-07-28T16:12:53.279Z] [DEBUG] [7ab35f19-2eef-41d8-98db-7098d86b2ed2] Blender Output: Append frame 121
Time: 00:00.51 (Saving: 00:00.03)


[2025-07-28T16:12:53.315Z] [DEBUG] [7ab35f19-2eef-41d8-98db-7098d86b2ed2] Blender Output: Fra:122 Mem:119.20M (Peak 150.84M) | Time:00:00.03 | Rendering 1 / 64 samples

[2025-07-28T16:12:53.468Z] [DEBUG] [7ab35f19-2eef-41d8-98db-7098d86b2ed2] Blender Output: Fra:122 Mem:119.20M (Peak 150.84M) | Time:00:00.18 | Rendering 25 / 64 samples

[2025-07-28T16:12:53.623Z] [DEBUG] [7ab35f19-2eef-41d8-98db-7098d86b2ed2] Blender Output: Fra:122 Mem:119.20M (Peak 150.84M) | Time:00:00.34 | Rendering 50 / 64 samples

[2025-07-28T16:12:53.709Z] [DEBUG] [7ab35f19-2eef-41d8-98db-7098d86b2ed2] Blender Output: Fra:122 Mem:119.20M (Peak 150.84M) | Time:00:00.43 | Rendering 64 / 64 samples

[2025-07-28T16:12:53.785Z] [DEBUG] [7ab35f19-2eef-41d8-98db-7098d86b2ed2] Blender Output: Append frame 122
Time: 00:00.50 (Saving: 00:00.03)


[2025-07-28T16:12:53.822Z] [DEBUG] [7ab35f19-2eef-41d8-98db-7098d86b2ed2] Blender Output: Fra:123 Mem:119.20M (Peak 150.84M) | Time:00:00.03 | Rendering 1 / 64 samples

[2025-07-28T16:12:53.971Z] [DEBUG] [7ab35f19-2eef-41d8-98db-7098d86b2ed2] Blender Output: Fra:123 Mem:119.20M (Peak 150.84M) | Time:00:00.18 | Rendering 25 / 64 samples

[2025-07-28T16:12:54.122Z] [DEBUG] [7ab35f19-2eef-41d8-98db-7098d86b2ed2] Blender Output: Fra:123 Mem:119.20M (Peak 150.84M) | Time:00:00.33 | Rendering 50 / 64 samples

[2025-07-28T16:12:54.209Z] [DEBUG] [7ab35f19-2eef-41d8-98db-7098d86b2ed2] Blender Output: Fra:123 Mem:119.20M (Peak 150.84M) | Time:00:00.42 | Rendering 64 / 64 samples

[2025-07-28T16:12:54.285Z] [DEBUG] [7ab35f19-2eef-41d8-98db-7098d86b2ed2] Blender Output: Append frame 123
Time: 00:00.49 (Saving: 00:00.03)


[2025-07-28T16:12:54.321Z] [DEBUG] [7ab35f19-2eef-41d8-98db-7098d86b2ed2] Blender Output: Fra:124 Mem:119.20M (Peak 150.84M) | Time:00:00.03 | Rendering 1 / 64 samples

[2025-07-28T16:12:54.470Z] [DEBUG] [7ab35f19-2eef-41d8-98db-7098d86b2ed2] Blender Output: Fra:124 Mem:119.20M (Peak 150.84M) | Time:00:00.18 | Rendering 25 / 64 samples

[2025-07-28T16:12:54.621Z] [DEBUG] [7ab35f19-2eef-41d8-98db-7098d86b2ed2] Blender Output: Fra:124 Mem:119.20M (Peak 150.84M) | Time:00:00.33 | Rendering 50 / 64 samples

[2025-07-28T16:12:54.705Z] [DEBUG] [7ab35f19-2eef-41d8-98db-7098d86b2ed2] Blender Output: Fra:124 Mem:119.20M (Peak 150.84M) | Time:00:00.42 | Rendering 64 / 64 samples

[2025-07-28T16:12:54.778Z] [DEBUG] [7ab35f19-2eef-41d8-98db-7098d86b2ed2] Blender Output: Append frame 124
Time: 00:00.49 (Saving: 00:00.03)


[2025-07-28T16:12:54.814Z] [DEBUG] [7ab35f19-2eef-41d8-98db-7098d86b2ed2] Blender Output: Fra:125 Mem:119.20M (Peak 150.84M) | Time:00:00.03 | Rendering 1 / 64 samples

[2025-07-28T16:12:54.963Z] [DEBUG] [7ab35f19-2eef-41d8-98db-7098d86b2ed2] Blender Output: Fra:125 Mem:119.20M (Peak 150.84M) | Time:00:00.18 | Rendering 25 / 64 samples

[2025-07-28T16:12:55.114Z] [DEBUG] [7ab35f19-2eef-41d8-98db-7098d86b2ed2] Blender Output: Fra:125 Mem:119.20M (Peak 150.84M) | Time:00:00.33 | Rendering 50 / 64 samples

[2025-07-28T16:12:55.199Z] [DEBUG] [7ab35f19-2eef-41d8-98db-7098d86b2ed2] Blender Output: Fra:125 Mem:119.20M (Peak 150.84M) | Time:00:00.42 | Rendering 64 / 64 samples

[2025-07-28T16:12:55.276Z] [DEBUG] [7ab35f19-2eef-41d8-98db-7098d86b2ed2] Blender Output: Append frame 125
Time: 00:00.49 (Saving: 00:00.03)


[2025-07-28T16:12:55.313Z] [DEBUG] [7ab35f19-2eef-41d8-98db-7098d86b2ed2] Blender Output: Fra:126 Mem:119.20M (Peak 150.84M) | Time:00:00.03 | Rendering 1 / 64 samples

[2025-07-28T16:12:55.462Z] [DEBUG] [7ab35f19-2eef-41d8-98db-7098d86b2ed2] Blender Output: Fra:126 Mem:119.20M (Peak 150.84M) | Time:00:00.18 | Rendering 25 / 64 samples

[2025-07-28T16:12:55.614Z] [DEBUG] [7ab35f19-2eef-41d8-98db-7098d86b2ed2] Blender Output: Fra:126 Mem:119.20M (Peak 150.84M) | Time:00:00.33 | Rendering 50 / 64 samples

[2025-07-28T16:12:55.699Z] [DEBUG] [7ab35f19-2eef-41d8-98db-7098d86b2ed2] Blender Output: Fra:126 Mem:119.20M (Peak 150.84M) | Time:00:00.42 | Rendering 64 / 64 samples

[2025-07-28T16:12:55.776Z] [DEBUG] [7ab35f19-2eef-41d8-98db-7098d86b2ed2] Blender Output: Append frame 126
Time: 00:00.49 (Saving: 00:00.03)


[2025-07-28T16:12:55.812Z] [DEBUG] [7ab35f19-2eef-41d8-98db-7098d86b2ed2] Blender Output: Fra:127 Mem:119.20M (Peak 150.84M) | Time:00:00.03 | Rendering 1 / 64 samples

[2025-07-28T16:12:55.962Z] [DEBUG] [7ab35f19-2eef-41d8-98db-7098d86b2ed2] Blender Output: Fra:127 Mem:119.20M (Peak 150.84M) | Time:00:00.18 | Rendering 25 / 64 samples

[2025-07-28T16:12:56.113Z] [DEBUG] [7ab35f19-2eef-41d8-98db-7098d86b2ed2] Blender Output: Fra:127 Mem:119.20M (Peak 150.84M) | Time:00:00.33 | Rendering 50 / 64 samples

[2025-07-28T16:12:56.199Z] [DEBUG] [7ab35f19-2eef-41d8-98db-7098d86b2ed2] Blender Output: Fra:127 Mem:119.20M (Peak 150.84M) | Time:00:00.42 | Rendering 64 / 64 samples

[2025-07-28T16:12:56.276Z] [DEBUG] [7ab35f19-2eef-41d8-98db-7098d86b2ed2] Blender Output: Append frame 127
Time: 00:00.50 (Saving: 00:00.03)


[2025-07-28T16:12:56.312Z] [DEBUG] [7ab35f19-2eef-41d8-98db-7098d86b2ed2] Blender Output: Fra:128 Mem:119.20M (Peak 150.84M) | Time:00:00.03 | Rendering 1 / 64 samples

[2025-07-28T16:12:56.462Z] [DEBUG] [7ab35f19-2eef-41d8-98db-7098d86b2ed2] Blender Output: Fra:128 Mem:119.20M (Peak 150.84M) | Time:00:00.18 | Rendering 25 / 64 samples

[2025-07-28T16:12:56.613Z] [DEBUG] [7ab35f19-2eef-41d8-98db-7098d86b2ed2] Blender Output: Fra:128 Mem:119.20M (Peak 150.84M) | Time:00:00.33 | Rendering 50 / 64 samples

[2025-07-28T16:12:56.698Z] [DEBUG] [7ab35f19-2eef-41d8-98db-7098d86b2ed2] Blender Output: Fra:128 Mem:119.20M (Peak 150.84M) | Time:00:00.42 | Rendering 64 / 64 samples

[2025-07-28T16:12:56.773Z] [DEBUG] [7ab35f19-2eef-41d8-98db-7098d86b2ed2] Blender Output: Append frame 128
Time: 00:00.49 (Saving: 00:00.03)


[2025-07-28T16:12:56.810Z] [DEBUG] [7ab35f19-2eef-41d8-98db-7098d86b2ed2] Blender Output: Fra:129 Mem:119.20M (Peak 150.84M) | Time:00:00.03 | Rendering 1 / 64 samples

[2025-07-28T16:12:56.961Z] [DEBUG] [7ab35f19-2eef-41d8-98db-7098d86b2ed2] Blender Output: Fra:129 Mem:119.20M (Peak 150.84M) | Time:00:00.18 | Rendering 25 / 64 samples

[2025-07-28T16:12:57.114Z] [DEBUG] [7ab35f19-2eef-41d8-98db-7098d86b2ed2] Blender Output: Fra:129 Mem:119.20M (Peak 150.84M) | Time:00:00.34 | Rendering 50 / 64 samples

[2025-07-28T16:12:57.199Z] [DEBUG] [7ab35f19-2eef-41d8-98db-7098d86b2ed2] Blender Output: Fra:129 Mem:119.20M (Peak 150.84M) | Time:00:00.42 | Rendering 64 / 64 samples

[2025-07-28T16:12:57.273Z] [DEBUG] [7ab35f19-2eef-41d8-98db-7098d86b2ed2] Blender Output: Append frame 129
Time: 00:00.49 (Saving: 00:00.03)


[2025-07-28T16:12:57.310Z] [DEBUG] [7ab35f19-2eef-41d8-98db-7098d86b2ed2] Blender Output: Fra:130 Mem:119.20M (Peak 150.84M) | Time:00:00.03 | Rendering 1 / 64 samples

[2025-07-28T16:12:57.462Z] [DEBUG] [7ab35f19-2eef-41d8-98db-7098d86b2ed2] Blender Output: Fra:130 Mem:119.20M (Peak 150.84M) | Time:00:00.18 | Rendering 25 / 64 samples

[2025-07-28T16:12:57.617Z] [DEBUG] [7ab35f19-2eef-41d8-98db-7098d86b2ed2] Blender Output: Fra:130 Mem:119.20M (Peak 150.84M) | Time:00:00.34 | Rendering 50 / 64 samples

[2025-07-28T16:12:57.703Z] [DEBUG] [7ab35f19-2eef-41d8-98db-7098d86b2ed2] Blender Output: Fra:130 Mem:119.20M (Peak 150.84M) | Time:00:00.43 | Rendering 64 / 64 samples

[2025-07-28T16:12:57.779Z] [DEBUG] [7ab35f19-2eef-41d8-98db-7098d86b2ed2] Blender Output: Append frame 130
Time: 00:00.50 (Saving: 00:00.03)


[2025-07-28T16:12:57.816Z] [DEBUG] [7ab35f19-2eef-41d8-98db-7098d86b2ed2] Blender Output: Fra:131 Mem:119.20M (Peak 150.84M) | Time:00:00.03 | Rendering 1 / 64 samples

[2025-07-28T16:12:57.973Z] [DEBUG] [7ab35f19-2eef-41d8-98db-7098d86b2ed2] Blender Output: Fra:131 Mem:119.20M (Peak 150.84M) | Time:00:00.19 | Rendering 25 / 64 samples

[2025-07-28T16:12:58.130Z] [DEBUG] [7ab35f19-2eef-41d8-98db-7098d86b2ed2] Blender Output: Fra:131 Mem:119.20M (Peak 150.84M) | Time:00:00.35 | Rendering 50 / 64 samples

[2025-07-28T16:12:58.218Z] [DEBUG] [7ab35f19-2eef-41d8-98db-7098d86b2ed2] Blender Output: Fra:131 Mem:119.20M (Peak 150.84M) | Time:00:00.43 | Rendering 64 / 64 samples

[2025-07-28T16:12:58.295Z] [DEBUG] [7ab35f19-2eef-41d8-98db-7098d86b2ed2] Blender Output: Append frame 131
Time: 00:00.51 (Saving: 00:00.03)


[2025-07-28T16:12:58.331Z] [DEBUG] [7ab35f19-2eef-41d8-98db-7098d86b2ed2] Blender Output: Fra:132 Mem:119.20M (Peak 150.84M) | Time:00:00.03 | Rendering 1 / 64 samples

[2025-07-28T16:12:58.486Z] [DEBUG] [7ab35f19-2eef-41d8-98db-7098d86b2ed2] Blender Output: Fra:132 Mem:119.20M (Peak 150.84M) | Time:00:00.19 | Rendering 25 / 64 samples

[2025-07-28T16:12:58.643Z] [DEBUG] [7ab35f19-2eef-41d8-98db-7098d86b2ed2] Blender Output: Fra:132 Mem:119.20M (Peak 150.84M) | Time:00:00.34 | Rendering 50 / 64 samples

[2025-07-28T16:12:58.730Z] [DEBUG] [7ab35f19-2eef-41d8-98db-7098d86b2ed2] Blender Output: Fra:132 Mem:119.20M (Peak 150.84M) | Time:00:00.43 | Rendering 64 / 64 samples

[2025-07-28T16:12:58.806Z] [DEBUG] [7ab35f19-2eef-41d8-98db-7098d86b2ed2] Blender Output: Append frame 132
Time: 00:00.51 (Saving: 00:00.03)


[2025-07-28T16:12:58.849Z] [DEBUG] [7ab35f19-2eef-41d8-98db-7098d86b2ed2] Blender Output: Fra:133 Mem:119.20M (Peak 150.84M) | Time:00:00.04 | Rendering 1 / 64 samples

[2025-07-28T16:12:59.002Z] [DEBUG] [7ab35f19-2eef-41d8-98db-7098d86b2ed2] Blender Output: Fra:133 Mem:119.20M (Peak 150.84M) | Time:00:00.19 | Rendering 25 / 64 samples

[2025-07-28T16:12:59.158Z] [DEBUG] [7ab35f19-2eef-41d8-98db-7098d86b2ed2] Blender Output: Fra:133 Mem:119.20M (Peak 150.84M) | Time:00:00.35 | Rendering 50 / 64 samples

[2025-07-28T16:12:59.245Z] [DEBUG] [7ab35f19-2eef-41d8-98db-7098d86b2ed2] Blender Output: Fra:133 Mem:119.20M (Peak 150.84M) | Time:00:00.43 | Rendering 64 / 64 samples

[2025-07-28T16:12:59.319Z] [DEBUG] [7ab35f19-2eef-41d8-98db-7098d86b2ed2] Blender Output: Append frame 133
Time: 00:00.51 (Saving: 00:00.03)


[2025-07-28T16:12:59.356Z] [DEBUG] [7ab35f19-2eef-41d8-98db-7098d86b2ed2] Blender Output: Fra:134 Mem:119.20M (Peak 150.84M) | Time:00:00.03 | Rendering 1 / 64 samples

[2025-07-28T16:12:59.510Z] [DEBUG] [7ab35f19-2eef-41d8-98db-7098d86b2ed2] Blender Output: Fra:134 Mem:119.20M (Peak 150.84M) | Time:00:00.19 | Rendering 25 / 64 samples

[2025-07-28T16:12:59.668Z] [DEBUG] [7ab35f19-2eef-41d8-98db-7098d86b2ed2] Blender Output: Fra:134 Mem:119.20M (Peak 150.84M) | Time:00:00.34 | Rendering 50 / 64 samples

[2025-07-28T16:12:59.756Z] [DEBUG] [7ab35f19-2eef-41d8-98db-7098d86b2ed2] Blender Output: Fra:134 Mem:119.20M (Peak 150.84M) | Time:00:00.43 | Rendering 64 / 64 samples

[2025-07-28T16:12:59.835Z] [DEBUG] [7ab35f19-2eef-41d8-98db-7098d86b2ed2] Blender Output: Append frame 134
Time: 00:00.51 (Saving: 00:00.03)


[2025-07-28T16:12:59.871Z] [DEBUG] [7ab35f19-2eef-41d8-98db-7098d86b2ed2] Blender Output: Fra:135 Mem:119.20M (Peak 150.84M) | Time:00:00.03 | Rendering 1 / 64 samples

[2025-07-28T16:13:00.024Z] [DEBUG] [7ab35f19-2eef-41d8-98db-7098d86b2ed2] Blender Output: Fra:135 Mem:119.20M (Peak 150.84M) | Time:00:00.18 | Rendering 25 / 64 samples

[2025-07-28T16:13:00.181Z] [DEBUG] [7ab35f19-2eef-41d8-98db-7098d86b2ed2] Blender Output: Fra:135 Mem:119.20M (Peak 150.84M) | Time:00:00.34 | Rendering 50 / 64 samples

[2025-07-28T16:13:00.267Z] [DEBUG] [7ab35f19-2eef-41d8-98db-7098d86b2ed2] Blender Output: Fra:135 Mem:119.20M (Peak 150.84M) | Time:00:00.43 | Rendering 64 / 64 samples

[2025-07-28T16:13:00.341Z] [DEBUG] [7ab35f19-2eef-41d8-98db-7098d86b2ed2] Blender Output: Append frame 135
Time: 00:00.50 (Saving: 00:00.03)


[2025-07-28T16:13:00.378Z] [DEBUG] [7ab35f19-2eef-41d8-98db-7098d86b2ed2] Blender Output: Fra:136 Mem:119.20M (Peak 150.84M) | Time:00:00.03 | Rendering 1 / 64 samples

[2025-07-28T16:13:00.528Z] [DEBUG] [7ab35f19-2eef-41d8-98db-7098d86b2ed2] Blender Output: Fra:136 Mem:119.20M (Peak 150.84M) | Time:00:00.18 | Rendering 25 / 64 samples

[2025-07-28T16:13:00.682Z] [DEBUG] [7ab35f19-2eef-41d8-98db-7098d86b2ed2] Blender Output: Fra:136 Mem:119.20M (Peak 150.84M) | Time:00:00.34 | Rendering 50 / 64 samples

[2025-07-28T16:13:00.768Z] [DEBUG] [7ab35f19-2eef-41d8-98db-7098d86b2ed2] Blender Output: Fra:136 Mem:119.20M (Peak 150.84M) | Time:00:00.42 | Rendering 64 / 64 samples

[2025-07-28T16:13:00.843Z] [DEBUG] [7ab35f19-2eef-41d8-98db-7098d86b2ed2] Blender Output: Append frame 136
Time: 00:00.50 (Saving: 00:00.03)


[2025-07-28T16:13:00.879Z] [DEBUG] [7ab35f19-2eef-41d8-98db-7098d86b2ed2] Blender Output: Fra:137 Mem:119.20M (Peak 150.84M) | Time:00:00.03 | Rendering 1 / 64 samples

[2025-07-28T16:13:01.029Z] [DEBUG] [7ab35f19-2eef-41d8-98db-7098d86b2ed2] Blender Output: Fra:137 Mem:119.20M (Peak 150.84M) | Time:00:00.18 | Rendering 25 / 64 samples

[2025-07-28T16:13:01.180Z] [DEBUG] [7ab35f19-2eef-41d8-98db-7098d86b2ed2] Blender Output: Fra:137 Mem:119.20M (Peak 150.84M) | Time:00:00.33 | Rendering 50 / 64 samples

[2025-07-28T16:13:01.265Z] [DEBUG] [7ab35f19-2eef-41d8-98db-7098d86b2ed2] Blender Output: Fra:137 Mem:119.20M (Peak 150.84M) | Time:00:00.42 | Rendering 64 / 64 samples

[2025-07-28T16:13:01.341Z] [DEBUG] [7ab35f19-2eef-41d8-98db-7098d86b2ed2] Blender Output: Append frame 137
Time: 00:00.49 (Saving: 00:00.03)


[2025-07-28T16:13:01.377Z] [DEBUG] [7ab35f19-2eef-41d8-98db-7098d86b2ed2] Blender Output: Fra:138 Mem:119.20M (Peak 150.84M) | Time:00:00.03 | Rendering 1 / 64 samples

[2025-07-28T16:13:01.528Z] [DEBUG] [7ab35f19-2eef-41d8-98db-7098d86b2ed2] Blender Output: Fra:138 Mem:119.20M (Peak 150.84M) | Time:00:00.18 | Rendering 25 / 64 samples

[2025-07-28T16:13:01.680Z] [DEBUG] [7ab35f19-2eef-41d8-98db-7098d86b2ed2] Blender Output: Fra:138 Mem:119.20M (Peak 150.84M) | Time:00:00.33 | Rendering 50 / 64 samples

[2025-07-28T16:13:01.767Z] [DEBUG] [7ab35f19-2eef-41d8-98db-7098d86b2ed2] Blender Output: Fra:138 Mem:119.20M (Peak 150.84M) | Time:00:00.42 | Rendering 64 / 64 samples

[2025-07-28T16:13:01.844Z] [DEBUG] [7ab35f19-2eef-41d8-98db-7098d86b2ed2] Blender Output: Append frame 138
Time: 00:00.50 (Saving: 00:00.03)


[2025-07-28T16:13:01.880Z] [DEBUG] [7ab35f19-2eef-41d8-98db-7098d86b2ed2] Blender Output: Fra:139 Mem:119.20M (Peak 150.84M) | Time:00:00.03 | Rendering 1 / 64 samples

[2025-07-28T16:13:02.031Z] [DEBUG] [7ab35f19-2eef-41d8-98db-7098d86b2ed2] Blender Output: Fra:139 Mem:119.20M (Peak 150.84M) | Time:00:00.18 | Rendering 25 / 64 samples

[2025-07-28T16:13:02.184Z] [DEBUG] [7ab35f19-2eef-41d8-98db-7098d86b2ed2] Blender Output: Fra:139 Mem:119.20M (Peak 150.84M) | Time:00:00.33 | Rendering 50 / 64 samples

[2025-07-28T16:13:02.269Z] [DEBUG] [7ab35f19-2eef-41d8-98db-7098d86b2ed2] Blender Output: Fra:139 Mem:119.20M (Peak 150.84M) | Time:00:00.42 | Rendering 64 / 64 samples

[2025-07-28T16:13:02.346Z] [DEBUG] [7ab35f19-2eef-41d8-98db-7098d86b2ed2] Blender Output: Append frame 139
Time: 00:00.50 (Saving: 00:00.03)


[2025-07-28T16:13:02.383Z] [DEBUG] [7ab35f19-2eef-41d8-98db-7098d86b2ed2] Blender Output: Fra:140 Mem:119.20M (Peak 150.84M) | Time:00:00.03 | Rendering 1 / 64 samples

[2025-07-28T16:13:02.534Z] [DEBUG] [7ab35f19-2eef-41d8-98db-7098d86b2ed2] Blender Output: Fra:140 Mem:119.20M (Peak 150.84M) | Time:00:00.18 | Rendering 25 / 64 samples

[2025-07-28T16:13:02.688Z] [DEBUG] [7ab35f19-2eef-41d8-98db-7098d86b2ed2] Blender Output: Fra:140 Mem:119.20M (Peak 150.84M) | Time:00:00.34 | Rendering 50 / 64 samples

[2025-07-28T16:13:02.775Z] [DEBUG] [7ab35f19-2eef-41d8-98db-7098d86b2ed2] Blender Output: Fra:140 Mem:119.20M (Peak 150.84M) | Time:00:00.42 | Rendering 64 / 64 samples

[2025-07-28T16:13:02.850Z] [DEBUG] [7ab35f19-2eef-41d8-98db-7098d86b2ed2] Blender Output: Append frame 140
Time: 00:00.50 (Saving: 00:00.03)


[2025-07-28T16:13:02.887Z] [DEBUG] [7ab35f19-2eef-41d8-98db-7098d86b2ed2] Blender Output: Fra:141 Mem:119.20M (Peak 150.84M) | Time:00:00.03 | Rendering 1 / 64 samples

[2025-07-28T16:13:03.037Z] [DEBUG] [7ab35f19-2eef-41d8-98db-7098d86b2ed2] Blender Output: Fra:141 Mem:119.20M (Peak 150.84M) | Time:00:00.18 | Rendering 25 / 64 samples

[2025-07-28T16:13:03.190Z] [DEBUG] [7ab35f19-2eef-41d8-98db-7098d86b2ed2] Blender Output: Fra:141 Mem:119.20M (Peak 150.84M) | Time:00:00.33 | Rendering 50 / 64 samples

[2025-07-28T16:13:03.275Z] [DEBUG] [7ab35f19-2eef-41d8-98db-7098d86b2ed2] Blender Output: Fra:141 Mem:119.20M (Peak 150.84M) | Time:00:00.42 | Rendering 64 / 64 samples

[2025-07-28T16:13:03.350Z] [DEBUG] [7ab35f19-2eef-41d8-98db-7098d86b2ed2] Blender Output: Append frame 141
Time: 00:00.49 (Saving: 00:00.03)


[2025-07-28T16:13:03.386Z] [DEBUG] [7ab35f19-2eef-41d8-98db-7098d86b2ed2] Blender Output: Fra:142 Mem:119.20M (Peak 150.84M) | Time:00:00.03 | Rendering 1 / 64 samples

[2025-07-28T16:13:03.538Z] [DEBUG] [7ab35f19-2eef-41d8-98db-7098d86b2ed2] Blender Output: Fra:142 Mem:119.20M (Peak 150.84M) | Time:00:00.18 | Rendering 25 / 64 samples

[2025-07-28T16:13:03.692Z] [DEBUG] [7ab35f19-2eef-41d8-98db-7098d86b2ed2] Blender Output: Fra:142 Mem:119.20M (Peak 150.84M) | Time:00:00.34 | Rendering 50 / 64 samples

[2025-07-28T16:13:03.778Z] [DEBUG] [7ab35f19-2eef-41d8-98db-7098d86b2ed2] Blender Output: Fra:142 Mem:119.20M (Peak 150.84M) | Time:00:00.42 | Rendering 64 / 64 samples

[2025-07-28T16:13:03.856Z] [DEBUG] [7ab35f19-2eef-41d8-98db-7098d86b2ed2] Blender Output: Append frame 142
Time: 00:00.50 (Saving: 00:00.03)


[2025-07-28T16:13:04.031Z] [DEBUG] [7ab35f19-2eef-41d8-98db-7098d86b2ed2] Blender Output: 🎯 V1.4.0.a.8.1 - HOTFIX BLENDER 4.5+ INICIADO
🛡️ BLINDAGEM: V1.4.0.a.7 sync perfeito preservado
🔧 HOTFIX: APIs compatíveis com Blender 4.5+ e EEVEE_NEXT
📂 Working directory: C:\Users\Denys Victoriano\Documents\GitHub\clone\zentraw\Zentraw\3d_visualizer\Blender
🐍 Python script: C:\Users\Denys Victoriano\Documents\GitHub\clone\zentraw\Zentraw\3d_visualizer\Blender\render_audio_visualizer_v1.4.0.a.8.1.py
🔍 Verificando existência dos arquivos...
✅ Todos os arquivos validados com sucesso
🎵 Áudio: C:\Users\Denys Victoriano\Documents\GitHub\clone\zentraw\Zentraw\3d_visualizer\uploads\1753719108110_audio.wav
🖼️ Imagem: C:\Users\Denys Victoriano\Documents\GitHub\clone\zentraw\Zentraw\3d_visualizer\uploads\1753719108115_image.jpg
📁 Output (absoluto): C:\Users\Denys Victoriano\Documents\GitHub\clone\zentraw\Zentraw\3d_visualizer\outputs\output_v1.4.0.a.8.mp4
⚙️ Config: C:\Users\Denys Victoriano\Documents\GitHub\clone\zentraw\Zentraw\3d_visualizer\temp\config_7ab35f19-2eef-41d8-98db-7098d86b2ed2.json
📊 CONFIGURAÇÕES APLICADAS V1.4.0.a.8.1 HOTFIX:
   🎬 Resolução: 1920x1080 (Full HD padrão)
   🎞️ FPS: 30
   🔍 Samples: 128
   ⚡ Engine: BLENDER_EEVEE_NEXT (Eevee Next padrão - Blender 4.5+)
   📊 Amplitude Multiplier: 3.0x (V1.4.0.a.7 BLINDADO)
   🌊 Suavização: 1
   🎧 Canais: mono
   📦 Escala Base: 1.0x
   📈 Escala Máxima: 5.0x
   🎯 Partículas: 64
   📏 Espaçamento: 1.2
🎬 Setting up scene...
🚀 Render engine: BLENDER_EEVEE_NEXT
📐 Resolução: 1920x1080
⚡ Eevee configurado para velocidade (samples: 64)
✅ Samples Eevee configurados
🔒 Definindo caminho de saída do render: C:\Users\Denys Victoriano\Documents\GitHub\clone\zentraw\Zentraw\3d_visualizer\outputs\output_v1.4.0.a.8.mp4
🎵 Carregando áudio...
🎵 Áudio carregado: 227324 samples, 48000Hz, 2 canais
⏱️ Duração: 4.74s, 142 frames @ 30fps
🎯 Criando sistema de cubos...
✅ 64 cubos criados
🎵 Animando baseado no áudio...
✅ Animação completa
🖼️ Adicionando imagem de fundo: C:\Users\Denys Victoriano\Documents\GitHub\clone\zentraw\Zentraw\3d_visualizer\uploads\1753719108115_image.jpg
🎵 Configurando áudio no sequencer...
🎬 Iniciando render...
📊 Engine: BLENDER_EEVEE_NEXT
📐 Resolução: 1920x1080
⏱️ Frames: 142
🎵 Com áudio: True
🎉 Render concluído com sucesso!
📂 Arquivos no diretório de saída (C:\Users\Denys Victoriano\Documents\GitHub\clone\zentraw\Zentraw\3d_visualizer\outputs):
 - output_v1.4.0.a.8.mp4
✅ Arquivo MP4 gerado: C:\Users\Denys Victoriano\Documents\GitHub\clone\zentraw\Zentraw\3d_visualizer\outputs\output_v1.4.0.a.8.mp4

[2025-07-28T16:13:04.280Z] [DEBUG] [7ab35f19-2eef-41d8-98db-7098d86b2ed2] Blender Output: 
Blender quit

[2025-07-28T16:13:04.332Z] [INFO] [7ab35f19-2eef-41d8-98db-7098d86b2ed2] Blender process finalizado com código: 0
[2025-07-28T16:13:04.333Z] [SUCCESS] [7ab35f19-2eef-41d8-98db-7098d86b2ed2] Render concluído: C:\Users\Denys Victoriano\Documents\GitHub\clone\zentraw\Zentraw\3d_visualizer\outputs\output_v1.4.0.a.8.mp4
[2025-07-28T16:20:29.806Z] [INFO] [d7c99b29-0f82-40d0-a446-9e2a4ce08d27] Iniciando render parametrizado
[2025-07-28T16:20:29.807Z] [DEBUG] [d7c99b29-0f82-40d0-a446-9e2a4ce08d27] 🔍 DEBUG - audioFile: {"fieldname":"audio","originalname":"sample_audio3.wav","encoding":"7bit","mimetype":"audio/wav","destination":"C:\\Users\\Denys Victoriano\\Documents\\GitHub\\clone\\zentraw\\Zentraw\\3d_visualizer\\uploads","filename":"1753719629800_audio.wav","path":"C:\\Users\\Denys Victoriano\\Documents\\GitHub\\clone\\zentraw\\Zentraw\\3d_visualizer\\uploads\\1753719629800_audio.wav","size":909502}
[2025-07-28T16:20:29.807Z] [DEBUG] [d7c99b29-0f82-40d0-a446-9e2a4ce08d27] 🔍 DEBUG - imageFile: {"fieldname":"image","originalname":"sample_cover.jpg","encoding":"7bit","mimetype":"image/jpeg","destination":"C:\\Users\\Denys Victoriano\\Documents\\GitHub\\clone\\zentraw\\Zentraw\\3d_visualizer\\uploads","filename":"1753719629804_image.jpg","path":"C:\\Users\\Denys Victoriano\\Documents\\GitHub\\clone\\zentraw\\Zentraw\\3d_visualizer\\uploads\\1753719629804_image.jpg","size":362360}
[2025-07-28T16:20:29.913Z] [INFO] [d7c99b29-0f82-40d0-a446-9e2a4ce08d27] Executando Blender: C:\Program Files\Blender Foundation\Blender 4.5\blender.exe C:\Users\Denys Victoriano\Documents\GitHub\clone\zentraw\Zentraw\3d_visualizer\Blender\template.blend --background --python C:\Users\Denys Victoriano\Documents\GitHub\clone\zentraw\Zentraw\3d_visualizer\Blender\render_audio_visualizer_v1.4.0.a.8.1.py -- C:\Users\Denys Victoriano\Documents\GitHub\clone\zentraw\Zentraw\3d_visualizer\uploads\1753719629800_audio.wav C:\Users\Denys Victoriano\Documents\GitHub\clone\zentraw\Zentraw\3d_visualizer\uploads\1753719629804_image.jpg C:\Users\Denys Victoriano\Documents\GitHub\clone\zentraw\Zentraw\3d_visualizer\outputs\output_v1.4.0.a.8.mp4 C:\Users\Denys Victoriano\Documents\GitHub\clone\zentraw\Zentraw\3d_visualizer\temp\config_d7c99b29-0f82-40d0-a446-9e2a4ce08d27.json
[2025-07-28T16:20:33.196Z] [DEBUG] [d7c99b29-0f82-40d0-a446-9e2a4ce08d27] Blender Output: Blender 4.5.0 (hash 8cb6b388974a built 2025-07-15 01:36:24)
Read blend: "C:\Users\Denys Victoriano\Documents\GitHub\clone\zentraw\Zentraw\3d_visualizer\Blender\template.blend"
Fra:1 Mem:118.68M (Peak 131.29M) | Time:00:00.47 | Rendering 1 / 64 samples

[2025-07-28T16:20:33.337Z] [DEBUG] [d7c99b29-0f82-40d0-a446-9e2a4ce08d27] Blender Output: Fra:1 Mem:119.01M (Peak 131.29M) | Time:00:00.61 | Rendering 25 / 64 samples

[2025-07-28T16:20:33.478Z] [DEBUG] [d7c99b29-0f82-40d0-a446-9e2a4ce08d27] Blender Output: Fra:1 Mem:119.01M (Peak 131.29M) | Time:00:00.75 | Rendering 50 / 64 samples

[2025-07-28T16:20:33.551Z] [DEBUG] [d7c99b29-0f82-40d0-a446-9e2a4ce08d27] Blender Output: Fra:1 Mem:119.01M (Peak 131.29M) | Time:00:00.83 | Rendering 64 / 64 samples

[2025-07-28T16:20:33.806Z] [DEBUG] [d7c99b29-0f82-40d0-a446-9e2a4ce08d27] Blender Output: Append frame 1
Time: 00:01.08 (Saving: 00:00.21)


[2025-07-28T16:20:33.853Z] [DEBUG] [d7c99b29-0f82-40d0-a446-9e2a4ce08d27] Blender Output: Fra:2 Mem:119.15M (Peak 150.65M) | Time:00:00.04 | Rendering 1 / 64 samples

[2025-07-28T16:20:34.004Z] [DEBUG] [d7c99b29-0f82-40d0-a446-9e2a4ce08d27] Blender Output: Fra:2 Mem:119.20M (Peak 150.65M) | Time:00:00.19 | Rendering 25 / 64 samples

[2025-07-28T16:20:34.158Z] [DEBUG] [d7c99b29-0f82-40d0-a446-9e2a4ce08d27] Blender Output: Fra:2 Mem:119.20M (Peak 150.65M) | Time:00:00.35 | Rendering 50 / 64 samples

[2025-07-28T16:20:34.244Z] [DEBUG] [d7c99b29-0f82-40d0-a446-9e2a4ce08d27] Blender Output: Fra:2 Mem:119.20M (Peak 150.65M) | Time:00:00.43 | Rendering 64 / 64 samples

[2025-07-28T16:20:34.326Z] [DEBUG] [d7c99b29-0f82-40d0-a446-9e2a4ce08d27] Blender Output: Append frame 2
Time: 00:00.51 (Saving: 00:00.03)


[2025-07-28T16:20:34.362Z] [DEBUG] [d7c99b29-0f82-40d0-a446-9e2a4ce08d27] Blender Output: Fra:3 Mem:119.20M (Peak 150.84M) | Time:00:00.03 | Rendering 1 / 64 samples

[2025-07-28T16:20:34.513Z] [DEBUG] [d7c99b29-0f82-40d0-a446-9e2a4ce08d27] Blender Output: Fra:3 Mem:119.20M (Peak 150.84M) | Time:00:00.18 | Rendering 25 / 64 samples

[2025-07-28T16:20:34.666Z] [DEBUG] [d7c99b29-0f82-40d0-a446-9e2a4ce08d27] Blender Output: Fra:3 Mem:119.20M (Peak 150.84M) | Time:00:00.34 | Rendering 50 / 64 samples

[2025-07-28T16:20:34.752Z] [DEBUG] [d7c99b29-0f82-40d0-a446-9e2a4ce08d27] Blender Output: Fra:3 Mem:119.20M (Peak 150.84M) | Time:00:00.42 | Rendering 64 / 64 samples

[2025-07-28T16:20:34.828Z] [DEBUG] [d7c99b29-0f82-40d0-a446-9e2a4ce08d27] Blender Output: Append frame 3
Time: 00:00.50 (Saving: 00:00.03)


[2025-07-28T16:20:34.865Z] [DEBUG] [d7c99b29-0f82-40d0-a446-9e2a4ce08d27] Blender Output: Fra:4 Mem:119.20M (Peak 150.84M) | Time:00:00.03 | Rendering 1 / 64 samples

[2025-07-28T16:20:35.016Z] [DEBUG] [d7c99b29-0f82-40d0-a446-9e2a4ce08d27] Blender Output: Fra:4 Mem:119.20M (Peak 150.84M) | Time:00:00.18 | Rendering 25 / 64 samples

[2025-07-28T16:20:35.170Z] [DEBUG] [d7c99b29-0f82-40d0-a446-9e2a4ce08d27] Blender Output: Fra:4 Mem:119.20M (Peak 150.84M) | Time:00:00.34 | Rendering 50 / 64 samples

[2025-07-28T16:20:35.258Z] [DEBUG] [d7c99b29-0f82-40d0-a446-9e2a4ce08d27] Blender Output: Fra:4 Mem:119.20M (Peak 150.84M) | Time:00:00.42 | Rendering 64 / 64 samples

[2025-07-28T16:20:35.334Z] [DEBUG] [d7c99b29-0f82-40d0-a446-9e2a4ce08d27] Blender Output: Append frame 4
Time: 00:00.50 (Saving: 00:00.03)


[2025-07-28T16:20:35.370Z] [DEBUG] [d7c99b29-0f82-40d0-a446-9e2a4ce08d27] Blender Output: Fra:5 Mem:119.20M (Peak 150.84M) | Time:00:00.03 | Rendering 1 / 64 samples

[2025-07-28T16:20:35.521Z] [DEBUG] [d7c99b29-0f82-40d0-a446-9e2a4ce08d27] Blender Output: Fra:5 Mem:119.20M (Peak 150.84M) | Time:00:00.18 | Rendering 25 / 64 samples

[2025-07-28T16:20:35.673Z] [DEBUG] [d7c99b29-0f82-40d0-a446-9e2a4ce08d27] Blender Output: Fra:5 Mem:119.20M (Peak 150.84M) | Time:00:00.33 | Rendering 50 / 64 samples

[2025-07-28T16:20:35.759Z] [DEBUG] [d7c99b29-0f82-40d0-a446-9e2a4ce08d27] Blender Output: Fra:5 Mem:119.20M (Peak 150.84M) | Time:00:00.42 | Rendering 64 / 64 samples

[2025-07-28T16:20:35.834Z] [DEBUG] [d7c99b29-0f82-40d0-a446-9e2a4ce08d27] Blender Output: Append frame 5
Time: 00:00.50 (Saving: 00:00.03)


[2025-07-28T16:20:35.870Z] [DEBUG] [d7c99b29-0f82-40d0-a446-9e2a4ce08d27] Blender Output: Fra:6 Mem:119.20M (Peak 150.84M) | Time:00:00.03 | Rendering 1 / 64 samples

[2025-07-28T16:20:36.021Z] [DEBUG] [d7c99b29-0f82-40d0-a446-9e2a4ce08d27] Blender Output: Fra:6 Mem:119.20M (Peak 150.84M) | Time:00:00.18 | Rendering 25 / 64 samples

[2025-07-28T16:20:36.174Z] [DEBUG] [d7c99b29-0f82-40d0-a446-9e2a4ce08d27] Blender Output: Fra:6 Mem:119.20M (Peak 150.84M) | Time:00:00.34 | Rendering 50 / 64 samples

[2025-07-28T16:20:36.261Z] [DEBUG] [d7c99b29-0f82-40d0-a446-9e2a4ce08d27] Blender Output: Fra:6 Mem:119.20M (Peak 150.84M) | Time:00:00.42 | Rendering 64 / 64 samples

[2025-07-28T16:20:36.337Z] [DEBUG] [d7c99b29-0f82-40d0-a446-9e2a4ce08d27] Blender Output: Append frame 6
Time: 00:00.50 (Saving: 00:00.03)


[2025-07-28T16:20:36.373Z] [DEBUG] [d7c99b29-0f82-40d0-a446-9e2a4ce08d27] Blender Output: Fra:7 Mem:119.20M (Peak 150.84M) | Time:00:00.03 | Rendering 1 / 64 samples

[2025-07-28T16:20:36.525Z] [DEBUG] [d7c99b29-0f82-40d0-a446-9e2a4ce08d27] Blender Output: Fra:7 Mem:119.20M (Peak 150.84M) | Time:00:00.18 | Rendering 25 / 64 samples

[2025-07-28T16:20:36.677Z] [DEBUG] [d7c99b29-0f82-40d0-a446-9e2a4ce08d27] Blender Output: Fra:7 Mem:119.20M (Peak 150.84M) | Time:00:00.34 | Rendering 50 / 64 samples

[2025-07-28T16:20:36.763Z] [DEBUG] [d7c99b29-0f82-40d0-a446-9e2a4ce08d27] Blender Output: Fra:7 Mem:119.20M (Peak 150.84M) | Time:00:00.42 | Rendering 64 / 64 samples

[2025-07-28T16:20:36.841Z] [DEBUG] [d7c99b29-0f82-40d0-a446-9e2a4ce08d27] Blender Output: Append frame 7
Time: 00:00.50 (Saving: 00:00.03)


[2025-07-28T16:20:36.878Z] [DEBUG] [d7c99b29-0f82-40d0-a446-9e2a4ce08d27] Blender Output: Fra:8 Mem:119.20M (Peak 150.84M) | Time:00:00.03 | Rendering 1 / 64 samples

[2025-07-28T16:20:37.033Z] [DEBUG] [d7c99b29-0f82-40d0-a446-9e2a4ce08d27] Blender Output: Fra:8 Mem:119.20M (Peak 150.84M) | Time:00:00.19 | Rendering 25 / 64 samples

[2025-07-28T16:20:37.192Z] [DEBUG] [d7c99b29-0f82-40d0-a446-9e2a4ce08d27] Blender Output: Fra:8 Mem:119.20M (Peak 150.84M) | Time:00:00.35 | Rendering 50 / 64 samples

[2025-07-28T16:20:37.281Z] [DEBUG] [d7c99b29-0f82-40d0-a446-9e2a4ce08d27] Blender Output: Fra:8 Mem:119.20M (Peak 150.84M) | Time:00:00.43 | Rendering 64 / 64 samples

[2025-07-28T16:20:37.358Z] [DEBUG] [d7c99b29-0f82-40d0-a446-9e2a4ce08d27] Blender Output: Append frame 8
Time: 00:00.51 (Saving: 00:00.03)


[2025-07-28T16:20:37.399Z] [DEBUG] [d7c99b29-0f82-40d0-a446-9e2a4ce08d27] Blender Output: Fra:9 Mem:119.20M (Peak 150.84M) | Time:00:00.04 | Rendering 1 / 64 samples

[2025-07-28T16:20:37.557Z] [DEBUG] [d7c99b29-0f82-40d0-a446-9e2a4ce08d27] Blender Output: Fra:9 Mem:119.20M (Peak 150.84M) | Time:00:00.19 | Rendering 25 / 64 samples

[2025-07-28T16:20:37.715Z] [DEBUG] [d7c99b29-0f82-40d0-a446-9e2a4ce08d27] Blender Output: Fra:9 Mem:119.20M (Peak 150.84M) | Time:00:00.35 | Rendering 50 / 64 samples

[2025-07-28T16:20:37.804Z] [DEBUG] [d7c99b29-0f82-40d0-a446-9e2a4ce08d27] Blender Output: Fra:9 Mem:119.20M (Peak 150.84M) | Time:00:00.44 | Rendering 64 / 64 samples

[2025-07-28T16:20:37.882Z] [DEBUG] [d7c99b29-0f82-40d0-a446-9e2a4ce08d27] Blender Output: Append frame 9
Time: 00:00.52 (Saving: 00:00.03)


[2025-07-28T16:20:37.918Z] [DEBUG] [d7c99b29-0f82-40d0-a446-9e2a4ce08d27] Blender Output: Fra:10 Mem:119.20M (Peak 150.84M) | Time:00:00.03 | Rendering 1 / 64 samples

[2025-07-28T16:20:38.068Z] [DEBUG] [d7c99b29-0f82-40d0-a446-9e2a4ce08d27] Blender Output: Fra:10 Mem:119.20M (Peak 150.84M) | Time:00:00.18 | Rendering 25 / 64 samples

[2025-07-28T16:20:38.221Z] [DEBUG] [d7c99b29-0f82-40d0-a446-9e2a4ce08d27] Blender Output: Fra:10 Mem:119.20M (Peak 150.84M) | Time:00:00.33 | Rendering 50 / 64 samples

[2025-07-28T16:20:38.308Z] [DEBUG] [d7c99b29-0f82-40d0-a446-9e2a4ce08d27] Blender Output: Fra:10 Mem:119.20M (Peak 150.84M) | Time:00:00.42 | Rendering 64 / 64 samples

[2025-07-28T16:20:38.391Z] [DEBUG] [d7c99b29-0f82-40d0-a446-9e2a4ce08d27] Blender Output: Append frame 10
Time: 00:00.50 (Saving: 00:00.03)


[2025-07-28T16:20:38.431Z] [DEBUG] [d7c99b29-0f82-40d0-a446-9e2a4ce08d27] Blender Output: Fra:11 Mem:119.20M (Peak 150.84M) | Time:00:00.04 | Rendering 1 / 64 samples

[2025-07-28T16:20:38.586Z] [DEBUG] [d7c99b29-0f82-40d0-a446-9e2a4ce08d27] Blender Output: Fra:11 Mem:119.20M (Peak 150.84M) | Time:00:00.19 | Rendering 25 / 64 samples

[2025-07-28T16:20:38.741Z] [DEBUG] [d7c99b29-0f82-40d0-a446-9e2a4ce08d27] Blender Output: Fra:11 Mem:119.20M (Peak 150.84M) | Time:00:00.35 | Rendering 50 / 64 samples

[2025-07-28T16:20:38.829Z] [DEBUG] [d7c99b29-0f82-40d0-a446-9e2a4ce08d27] Blender Output: Fra:11 Mem:119.20M (Peak 150.84M) | Time:00:00.43 | Rendering 64 / 64 samples

[2025-07-28T16:20:38.908Z] [DEBUG] [d7c99b29-0f82-40d0-a446-9e2a4ce08d27] Blender Output: Append frame 11
Time: 00:00.51 (Saving: 00:00.03)


[2025-07-28T16:20:38.944Z] [DEBUG] [d7c99b29-0f82-40d0-a446-9e2a4ce08d27] Blender Output: Fra:12 Mem:119.20M (Peak 150.84M) | Time:00:00.03 | Rendering 1 / 64 samples

[2025-07-28T16:20:39.095Z] [DEBUG] [d7c99b29-0f82-40d0-a446-9e2a4ce08d27] Blender Output: Fra:12 Mem:119.20M (Peak 150.84M) | Time:00:00.18 | Rendering 25 / 64 samples

[2025-07-28T16:20:39.250Z] [DEBUG] [d7c99b29-0f82-40d0-a446-9e2a4ce08d27] Blender Output: Fra:12 Mem:119.20M (Peak 150.84M) | Time:00:00.34 | Rendering 50 / 64 samples

[2025-07-28T16:20:39.337Z] [DEBUG] [d7c99b29-0f82-40d0-a446-9e2a4ce08d27] Blender Output: Fra:12 Mem:119.20M (Peak 150.84M) | Time:00:00.42 | Rendering 64 / 64 samples

[2025-07-28T16:20:39.419Z] [DEBUG] [d7c99b29-0f82-40d0-a446-9e2a4ce08d27] Blender Output: Append frame 12
Time: 00:00.51 (Saving: 00:00.03)


[2025-07-28T16:20:39.455Z] [DEBUG] [d7c99b29-0f82-40d0-a446-9e2a4ce08d27] Blender Output: Fra:13 Mem:119.20M (Peak 150.84M) | Time:00:00.03 | Rendering 1 / 64 samples

[2025-07-28T16:20:39.605Z] [DEBUG] [d7c99b29-0f82-40d0-a446-9e2a4ce08d27] Blender Output: Fra:13 Mem:119.20M (Peak 150.84M) | Time:00:00.18 | Rendering 25 / 64 samples

[2025-07-28T16:20:39.759Z] [DEBUG] [d7c99b29-0f82-40d0-a446-9e2a4ce08d27] Blender Output: Fra:13 Mem:119.20M (Peak 150.84M) | Time:00:00.34 | Rendering 50 / 64 samples

[2025-07-28T16:20:39.847Z] [DEBUG] [d7c99b29-0f82-40d0-a446-9e2a4ce08d27] Blender Output: Fra:13 Mem:119.20M (Peak 150.84M) | Time:00:00.42 | Rendering 64 / 64 samples

[2025-07-28T16:20:39.925Z] [DEBUG] [d7c99b29-0f82-40d0-a446-9e2a4ce08d27] Blender Output: Append frame 13
Time: 00:00.50 (Saving: 00:00.03)


[2025-07-28T16:20:39.961Z] [DEBUG] [d7c99b29-0f82-40d0-a446-9e2a4ce08d27] Blender Output: Fra:14 Mem:119.20M (Peak 150.84M) | Time:00:00.03 | Rendering 1 / 64 samples

[2025-07-28T16:20:40.111Z] [DEBUG] [d7c99b29-0f82-40d0-a446-9e2a4ce08d27] Blender Output: Fra:14 Mem:119.20M (Peak 150.84M) | Time:00:00.18 | Rendering 25 / 64 samples

[2025-07-28T16:20:40.264Z] [DEBUG] [d7c99b29-0f82-40d0-a446-9e2a4ce08d27] Blender Output: Fra:14 Mem:119.20M (Peak 150.84M) | Time:00:00.33 | Rendering 50 / 64 samples

[2025-07-28T16:20:40.350Z] [DEBUG] [d7c99b29-0f82-40d0-a446-9e2a4ce08d27] Blender Output: Fra:14 Mem:119.20M (Peak 150.84M) | Time:00:00.42 | Rendering 64 / 64 samples

[2025-07-28T16:20:40.428Z] [DEBUG] [d7c99b29-0f82-40d0-a446-9e2a4ce08d27] Blender Output: Append frame 14
Time: 00:00.50 (Saving: 00:00.03)


[2025-07-28T16:20:40.464Z] [DEBUG] [d7c99b29-0f82-40d0-a446-9e2a4ce08d27] Blender Output: Fra:15 Mem:119.20M (Peak 150.84M) | Time:00:00.03 | Rendering 1 / 64 samples

[2025-07-28T16:20:40.618Z] [DEBUG] [d7c99b29-0f82-40d0-a446-9e2a4ce08d27] Blender Output: Fra:15 Mem:119.20M (Peak 150.84M) | Time:00:00.19 | Rendering 25 / 64 samples

[2025-07-28T16:20:40.778Z] [DEBUG] [d7c99b29-0f82-40d0-a446-9e2a4ce08d27] Blender Output: Fra:15 Mem:119.20M (Peak 150.84M) | Time:00:00.34 | Rendering 50 / 64 samples

[2025-07-28T16:20:40.866Z] [DEBUG] [d7c99b29-0f82-40d0-a446-9e2a4ce08d27] Blender Output: Fra:15 Mem:119.20M (Peak 150.84M) | Time:00:00.43 | Rendering 64 / 64 samples

[2025-07-28T16:20:40.942Z] [DEBUG] [d7c99b29-0f82-40d0-a446-9e2a4ce08d27] Blender Output: Append frame 15
Time: 00:00.51 (Saving: 00:00.03)


[2025-07-28T16:20:40.978Z] [DEBUG] [d7c99b29-0f82-40d0-a446-9e2a4ce08d27] Blender Output: Fra:16 Mem:119.20M (Peak 150.84M) | Time:00:00.03 | Rendering 1 / 64 samples

[2025-07-28T16:20:41.128Z] [DEBUG] [d7c99b29-0f82-40d0-a446-9e2a4ce08d27] Blender Output: Fra:16 Mem:119.20M (Peak 150.84M) | Time:00:00.18 | Rendering 25 / 64 samples

[2025-07-28T16:20:41.281Z] [DEBUG] [d7c99b29-0f82-40d0-a446-9e2a4ce08d27] Blender Output: Fra:16 Mem:119.20M (Peak 150.84M) | Time:00:00.33 | Rendering 50 / 64 samples

[2025-07-28T16:20:41.368Z] [DEBUG] [d7c99b29-0f82-40d0-a446-9e2a4ce08d27] Blender Output: Fra:16 Mem:119.20M (Peak 150.84M) | Time:00:00.42 | Rendering 64 / 64 samples

[2025-07-28T16:20:41.444Z] [DEBUG] [d7c99b29-0f82-40d0-a446-9e2a4ce08d27] Blender Output: Append frame 16
Time: 00:00.50 (Saving: 00:00.03)


[2025-07-28T16:20:41.481Z] [DEBUG] [d7c99b29-0f82-40d0-a446-9e2a4ce08d27] Blender Output: Fra:17 Mem:119.20M (Peak 150.84M) | Time:00:00.03 | Rendering 1 / 64 samples

[2025-07-28T16:20:41.630Z] [DEBUG] [d7c99b29-0f82-40d0-a446-9e2a4ce08d27] Blender Output: Fra:17 Mem:119.20M (Peak 150.84M) | Time:00:00.18 | Rendering 25 / 64 samples

[2025-07-28T16:20:41.783Z] [DEBUG] [d7c99b29-0f82-40d0-a446-9e2a4ce08d27] Blender Output: Fra:17 Mem:119.20M (Peak 150.84M) | Time:00:00.33 | Rendering 50 / 64 samples

[2025-07-28T16:20:41.870Z] [DEBUG] [d7c99b29-0f82-40d0-a446-9e2a4ce08d27] Blender Output: Fra:17 Mem:119.20M (Peak 150.84M) | Time:00:00.42 | Rendering 64 / 64 samples

[2025-07-28T16:20:41.945Z] [DEBUG] [d7c99b29-0f82-40d0-a446-9e2a4ce08d27] Blender Output: Append frame 17
Time: 00:00.50 (Saving: 00:00.03)


[2025-07-28T16:20:41.981Z] [DEBUG] [d7c99b29-0f82-40d0-a446-9e2a4ce08d27] Blender Output: Fra:18 Mem:119.20M (Peak 150.84M) | Time:00:00.03 | Rendering 1 / 64 samples

[2025-07-28T16:20:42.131Z] [DEBUG] [d7c99b29-0f82-40d0-a446-9e2a4ce08d27] Blender Output: Fra:18 Mem:119.20M (Peak 150.84M) | Time:00:00.18 | Rendering 25 / 64 samples

[2025-07-28T16:20:42.283Z] [DEBUG] [d7c99b29-0f82-40d0-a446-9e2a4ce08d27] Blender Output: Fra:18 Mem:119.20M (Peak 150.84M) | Time:00:00.33 | Rendering 50 / 64 samples

[2025-07-28T16:20:42.368Z] [DEBUG] [d7c99b29-0f82-40d0-a446-9e2a4ce08d27] Blender Output: Fra:18 Mem:119.20M (Peak 150.84M) | Time:00:00.42 | Rendering 64 / 64 samples

[2025-07-28T16:20:42.447Z] [DEBUG] [d7c99b29-0f82-40d0-a446-9e2a4ce08d27] Blender Output: Append frame 18
Time: 00:00.50 (Saving: 00:00.03)


[2025-07-28T16:20:42.483Z] [DEBUG] [d7c99b29-0f82-40d0-a446-9e2a4ce08d27] Blender Output: Fra:19 Mem:119.20M (Peak 150.84M) | Time:00:00.03 | Rendering 1 / 64 samples

[2025-07-28T16:20:42.633Z] [DEBUG] [d7c99b29-0f82-40d0-a446-9e2a4ce08d27] Blender Output: Fra:19 Mem:119.20M (Peak 150.84M) | Time:00:00.18 | Rendering 25 / 64 samples

[2025-07-28T16:20:42.787Z] [DEBUG] [d7c99b29-0f82-40d0-a446-9e2a4ce08d27] Blender Output: Fra:19 Mem:119.20M (Peak 150.84M) | Time:00:00.34 | Rendering 50 / 64 samples

[2025-07-28T16:20:42.874Z] [DEBUG] [d7c99b29-0f82-40d0-a446-9e2a4ce08d27] Blender Output: Fra:19 Mem:119.20M (Peak 150.84M) | Time:00:00.42 | Rendering 64 / 64 samples

[2025-07-28T16:20:42.953Z] [DEBUG] [d7c99b29-0f82-40d0-a446-9e2a4ce08d27] Blender Output: Append frame 19
Time: 00:00.50 (Saving: 00:00.03)


[2025-07-28T16:20:42.988Z] [DEBUG] [d7c99b29-0f82-40d0-a446-9e2a4ce08d27] Blender Output: Fra:20 Mem:119.20M (Peak 150.84M) | Time:00:00.03 | Rendering 1 / 64 samples

[2025-07-28T16:20:43.137Z] [DEBUG] [d7c99b29-0f82-40d0-a446-9e2a4ce08d27] Blender Output: Fra:20 Mem:119.20M (Peak 150.84M) | Time:00:00.18 | Rendering 25 / 64 samples

[2025-07-28T16:20:43.289Z] [DEBUG] [d7c99b29-0f82-40d0-a446-9e2a4ce08d27] Blender Output: Fra:20 Mem:119.20M (Peak 150.84M) | Time:00:00.33 | Rendering 50 / 64 samples

[2025-07-28T16:20:43.375Z] [DEBUG] [d7c99b29-0f82-40d0-a446-9e2a4ce08d27] Blender Output: Fra:20 Mem:119.20M (Peak 150.84M) | Time:00:00.42 | Rendering 64 / 64 samples

[2025-07-28T16:20:43.452Z] [DEBUG] [d7c99b29-0f82-40d0-a446-9e2a4ce08d27] Blender Output: Append frame 20
Time: 00:00.49 (Saving: 00:00.03)


[2025-07-28T16:20:43.488Z] [DEBUG] [d7c99b29-0f82-40d0-a446-9e2a4ce08d27] Blender Output: Fra:21 Mem:119.20M (Peak 150.84M) | Time:00:00.03 | Rendering 1 / 64 samples

[2025-07-28T16:20:43.639Z] [DEBUG] [d7c99b29-0f82-40d0-a446-9e2a4ce08d27] Blender Output: Fra:21 Mem:119.20M (Peak 150.84M) | Time:00:00.18 | Rendering 25 / 64 samples

[2025-07-28T16:20:43.795Z] [DEBUG] [d7c99b29-0f82-40d0-a446-9e2a4ce08d27] Blender Output: Fra:21 Mem:119.20M (Peak 150.84M) | Time:00:00.34 | Rendering 50 / 64 samples

[2025-07-28T16:20:43.883Z] [DEBUG] [d7c99b29-0f82-40d0-a446-9e2a4ce08d27] Blender Output: Fra:21 Mem:119.20M (Peak 150.84M) | Time:00:00.43 | Rendering 64 / 64 samples

[2025-07-28T16:20:43.963Z] [DEBUG] [d7c99b29-0f82-40d0-a446-9e2a4ce08d27] Blender Output: Append frame 21
Time: 00:00.51 (Saving: 00:00.03)


[2025-07-28T16:20:43.999Z] [DEBUG] [d7c99b29-0f82-40d0-a446-9e2a4ce08d27] Blender Output: Fra:22 Mem:119.20M (Peak 150.84M) | Time:00:00.03 | Rendering 1 / 64 samples

[2025-07-28T16:20:44.151Z] [DEBUG] [d7c99b29-0f82-40d0-a446-9e2a4ce08d27] Blender Output: Fra:22 Mem:119.20M (Peak 150.84M) | Time:00:00.18 | Rendering 25 / 64 samples

[2025-07-28T16:20:44.304Z] [DEBUG] [d7c99b29-0f82-40d0-a446-9e2a4ce08d27] Blender Output: Fra:22 Mem:119.20M (Peak 150.84M) | Time:00:00.34 | Rendering 50 / 64 samples

[2025-07-28T16:20:44.390Z] [DEBUG] [d7c99b29-0f82-40d0-a446-9e2a4ce08d27] Blender Output: Fra:22 Mem:119.20M (Peak 150.84M) | Time:00:00.42 | Rendering 64 / 64 samples

[2025-07-28T16:20:44.468Z] [DEBUG] [d7c99b29-0f82-40d0-a446-9e2a4ce08d27] Blender Output: Append frame 22
Time: 00:00.50 (Saving: 00:00.03)


[2025-07-28T16:20:44.505Z] [DEBUG] [d7c99b29-0f82-40d0-a446-9e2a4ce08d27] Blender Output: Fra:23 Mem:119.20M (Peak 150.84M) | Time:00:00.03 | Rendering 1 / 64 samples

[2025-07-28T16:20:44.656Z] [DEBUG] [d7c99b29-0f82-40d0-a446-9e2a4ce08d27] Blender Output: Fra:23 Mem:119.20M (Peak 150.84M) | Time:00:00.18 | Rendering 25 / 64 samples

[2025-07-28T16:20:44.811Z] [DEBUG] [d7c99b29-0f82-40d0-a446-9e2a4ce08d27] Blender Output: Fra:23 Mem:119.20M (Peak 150.84M) | Time:00:00.34 | Rendering 50 / 64 samples

[2025-07-28T16:20:44.899Z] [DEBUG] [d7c99b29-0f82-40d0-a446-9e2a4ce08d27] Blender Output: Fra:23 Mem:119.20M (Peak 150.84M) | Time:00:00.43 | Rendering 64 / 64 samples

[2025-07-28T16:20:44.981Z] [DEBUG] [d7c99b29-0f82-40d0-a446-9e2a4ce08d27] Blender Output: Append frame 23
Time: 00:00.51 (Saving: 00:00.03)


[2025-07-28T16:20:45.018Z] [DEBUG] [d7c99b29-0f82-40d0-a446-9e2a4ce08d27] Blender Output: Fra:24 Mem:119.20M (Peak 150.84M) | Time:00:00.03 | Rendering 1 / 64 samples

[2025-07-28T16:20:45.167Z] [DEBUG] [d7c99b29-0f82-40d0-a446-9e2a4ce08d27] Blender Output: Fra:24 Mem:119.20M (Peak 150.84M) | Time:00:00.18 | Rendering 25 / 64 samples

[2025-07-28T16:20:45.321Z] [DEBUG] [d7c99b29-0f82-40d0-a446-9e2a4ce08d27] Blender Output: Fra:24 Mem:119.20M (Peak 150.84M) | Time:00:00.33 | Rendering 50 / 64 samples

[2025-07-28T16:20:45.406Z] [DEBUG] [d7c99b29-0f82-40d0-a446-9e2a4ce08d27] Blender Output: Fra:24 Mem:119.20M (Peak 150.84M) | Time:00:00.42 | Rendering 64 / 64 samples

[2025-07-28T16:20:45.482Z] [DEBUG] [d7c99b29-0f82-40d0-a446-9e2a4ce08d27] Blender Output: Append frame 24
Time: 00:00.50 (Saving: 00:00.03)


[2025-07-28T16:20:45.519Z] [DEBUG] [d7c99b29-0f82-40d0-a446-9e2a4ce08d27] Blender Output: Fra:25 Mem:119.20M (Peak 150.84M) | Time:00:00.03 | Rendering 1 / 64 samples

[2025-07-28T16:20:45.670Z] [DEBUG] [d7c99b29-0f82-40d0-a446-9e2a4ce08d27] Blender Output: Fra:25 Mem:119.20M (Peak 150.84M) | Time:00:00.18 | Rendering 25 / 64 samples

[2025-07-28T16:20:45.825Z] [DEBUG] [d7c99b29-0f82-40d0-a446-9e2a4ce08d27] Blender Output: Fra:25 Mem:119.20M (Peak 150.84M) | Time:00:00.34 | Rendering 50 / 64 samples

[2025-07-28T16:20:45.913Z] [DEBUG] [d7c99b29-0f82-40d0-a446-9e2a4ce08d27] Blender Output: Fra:25 Mem:119.20M (Peak 150.84M) | Time:00:00.43 | Rendering 64 / 64 samples

[2025-07-28T16:20:45.988Z] [DEBUG] [d7c99b29-0f82-40d0-a446-9e2a4ce08d27] Blender Output: Append frame 25
Time: 00:00.50 (Saving: 00:00.03)


[2025-07-28T16:20:46.025Z] [DEBUG] [d7c99b29-0f82-40d0-a446-9e2a4ce08d27] Blender Output: Fra:26 Mem:119.20M (Peak 150.84M) | Time:00:00.03 | Rendering 1 / 64 samples

[2025-07-28T16:20:46.176Z] [DEBUG] [d7c99b29-0f82-40d0-a446-9e2a4ce08d27] Blender Output: Fra:26 Mem:119.20M (Peak 150.84M) | Time:00:00.18 | Rendering 25 / 64 samples

[2025-07-28T16:20:46.332Z] [DEBUG] [d7c99b29-0f82-40d0-a446-9e2a4ce08d27] Blender Output: Fra:26 Mem:119.20M (Peak 150.84M) | Time:00:00.34 | Rendering 50 / 64 samples

[2025-07-28T16:20:46.421Z] [DEBUG] [d7c99b29-0f82-40d0-a446-9e2a4ce08d27] Blender Output: Fra:26 Mem:119.20M (Peak 150.84M) | Time:00:00.43 | Rendering 64 / 64 samples

[2025-07-28T16:20:46.496Z] [DEBUG] [d7c99b29-0f82-40d0-a446-9e2a4ce08d27] Blender Output: Append frame 26
Time: 00:00.50 (Saving: 00:00.03)


[2025-07-28T16:20:46.531Z] [DEBUG] [d7c99b29-0f82-40d0-a446-9e2a4ce08d27] Blender Output: Fra:27 Mem:119.20M (Peak 150.84M) | Time:00:00.03 | Rendering 1 / 64 samples

[2025-07-28T16:20:46.683Z] [DEBUG] [d7c99b29-0f82-40d0-a446-9e2a4ce08d27] Blender Output: Fra:27 Mem:119.20M (Peak 150.84M) | Time:00:00.18 | Rendering 25 / 64 samples

[2025-07-28T16:20:46.838Z] [DEBUG] [d7c99b29-0f82-40d0-a446-9e2a4ce08d27] Blender Output: Fra:27 Mem:119.20M (Peak 150.84M) | Time:00:00.34 | Rendering 50 / 64 samples

[2025-07-28T16:20:46.924Z] [DEBUG] [d7c99b29-0f82-40d0-a446-9e2a4ce08d27] Blender Output: Fra:27 Mem:119.20M (Peak 150.84M) | Time:00:00.42 | Rendering 64 / 64 samples

[2025-07-28T16:20:47.003Z] [DEBUG] [d7c99b29-0f82-40d0-a446-9e2a4ce08d27] Blender Output: Append frame 27
Time: 00:00.50 (Saving: 00:00.03)


[2025-07-28T16:20:47.039Z] [DEBUG] [d7c99b29-0f82-40d0-a446-9e2a4ce08d27] Blender Output: Fra:28 Mem:119.20M (Peak 150.84M) | Time:00:00.03 | Rendering 1 / 64 samples

[2025-07-28T16:20:47.191Z] [DEBUG] [d7c99b29-0f82-40d0-a446-9e2a4ce08d27] Blender Output: Fra:28 Mem:119.20M (Peak 150.84M) | Time:00:00.18 | Rendering 25 / 64 samples

[2025-07-28T16:20:47.346Z] [DEBUG] [d7c99b29-0f82-40d0-a446-9e2a4ce08d27] Blender Output: Fra:28 Mem:119.20M (Peak 150.84M) | Time:00:00.34 | Rendering 50 / 64 samples

[2025-07-28T16:20:47.432Z] [DEBUG] [d7c99b29-0f82-40d0-a446-9e2a4ce08d27] Blender Output: Fra:28 Mem:119.20M (Peak 150.84M) | Time:00:00.42 | Rendering 64 / 64 samples

[2025-07-28T16:20:47.506Z] [DEBUG] [d7c99b29-0f82-40d0-a446-9e2a4ce08d27] Blender Output: Append frame 28
Time: 00:00.50 (Saving: 00:00.03)


[2025-07-28T16:20:47.542Z] [DEBUG] [d7c99b29-0f82-40d0-a446-9e2a4ce08d27] Blender Output: Fra:29 Mem:119.20M (Peak 150.84M) | Time:00:00.03 | Rendering 1 / 64 samples

[2025-07-28T16:20:47.694Z] [DEBUG] [d7c99b29-0f82-40d0-a446-9e2a4ce08d27] Blender Output: Fra:29 Mem:119.20M (Peak 150.84M) | Time:00:00.18 | Rendering 25 / 64 samples

[2025-07-28T16:20:47.849Z] [DEBUG] [d7c99b29-0f82-40d0-a446-9e2a4ce08d27] Blender Output: Fra:29 Mem:119.20M (Peak 150.84M) | Time:00:00.34 | Rendering 50 / 64 samples

[2025-07-28T16:20:47.935Z] [DEBUG] [d7c99b29-0f82-40d0-a446-9e2a4ce08d27] Blender Output: Fra:29 Mem:119.20M (Peak 150.84M) | Time:00:00.42 | Rendering 64 / 64 samples

[2025-07-28T16:20:48.012Z] [DEBUG] [d7c99b29-0f82-40d0-a446-9e2a4ce08d27] Blender Output: Append frame 29
Time: 00:00.50 (Saving: 00:00.03)


[2025-07-28T16:20:48.048Z] [DEBUG] [d7c99b29-0f82-40d0-a446-9e2a4ce08d27] Blender Output: Fra:30 Mem:119.20M (Peak 150.84M) | Time:00:00.03 | Rendering 1 / 64 samples

[2025-07-28T16:20:48.200Z] [DEBUG] [d7c99b29-0f82-40d0-a446-9e2a4ce08d27] Blender Output: Fra:30 Mem:119.20M (Peak 150.84M) | Time:00:00.18 | Rendering 25 / 64 samples

[2025-07-28T16:20:48.356Z] [DEBUG] [d7c99b29-0f82-40d0-a446-9e2a4ce08d27] Blender Output: Fra:30 Mem:119.20M (Peak 150.84M) | Time:00:00.34 | Rendering 50 / 64 samples

[2025-07-28T16:20:48.443Z] [DEBUG] [d7c99b29-0f82-40d0-a446-9e2a4ce08d27] Blender Output: Fra:30 Mem:119.20M (Peak 150.84M) | Time:00:00.43 | Rendering 64 / 64 samples

[2025-07-28T16:20:48.518Z] [DEBUG] [d7c99b29-0f82-40d0-a446-9e2a4ce08d27] Blender Output: Append frame 30
Time: 00:00.50 (Saving: 00:00.03)


[2025-07-28T16:20:48.553Z] [DEBUG] [d7c99b29-0f82-40d0-a446-9e2a4ce08d27] Blender Output: Fra:31 Mem:119.20M (Peak 150.84M) | Time:00:00.03 | Rendering 1 / 64 samples

[2025-07-28T16:20:48.705Z] [DEBUG] [d7c99b29-0f82-40d0-a446-9e2a4ce08d27] Blender Output: Fra:31 Mem:119.20M (Peak 150.84M) | Time:00:00.18 | Rendering 25 / 64 samples

[2025-07-28T16:20:48.861Z] [DEBUG] [d7c99b29-0f82-40d0-a446-9e2a4ce08d27] Blender Output: Fra:31 Mem:119.20M (Peak 150.84M) | Time:00:00.34 | Rendering 50 / 64 samples

[2025-07-28T16:20:48.948Z] [DEBUG] [d7c99b29-0f82-40d0-a446-9e2a4ce08d27] Blender Output: Fra:31 Mem:119.20M (Peak 150.84M) | Time:00:00.43 | Rendering 64 / 64 samples

[2025-07-28T16:20:49.025Z] [DEBUG] [d7c99b29-0f82-40d0-a446-9e2a4ce08d27] Blender Output: Append frame 31
Time: 00:00.50 (Saving: 00:00.03)


[2025-07-28T16:20:49.063Z] [DEBUG] [d7c99b29-0f82-40d0-a446-9e2a4ce08d27] Blender Output: Fra:32 Mem:119.20M (Peak 150.84M) | Time:00:00.03 | Rendering 1 / 64 samples

[2025-07-28T16:20:49.217Z] [DEBUG] [d7c99b29-0f82-40d0-a446-9e2a4ce08d27] Blender Output: Fra:32 Mem:119.20M (Peak 150.84M) | Time:00:00.19 | Rendering 25 / 64 samples

[2025-07-28T16:20:49.375Z] [DEBUG] [d7c99b29-0f82-40d0-a446-9e2a4ce08d27] Blender Output: Fra:32 Mem:119.20M (Peak 150.84M) | Time:00:00.34 | Rendering 50 / 64 samples

[2025-07-28T16:20:49.463Z] [DEBUG] [d7c99b29-0f82-40d0-a446-9e2a4ce08d27] Blender Output: Fra:32 Mem:119.20M (Peak 150.84M) | Time:00:00.43 | Rendering 64 / 64 samples

[2025-07-28T16:20:49.538Z] [DEBUG] [d7c99b29-0f82-40d0-a446-9e2a4ce08d27] Blender Output: Append frame 32
Time: 00:00.51 (Saving: 00:00.03)


[2025-07-28T16:20:49.576Z] [DEBUG] [d7c99b29-0f82-40d0-a446-9e2a4ce08d27] Blender Output: Fra:33 Mem:119.20M (Peak 150.84M) | Time:00:00.03 | Rendering 1 / 64 samples

[2025-07-28T16:20:49.729Z] [DEBUG] [d7c99b29-0f82-40d0-a446-9e2a4ce08d27] Blender Output: Fra:33 Mem:119.20M (Peak 150.84M) | Time:00:00.19 | Rendering 25 / 64 samples

[2025-07-28T16:20:49.887Z] [DEBUG] [d7c99b29-0f82-40d0-a446-9e2a4ce08d27] Blender Output: Fra:33 Mem:119.20M (Peak 150.84M) | Time:00:00.34 | Rendering 50 / 64 samples

[2025-07-28T16:20:49.975Z] [DEBUG] [d7c99b29-0f82-40d0-a446-9e2a4ce08d27] Blender Output: Fra:33 Mem:119.20M (Peak 150.84M) | Time:00:00.43 | Rendering 64 / 64 samples

[2025-07-28T16:20:50.053Z] [DEBUG] [d7c99b29-0f82-40d0-a446-9e2a4ce08d27] Blender Output: Append frame 33
Time: 00:00.51 (Saving: 00:00.03)


[2025-07-28T16:20:50.090Z] [DEBUG] [d7c99b29-0f82-40d0-a446-9e2a4ce08d27] Blender Output: Fra:34 Mem:119.20M (Peak 150.84M) | Time:00:00.03 | Rendering 1 / 64 samples

[2025-07-28T16:20:50.242Z] [DEBUG] [d7c99b29-0f82-40d0-a446-9e2a4ce08d27] Blender Output: Fra:34 Mem:119.20M (Peak 150.84M) | Time:00:00.18 | Rendering 25 / 64 samples

[2025-07-28T16:20:50.396Z] [DEBUG] [d7c99b29-0f82-40d0-a446-9e2a4ce08d27] Blender Output: Fra:34 Mem:119.20M (Peak 150.84M) | Time:00:00.34 | Rendering 50 / 64 samples

[2025-07-28T16:20:50.482Z] [DEBUG] [d7c99b29-0f82-40d0-a446-9e2a4ce08d27] Blender Output: Fra:34 Mem:119.20M (Peak 150.84M) | Time:00:00.42 | Rendering 64 / 64 samples

[2025-07-28T16:20:50.557Z] [DEBUG] [d7c99b29-0f82-40d0-a446-9e2a4ce08d27] Blender Output: Append frame 34
Time: 00:00.50 (Saving: 00:00.03)


[2025-07-28T16:20:50.594Z] [DEBUG] [d7c99b29-0f82-40d0-a446-9e2a4ce08d27] Blender Output: Fra:35 Mem:119.20M (Peak 150.84M) | Time:00:00.03 | Rendering 1 / 64 samples

[2025-07-28T16:20:50.748Z] [DEBUG] [d7c99b29-0f82-40d0-a446-9e2a4ce08d27] Blender Output: Fra:35 Mem:119.20M (Peak 150.84M) | Time:00:00.19 | Rendering 25 / 64 samples

[2025-07-28T16:20:50.905Z] [DEBUG] [d7c99b29-0f82-40d0-a446-9e2a4ce08d27] Blender Output: Fra:35 Mem:119.20M (Peak 150.84M) | Time:00:00.34 | Rendering 50 / 64 samples

[2025-07-28T16:20:50.993Z] [DEBUG] [d7c99b29-0f82-40d0-a446-9e2a4ce08d27] Blender Output: Fra:35 Mem:119.20M (Peak 150.84M) | Time:00:00.43 | Rendering 64 / 64 samples

[2025-07-28T16:20:51.070Z] [DEBUG] [d7c99b29-0f82-40d0-a446-9e2a4ce08d27] Blender Output: Append frame 35
Time: 00:00.51 (Saving: 00:00.03)


[2025-07-28T16:20:51.106Z] [DEBUG] [d7c99b29-0f82-40d0-a446-9e2a4ce08d27] Blender Output: Fra:36 Mem:119.20M (Peak 150.84M) | Time:00:00.03 | Rendering 1 / 64 samples

[2025-07-28T16:20:51.259Z] [DEBUG] [d7c99b29-0f82-40d0-a446-9e2a4ce08d27] Blender Output: Fra:36 Mem:119.20M (Peak 150.84M) | Time:00:00.18 | Rendering 25 / 64 samples

[2025-07-28T16:20:51.413Z] [DEBUG] [d7c99b29-0f82-40d0-a446-9e2a4ce08d27] Blender Output: Fra:36 Mem:119.20M (Peak 150.84M) | Time:00:00.34 | Rendering 50 / 64 samples

[2025-07-28T16:20:51.501Z] [DEBUG] [d7c99b29-0f82-40d0-a446-9e2a4ce08d27] Blender Output: Fra:36 Mem:119.20M (Peak 150.84M) | Time:00:00.43 | Rendering 64 / 64 samples

[2025-07-28T16:20:51.579Z] [DEBUG] [d7c99b29-0f82-40d0-a446-9e2a4ce08d27] Blender Output: Append frame 36
Time: 00:00.50 (Saving: 00:00.03)


[2025-07-28T16:20:51.631Z] [DEBUG] [d7c99b29-0f82-40d0-a446-9e2a4ce08d27] Blender Output: Fra:37 Mem:119.20M (Peak 150.84M) | Time:00:00.05 | Rendering 1 / 64 samples

[2025-07-28T16:20:51.789Z] [DEBUG] [d7c99b29-0f82-40d0-a446-9e2a4ce08d27] Blender Output: Fra:37 Mem:119.20M (Peak 150.84M) | Time:00:00.20 | Rendering 25 / 64 samples

[2025-07-28T16:20:51.950Z] [DEBUG] [d7c99b29-0f82-40d0-a446-9e2a4ce08d27] Blender Output: Fra:37 Mem:119.20M (Peak 150.84M) | Time:00:00.37 | Rendering 50 / 64 samples

[2025-07-28T16:20:52.040Z] [DEBUG] [d7c99b29-0f82-40d0-a446-9e2a4ce08d27] Blender Output: Fra:37 Mem:119.20M (Peak 150.84M) | Time:00:00.46 | Rendering 64 / 64 samples

[2025-07-28T16:20:52.117Z] [DEBUG] [d7c99b29-0f82-40d0-a446-9e2a4ce08d27] Blender Output: Append frame 37
Time: 00:00.53 (Saving: 00:00.03)


[2025-07-28T16:20:52.154Z] [DEBUG] [d7c99b29-0f82-40d0-a446-9e2a4ce08d27] Blender Output: Fra:38 Mem:119.20M (Peak 150.84M) | Time:00:00.03 | Rendering 1 / 64 samples

[2025-07-28T16:20:52.307Z] [DEBUG] [d7c99b29-0f82-40d0-a446-9e2a4ce08d27] Blender Output: Fra:38 Mem:119.20M (Peak 150.84M) | Time:00:00.18 | Rendering 25 / 64 samples

[2025-07-28T16:20:52.461Z] [DEBUG] [d7c99b29-0f82-40d0-a446-9e2a4ce08d27] Blender Output: Fra:38 Mem:119.20M (Peak 150.84M) | Time:00:00.34 | Rendering 50 / 64 samples

[2025-07-28T16:20:52.547Z] [DEBUG] [d7c99b29-0f82-40d0-a446-9e2a4ce08d27] Blender Output: Fra:38 Mem:119.20M (Peak 150.84M) | Time:00:00.42 | Rendering 64 / 64 samples

[2025-07-28T16:20:52.626Z] [DEBUG] [d7c99b29-0f82-40d0-a446-9e2a4ce08d27] Blender Output: Append frame 38
Time: 00:00.50 (Saving: 00:00.03)


[2025-07-28T16:20:52.663Z] [DEBUG] [d7c99b29-0f82-40d0-a446-9e2a4ce08d27] Blender Output: Fra:39 Mem:119.20M (Peak 150.84M) | Time:00:00.03 | Rendering 1 / 64 samples

[2025-07-28T16:20:52.819Z] [DEBUG] [d7c99b29-0f82-40d0-a446-9e2a4ce08d27] Blender Output: Fra:39 Mem:119.20M (Peak 150.84M) | Time:00:00.19 | Rendering 25 / 64 samples

[2025-07-28T16:20:52.978Z] [DEBUG] [d7c99b29-0f82-40d0-a446-9e2a4ce08d27] Blender Output: Fra:39 Mem:119.20M (Peak 150.84M) | Time:00:00.35 | Rendering 50 / 64 samples

[2025-07-28T16:20:53.066Z] [DEBUG] [d7c99b29-0f82-40d0-a446-9e2a4ce08d27] Blender Output: Fra:39 Mem:119.20M (Peak 150.84M) | Time:00:00.44 | Rendering 64 / 64 samples

[2025-07-28T16:20:53.142Z] [DEBUG] [d7c99b29-0f82-40d0-a446-9e2a4ce08d27] Blender Output: Append frame 39
Time: 00:00.51 (Saving: 00:00.03)


[2025-07-28T16:20:53.179Z] [DEBUG] [d7c99b29-0f82-40d0-a446-9e2a4ce08d27] Blender Output: Fra:40 Mem:119.20M (Peak 150.84M) | Time:00:00.03 | Rendering 1 / 64 samples

[2025-07-28T16:20:53.330Z] [DEBUG] [d7c99b29-0f82-40d0-a446-9e2a4ce08d27] Blender Output: Fra:40 Mem:119.20M (Peak 150.84M) | Time:00:00.18 | Rendering 25 / 64 samples

[2025-07-28T16:20:53.485Z] [DEBUG] [d7c99b29-0f82-40d0-a446-9e2a4ce08d27] Blender Output: Fra:40 Mem:119.20M (Peak 150.84M) | Time:00:00.34 | Rendering 50 / 64 samples

[2025-07-28T16:20:53.571Z] [DEBUG] [d7c99b29-0f82-40d0-a446-9e2a4ce08d27] Blender Output: Fra:40 Mem:119.20M (Peak 150.84M) | Time:00:00.42 | Rendering 64 / 64 samples

[2025-07-28T16:20:53.648Z] [DEBUG] [d7c99b29-0f82-40d0-a446-9e2a4ce08d27] Blender Output: Append frame 40
Time: 00:00.50 (Saving: 00:00.03)


[2025-07-28T16:20:53.684Z] [DEBUG] [d7c99b29-0f82-40d0-a446-9e2a4ce08d27] Blender Output: Fra:41 Mem:119.20M (Peak 150.84M) | Time:00:00.03 | Rendering 1 / 64 samples

[2025-07-28T16:20:53.835Z] [DEBUG] [d7c99b29-0f82-40d0-a446-9e2a4ce08d27] Blender Output: Fra:41 Mem:119.20M (Peak 150.84M) | Time:00:00.18 | Rendering 25 / 64 samples

[2025-07-28T16:20:53.990Z] [DEBUG] [d7c99b29-0f82-40d0-a446-9e2a4ce08d27] Blender Output: Fra:41 Mem:119.20M (Peak 150.84M) | Time:00:00.34 | Rendering 50 / 64 samples

[2025-07-28T16:20:54.076Z] [DEBUG] [d7c99b29-0f82-40d0-a446-9e2a4ce08d27] Blender Output: Fra:41 Mem:119.20M (Peak 150.84M) | Time:00:00.42 | Rendering 64 / 64 samples

[2025-07-28T16:20:54.154Z] [DEBUG] [d7c99b29-0f82-40d0-a446-9e2a4ce08d27] Blender Output: Append frame 41
Time: 00:00.50 (Saving: 00:00.03)


[2025-07-28T16:20:54.191Z] [DEBUG] [d7c99b29-0f82-40d0-a446-9e2a4ce08d27] Blender Output: Fra:42 Mem:119.20M (Peak 150.84M) | Time:00:00.03 | Rendering 1 / 64 samples

[2025-07-28T16:20:54.340Z] [DEBUG] [d7c99b29-0f82-40d0-a446-9e2a4ce08d27] Blender Output: Fra:42 Mem:119.20M (Peak 150.84M) | Time:00:00.18 | Rendering 25 / 64 samples

[2025-07-28T16:20:54.492Z] [DEBUG] [d7c99b29-0f82-40d0-a446-9e2a4ce08d27] Blender Output: Fra:42 Mem:119.20M (Peak 150.84M) | Time:00:00.33 | Rendering 50 / 64 samples

[2025-07-28T16:20:54.576Z] [DEBUG] [d7c99b29-0f82-40d0-a446-9e2a4ce08d27] Blender Output: Fra:42 Mem:119.20M (Peak 150.84M) | Time:00:00.42 | Rendering 64 / 64 samples

[2025-07-28T16:20:54.652Z] [DEBUG] [d7c99b29-0f82-40d0-a446-9e2a4ce08d27] Blender Output: Append frame 42
Time: 00:00.49 (Saving: 00:00.03)


[2025-07-28T16:20:54.688Z] [DEBUG] [d7c99b29-0f82-40d0-a446-9e2a4ce08d27] Blender Output: Fra:43 Mem:119.20M (Peak 150.84M) | Time:00:00.03 | Rendering 1 / 64 samples

[2025-07-28T16:20:54.839Z] [DEBUG] [d7c99b29-0f82-40d0-a446-9e2a4ce08d27] Blender Output: Fra:43 Mem:119.20M (Peak 150.84M) | Time:00:00.18 | Rendering 25 / 64 samples

[2025-07-28T16:20:54.991Z] [DEBUG] [d7c99b29-0f82-40d0-a446-9e2a4ce08d27] Blender Output: Fra:43 Mem:119.20M (Peak 150.84M) | Time:00:00.33 | Rendering 50 / 64 samples

[2025-07-28T16:20:55.077Z] [DEBUG] [d7c99b29-0f82-40d0-a446-9e2a4ce08d27] Blender Output: Fra:43 Mem:119.20M (Peak 150.84M) | Time:00:00.42 | Rendering 64 / 64 samples

[2025-07-28T16:20:55.153Z] [DEBUG] [d7c99b29-0f82-40d0-a446-9e2a4ce08d27] Blender Output: Append frame 43
Time: 00:00.50 (Saving: 00:00.03)


[2025-07-28T16:20:55.191Z] [DEBUG] [d7c99b29-0f82-40d0-a446-9e2a4ce08d27] Blender Output: Fra:44 Mem:119.20M (Peak 150.84M) | Time:00:00.03 | Rendering 1 / 64 samples

[2025-07-28T16:20:55.342Z] [DEBUG] [d7c99b29-0f82-40d0-a446-9e2a4ce08d27] Blender Output: Fra:44 Mem:119.20M (Peak 150.84M) | Time:00:00.18 | Rendering 25 / 64 samples

[2025-07-28T16:20:55.496Z] [DEBUG] [d7c99b29-0f82-40d0-a446-9e2a4ce08d27] Blender Output: Fra:44 Mem:119.20M (Peak 150.84M) | Time:00:00.34 | Rendering 50 / 64 samples

[2025-07-28T16:20:55.582Z] [DEBUG] [d7c99b29-0f82-40d0-a446-9e2a4ce08d27] Blender Output: Fra:44 Mem:119.20M (Peak 150.84M) | Time:00:00.42 | Rendering 64 / 64 samples

[2025-07-28T16:20:55.659Z] [DEBUG] [d7c99b29-0f82-40d0-a446-9e2a4ce08d27] Blender Output: Append frame 44
Time: 00:00.50 (Saving: 00:00.03)


[2025-07-28T16:20:55.695Z] [DEBUG] [d7c99b29-0f82-40d0-a446-9e2a4ce08d27] Blender Output: Fra:45 Mem:119.20M (Peak 150.84M) | Time:00:00.03 | Rendering 1 / 64 samples

[2025-07-28T16:20:55.849Z] [DEBUG] [d7c99b29-0f82-40d0-a446-9e2a4ce08d27] Blender Output: Fra:45 Mem:119.20M (Peak 150.84M) | Time:00:00.19 | Rendering 25 / 64 samples

[2025-07-28T16:20:56.006Z] [DEBUG] [d7c99b29-0f82-40d0-a446-9e2a4ce08d27] Blender Output: Fra:45 Mem:119.20M (Peak 150.84M) | Time:00:00.34 | Rendering 50 / 64 samples

[2025-07-28T16:20:56.092Z] [DEBUG] [d7c99b29-0f82-40d0-a446-9e2a4ce08d27] Blender Output: Fra:45 Mem:119.20M (Peak 150.84M) | Time:00:00.43 | Rendering 64 / 64 samples

[2025-07-28T16:20:56.172Z] [DEBUG] [d7c99b29-0f82-40d0-a446-9e2a4ce08d27] Blender Output: Append frame 45
Time: 00:00.51 (Saving: 00:00.03)


[2025-07-28T16:20:56.209Z] [DEBUG] [d7c99b29-0f82-40d0-a446-9e2a4ce08d27] Blender Output: Fra:46 Mem:119.20M (Peak 150.84M) | Time:00:00.03 | Rendering 1 / 64 samples

[2025-07-28T16:20:56.359Z] [DEBUG] [d7c99b29-0f82-40d0-a446-9e2a4ce08d27] Blender Output: Fra:46 Mem:119.20M (Peak 150.84M) | Time:00:00.18 | Rendering 25 / 64 samples

[2025-07-28T16:20:56.514Z] [DEBUG] [d7c99b29-0f82-40d0-a446-9e2a4ce08d27] Blender Output: Fra:46 Mem:119.20M (Peak 150.84M) | Time:00:00.34 | Rendering 50 / 64 samples

[2025-07-28T16:20:56.601Z] [DEBUG] [d7c99b29-0f82-40d0-a446-9e2a4ce08d27] Blender Output: Fra:46 Mem:119.20M (Peak 150.84M) | Time:00:00.42 | Rendering 64 / 64 samples

[2025-07-28T16:20:56.679Z] [DEBUG] [d7c99b29-0f82-40d0-a446-9e2a4ce08d27] Blender Output: Append frame 46
Time: 00:00.50 (Saving: 00:00.03)


[2025-07-28T16:20:56.715Z] [DEBUG] [d7c99b29-0f82-40d0-a446-9e2a4ce08d27] Blender Output: Fra:47 Mem:119.20M (Peak 150.84M) | Time:00:00.03 | Rendering 1 / 64 samples

[2025-07-28T16:20:56.871Z] [DEBUG] [d7c99b29-0f82-40d0-a446-9e2a4ce08d27] Blender Output: Fra:47 Mem:119.20M (Peak 150.84M) | Time:00:00.19 | Rendering 25 / 64 samples

[2025-07-28T16:20:57.029Z] [DEBUG] [d7c99b29-0f82-40d0-a446-9e2a4ce08d27] Blender Output: Fra:47 Mem:119.20M (Peak 150.84M) | Time:00:00.34 | Rendering 50 / 64 samples

[2025-07-28T16:20:57.117Z] [DEBUG] [d7c99b29-0f82-40d0-a446-9e2a4ce08d27] Blender Output: Fra:47 Mem:119.20M (Peak 150.84M) | Time:00:00.43 | Rendering 64 / 64 samples

[2025-07-28T16:20:57.194Z] [DEBUG] [d7c99b29-0f82-40d0-a446-9e2a4ce08d27] Blender Output: Append frame 47
Time: 00:00.51 (Saving: 00:00.03)


[2025-07-28T16:20:57.230Z] [DEBUG] [d7c99b29-0f82-40d0-a446-9e2a4ce08d27] Blender Output: Fra:48 Mem:119.20M (Peak 150.84M) | Time:00:00.03 | Rendering 1 / 64 samples

[2025-07-28T16:20:57.383Z] [DEBUG] [d7c99b29-0f82-40d0-a446-9e2a4ce08d27] Blender Output: Fra:48 Mem:119.20M (Peak 150.84M) | Time:00:00.18 | Rendering 25 / 64 samples

[2025-07-28T16:20:57.540Z] [DEBUG] [d7c99b29-0f82-40d0-a446-9e2a4ce08d27] Blender Output: Fra:48 Mem:119.20M (Peak 150.84M) | Time:00:00.34 | Rendering 50 / 64 samples

[2025-07-28T16:20:57.628Z] [DEBUG] [d7c99b29-0f82-40d0-a446-9e2a4ce08d27] Blender Output: Fra:48 Mem:119.20M (Peak 150.84M) | Time:00:00.43 | Rendering 64 / 64 samples

[2025-07-28T16:20:57.705Z] [DEBUG] [d7c99b29-0f82-40d0-a446-9e2a4ce08d27] Blender Output: Append frame 48
Time: 00:00.51 (Saving: 00:00.03)


[2025-07-28T16:20:57.742Z] [DEBUG] [d7c99b29-0f82-40d0-a446-9e2a4ce08d27] Blender Output: Fra:49 Mem:119.20M (Peak 150.84M) | Time:00:00.03 | Rendering 1 / 64 samples

[2025-07-28T16:20:57.897Z] [DEBUG] [d7c99b29-0f82-40d0-a446-9e2a4ce08d27] Blender Output: Fra:49 Mem:119.20M (Peak 150.84M) | Time:00:00.19 | Rendering 25 / 64 samples

[2025-07-28T16:20:58.054Z] [DEBUG] [d7c99b29-0f82-40d0-a446-9e2a4ce08d27] Blender Output: Fra:49 Mem:119.20M (Peak 150.84M) | Time:00:00.34 | Rendering 50 / 64 samples

[2025-07-28T16:20:58.141Z] [DEBUG] [d7c99b29-0f82-40d0-a446-9e2a4ce08d27] Blender Output: Fra:49 Mem:119.20M (Peak 150.84M) | Time:00:00.43 | Rendering 64 / 64 samples

[2025-07-28T16:20:58.220Z] [DEBUG] [d7c99b29-0f82-40d0-a446-9e2a4ce08d27] Blender Output: Append frame 49
Time: 00:00.51 (Saving: 00:00.03)


[2025-07-28T16:20:58.256Z] [DEBUG] [d7c99b29-0f82-40d0-a446-9e2a4ce08d27] Blender Output: Fra:50 Mem:119.20M (Peak 150.84M) | Time:00:00.03 | Rendering 1 / 64 samples

[2025-07-28T16:20:58.408Z] [DEBUG] [d7c99b29-0f82-40d0-a446-9e2a4ce08d27] Blender Output: Fra:50 Mem:119.20M (Peak 150.84M) | Time:00:00.18 | Rendering 25 / 64 samples

[2025-07-28T16:20:58.562Z] [DEBUG] [d7c99b29-0f82-40d0-a446-9e2a4ce08d27] Blender Output: Fra:50 Mem:119.20M (Peak 150.84M) | Time:00:00.34 | Rendering 50 / 64 samples

[2025-07-28T16:20:58.649Z] [DEBUG] [d7c99b29-0f82-40d0-a446-9e2a4ce08d27] Blender Output: Fra:50 Mem:119.20M (Peak 150.84M) | Time:00:00.42 | Rendering 64 / 64 samples

[2025-07-28T16:20:58.727Z] [DEBUG] [d7c99b29-0f82-40d0-a446-9e2a4ce08d27] Blender Output: Append frame 50
Time: 00:00.50 (Saving: 00:00.03)


[2025-07-28T16:20:58.764Z] [DEBUG] [d7c99b29-0f82-40d0-a446-9e2a4ce08d27] Blender Output: Fra:51 Mem:119.20M (Peak 150.84M) | Time:00:00.03 | Rendering 1 / 64 samples

[2025-07-28T16:20:58.922Z] [DEBUG] [d7c99b29-0f82-40d0-a446-9e2a4ce08d27] Blender Output: Fra:51 Mem:119.20M (Peak 150.84M) | Time:00:00.19 | Rendering 25 / 64 samples

[2025-07-28T16:20:59.080Z] [DEBUG] [d7c99b29-0f82-40d0-a446-9e2a4ce08d27] Blender Output: Fra:51 Mem:119.20M (Peak 150.84M) | Time:00:00.35 | Rendering 50 / 64 samples

[2025-07-28T16:20:59.168Z] [DEBUG] [d7c99b29-0f82-40d0-a446-9e2a4ce08d27] Blender Output: Fra:51 Mem:119.20M (Peak 150.84M) | Time:00:00.44 | Rendering 64 / 64 samples

[2025-07-28T16:20:59.246Z] [DEBUG] [d7c99b29-0f82-40d0-a446-9e2a4ce08d27] Blender Output: Append frame 51
Time: 00:00.51 (Saving: 00:00.03)


[2025-07-28T16:20:59.282Z] [DEBUG] [d7c99b29-0f82-40d0-a446-9e2a4ce08d27] Blender Output: Fra:52 Mem:119.20M (Peak 150.84M) | Time:00:00.03 | Rendering 1 / 64 samples

[2025-07-28T16:20:59.434Z] [DEBUG] [d7c99b29-0f82-40d0-a446-9e2a4ce08d27] Blender Output: Fra:52 Mem:119.20M (Peak 150.84M) | Time:00:00.18 | Rendering 25 / 64 samples

[2025-07-28T16:20:59.588Z] [DEBUG] [d7c99b29-0f82-40d0-a446-9e2a4ce08d27] Blender Output: Fra:52 Mem:119.20M (Peak 150.84M) | Time:00:00.34 | Rendering 50 / 64 samples

[2025-07-28T16:20:59.676Z] [DEBUG] [d7c99b29-0f82-40d0-a446-9e2a4ce08d27] Blender Output: Fra:52 Mem:119.20M (Peak 150.84M) | Time:00:00.42 | Rendering 64 / 64 samples

[2025-07-28T16:20:59.753Z] [DEBUG] [d7c99b29-0f82-40d0-a446-9e2a4ce08d27] Blender Output: Append frame 52
Time: 00:00.50 (Saving: 00:00.03)


[2025-07-28T16:20:59.789Z] [DEBUG] [d7c99b29-0f82-40d0-a446-9e2a4ce08d27] Blender Output: Fra:53 Mem:119.20M (Peak 150.84M) | Time:00:00.03 | Rendering 1 / 64 samples

[2025-07-28T16:20:59.942Z] [DEBUG] [d7c99b29-0f82-40d0-a446-9e2a4ce08d27] Blender Output: Fra:53 Mem:119.20M (Peak 150.84M) | Time:00:00.18 | Rendering 25 / 64 samples

[2025-07-28T16:21:00.096Z] [DEBUG] [d7c99b29-0f82-40d0-a446-9e2a4ce08d27] Blender Output: Fra:53 Mem:119.20M (Peak 150.84M) | Time:00:00.34 | Rendering 50 / 64 samples

[2025-07-28T16:21:00.183Z] [DEBUG] [d7c99b29-0f82-40d0-a446-9e2a4ce08d27] Blender Output: Fra:53 Mem:119.20M (Peak 150.84M) | Time:00:00.43 | Rendering 64 / 64 samples

[2025-07-28T16:21:00.261Z] [DEBUG] [d7c99b29-0f82-40d0-a446-9e2a4ce08d27] Blender Output: Append frame 53
Time: 00:00.50 (Saving: 00:00.03)


[2025-07-28T16:21:00.298Z] [DEBUG] [d7c99b29-0f82-40d0-a446-9e2a4ce08d27] Blender Output: Fra:54 Mem:119.20M (Peak 150.84M) | Time:00:00.03 | Rendering 1 / 64 samples

[2025-07-28T16:21:00.453Z] [DEBUG] [d7c99b29-0f82-40d0-a446-9e2a4ce08d27] Blender Output: Fra:54 Mem:119.20M (Peak 150.84M) | Time:00:00.19 | Rendering 25 / 64 samples

[2025-07-28T16:21:00.611Z] [DEBUG] [d7c99b29-0f82-40d0-a446-9e2a4ce08d27] Blender Output: Fra:54 Mem:119.20M (Peak 150.84M) | Time:00:00.34 | Rendering 50 / 64 samples

[2025-07-28T16:21:00.699Z] [DEBUG] [d7c99b29-0f82-40d0-a446-9e2a4ce08d27] Blender Output: Fra:54 Mem:119.20M (Peak 150.84M) | Time:00:00.43 | Rendering 64 / 64 samples

[2025-07-28T16:21:00.777Z] [DEBUG] [d7c99b29-0f82-40d0-a446-9e2a4ce08d27] Blender Output: Append frame 54
Time: 00:00.51 (Saving: 00:00.03)


[2025-07-28T16:21:00.814Z] [DEBUG] [d7c99b29-0f82-40d0-a446-9e2a4ce08d27] Blender Output: Fra:55 Mem:119.20M (Peak 150.84M) | Time:00:00.03 | Rendering 1 / 64 samples

[2025-07-28T16:21:00.965Z] [DEBUG] [d7c99b29-0f82-40d0-a446-9e2a4ce08d27] Blender Output: Fra:55 Mem:119.20M (Peak 150.84M) | Time:00:00.18 | Rendering 25 / 64 samples

[2025-07-28T16:21:01.118Z] [DEBUG] [d7c99b29-0f82-40d0-a446-9e2a4ce08d27] Blender Output: Fra:55 Mem:119.20M (Peak 150.84M) | Time:00:00.34 | Rendering 50 / 64 samples

[2025-07-28T16:21:01.202Z] [DEBUG] [d7c99b29-0f82-40d0-a446-9e2a4ce08d27] Blender Output: Fra:55 Mem:119.20M (Peak 150.84M) | Time:00:00.42 | Rendering 64 / 64 samples

[2025-07-28T16:21:01.280Z] [DEBUG] [d7c99b29-0f82-40d0-a446-9e2a4ce08d27] Blender Output: Append frame 55
Time: 00:00.50 (Saving: 00:00.03)


[2025-07-28T16:21:01.317Z] [DEBUG] [d7c99b29-0f82-40d0-a446-9e2a4ce08d27] Blender Output: Fra:56 Mem:119.20M (Peak 150.84M) | Time:00:00.03 | Rendering 1 / 64 samples

[2025-07-28T16:21:01.472Z] [DEBUG] [d7c99b29-0f82-40d0-a446-9e2a4ce08d27] Blender Output: Fra:56 Mem:119.20M (Peak 150.84M) | Time:00:00.19 | Rendering 25 / 64 samples

[2025-07-28T16:21:01.629Z] [DEBUG] [d7c99b29-0f82-40d0-a446-9e2a4ce08d27] Blender Output: Fra:56 Mem:119.20M (Peak 150.84M) | Time:00:00.34 | Rendering 50 / 64 samples

[2025-07-28T16:21:01.717Z] [DEBUG] [d7c99b29-0f82-40d0-a446-9e2a4ce08d27] Blender Output: Fra:56 Mem:119.20M (Peak 150.84M) | Time:00:00.43 | Rendering 64 / 64 samples

[2025-07-28T16:21:01.792Z] [DEBUG] [d7c99b29-0f82-40d0-a446-9e2a4ce08d27] Blender Output: Append frame 56
Time: 00:00.51 (Saving: 00:00.03)


[2025-07-28T16:21:01.828Z] [DEBUG] [d7c99b29-0f82-40d0-a446-9e2a4ce08d27] Blender Output: Fra:57 Mem:119.20M (Peak 150.84M) | Time:00:00.03 | Rendering 1 / 64 samples

[2025-07-28T16:21:01.979Z] [DEBUG] [d7c99b29-0f82-40d0-a446-9e2a4ce08d27] Blender Output: Fra:57 Mem:119.20M (Peak 150.84M) | Time:00:00.18 | Rendering 25 / 64 samples

[2025-07-28T16:21:02.131Z] [DEBUG] [d7c99b29-0f82-40d0-a446-9e2a4ce08d27] Blender Output: Fra:57 Mem:119.20M (Peak 150.84M) | Time:00:00.33 | Rendering 50 / 64 samples

[2025-07-28T16:21:02.217Z] [DEBUG] [d7c99b29-0f82-40d0-a446-9e2a4ce08d27] Blender Output: Fra:57 Mem:119.20M (Peak 150.84M) | Time:00:00.42 | Rendering 64 / 64 samples

[2025-07-28T16:21:02.290Z] [DEBUG] [d7c99b29-0f82-40d0-a446-9e2a4ce08d27] Blender Output: Append frame 57
Time: 00:00.49 (Saving: 00:00.03)


[2025-07-28T16:21:02.327Z] [DEBUG] [d7c99b29-0f82-40d0-a446-9e2a4ce08d27] Blender Output: Fra:58 Mem:119.20M (Peak 150.84M) | Time:00:00.03 | Rendering 1 / 64 samples

[2025-07-28T16:21:02.480Z] [DEBUG] [d7c99b29-0f82-40d0-a446-9e2a4ce08d27] Blender Output: Fra:58 Mem:119.20M (Peak 150.84M) | Time:00:00.19 | Rendering 25 / 64 samples

[2025-07-28T16:21:02.637Z] [DEBUG] [d7c99b29-0f82-40d0-a446-9e2a4ce08d27] Blender Output: Fra:58 Mem:119.20M (Peak 150.84M) | Time:00:00.34 | Rendering 50 / 64 samples

[2025-07-28T16:21:02.724Z] [DEBUG] [d7c99b29-0f82-40d0-a446-9e2a4ce08d27] Blender Output: Fra:58 Mem:119.20M (Peak 150.84M) | Time:00:00.43 | Rendering 64 / 64 samples

[2025-07-28T16:21:02.800Z] [DEBUG] [d7c99b29-0f82-40d0-a446-9e2a4ce08d27] Blender Output: Append frame 58
Time: 00:00.51 (Saving: 00:00.03)


[2025-07-28T16:21:02.836Z] [DEBUG] [d7c99b29-0f82-40d0-a446-9e2a4ce08d27] Blender Output: Fra:59 Mem:119.20M (Peak 150.84M) | Time:00:00.03 | Rendering 1 / 64 samples

[2025-07-28T16:21:02.991Z] [DEBUG] [d7c99b29-0f82-40d0-a446-9e2a4ce08d27] Blender Output: Fra:59 Mem:119.20M (Peak 150.84M) | Time:00:00.19 | Rendering 25 / 64 samples

[2025-07-28T16:21:03.148Z] [DEBUG] [d7c99b29-0f82-40d0-a446-9e2a4ce08d27] Blender Output: Fra:59 Mem:119.20M (Peak 150.84M) | Time:00:00.34 | Rendering 50 / 64 samples

[2025-07-28T16:21:03.237Z] [DEBUG] [d7c99b29-0f82-40d0-a446-9e2a4ce08d27] Blender Output: Fra:59 Mem:119.20M (Peak 150.84M) | Time:00:00.43 | Rendering 64 / 64 samples

[2025-07-28T16:21:03.314Z] [DEBUG] [d7c99b29-0f82-40d0-a446-9e2a4ce08d27] Blender Output: Append frame 59
Time: 00:00.51 (Saving: 00:00.03)


[2025-07-28T16:21:03.351Z] [DEBUG] [d7c99b29-0f82-40d0-a446-9e2a4ce08d27] Blender Output: Fra:60 Mem:119.20M (Peak 150.84M) | Time:00:00.03 | Rendering 1 / 64 samples

[2025-07-28T16:21:03.506Z] [DEBUG] [d7c99b29-0f82-40d0-a446-9e2a4ce08d27] Blender Output: Fra:60 Mem:119.20M (Peak 150.84M) | Time:00:00.19 | Rendering 25 / 64 samples

[2025-07-28T16:21:03.665Z] [DEBUG] [d7c99b29-0f82-40d0-a446-9e2a4ce08d27] Blender Output: Fra:60 Mem:119.20M (Peak 150.84M) | Time:00:00.35 | Rendering 50 / 64 samples

[2025-07-28T16:21:03.754Z] [DEBUG] [d7c99b29-0f82-40d0-a446-9e2a4ce08d27] Blender Output: Fra:60 Mem:119.20M (Peak 150.84M) | Time:00:00.43 | Rendering 64 / 64 samples

[2025-07-28T16:21:03.827Z] [DEBUG] [d7c99b29-0f82-40d0-a446-9e2a4ce08d27] Blender Output: Append frame 60
Time: 00:00.51 (Saving: 00:00.03)


[2025-07-28T16:21:03.864Z] [DEBUG] [d7c99b29-0f82-40d0-a446-9e2a4ce08d27] Blender Output: Fra:61 Mem:119.20M (Peak 150.84M) | Time:00:00.03 | Rendering 1 / 64 samples

[2025-07-28T16:21:04.023Z] [DEBUG] [d7c99b29-0f82-40d0-a446-9e2a4ce08d27] Blender Output: Fra:61 Mem:119.20M (Peak 150.84M) | Time:00:00.19 | Rendering 25 / 64 samples

[2025-07-28T16:21:04.184Z] [DEBUG] [d7c99b29-0f82-40d0-a446-9e2a4ce08d27] Blender Output: Fra:61 Mem:119.20M (Peak 150.84M) | Time:00:00.35 | Rendering 50 / 64 samples

[2025-07-28T16:21:04.274Z] [DEBUG] [d7c99b29-0f82-40d0-a446-9e2a4ce08d27] Blender Output: Fra:61 Mem:119.20M (Peak 150.84M) | Time:00:00.44 | Rendering 64 / 64 samples

[2025-07-28T16:21:04.351Z] [DEBUG] [d7c99b29-0f82-40d0-a446-9e2a4ce08d27] Blender Output: Append frame 61
Time: 00:00.52 (Saving: 00:00.03)


[2025-07-28T16:21:04.388Z] [DEBUG] [d7c99b29-0f82-40d0-a446-9e2a4ce08d27] Blender Output: Fra:62 Mem:119.20M (Peak 150.84M) | Time:00:00.03 | Rendering 1 / 64 samples

[2025-07-28T16:21:04.546Z] [DEBUG] [d7c99b29-0f82-40d0-a446-9e2a4ce08d27] Blender Output: Fra:62 Mem:119.20M (Peak 150.84M) | Time:00:00.19 | Rendering 25 / 64 samples

[2025-07-28T16:21:04.708Z] [DEBUG] [d7c99b29-0f82-40d0-a446-9e2a4ce08d27] Blender Output: Fra:62 Mem:119.20M (Peak 150.84M) | Time:00:00.35 | Rendering 50 / 64 samples

[2025-07-28T16:21:04.799Z] [DEBUG] [d7c99b29-0f82-40d0-a446-9e2a4ce08d27] Blender Output: Fra:62 Mem:119.20M (Peak 150.84M) | Time:00:00.44 | Rendering 64 / 64 samples

[2025-07-28T16:21:04.870Z] [DEBUG] [d7c99b29-0f82-40d0-a446-9e2a4ce08d27] Blender Output: Append frame 62
Time: 00:00.51 (Saving: 00:00.03)


[2025-07-28T16:21:04.907Z] [DEBUG] [d7c99b29-0f82-40d0-a446-9e2a4ce08d27] Blender Output: Fra:63 Mem:119.20M (Peak 150.84M) | Time:00:00.03 | Rendering 1 / 64 samples

[2025-07-28T16:21:05.059Z] [DEBUG] [d7c99b29-0f82-40d0-a446-9e2a4ce08d27] Blender Output: Fra:63 Mem:119.20M (Peak 150.84M) | Time:00:00.18 | Rendering 25 / 64 samples

[2025-07-28T16:21:05.215Z] [DEBUG] [d7c99b29-0f82-40d0-a446-9e2a4ce08d27] Blender Output: Fra:63 Mem:119.20M (Peak 150.84M) | Time:00:00.34 | Rendering 50 / 64 samples

[2025-07-28T16:21:05.303Z] [DEBUG] [d7c99b29-0f82-40d0-a446-9e2a4ce08d27] Blender Output: Fra:63 Mem:119.20M (Peak 150.84M) | Time:00:00.43 | Rendering 64 / 64 samples

[2025-07-28T16:21:05.379Z] [DEBUG] [d7c99b29-0f82-40d0-a446-9e2a4ce08d27] Blender Output: Append frame 63
Time: 00:00.50 (Saving: 00:00.03)


[2025-07-28T16:21:05.415Z] [DEBUG] [d7c99b29-0f82-40d0-a446-9e2a4ce08d27] Blender Output: Fra:64 Mem:119.20M (Peak 150.84M) | Time:00:00.03 | Rendering 1 / 64 samples

[2025-07-28T16:21:05.568Z] [DEBUG] [d7c99b29-0f82-40d0-a446-9e2a4ce08d27] Blender Output: Fra:64 Mem:119.20M (Peak 150.84M) | Time:00:00.18 | Rendering 25 / 64 samples

[2025-07-28T16:21:05.724Z] [DEBUG] [d7c99b29-0f82-40d0-a446-9e2a4ce08d27] Blender Output: Fra:64 Mem:119.20M (Peak 150.84M) | Time:00:00.34 | Rendering 50 / 64 samples

[2025-07-28T16:21:05.812Z] [DEBUG] [d7c99b29-0f82-40d0-a446-9e2a4ce08d27] Blender Output: Fra:64 Mem:119.20M (Peak 150.84M) | Time:00:00.43 | Rendering 64 / 64 samples

[2025-07-28T16:21:05.888Z] [DEBUG] [d7c99b29-0f82-40d0-a446-9e2a4ce08d27] Blender Output: Append frame 64
Time: 00:00.50 (Saving: 00:00.03)


[2025-07-28T16:21:05.924Z] [DEBUG] [d7c99b29-0f82-40d0-a446-9e2a4ce08d27] Blender Output: Fra:65 Mem:119.20M (Peak 150.84M) | Time:00:00.03 | Rendering 1 / 64 samples

[2025-07-28T16:21:06.075Z] [DEBUG] [d7c99b29-0f82-40d0-a446-9e2a4ce08d27] Blender Output: Fra:65 Mem:119.20M (Peak 150.84M) | Time:00:00.18 | Rendering 25 / 64 samples

[2025-07-28T16:21:06.229Z] [DEBUG] [d7c99b29-0f82-40d0-a446-9e2a4ce08d27] Blender Output: Fra:65 Mem:119.20M (Peak 150.84M) | Time:00:00.34 | Rendering 50 / 64 samples

[2025-07-28T16:21:06.317Z] [DEBUG] [d7c99b29-0f82-40d0-a446-9e2a4ce08d27] Blender Output: Fra:65 Mem:119.20M (Peak 150.84M) | Time:00:00.42 | Rendering 64 / 64 samples

[2025-07-28T16:21:06.394Z] [DEBUG] [d7c99b29-0f82-40d0-a446-9e2a4ce08d27] Blender Output: Append frame 65
Time: 00:00.50 (Saving: 00:00.03)


[2025-07-28T16:21:06.430Z] [DEBUG] [d7c99b29-0f82-40d0-a446-9e2a4ce08d27] Blender Output: Fra:66 Mem:119.20M (Peak 150.84M) | Time:00:00.03 | Rendering 1 / 64 samples

[2025-07-28T16:21:06.582Z] [DEBUG] [d7c99b29-0f82-40d0-a446-9e2a4ce08d27] Blender Output: Fra:66 Mem:119.20M (Peak 150.84M) | Time:00:00.18 | Rendering 25 / 64 samples

[2025-07-28T16:21:06.737Z] [DEBUG] [d7c99b29-0f82-40d0-a446-9e2a4ce08d27] Blender Output: Fra:66 Mem:119.20M (Peak 150.84M) | Time:00:00.34 | Rendering 50 / 64 samples

[2025-07-28T16:21:06.824Z] [DEBUG] [d7c99b29-0f82-40d0-a446-9e2a4ce08d27] Blender Output: Fra:66 Mem:119.20M (Peak 150.84M) | Time:00:00.42 | Rendering 64 / 64 samples

[2025-07-28T16:21:06.898Z] [DEBUG] [d7c99b29-0f82-40d0-a446-9e2a4ce08d27] Blender Output: Append frame 66
Time: 00:00.50 (Saving: 00:00.03)


[2025-07-28T16:21:06.935Z] [DEBUG] [d7c99b29-0f82-40d0-a446-9e2a4ce08d27] Blender Output: Fra:67 Mem:119.20M (Peak 150.84M) | Time:00:00.03 | Rendering 1 / 64 samples

[2025-07-28T16:21:07.092Z] [DEBUG] [d7c99b29-0f82-40d0-a446-9e2a4ce08d27] Blender Output: Fra:67 Mem:119.20M (Peak 150.84M) | Time:00:00.19 | Rendering 25 / 64 samples

[2025-07-28T16:21:07.247Z] [DEBUG] [d7c99b29-0f82-40d0-a446-9e2a4ce08d27] Blender Output: Fra:67 Mem:119.20M (Peak 150.84M) | Time:00:00.34 | Rendering 50 / 64 samples

[2025-07-28T16:21:07.333Z] [DEBUG] [d7c99b29-0f82-40d0-a446-9e2a4ce08d27] Blender Output: Fra:67 Mem:119.20M (Peak 150.84M) | Time:00:00.43 | Rendering 64 / 64 samples

[2025-07-28T16:21:07.410Z] [DEBUG] [d7c99b29-0f82-40d0-a446-9e2a4ce08d27] Blender Output: Append frame 67
Time: 00:00.51 (Saving: 00:00.03)


[2025-07-28T16:21:07.447Z] [DEBUG] [d7c99b29-0f82-40d0-a446-9e2a4ce08d27] Blender Output: Fra:68 Mem:119.20M (Peak 150.84M) | Time:00:00.03 | Rendering 1 / 64 samples

[2025-07-28T16:21:07.597Z] [DEBUG] [d7c99b29-0f82-40d0-a446-9e2a4ce08d27] Blender Output: Fra:68 Mem:119.20M (Peak 150.84M) | Time:00:00.18 | Rendering 25 / 64 samples

[2025-07-28T16:21:07.752Z] [DEBUG] [d7c99b29-0f82-40d0-a446-9e2a4ce08d27] Blender Output: Fra:68 Mem:119.20M (Peak 150.84M) | Time:00:00.34 | Rendering 50 / 64 samples

[2025-07-28T16:21:07.838Z] [DEBUG] [d7c99b29-0f82-40d0-a446-9e2a4ce08d27] Blender Output: Fra:68 Mem:119.20M (Peak 150.84M) | Time:00:00.42 | Rendering 64 / 64 samples

[2025-07-28T16:21:07.915Z] [DEBUG] [d7c99b29-0f82-40d0-a446-9e2a4ce08d27] Blender Output: Append frame 68
Time: 00:00.50 (Saving: 00:00.03)


[2025-07-28T16:21:07.954Z] [DEBUG] [d7c99b29-0f82-40d0-a446-9e2a4ce08d27] Blender Output: Fra:69 Mem:119.20M (Peak 150.84M) | Time:00:00.03 | Rendering 1 / 64 samples

[2025-07-28T16:21:08.109Z] [DEBUG] [d7c99b29-0f82-40d0-a446-9e2a4ce08d27] Blender Output: Fra:69 Mem:119.20M (Peak 150.84M) | Time:00:00.19 | Rendering 25 / 64 samples

[2025-07-28T16:21:08.269Z] [DEBUG] [d7c99b29-0f82-40d0-a446-9e2a4ce08d27] Blender Output: Fra:69 Mem:119.20M (Peak 150.84M) | Time:00:00.35 | Rendering 50 / 64 samples

[2025-07-28T16:21:08.358Z] [DEBUG] [d7c99b29-0f82-40d0-a446-9e2a4ce08d27] Blender Output: Fra:69 Mem:119.20M (Peak 150.84M) | Time:00:00.44 | Rendering 64 / 64 samples

[2025-07-28T16:21:08.434Z] [DEBUG] [d7c99b29-0f82-40d0-a446-9e2a4ce08d27] Blender Output: Append frame 69
Time: 00:00.51 (Saving: 00:00.03)


[2025-07-28T16:21:08.470Z] [DEBUG] [d7c99b29-0f82-40d0-a446-9e2a4ce08d27] Blender Output: Fra:70 Mem:119.20M (Peak 150.84M) | Time:00:00.03 | Rendering 1 / 64 samples

[2025-07-28T16:21:08.620Z] [DEBUG] [d7c99b29-0f82-40d0-a446-9e2a4ce08d27] Blender Output: Fra:70 Mem:119.20M (Peak 150.84M) | Time:00:00.18 | Rendering 25 / 64 samples

[2025-07-28T16:21:08.772Z] [DEBUG] [d7c99b29-0f82-40d0-a446-9e2a4ce08d27] Blender Output: Fra:70 Mem:119.20M (Peak 150.84M) | Time:00:00.33 | Rendering 50 / 64 samples

[2025-07-28T16:21:08.859Z] [DEBUG] [d7c99b29-0f82-40d0-a446-9e2a4ce08d27] Blender Output: Fra:70 Mem:119.20M (Peak 150.84M) | Time:00:00.42 | Rendering 64 / 64 samples

[2025-07-28T16:21:08.934Z] [DEBUG] [d7c99b29-0f82-40d0-a446-9e2a4ce08d27] Blender Output: Append frame 70
Time: 00:00.50 (Saving: 00:00.03)


[2025-07-28T16:21:08.970Z] [DEBUG] [d7c99b29-0f82-40d0-a446-9e2a4ce08d27] Blender Output: Fra:71 Mem:119.20M (Peak 150.84M) | Time:00:00.03 | Rendering 1 / 64 samples

[2025-07-28T16:21:09.121Z] [DEBUG] [d7c99b29-0f82-40d0-a446-9e2a4ce08d27] Blender Output: Fra:71 Mem:119.20M (Peak 150.84M) | Time:00:00.18 | Rendering 25 / 64 samples

[2025-07-28T16:21:09.275Z] [DEBUG] [d7c99b29-0f82-40d0-a446-9e2a4ce08d27] Blender Output: Fra:71 Mem:119.20M (Peak 150.84M) | Time:00:00.34 | Rendering 50 / 64 samples

[2025-07-28T16:21:09.361Z] [DEBUG] [d7c99b29-0f82-40d0-a446-9e2a4ce08d27] Blender Output: Fra:71 Mem:119.20M (Peak 150.84M) | Time:00:00.42 | Rendering 64 / 64 samples

[2025-07-28T16:21:09.437Z] [DEBUG] [d7c99b29-0f82-40d0-a446-9e2a4ce08d27] Blender Output: Append frame 71
Time: 00:00.50 (Saving: 00:00.03)


[2025-07-28T16:21:09.474Z] [DEBUG] [d7c99b29-0f82-40d0-a446-9e2a4ce08d27] Blender Output: Fra:72 Mem:119.20M (Peak 150.84M) | Time:00:00.03 | Rendering 1 / 64 samples

[2025-07-28T16:21:09.627Z] [DEBUG] [d7c99b29-0f82-40d0-a446-9e2a4ce08d27] Blender Output: Fra:72 Mem:119.20M (Peak 150.84M) | Time:00:00.19 | Rendering 25 / 64 samples

[2025-07-28T16:21:09.784Z] [DEBUG] [d7c99b29-0f82-40d0-a446-9e2a4ce08d27] Blender Output: Fra:72 Mem:119.20M (Peak 150.84M) | Time:00:00.34 | Rendering 50 / 64 samples

[2025-07-28T16:21:09.872Z] [DEBUG] [d7c99b29-0f82-40d0-a446-9e2a4ce08d27] Blender Output: Fra:72 Mem:119.20M (Peak 150.84M) | Time:00:00.43 | Rendering 64 / 64 samples

[2025-07-28T16:21:09.948Z] [DEBUG] [d7c99b29-0f82-40d0-a446-9e2a4ce08d27] Blender Output: Append frame 72
Time: 00:00.51 (Saving: 00:00.03)


[2025-07-28T16:21:09.985Z] [DEBUG] [d7c99b29-0f82-40d0-a446-9e2a4ce08d27] Blender Output: Fra:73 Mem:119.20M (Peak 150.84M) | Time:00:00.03 | Rendering 1 / 64 samples

[2025-07-28T16:21:10.137Z] [DEBUG] [d7c99b29-0f82-40d0-a446-9e2a4ce08d27] Blender Output: Fra:73 Mem:119.20M (Peak 150.84M) | Time:00:00.18 | Rendering 25 / 64 samples

[2025-07-28T16:21:10.294Z] [DEBUG] [d7c99b29-0f82-40d0-a446-9e2a4ce08d27] Blender Output: Fra:73 Mem:119.20M (Peak 150.84M) | Time:00:00.34 | Rendering 50 / 64 samples

[2025-07-28T16:21:10.382Z] [DEBUG] [d7c99b29-0f82-40d0-a446-9e2a4ce08d27] Blender Output: Fra:73 Mem:119.20M (Peak 150.84M) | Time:00:00.43 | Rendering 64 / 64 samples

[2025-07-28T16:21:10.459Z] [DEBUG] [d7c99b29-0f82-40d0-a446-9e2a4ce08d27] Blender Output: Append frame 73
Time: 00:00.51 (Saving: 00:00.03)


[2025-07-28T16:21:10.496Z] [DEBUG] [d7c99b29-0f82-40d0-a446-9e2a4ce08d27] Blender Output: Fra:74 Mem:119.20M (Peak 150.84M) | Time:00:00.03 | Rendering 1 / 64 samples

[2025-07-28T16:21:10.647Z] [DEBUG] [d7c99b29-0f82-40d0-a446-9e2a4ce08d27] Blender Output: Fra:74 Mem:119.20M (Peak 150.84M) | Time:00:00.18 | Rendering 25 / 64 samples

[2025-07-28T16:21:10.803Z] [DEBUG] [d7c99b29-0f82-40d0-a446-9e2a4ce08d27] Blender Output: Fra:74 Mem:119.20M (Peak 150.84M) | Time:00:00.34 | Rendering 50 / 64 samples

[2025-07-28T16:21:10.891Z] [DEBUG] [d7c99b29-0f82-40d0-a446-9e2a4ce08d27] Blender Output: Fra:74 Mem:119.20M (Peak 150.84M) | Time:00:00.43 | Rendering 64 / 64 samples

[2025-07-28T16:21:10.966Z] [DEBUG] [d7c99b29-0f82-40d0-a446-9e2a4ce08d27] Blender Output: Append frame 74
Time: 00:00.50 (Saving: 00:00.03)


[2025-07-28T16:21:11.004Z] [DEBUG] [d7c99b29-0f82-40d0-a446-9e2a4ce08d27] Blender Output: Fra:75 Mem:119.20M (Peak 150.84M) | Time:00:00.03 | Rendering 1 / 64 samples

[2025-07-28T16:21:11.157Z] [DEBUG] [d7c99b29-0f82-40d0-a446-9e2a4ce08d27] Blender Output: Fra:75 Mem:119.20M (Peak 150.84M) | Time:00:00.19 | Rendering 25 / 64 samples

[2025-07-28T16:21:11.314Z] [DEBUG] [d7c99b29-0f82-40d0-a446-9e2a4ce08d27] Blender Output: Fra:75 Mem:119.20M (Peak 150.84M) | Time:00:00.34 | Rendering 50 / 64 samples

[2025-07-28T16:21:11.402Z] [DEBUG] [d7c99b29-0f82-40d0-a446-9e2a4ce08d27] Blender Output: Fra:75 Mem:119.20M (Peak 150.84M) | Time:00:00.43 | Rendering 64 / 64 samples

[2025-07-28T16:21:11.479Z] [DEBUG] [d7c99b29-0f82-40d0-a446-9e2a4ce08d27] Blender Output: Append frame 75
Time: 00:00.51 (Saving: 00:00.03)


[2025-07-28T16:21:11.517Z] [DEBUG] [d7c99b29-0f82-40d0-a446-9e2a4ce08d27] Blender Output: Fra:76 Mem:119.20M (Peak 150.84M) | Time:00:00.03 | Rendering 1 / 64 samples

[2025-07-28T16:21:11.668Z] [DEBUG] [d7c99b29-0f82-40d0-a446-9e2a4ce08d27] Blender Output: Fra:76 Mem:119.20M (Peak 150.84M) | Time:00:00.18 | Rendering 25 / 64 samples

[2025-07-28T16:21:11.823Z] [DEBUG] [d7c99b29-0f82-40d0-a446-9e2a4ce08d27] Blender Output: Fra:76 Mem:119.20M (Peak 150.84M) | Time:00:00.34 | Rendering 50 / 64 samples

[2025-07-28T16:21:11.911Z] [DEBUG] [d7c99b29-0f82-40d0-a446-9e2a4ce08d27] Blender Output: Fra:76 Mem:119.20M (Peak 150.84M) | Time:00:00.43 | Rendering 64 / 64 samples

[2025-07-28T16:21:11.985Z] [DEBUG] [d7c99b29-0f82-40d0-a446-9e2a4ce08d27] Blender Output: Append frame 76
Time: 00:00.50 (Saving: 00:00.03)


[2025-07-28T16:21:12.022Z] [DEBUG] [d7c99b29-0f82-40d0-a446-9e2a4ce08d27] Blender Output: Fra:77 Mem:119.20M (Peak 150.84M) | Time:00:00.03 | Rendering 1 / 64 samples

[2025-07-28T16:21:12.174Z] [DEBUG] [d7c99b29-0f82-40d0-a446-9e2a4ce08d27] Blender Output: Fra:77 Mem:119.20M (Peak 150.84M) | Time:00:00.18 | Rendering 25 / 64 samples

[2025-07-28T16:21:12.330Z] [DEBUG] [d7c99b29-0f82-40d0-a446-9e2a4ce08d27] Blender Output: Fra:77 Mem:119.20M (Peak 150.84M) | Time:00:00.34 | Rendering 50 / 64 samples

[2025-07-28T16:21:12.417Z] [DEBUG] [d7c99b29-0f82-40d0-a446-9e2a4ce08d27] Blender Output: Fra:77 Mem:119.20M (Peak 150.84M) | Time:00:00.43 | Rendering 64 / 64 samples

[2025-07-28T16:21:12.492Z] [DEBUG] [d7c99b29-0f82-40d0-a446-9e2a4ce08d27] Blender Output: Append frame 77
Time: 00:00.50 (Saving: 00:00.03)


[2025-07-28T16:21:12.529Z] [DEBUG] [d7c99b29-0f82-40d0-a446-9e2a4ce08d27] Blender Output: Fra:78 Mem:119.20M (Peak 150.84M) | Time:00:00.03 | Rendering 1 / 64 samples

[2025-07-28T16:21:12.680Z] [DEBUG] [d7c99b29-0f82-40d0-a446-9e2a4ce08d27] Blender Output: Fra:78 Mem:119.20M (Peak 150.84M) | Time:00:00.18 | Rendering 25 / 64 samples

[2025-07-28T16:21:12.836Z] [DEBUG] [d7c99b29-0f82-40d0-a446-9e2a4ce08d27] Blender Output: Fra:78 Mem:119.20M (Peak 150.84M) | Time:00:00.34 | Rendering 50 / 64 samples

[2025-07-28T16:21:12.923Z] [DEBUG] [d7c99b29-0f82-40d0-a446-9e2a4ce08d27] Blender Output: Fra:78 Mem:119.20M (Peak 150.84M) | Time:00:00.43 | Rendering 64 / 64 samples

[2025-07-28T16:21:12.999Z] [DEBUG] [d7c99b29-0f82-40d0-a446-9e2a4ce08d27] Blender Output: Append frame 78
Time: 00:00.50 (Saving: 00:00.03)


[2025-07-28T16:21:13.036Z] [DEBUG] [d7c99b29-0f82-40d0-a446-9e2a4ce08d27] Blender Output: Fra:79 Mem:119.20M (Peak 150.84M) | Time:00:00.03 | Rendering 1 / 64 samples

[2025-07-28T16:21:13.187Z] [DEBUG] [d7c99b29-0f82-40d0-a446-9e2a4ce08d27] Blender Output: Fra:79 Mem:119.20M (Peak 150.84M) | Time:00:00.18 | Rendering 25 / 64 samples

[2025-07-28T16:21:13.341Z] [DEBUG] [d7c99b29-0f82-40d0-a446-9e2a4ce08d27] Blender Output: Fra:79 Mem:119.20M (Peak 150.84M) | Time:00:00.34 | Rendering 50 / 64 samples

[2025-07-28T16:21:13.427Z] [DEBUG] [d7c99b29-0f82-40d0-a446-9e2a4ce08d27] Blender Output: Fra:79 Mem:119.20M (Peak 150.84M) | Time:00:00.42 | Rendering 64 / 64 samples

[2025-07-28T16:21:13.505Z] [DEBUG] [d7c99b29-0f82-40d0-a446-9e2a4ce08d27] Blender Output: Append frame 79
Time: 00:00.50 (Saving: 00:00.03)


[2025-07-28T16:21:13.540Z] [DEBUG] [d7c99b29-0f82-40d0-a446-9e2a4ce08d27] Blender Output: Fra:80 Mem:119.20M (Peak 150.84M) | Time:00:00.03 | Rendering 1 / 64 samples

[2025-07-28T16:21:13.693Z] [DEBUG] [d7c99b29-0f82-40d0-a446-9e2a4ce08d27] Blender Output: Fra:80 Mem:119.20M (Peak 150.84M) | Time:00:00.18 | Rendering 25 / 64 samples

[2025-07-28T16:21:13.848Z] [DEBUG] [d7c99b29-0f82-40d0-a446-9e2a4ce08d27] Blender Output: Fra:80 Mem:119.20M (Peak 150.84M) | Time:00:00.34 | Rendering 50 / 64 samples

[2025-07-28T16:21:13.933Z] [DEBUG] [d7c99b29-0f82-40d0-a446-9e2a4ce08d27] Blender Output: Fra:80 Mem:119.20M (Peak 150.84M) | Time:00:00.42 | Rendering 64 / 64 samples

[2025-07-28T16:21:14.008Z] [DEBUG] [d7c99b29-0f82-40d0-a446-9e2a4ce08d27] Blender Output: Append frame 80
Time: 00:00.50 (Saving: 00:00.03)


[2025-07-28T16:21:14.046Z] [DEBUG] [d7c99b29-0f82-40d0-a446-9e2a4ce08d27] Blender Output: Fra:81 Mem:119.20M (Peak 150.84M) | Time:00:00.03 | Rendering 1 / 64 samples

[2025-07-28T16:21:14.199Z] [DEBUG] [d7c99b29-0f82-40d0-a446-9e2a4ce08d27] Blender Output: Fra:81 Mem:119.20M (Peak 150.84M) | Time:00:00.19 | Rendering 25 / 64 samples

[2025-07-28T16:21:14.354Z] [DEBUG] [d7c99b29-0f82-40d0-a446-9e2a4ce08d27] Blender Output: Fra:81 Mem:119.20M (Peak 150.84M) | Time:00:00.34 | Rendering 50 / 64 samples

[2025-07-28T16:21:14.440Z] [DEBUG] [d7c99b29-0f82-40d0-a446-9e2a4ce08d27] Blender Output: Fra:81 Mem:119.20M (Peak 150.84M) | Time:00:00.43 | Rendering 64 / 64 samples

[2025-07-28T16:21:14.515Z] [DEBUG] [d7c99b29-0f82-40d0-a446-9e2a4ce08d27] Blender Output: Append frame 81
Time: 00:00.50 (Saving: 00:00.03)


[2025-07-28T16:21:14.552Z] [DEBUG] [d7c99b29-0f82-40d0-a446-9e2a4ce08d27] Blender Output: Fra:82 Mem:119.20M (Peak 150.84M) | Time:00:00.03 | Rendering 1 / 64 samples

[2025-07-28T16:21:14.703Z] [DEBUG] [d7c99b29-0f82-40d0-a446-9e2a4ce08d27] Blender Output: Fra:82 Mem:119.20M (Peak 150.84M) | Time:00:00.18 | Rendering 25 / 64 samples

[2025-07-28T16:21:14.857Z] [DEBUG] [d7c99b29-0f82-40d0-a446-9e2a4ce08d27] Blender Output: Fra:82 Mem:119.20M (Peak 150.84M) | Time:00:00.34 | Rendering 50 / 64 samples

[2025-07-28T16:21:14.944Z] [DEBUG] [d7c99b29-0f82-40d0-a446-9e2a4ce08d27] Blender Output: Fra:82 Mem:119.20M (Peak 150.84M) | Time:00:00.42 | Rendering 64 / 64 samples

[2025-07-28T16:21:15.021Z] [DEBUG] [d7c99b29-0f82-40d0-a446-9e2a4ce08d27] Blender Output: Append frame 82
Time: 00:00.50 (Saving: 00:00.03)


[2025-07-28T16:21:15.058Z] [DEBUG] [d7c99b29-0f82-40d0-a446-9e2a4ce08d27] Blender Output: Fra:83 Mem:119.20M (Peak 150.84M) | Time:00:00.03 | Rendering 1 / 64 samples

[2025-07-28T16:21:15.208Z] [DEBUG] [d7c99b29-0f82-40d0-a446-9e2a4ce08d27] Blender Output: Fra:83 Mem:119.20M (Peak 150.84M) | Time:00:00.18 | Rendering 25 / 64 samples

[2025-07-28T16:21:15.362Z] [DEBUG] [d7c99b29-0f82-40d0-a446-9e2a4ce08d27] Blender Output: Fra:83 Mem:119.20M (Peak 150.84M) | Time:00:00.34 | Rendering 50 / 64 samples

[2025-07-28T16:21:15.449Z] [DEBUG] [d7c99b29-0f82-40d0-a446-9e2a4ce08d27] Blender Output: Fra:83 Mem:119.20M (Peak 150.84M) | Time:00:00.42 | Rendering 64 / 64 samples

[2025-07-28T16:21:15.522Z] [DEBUG] [d7c99b29-0f82-40d0-a446-9e2a4ce08d27] Blender Output: Append frame 83
Time: 00:00.50 (Saving: 00:00.03)


[2025-07-28T16:21:15.560Z] [DEBUG] [d7c99b29-0f82-40d0-a446-9e2a4ce08d27] Blender Output: Fra:84 Mem:119.20M (Peak 150.84M) | Time:00:00.03 | Rendering 1 / 64 samples

[2025-07-28T16:21:15.711Z] [DEBUG] [d7c99b29-0f82-40d0-a446-9e2a4ce08d27] Blender Output: Fra:84 Mem:119.20M (Peak 150.84M) | Time:00:00.18 | Rendering 25 / 64 samples

[2025-07-28T16:21:15.866Z] [DEBUG] [d7c99b29-0f82-40d0-a446-9e2a4ce08d27] Blender Output: Fra:84 Mem:119.20M (Peak 150.84M) | Time:00:00.34 | Rendering 50 / 64 samples

[2025-07-28T16:21:15.954Z] [DEBUG] [d7c99b29-0f82-40d0-a446-9e2a4ce08d27] Blender Output: Fra:84 Mem:119.20M (Peak 150.84M) | Time:00:00.43 | Rendering 64 / 64 samples

[2025-07-28T16:21:16.030Z] [DEBUG] [d7c99b29-0f82-40d0-a446-9e2a4ce08d27] Blender Output: Append frame 84
Time: 00:00.50 (Saving: 00:00.03)


[2025-07-28T16:21:16.067Z] [DEBUG] [d7c99b29-0f82-40d0-a446-9e2a4ce08d27] Blender Output: Fra:85 Mem:119.20M (Peak 150.84M) | Time:00:00.03 | Rendering 1 / 64 samples

[2025-07-28T16:21:16.217Z] [DEBUG] [d7c99b29-0f82-40d0-a446-9e2a4ce08d27] Blender Output: Fra:85 Mem:119.20M (Peak 150.84M) | Time:00:00.18 | Rendering 25 / 64 samples

[2025-07-28T16:21:16.369Z] [DEBUG] [d7c99b29-0f82-40d0-a446-9e2a4ce08d27] Blender Output: Fra:85 Mem:119.20M (Peak 150.84M) | Time:00:00.33 | Rendering 50 / 64 samples

[2025-07-28T16:21:16.454Z] [DEBUG] [d7c99b29-0f82-40d0-a446-9e2a4ce08d27] Blender Output: Fra:85 Mem:119.20M (Peak 150.84M) | Time:00:00.42 | Rendering 64 / 64 samples

[2025-07-28T16:21:16.529Z] [DEBUG] [d7c99b29-0f82-40d0-a446-9e2a4ce08d27] Blender Output: Append frame 85
Time: 00:00.49 (Saving: 00:00.03)


[2025-07-28T16:21:16.566Z] [DEBUG] [d7c99b29-0f82-40d0-a446-9e2a4ce08d27] Blender Output: Fra:86 Mem:119.20M (Peak 150.84M) | Time:00:00.03 | Rendering 1 / 64 samples

[2025-07-28T16:21:16.717Z] [DEBUG] [d7c99b29-0f82-40d0-a446-9e2a4ce08d27] Blender Output: Fra:86 Mem:119.20M (Peak 150.84M) | Time:00:00.18 | Rendering 25 / 64 samples

[2025-07-28T16:21:16.871Z] [DEBUG] [d7c99b29-0f82-40d0-a446-9e2a4ce08d27] Blender Output: Fra:86 Mem:119.20M (Peak 150.84M) | Time:00:00.34 | Rendering 50 / 64 samples

[2025-07-28T16:21:16.958Z] [DEBUG] [d7c99b29-0f82-40d0-a446-9e2a4ce08d27] Blender Output: Fra:86 Mem:119.20M (Peak 150.84M) | Time:00:00.42 | Rendering 64 / 64 samples

[2025-07-28T16:21:17.032Z] [DEBUG] [d7c99b29-0f82-40d0-a446-9e2a4ce08d27] Blender Output: Append frame 86
Time: 00:00.50 (Saving: 00:00.03)


[2025-07-28T16:21:17.068Z] [DEBUG] [d7c99b29-0f82-40d0-a446-9e2a4ce08d27] Blender Output: Fra:87 Mem:119.20M (Peak 150.84M) | Time:00:00.03 | Rendering 1 / 64 samples

[2025-07-28T16:21:17.222Z] [DEBUG] [d7c99b29-0f82-40d0-a446-9e2a4ce08d27] Blender Output: Fra:87 Mem:119.20M (Peak 150.84M) | Time:00:00.19 | Rendering 25 / 64 samples

[2025-07-28T16:21:17.380Z] [DEBUG] [d7c99b29-0f82-40d0-a446-9e2a4ce08d27] Blender Output: Fra:87 Mem:119.20M (Peak 150.84M) | Time:00:00.34 | Rendering 50 / 64 samples

[2025-07-28T16:21:17.467Z] [DEBUG] [d7c99b29-0f82-40d0-a446-9e2a4ce08d27] Blender Output: Fra:87 Mem:119.20M (Peak 150.84M) | Time:00:00.43 | Rendering 64 / 64 samples

[2025-07-28T16:21:17.541Z] [DEBUG] [d7c99b29-0f82-40d0-a446-9e2a4ce08d27] Blender Output: Append frame 87
Time: 00:00.50 (Saving: 00:00.03)


[2025-07-28T16:21:17.579Z] [DEBUG] [d7c99b29-0f82-40d0-a446-9e2a4ce08d27] Blender Output: Fra:88 Mem:119.20M (Peak 150.84M) | Time:00:00.03 | Rendering 1 / 64 samples

[2025-07-28T16:21:17.732Z] [DEBUG] [d7c99b29-0f82-40d0-a446-9e2a4ce08d27] Blender Output: Fra:88 Mem:119.20M (Peak 150.84M) | Time:00:00.19 | Rendering 25 / 64 samples

[2025-07-28T16:21:17.890Z] [DEBUG] [d7c99b29-0f82-40d0-a446-9e2a4ce08d27] Blender Output: Fra:88 Mem:119.20M (Peak 150.84M) | Time:00:00.34 | Rendering 50 / 64 samples

[2025-07-28T16:21:17.979Z] [DEBUG] [d7c99b29-0f82-40d0-a446-9e2a4ce08d27] Blender Output: Fra:88 Mem:119.20M (Peak 150.84M) | Time:00:00.43 | Rendering 64 / 64 samples

[2025-07-28T16:21:18.055Z] [DEBUG] [d7c99b29-0f82-40d0-a446-9e2a4ce08d27] Blender Output: Append frame 88
Time: 00:00.51 (Saving: 00:00.03)


[2025-07-28T16:21:18.092Z] [DEBUG] [d7c99b29-0f82-40d0-a446-9e2a4ce08d27] Blender Output: Fra:89 Mem:119.20M (Peak 150.84M) | Time:00:00.03 | Rendering 1 / 64 samples

[2025-07-28T16:21:18.246Z] [DEBUG] [d7c99b29-0f82-40d0-a446-9e2a4ce08d27] Blender Output: Fra:89 Mem:119.20M (Peak 150.84M) | Time:00:00.19 | Rendering 25 / 64 samples

[2025-07-28T16:21:18.404Z] [DEBUG] [d7c99b29-0f82-40d0-a446-9e2a4ce08d27] Blender Output: Fra:89 Mem:119.20M (Peak 150.84M) | Time:00:00.34 | Rendering 50 / 64 samples

[2025-07-28T16:21:18.493Z] [DEBUG] [d7c99b29-0f82-40d0-a446-9e2a4ce08d27] Blender Output: Fra:89 Mem:119.20M (Peak 150.84M) | Time:00:00.43 | Rendering 64 / 64 samples

[2025-07-28T16:21:18.567Z] [DEBUG] [d7c99b29-0f82-40d0-a446-9e2a4ce08d27] Blender Output: Append frame 89
Time: 00:00.51 (Saving: 00:00.03)


[2025-07-28T16:21:18.604Z] [DEBUG] [d7c99b29-0f82-40d0-a446-9e2a4ce08d27] Blender Output: Fra:90 Mem:119.20M (Peak 150.84M) | Time:00:00.03 | Rendering 1 / 64 samples

[2025-07-28T16:21:18.757Z] [DEBUG] [d7c99b29-0f82-40d0-a446-9e2a4ce08d27] Blender Output: Fra:90 Mem:119.20M (Peak 150.84M) | Time:00:00.18 | Rendering 25 / 64 samples

[2025-07-28T16:21:18.912Z] [DEBUG] [d7c99b29-0f82-40d0-a446-9e2a4ce08d27] Blender Output: Fra:90 Mem:119.20M (Peak 150.84M) | Time:00:00.34 | Rendering 50 / 64 samples

[2025-07-28T16:21:18.999Z] [DEBUG] [d7c99b29-0f82-40d0-a446-9e2a4ce08d27] Blender Output: Fra:90 Mem:119.20M (Peak 150.84M) | Time:00:00.43 | Rendering 64 / 64 samples

[2025-07-28T16:21:19.076Z] [DEBUG] [d7c99b29-0f82-40d0-a446-9e2a4ce08d27] Blender Output: Append frame 90
Time: 00:00.50 (Saving: 00:00.03)


[2025-07-28T16:21:19.112Z] [DEBUG] [d7c99b29-0f82-40d0-a446-9e2a4ce08d27] Blender Output: Fra:91 Mem:119.20M (Peak 150.84M) | Time:00:00.03 | Rendering 1 / 64 samples

[2025-07-28T16:21:19.263Z] [DEBUG] [d7c99b29-0f82-40d0-a446-9e2a4ce08d27] Blender Output: Fra:91 Mem:119.20M (Peak 150.84M) | Time:00:00.18 | Rendering 25 / 64 samples

[2025-07-28T16:21:19.419Z] [DEBUG] [d7c99b29-0f82-40d0-a446-9e2a4ce08d27] Blender Output: Fra:91 Mem:119.20M (Peak 150.84M) | Time:00:00.34 | Rendering 50 / 64 samples

[2025-07-28T16:21:19.507Z] [DEBUG] [d7c99b29-0f82-40d0-a446-9e2a4ce08d27] Blender Output: Fra:91 Mem:119.20M (Peak 150.84M) | Time:00:00.43 | Rendering 64 / 64 samples

[2025-07-28T16:21:19.581Z] [DEBUG] [d7c99b29-0f82-40d0-a446-9e2a4ce08d27] Blender Output: Append frame 91
Time: 00:00.50 (Saving: 00:00.03)


[2025-07-28T16:21:19.618Z] [DEBUG] [d7c99b29-0f82-40d0-a446-9e2a4ce08d27] Blender Output: Fra:92 Mem:119.20M (Peak 150.84M) | Time:00:00.03 | Rendering 1 / 64 samples

[2025-07-28T16:21:19.769Z] [DEBUG] [d7c99b29-0f82-40d0-a446-9e2a4ce08d27] Blender Output: Fra:92 Mem:119.20M (Peak 150.84M) | Time:00:00.18 | Rendering 25 / 64 samples

[2025-07-28T16:21:19.926Z] [DEBUG] [d7c99b29-0f82-40d0-a446-9e2a4ce08d27] Blender Output: Fra:92 Mem:119.20M (Peak 150.84M) | Time:00:00.34 | Rendering 50 / 64 samples

[2025-07-28T16:21:20.014Z] [DEBUG] [d7c99b29-0f82-40d0-a446-9e2a4ce08d27] Blender Output: Fra:92 Mem:119.20M (Peak 150.84M) | Time:00:00.43 | Rendering 64 / 64 samples

[2025-07-28T16:21:20.087Z] [DEBUG] [d7c99b29-0f82-40d0-a446-9e2a4ce08d27] Blender Output: Append frame 92
Time: 00:00.50 (Saving: 00:00.03)


[2025-07-28T16:21:20.123Z] [DEBUG] [d7c99b29-0f82-40d0-a446-9e2a4ce08d27] Blender Output: Fra:93 Mem:119.20M (Peak 150.84M) | Time:00:00.03 | Rendering 1 / 64 samples

[2025-07-28T16:21:20.276Z] [DEBUG] [d7c99b29-0f82-40d0-a446-9e2a4ce08d27] Blender Output: Fra:93 Mem:119.20M (Peak 150.84M) | Time:00:00.18 | Rendering 25 / 64 samples

[2025-07-28T16:21:20.432Z] [DEBUG] [d7c99b29-0f82-40d0-a446-9e2a4ce08d27] Blender Output: Fra:93 Mem:119.20M (Peak 150.84M) | Time:00:00.34 | Rendering 50 / 64 samples

[2025-07-28T16:21:20.520Z] [DEBUG] [d7c99b29-0f82-40d0-a446-9e2a4ce08d27] Blender Output: Fra:93 Mem:119.20M (Peak 150.84M) | Time:00:00.43 | Rendering 64 / 64 samples

[2025-07-28T16:21:20.595Z] [DEBUG] [d7c99b29-0f82-40d0-a446-9e2a4ce08d27] Blender Output: Append frame 93
Time: 00:00.50 (Saving: 00:00.03)


[2025-07-28T16:21:20.631Z] [DEBUG] [d7c99b29-0f82-40d0-a446-9e2a4ce08d27] Blender Output: Fra:94 Mem:119.20M (Peak 150.84M) | Time:00:00.03 | Rendering 1 / 64 samples

[2025-07-28T16:21:20.784Z] [DEBUG] [d7c99b29-0f82-40d0-a446-9e2a4ce08d27] Blender Output: Fra:94 Mem:119.20M (Peak 150.84M) | Time:00:00.18 | Rendering 25 / 64 samples

[2025-07-28T16:21:20.939Z] [DEBUG] [d7c99b29-0f82-40d0-a446-9e2a4ce08d27] Blender Output: Fra:94 Mem:119.20M (Peak 150.84M) | Time:00:00.34 | Rendering 50 / 64 samples

[2025-07-28T16:21:21.026Z] [DEBUG] [d7c99b29-0f82-40d0-a446-9e2a4ce08d27] Blender Output: Fra:94 Mem:119.20M (Peak 150.84M) | Time:00:00.43 | Rendering 64 / 64 samples

[2025-07-28T16:21:21.101Z] [DEBUG] [d7c99b29-0f82-40d0-a446-9e2a4ce08d27] Blender Output: Append frame 94
Time: 00:00.50 (Saving: 00:00.03)


[2025-07-28T16:21:21.138Z] [DEBUG] [d7c99b29-0f82-40d0-a446-9e2a4ce08d27] Blender Output: Fra:95 Mem:119.20M (Peak 150.84M) | Time:00:00.03 | Rendering 1 / 64 samples

[2025-07-28T16:21:21.289Z] [DEBUG] [d7c99b29-0f82-40d0-a446-9e2a4ce08d27] Blender Output: Fra:95 Mem:119.20M (Peak 150.84M) | Time:00:00.18 | Rendering 25 / 64 samples

[2025-07-28T16:21:21.445Z] [DEBUG] [d7c99b29-0f82-40d0-a446-9e2a4ce08d27] Blender Output: Fra:95 Mem:119.20M (Peak 150.84M) | Time:00:00.34 | Rendering 50 / 64 samples

[2025-07-28T16:21:21.531Z] [DEBUG] [d7c99b29-0f82-40d0-a446-9e2a4ce08d27] Blender Output: Fra:95 Mem:119.20M (Peak 150.84M) | Time:00:00.43 | Rendering 64 / 64 samples

[2025-07-28T16:21:21.606Z] [DEBUG] [d7c99b29-0f82-40d0-a446-9e2a4ce08d27] Blender Output: Append frame 95
Time: 00:00.50 (Saving: 00:00.03)


[2025-07-28T16:21:21.644Z] [DEBUG] [d7c99b29-0f82-40d0-a446-9e2a4ce08d27] Blender Output: Fra:96 Mem:119.20M (Peak 150.84M) | Time:00:00.03 | Rendering 1 / 64 samples

[2025-07-28T16:21:21.794Z] [DEBUG] [d7c99b29-0f82-40d0-a446-9e2a4ce08d27] Blender Output: Fra:96 Mem:119.20M (Peak 150.84M) | Time:00:00.18 | Rendering 25 / 64 samples

[2025-07-28T16:21:21.949Z] [DEBUG] [d7c99b29-0f82-40d0-a446-9e2a4ce08d27] Blender Output: Fra:96 Mem:119.20M (Peak 150.84M) | Time:00:00.34 | Rendering 50 / 64 samples

[2025-07-28T16:21:22.036Z] [DEBUG] [d7c99b29-0f82-40d0-a446-9e2a4ce08d27] Blender Output: Fra:96 Mem:119.20M (Peak 150.84M) | Time:00:00.42 | Rendering 64 / 64 samples

[2025-07-28T16:21:22.112Z] [DEBUG] [d7c99b29-0f82-40d0-a446-9e2a4ce08d27] Blender Output: Append frame 96
Time: 00:00.50 (Saving: 00:00.03)


[2025-07-28T16:21:22.148Z] [DEBUG] [d7c99b29-0f82-40d0-a446-9e2a4ce08d27] Blender Output: Fra:97 Mem:119.20M (Peak 150.84M) | Time:00:00.03 | Rendering 1 / 64 samples

[2025-07-28T16:21:22.299Z] [DEBUG] [d7c99b29-0f82-40d0-a446-9e2a4ce08d27] Blender Output: Fra:97 Mem:119.20M (Peak 150.84M) | Time:00:00.18 | Rendering 25 / 64 samples

[2025-07-28T16:21:22.452Z] [DEBUG] [d7c99b29-0f82-40d0-a446-9e2a4ce08d27] Blender Output: Fra:97 Mem:119.20M (Peak 150.84M) | Time:00:00.34 | Rendering 50 / 64 samples

[2025-07-28T16:21:22.539Z] [DEBUG] [d7c99b29-0f82-40d0-a446-9e2a4ce08d27] Blender Output: Fra:97 Mem:119.20M (Peak 150.84M) | Time:00:00.42 | Rendering 64 / 64 samples

[2025-07-28T16:21:22.617Z] [DEBUG] [d7c99b29-0f82-40d0-a446-9e2a4ce08d27] Blender Output: Append frame 97
Time: 00:00.50 (Saving: 00:00.03)


[2025-07-28T16:21:22.656Z] [DEBUG] [d7c99b29-0f82-40d0-a446-9e2a4ce08d27] Blender Output: Fra:98 Mem:119.20M (Peak 150.84M) | Time:00:00.03 | Rendering 1 / 64 samples

[2025-07-28T16:21:22.807Z] [DEBUG] [d7c99b29-0f82-40d0-a446-9e2a4ce08d27] Blender Output: Fra:98 Mem:119.20M (Peak 150.84M) | Time:00:00.19 | Rendering 25 / 64 samples

[2025-07-28T16:21:22.962Z] [DEBUG] [d7c99b29-0f82-40d0-a446-9e2a4ce08d27] Blender Output: Fra:98 Mem:119.20M (Peak 150.84M) | Time:00:00.34 | Rendering 50 / 64 samples

[2025-07-28T16:21:23.048Z] [DEBUG] [d7c99b29-0f82-40d0-a446-9e2a4ce08d27] Blender Output: Fra:98 Mem:119.20M (Peak 150.84M) | Time:00:00.43 | Rendering 64 / 64 samples

[2025-07-28T16:21:23.126Z] [DEBUG] [d7c99b29-0f82-40d0-a446-9e2a4ce08d27] Blender Output: Append frame 98
Time: 00:00.50 (Saving: 00:00.03)


[2025-07-28T16:21:23.162Z] [DEBUG] [d7c99b29-0f82-40d0-a446-9e2a4ce08d27] Blender Output: Fra:99 Mem:119.20M (Peak 150.84M) | Time:00:00.03 | Rendering 1 / 64 samples

[2025-07-28T16:21:23.315Z] [DEBUG] [d7c99b29-0f82-40d0-a446-9e2a4ce08d27] Blender Output: Fra:99 Mem:119.20M (Peak 150.84M) | Time:00:00.18 | Rendering 25 / 64 samples

[2025-07-28T16:21:23.469Z] [DEBUG] [d7c99b29-0f82-40d0-a446-9e2a4ce08d27] Blender Output: Fra:99 Mem:119.20M (Peak 150.84M) | Time:00:00.34 | Rendering 50 / 64 samples

[2025-07-28T16:21:23.556Z] [DEBUG] [d7c99b29-0f82-40d0-a446-9e2a4ce08d27] Blender Output: Fra:99 Mem:119.20M (Peak 150.84M) | Time:00:00.42 | Rendering 64 / 64 samples

[2025-07-28T16:21:23.631Z] [DEBUG] [d7c99b29-0f82-40d0-a446-9e2a4ce08d27] Blender Output: Append frame 99
Time: 00:00.50 (Saving: 00:00.03)


[2025-07-28T16:21:23.668Z] [DEBUG] [d7c99b29-0f82-40d0-a446-9e2a4ce08d27] Blender Output: Fra:100 Mem:119.20M (Peak 150.84M) | Time:00:00.03 | Rendering 1 / 64 samples

[2025-07-28T16:21:23.824Z] [DEBUG] [d7c99b29-0f82-40d0-a446-9e2a4ce08d27] Blender Output: Fra:100 Mem:119.20M (Peak 150.84M) | Time:00:00.19 | Rendering 25 / 64 samples

[2025-07-28T16:21:23.987Z] [DEBUG] [d7c99b29-0f82-40d0-a446-9e2a4ce08d27] Blender Output: Fra:100 Mem:119.20M (Peak 150.84M) | Time:00:00.35 | Rendering 50 / 64 samples

[2025-07-28T16:21:24.077Z] [DEBUG] [d7c99b29-0f82-40d0-a446-9e2a4ce08d27] Blender Output: Fra:100 Mem:119.20M (Peak 150.84M) | Time:00:00.44 | Rendering 64 / 64 samples

[2025-07-28T16:21:24.154Z] [DEBUG] [d7c99b29-0f82-40d0-a446-9e2a4ce08d27] Blender Output: Append frame 100
Time: 00:00.52 (Saving: 00:00.03)


[2025-07-28T16:21:24.190Z] [DEBUG] [d7c99b29-0f82-40d0-a446-9e2a4ce08d27] Blender Output: Fra:101 Mem:119.20M (Peak 150.84M) | Time:00:00.03 | Rendering 1 / 64 samples

[2025-07-28T16:21:24.346Z] [DEBUG] [d7c99b29-0f82-40d0-a446-9e2a4ce08d27] Blender Output: Fra:101 Mem:119.20M (Peak 150.84M) | Time:00:00.19 | Rendering 25 / 64 samples

[2025-07-28T16:21:24.504Z] [DEBUG] [d7c99b29-0f82-40d0-a446-9e2a4ce08d27] Blender Output: Fra:101 Mem:119.20M (Peak 150.84M) | Time:00:00.35 | Rendering 50 / 64 samples

[2025-07-28T16:21:24.592Z] [DEBUG] [d7c99b29-0f82-40d0-a446-9e2a4ce08d27] Blender Output: Fra:101 Mem:119.20M (Peak 150.84M) | Time:00:00.43 | Rendering 64 / 64 samples

[2025-07-28T16:21:24.668Z] [DEBUG] [d7c99b29-0f82-40d0-a446-9e2a4ce08d27] Blender Output: Append frame 101
Time: 00:00.51 (Saving: 00:00.03)


[2025-07-28T16:21:24.705Z] [DEBUG] [d7c99b29-0f82-40d0-a446-9e2a4ce08d27] Blender Output: Fra:102 Mem:119.20M (Peak 150.84M) | Time:00:00.03 | Rendering 1 / 64 samples

[2025-07-28T16:21:24.858Z] [DEBUG] [d7c99b29-0f82-40d0-a446-9e2a4ce08d27] Blender Output: Fra:102 Mem:119.20M (Peak 150.84M) | Time:00:00.19 | Rendering 25 / 64 samples

[2025-07-28T16:21:25.016Z] [DEBUG] [d7c99b29-0f82-40d0-a446-9e2a4ce08d27] Blender Output: Fra:102 Mem:119.20M (Peak 150.84M) | Time:00:00.34 | Rendering 50 / 64 samples

[2025-07-28T16:21:25.104Z] [DEBUG] [d7c99b29-0f82-40d0-a446-9e2a4ce08d27] Blender Output: Fra:102 Mem:119.20M (Peak 150.84M) | Time:00:00.43 | Rendering 64 / 64 samples

[2025-07-28T16:21:25.182Z] [DEBUG] [d7c99b29-0f82-40d0-a446-9e2a4ce08d27] Blender Output: Append frame 102
Time: 00:00.51 (Saving: 00:00.03)


[2025-07-28T16:21:25.218Z] [DEBUG] [d7c99b29-0f82-40d0-a446-9e2a4ce08d27] Blender Output: Fra:103 Mem:119.20M (Peak 150.84M) | Time:00:00.03 | Rendering 1 / 64 samples

[2025-07-28T16:21:25.372Z] [DEBUG] [d7c99b29-0f82-40d0-a446-9e2a4ce08d27] Blender Output: Fra:103 Mem:119.20M (Peak 150.84M) | Time:00:00.19 | Rendering 25 / 64 samples

[2025-07-28T16:21:25.530Z] [DEBUG] [d7c99b29-0f82-40d0-a446-9e2a4ce08d27] Blender Output: Fra:103 Mem:119.20M (Peak 150.84M) | Time:00:00.34 | Rendering 50 / 64 samples

[2025-07-28T16:21:25.617Z] [DEBUG] [d7c99b29-0f82-40d0-a446-9e2a4ce08d27] Blender Output: Fra:103 Mem:119.20M (Peak 150.84M) | Time:00:00.43 | Rendering 64 / 64 samples

[2025-07-28T16:21:25.694Z] [DEBUG] [d7c99b29-0f82-40d0-a446-9e2a4ce08d27] Blender Output: Append frame 103
Time: 00:00.51 (Saving: 00:00.03)


[2025-07-28T16:21:25.730Z] [DEBUG] [d7c99b29-0f82-40d0-a446-9e2a4ce08d27] Blender Output: Fra:104 Mem:119.20M (Peak 150.84M) | Time:00:00.03 | Rendering 1 / 64 samples

[2025-07-28T16:21:25.887Z] [DEBUG] [d7c99b29-0f82-40d0-a446-9e2a4ce08d27] Blender Output: Fra:104 Mem:119.20M (Peak 150.84M) | Time:00:00.19 | Rendering 25 / 64 samples

[2025-07-28T16:21:26.046Z] [DEBUG] [d7c99b29-0f82-40d0-a446-9e2a4ce08d27] Blender Output: Fra:104 Mem:119.20M (Peak 150.84M) | Time:00:00.35 | Rendering 50 / 64 samples

[2025-07-28T16:21:26.134Z] [DEBUG] [d7c99b29-0f82-40d0-a446-9e2a4ce08d27] Blender Output: Fra:104 Mem:119.20M (Peak 150.84M) | Time:00:00.44 | Rendering 64 / 64 samples

[2025-07-28T16:21:26.211Z] [DEBUG] [d7c99b29-0f82-40d0-a446-9e2a4ce08d27] Blender Output: Append frame 104
Time: 00:00.51 (Saving: 00:00.03)


[2025-07-28T16:21:26.248Z] [DEBUG] [d7c99b29-0f82-40d0-a446-9e2a4ce08d27] Blender Output: Fra:105 Mem:119.20M (Peak 150.84M) | Time:00:00.03 | Rendering 1 / 64 samples

[2025-07-28T16:21:26.400Z] [DEBUG] [d7c99b29-0f82-40d0-a446-9e2a4ce08d27] Blender Output: Fra:105 Mem:119.20M (Peak 150.84M) | Time:00:00.18 | Rendering 25 / 64 samples

[2025-07-28T16:21:26.556Z] [DEBUG] [d7c99b29-0f82-40d0-a446-9e2a4ce08d27] Blender Output: Fra:105 Mem:119.20M (Peak 150.84M) | Time:00:00.34 | Rendering 50 / 64 samples

[2025-07-28T16:21:26.643Z] [DEBUG] [d7c99b29-0f82-40d0-a446-9e2a4ce08d27] Blender Output: Fra:105 Mem:119.20M (Peak 150.84M) | Time:00:00.43 | Rendering 64 / 64 samples

[2025-07-28T16:21:26.720Z] [DEBUG] [d7c99b29-0f82-40d0-a446-9e2a4ce08d27] Blender Output: Append frame 105
Time: 00:00.50 (Saving: 00:00.03)


[2025-07-28T16:21:26.757Z] [DEBUG] [d7c99b29-0f82-40d0-a446-9e2a4ce08d27] Blender Output: Fra:106 Mem:119.20M (Peak 150.84M) | Time:00:00.03 | Rendering 1 / 64 samples

[2025-07-28T16:21:26.916Z] [DEBUG] [d7c99b29-0f82-40d0-a446-9e2a4ce08d27] Blender Output: Fra:106 Mem:119.20M (Peak 150.84M) | Time:00:00.19 | Rendering 25 / 64 samples

[2025-07-28T16:21:27.079Z] [DEBUG] [d7c99b29-0f82-40d0-a446-9e2a4ce08d27] Blender Output: Fra:106 Mem:119.20M (Peak 150.84M) | Time:00:00.35 | Rendering 50 / 64 samples

[2025-07-28T16:21:27.169Z] [DEBUG] [d7c99b29-0f82-40d0-a446-9e2a4ce08d27] Blender Output: Fra:106 Mem:119.20M (Peak 150.84M) | Time:00:00.44 | Rendering 64 / 64 samples

[2025-07-28T16:21:27.243Z] [DEBUG] [d7c99b29-0f82-40d0-a446-9e2a4ce08d27] Blender Output: Append frame 106
Time: 00:00.52 (Saving: 00:00.03)


[2025-07-28T16:21:27.280Z] [DEBUG] [d7c99b29-0f82-40d0-a446-9e2a4ce08d27] Blender Output: Fra:107 Mem:119.20M (Peak 150.84M) | Time:00:00.03 | Rendering 1 / 64 samples

[2025-07-28T16:21:27.432Z] [DEBUG] [d7c99b29-0f82-40d0-a446-9e2a4ce08d27] Blender Output: Fra:107 Mem:119.20M (Peak 150.84M) | Time:00:00.18 | Rendering 25 / 64 samples

[2025-07-28T16:21:27.586Z] [DEBUG] [d7c99b29-0f82-40d0-a446-9e2a4ce08d27] Blender Output: Fra:107 Mem:119.20M (Peak 150.84M) | Time:00:00.34 | Rendering 50 / 64 samples

[2025-07-28T16:21:27.673Z] [DEBUG] [d7c99b29-0f82-40d0-a446-9e2a4ce08d27] Blender Output: Fra:107 Mem:119.20M (Peak 150.84M) | Time:00:00.42 | Rendering 64 / 64 samples

[2025-07-28T16:21:27.749Z] [DEBUG] [d7c99b29-0f82-40d0-a446-9e2a4ce08d27] Blender Output: Append frame 107
Time: 00:00.50 (Saving: 00:00.03)


[2025-07-28T16:21:27.785Z] [DEBUG] [d7c99b29-0f82-40d0-a446-9e2a4ce08d27] Blender Output: Fra:108 Mem:119.20M (Peak 150.84M) | Time:00:00.03 | Rendering 1 / 64 samples

[2025-07-28T16:21:27.938Z] [DEBUG] [d7c99b29-0f82-40d0-a446-9e2a4ce08d27] Blender Output: Fra:108 Mem:119.20M (Peak 150.84M) | Time:00:00.18 | Rendering 25 / 64 samples

[2025-07-28T16:21:28.092Z] [DEBUG] [d7c99b29-0f82-40d0-a446-9e2a4ce08d27] Blender Output: Fra:108 Mem:119.20M (Peak 150.84M) | Time:00:00.34 | Rendering 50 / 64 samples

[2025-07-28T16:21:28.179Z] [DEBUG] [d7c99b29-0f82-40d0-a446-9e2a4ce08d27] Blender Output: Fra:108 Mem:119.20M (Peak 150.84M) | Time:00:00.42 | Rendering 64 / 64 samples

[2025-07-28T16:21:28.255Z] [DEBUG] [d7c99b29-0f82-40d0-a446-9e2a4ce08d27] Blender Output: Append frame 108
Time: 00:00.50 (Saving: 00:00.03)


[2025-07-28T16:21:28.291Z] [DEBUG] [d7c99b29-0f82-40d0-a446-9e2a4ce08d27] Blender Output: Fra:109 Mem:119.20M (Peak 150.84M) | Time:00:00.03 | Rendering 1 / 64 samples

[2025-07-28T16:21:28.447Z] [DEBUG] [d7c99b29-0f82-40d0-a446-9e2a4ce08d27] Blender Output: Fra:109 Mem:119.20M (Peak 150.84M) | Time:00:00.19 | Rendering 25 / 64 samples

[2025-07-28T16:21:28.606Z] [DEBUG] [d7c99b29-0f82-40d0-a446-9e2a4ce08d27] Blender Output: Fra:109 Mem:119.20M (Peak 150.84M) | Time:00:00.35 | Rendering 50 / 64 samples

[2025-07-28T16:21:28.693Z] [DEBUG] [d7c99b29-0f82-40d0-a446-9e2a4ce08d27] Blender Output: Fra:109 Mem:119.20M (Peak 150.84M) | Time:00:00.43 | Rendering 64 / 64 samples

[2025-07-28T16:21:28.766Z] [DEBUG] [d7c99b29-0f82-40d0-a446-9e2a4ce08d27] Blender Output: Append frame 109
Time: 00:00.51 (Saving: 00:00.03)


[2025-07-28T16:21:28.803Z] [DEBUG] [d7c99b29-0f82-40d0-a446-9e2a4ce08d27] Blender Output: Fra:110 Mem:119.20M (Peak 150.84M) | Time:00:00.03 | Rendering 1 / 64 samples

[2025-07-28T16:21:28.953Z] [DEBUG] [d7c99b29-0f82-40d0-a446-9e2a4ce08d27] Blender Output: Fra:110 Mem:119.20M (Peak 150.84M) | Time:00:00.18 | Rendering 25 / 64 samples

[2025-07-28T16:21:29.108Z] [DEBUG] [d7c99b29-0f82-40d0-a446-9e2a4ce08d27] Blender Output: Fra:110 Mem:119.20M (Peak 150.84M) | Time:00:00.34 | Rendering 50 / 64 samples

[2025-07-28T16:21:29.195Z] [DEBUG] [d7c99b29-0f82-40d0-a446-9e2a4ce08d27] Blender Output: Fra:110 Mem:119.20M (Peak 150.84M) | Time:00:00.42 | Rendering 64 / 64 samples

[2025-07-28T16:21:29.272Z] [DEBUG] [d7c99b29-0f82-40d0-a446-9e2a4ce08d27] Blender Output: Append frame 110
Time: 00:00.50 (Saving: 00:00.03)


[2025-07-28T16:21:29.308Z] [DEBUG] [d7c99b29-0f82-40d0-a446-9e2a4ce08d27] Blender Output: Fra:111 Mem:119.20M (Peak 150.84M) | Time:00:00.03 | Rendering 1 / 64 samples

[2025-07-28T16:21:29.460Z] [DEBUG] [d7c99b29-0f82-40d0-a446-9e2a4ce08d27] Blender Output: Fra:111 Mem:119.20M (Peak 150.84M) | Time:00:00.18 | Rendering 25 / 64 samples

[2025-07-28T16:21:29.615Z] [DEBUG] [d7c99b29-0f82-40d0-a446-9e2a4ce08d27] Blender Output: Fra:111 Mem:119.20M (Peak 150.84M) | Time:00:00.34 | Rendering 50 / 64 samples

[2025-07-28T16:21:29.702Z] [DEBUG] [d7c99b29-0f82-40d0-a446-9e2a4ce08d27] Blender Output: Fra:111 Mem:119.20M (Peak 150.84M) | Time:00:00.42 | Rendering 64 / 64 samples

[2025-07-28T16:21:29.780Z] [DEBUG] [d7c99b29-0f82-40d0-a446-9e2a4ce08d27] Blender Output: Append frame 111
Time: 00:00.50 (Saving: 00:00.03)


[2025-07-28T16:21:29.817Z] [DEBUG] [d7c99b29-0f82-40d0-a446-9e2a4ce08d27] Blender Output: Fra:112 Mem:119.20M (Peak 150.84M) | Time:00:00.03 | Rendering 1 / 64 samples

[2025-07-28T16:21:29.969Z] [DEBUG] [d7c99b29-0f82-40d0-a446-9e2a4ce08d27] Blender Output: Fra:112 Mem:119.20M (Peak 150.84M) | Time:00:00.18 | Rendering 25 / 64 samples

[2025-07-28T16:21:30.121Z] [DEBUG] [d7c99b29-0f82-40d0-a446-9e2a4ce08d27] Blender Output: Fra:112 Mem:119.20M (Peak 150.84M) | Time:00:00.34 | Rendering 50 / 64 samples

[2025-07-28T16:21:30.208Z] [DEBUG] [d7c99b29-0f82-40d0-a446-9e2a4ce08d27] Blender Output: Fra:112 Mem:119.20M (Peak 150.84M) | Time:00:00.42 | Rendering 64 / 64 samples

[2025-07-28T16:21:30.284Z] [DEBUG] [d7c99b29-0f82-40d0-a446-9e2a4ce08d27] Blender Output: Append frame 112
Time: 00:00.50 (Saving: 00:00.03)


[2025-07-28T16:21:30.321Z] [DEBUG] [d7c99b29-0f82-40d0-a446-9e2a4ce08d27] Blender Output: Fra:113 Mem:119.20M (Peak 150.84M) | Time:00:00.03 | Rendering 1 / 64 samples

[2025-07-28T16:21:30.472Z] [DEBUG] [d7c99b29-0f82-40d0-a446-9e2a4ce08d27] Blender Output: Fra:113 Mem:119.20M (Peak 150.84M) | Time:00:00.18 | Rendering 25 / 64 samples

[2025-07-28T16:21:30.624Z] [DEBUG] [d7c99b29-0f82-40d0-a446-9e2a4ce08d27] Blender Output: Fra:113 Mem:119.20M (Peak 150.84M) | Time:00:00.33 | Rendering 50 / 64 samples

[2025-07-28T16:21:30.708Z] [DEBUG] [d7c99b29-0f82-40d0-a446-9e2a4ce08d27] Blender Output: Fra:113 Mem:119.20M (Peak 150.84M) | Time:00:00.42 | Rendering 64 / 64 samples

[2025-07-28T16:21:30.783Z] [DEBUG] [d7c99b29-0f82-40d0-a446-9e2a4ce08d27] Blender Output: Append frame 113
Time: 00:00.49 (Saving: 00:00.03)


[2025-07-28T16:21:30.819Z] [DEBUG] [d7c99b29-0f82-40d0-a446-9e2a4ce08d27] Blender Output: Fra:114 Mem:119.20M (Peak 150.84M) | Time:00:00.03 | Rendering 1 / 64 samples

[2025-07-28T16:21:30.971Z] [DEBUG] [d7c99b29-0f82-40d0-a446-9e2a4ce08d27] Blender Output: Fra:114 Mem:119.20M (Peak 150.84M) | Time:00:00.18 | Rendering 25 / 64 samples

[2025-07-28T16:21:31.124Z] [DEBUG] [d7c99b29-0f82-40d0-a446-9e2a4ce08d27] Blender Output: Fra:114 Mem:119.20M (Peak 150.84M) | Time:00:00.34 | Rendering 50 / 64 samples

[2025-07-28T16:21:31.209Z] [DEBUG] [d7c99b29-0f82-40d0-a446-9e2a4ce08d27] Blender Output: Fra:114 Mem:119.20M (Peak 150.84M) | Time:00:00.42 | Rendering 64 / 64 samples

[2025-07-28T16:21:31.285Z] [DEBUG] [d7c99b29-0f82-40d0-a446-9e2a4ce08d27] Blender Output: Append frame 114
Time: 00:00.50 (Saving: 00:00.03)


[2025-07-28T16:21:31.325Z] [DEBUG] [d7c99b29-0f82-40d0-a446-9e2a4ce08d27] Blender Output: Fra:115 Mem:119.20M (Peak 150.84M) | Time:00:00.03 | Rendering 1 / 64 samples

[2025-07-28T16:21:31.484Z] [DEBUG] [d7c99b29-0f82-40d0-a446-9e2a4ce08d27] Blender Output: Fra:115 Mem:119.20M (Peak 150.84M) | Time:00:00.19 | Rendering 25 / 64 samples

[2025-07-28T16:21:31.642Z] [DEBUG] [d7c99b29-0f82-40d0-a446-9e2a4ce08d27] Blender Output: Fra:115 Mem:119.20M (Peak 150.84M) | Time:00:00.35 | Rendering 50 / 64 samples

[2025-07-28T16:21:31.730Z] [DEBUG] [d7c99b29-0f82-40d0-a446-9e2a4ce08d27] Blender Output: Fra:115 Mem:119.20M (Peak 150.84M) | Time:00:00.44 | Rendering 64 / 64 samples

[2025-07-28T16:21:31.807Z] [DEBUG] [d7c99b29-0f82-40d0-a446-9e2a4ce08d27] Blender Output: Append frame 115
Time: 00:00.52 (Saving: 00:00.03)


[2025-07-28T16:21:31.844Z] [DEBUG] [d7c99b29-0f82-40d0-a446-9e2a4ce08d27] Blender Output: Fra:116 Mem:119.20M (Peak 150.84M) | Time:00:00.03 | Rendering 1 / 64 samples

[2025-07-28T16:21:31.995Z] [DEBUG] [d7c99b29-0f82-40d0-a446-9e2a4ce08d27] Blender Output: Fra:116 Mem:119.20M (Peak 150.84M) | Time:00:00.18 | Rendering 25 / 64 samples

[2025-07-28T16:21:32.149Z] [DEBUG] [d7c99b29-0f82-40d0-a446-9e2a4ce08d27] Blender Output: Fra:116 Mem:119.20M (Peak 150.84M) | Time:00:00.34 | Rendering 50 / 64 samples

[2025-07-28T16:21:32.236Z] [DEBUG] [d7c99b29-0f82-40d0-a446-9e2a4ce08d27] Blender Output: Fra:116 Mem:119.20M (Peak 150.84M) | Time:00:00.42 | Rendering 64 / 64 samples

[2025-07-28T16:21:32.311Z] [DEBUG] [d7c99b29-0f82-40d0-a446-9e2a4ce08d27] Blender Output: Append frame 116
Time: 00:00.50 (Saving: 00:00.03)


[2025-07-28T16:21:32.347Z] [DEBUG] [d7c99b29-0f82-40d0-a446-9e2a4ce08d27] Blender Output: Fra:117 Mem:119.20M (Peak 150.84M) | Time:00:00.03 | Rendering 1 / 64 samples

[2025-07-28T16:21:32.501Z] [DEBUG] [d7c99b29-0f82-40d0-a446-9e2a4ce08d27] Blender Output: Fra:117 Mem:119.20M (Peak 150.84M) | Time:00:00.19 | Rendering 25 / 64 samples

[2025-07-28T16:21:32.657Z] [DEBUG] [d7c99b29-0f82-40d0-a446-9e2a4ce08d27] Blender Output: Fra:117 Mem:119.20M (Peak 150.84M) | Time:00:00.34 | Rendering 50 / 64 samples

[2025-07-28T16:21:32.744Z] [DEBUG] [d7c99b29-0f82-40d0-a446-9e2a4ce08d27] Blender Output: Fra:117 Mem:119.20M (Peak 150.84M) | Time:00:00.43 | Rendering 64 / 64 samples

[2025-07-28T16:21:32.820Z] [DEBUG] [d7c99b29-0f82-40d0-a446-9e2a4ce08d27] Blender Output: Append frame 117
Time: 00:00.50 (Saving: 00:00.03)


[2025-07-28T16:21:32.856Z] [DEBUG] [d7c99b29-0f82-40d0-a446-9e2a4ce08d27] Blender Output: Fra:118 Mem:119.20M (Peak 150.84M) | Time:00:00.03 | Rendering 1 / 64 samples

[2025-07-28T16:21:33.010Z] [DEBUG] [d7c99b29-0f82-40d0-a446-9e2a4ce08d27] Blender Output: Fra:118 Mem:119.20M (Peak 150.84M) | Time:00:00.18 | Rendering 25 / 64 samples

[2025-07-28T16:21:33.166Z] [DEBUG] [d7c99b29-0f82-40d0-a446-9e2a4ce08d27] Blender Output: Fra:118 Mem:119.20M (Peak 150.84M) | Time:00:00.34 | Rendering 50 / 64 samples

[2025-07-28T16:21:33.254Z] [DEBUG] [d7c99b29-0f82-40d0-a446-9e2a4ce08d27] Blender Output: Fra:118 Mem:119.20M (Peak 150.84M) | Time:00:00.43 | Rendering 64 / 64 samples

[2025-07-28T16:21:33.328Z] [DEBUG] [d7c99b29-0f82-40d0-a446-9e2a4ce08d27] Blender Output: Append frame 118
Time: 00:00.50 (Saving: 00:00.03)


[2025-07-28T16:21:33.364Z] [DEBUG] [d7c99b29-0f82-40d0-a446-9e2a4ce08d27] Blender Output: Fra:119 Mem:119.20M (Peak 150.84M) | Time:00:00.03 | Rendering 1 / 64 samples

[2025-07-28T16:21:33.518Z] [DEBUG] [d7c99b29-0f82-40d0-a446-9e2a4ce08d27] Blender Output: Fra:119 Mem:119.20M (Peak 150.84M) | Time:00:00.19 | Rendering 25 / 64 samples

[2025-07-28T16:21:33.676Z] [DEBUG] [d7c99b29-0f82-40d0-a446-9e2a4ce08d27] Blender Output: Fra:119 Mem:119.20M (Peak 150.84M) | Time:00:00.34 | Rendering 50 / 64 samples

[2025-07-28T16:21:33.764Z] [DEBUG] [d7c99b29-0f82-40d0-a446-9e2a4ce08d27] Blender Output: Fra:119 Mem:119.20M (Peak 150.84M) | Time:00:00.43 | Rendering 64 / 64 samples

[2025-07-28T16:21:33.837Z] [DEBUG] [d7c99b29-0f82-40d0-a446-9e2a4ce08d27] Blender Output: Append frame 119
Time: 00:00.50 (Saving: 00:00.03)


[2025-07-28T16:21:33.874Z] [DEBUG] [d7c99b29-0f82-40d0-a446-9e2a4ce08d27] Blender Output: Fra:120 Mem:119.20M (Peak 150.84M) | Time:00:00.03 | Rendering 1 / 64 samples

[2025-07-28T16:21:34.027Z] [DEBUG] [d7c99b29-0f82-40d0-a446-9e2a4ce08d27] Blender Output: Fra:120 Mem:119.20M (Peak 150.84M) | Time:00:00.19 | Rendering 25 / 64 samples

[2025-07-28T16:21:34.183Z] [DEBUG] [d7c99b29-0f82-40d0-a446-9e2a4ce08d27] Blender Output: Fra:120 Mem:119.20M (Peak 150.84M) | Time:00:00.34 | Rendering 50 / 64 samples

[2025-07-28T16:21:34.269Z] [DEBUG] [d7c99b29-0f82-40d0-a446-9e2a4ce08d27] Blender Output: Fra:120 Mem:119.20M (Peak 150.84M) | Time:00:00.43 | Rendering 64 / 64 samples

[2025-07-28T16:21:34.345Z] [DEBUG] [d7c99b29-0f82-40d0-a446-9e2a4ce08d27] Blender Output: Append frame 120
Time: 00:00.50 (Saving: 00:00.03)


[2025-07-28T16:21:34.383Z] [DEBUG] [d7c99b29-0f82-40d0-a446-9e2a4ce08d27] Blender Output: Fra:121 Mem:119.20M (Peak 150.84M) | Time:00:00.03 | Rendering 1 / 64 samples

[2025-07-28T16:21:34.535Z] [DEBUG] [d7c99b29-0f82-40d0-a446-9e2a4ce08d27] Blender Output: Fra:121 Mem:119.20M (Peak 150.84M) | Time:00:00.19 | Rendering 25 / 64 samples

[2025-07-28T16:21:34.691Z] [DEBUG] [d7c99b29-0f82-40d0-a446-9e2a4ce08d27] Blender Output: Fra:121 Mem:119.20M (Peak 150.84M) | Time:00:00.34 | Rendering 50 / 64 samples

[2025-07-28T16:21:34.778Z] [DEBUG] [d7c99b29-0f82-40d0-a446-9e2a4ce08d27] Blender Output: Fra:121 Mem:119.20M (Peak 150.84M) | Time:00:00.43 | Rendering 64 / 64 samples

[2025-07-28T16:21:34.853Z] [DEBUG] [d7c99b29-0f82-40d0-a446-9e2a4ce08d27] Blender Output: Append frame 121
Time: 00:00.50 (Saving: 00:00.03)


[2025-07-28T16:21:34.889Z] [DEBUG] [d7c99b29-0f82-40d0-a446-9e2a4ce08d27] Blender Output: Fra:122 Mem:119.20M (Peak 150.84M) | Time:00:00.03 | Rendering 1 / 64 samples

[2025-07-28T16:21:35.040Z] [DEBUG] [d7c99b29-0f82-40d0-a446-9e2a4ce08d27] Blender Output: Fra:122 Mem:119.20M (Peak 150.84M) | Time:00:00.18 | Rendering 25 / 64 samples

[2025-07-28T16:21:35.197Z] [DEBUG] [d7c99b29-0f82-40d0-a446-9e2a4ce08d27] Blender Output: Fra:122 Mem:119.20M (Peak 150.84M) | Time:00:00.34 | Rendering 50 / 64 samples

[2025-07-28T16:21:35.283Z] [DEBUG] [d7c99b29-0f82-40d0-a446-9e2a4ce08d27] Blender Output: Fra:122 Mem:119.20M (Peak 150.84M) | Time:00:00.43 | Rendering 64 / 64 samples

[2025-07-28T16:21:35.357Z] [DEBUG] [d7c99b29-0f82-40d0-a446-9e2a4ce08d27] Blender Output: Append frame 122
Time: 00:00.50 (Saving: 00:00.03)


[2025-07-28T16:21:35.393Z] [DEBUG] [d7c99b29-0f82-40d0-a446-9e2a4ce08d27] Blender Output: Fra:123 Mem:119.20M (Peak 150.84M) | Time:00:00.03 | Rendering 1 / 64 samples

[2025-07-28T16:21:35.544Z] [DEBUG] [d7c99b29-0f82-40d0-a446-9e2a4ce08d27] Blender Output: Fra:123 Mem:119.20M (Peak 150.84M) | Time:00:00.18 | Rendering 25 / 64 samples

[2025-07-28T16:21:35.698Z] [DEBUG] [d7c99b29-0f82-40d0-a446-9e2a4ce08d27] Blender Output: Fra:123 Mem:119.20M (Peak 150.84M) | Time:00:00.34 | Rendering 50 / 64 samples

[2025-07-28T16:21:35.786Z] [DEBUG] [d7c99b29-0f82-40d0-a446-9e2a4ce08d27] Blender Output: Fra:123 Mem:119.20M (Peak 150.84M) | Time:00:00.42 | Rendering 64 / 64 samples

[2025-07-28T16:21:35.861Z] [DEBUG] [d7c99b29-0f82-40d0-a446-9e2a4ce08d27] Blender Output: Append frame 123
Time: 00:00.50 (Saving: 00:00.03)


[2025-07-28T16:21:35.897Z] [DEBUG] [d7c99b29-0f82-40d0-a446-9e2a4ce08d27] Blender Output: Fra:124 Mem:119.20M (Peak 150.84M) | Time:00:00.03 | Rendering 1 / 64 samples

[2025-07-28T16:21:36.049Z] [DEBUG] [d7c99b29-0f82-40d0-a446-9e2a4ce08d27] Blender Output: Fra:124 Mem:119.20M (Peak 150.84M) | Time:00:00.18 | Rendering 25 / 64 samples

[2025-07-28T16:21:36.203Z] [DEBUG] [d7c99b29-0f82-40d0-a446-9e2a4ce08d27] Blender Output: Fra:124 Mem:119.20M (Peak 150.84M) | Time:00:00.34 | Rendering 50 / 64 samples

[2025-07-28T16:21:36.290Z] [DEBUG] [d7c99b29-0f82-40d0-a446-9e2a4ce08d27] Blender Output: Fra:124 Mem:119.20M (Peak 150.84M) | Time:00:00.42 | Rendering 64 / 64 samples

[2025-07-28T16:21:36.367Z] [DEBUG] [d7c99b29-0f82-40d0-a446-9e2a4ce08d27] Blender Output: Append frame 124
Time: 00:00.50 (Saving: 00:00.03)


[2025-07-28T16:21:36.404Z] [DEBUG] [d7c99b29-0f82-40d0-a446-9e2a4ce08d27] Blender Output: Fra:125 Mem:119.20M (Peak 150.84M) | Time:00:00.03 | Rendering 1 / 64 samples

[2025-07-28T16:21:36.556Z] [DEBUG] [d7c99b29-0f82-40d0-a446-9e2a4ce08d27] Blender Output: Fra:125 Mem:119.20M (Peak 150.84M) | Time:00:00.18 | Rendering 25 / 64 samples

[2025-07-28T16:21:36.710Z] [DEBUG] [d7c99b29-0f82-40d0-a446-9e2a4ce08d27] Blender Output: Fra:125 Mem:119.20M (Peak 150.84M) | Time:00:00.34 | Rendering 50 / 64 samples

[2025-07-28T16:21:36.796Z] [DEBUG] [d7c99b29-0f82-40d0-a446-9e2a4ce08d27] Blender Output: Fra:125 Mem:119.20M (Peak 150.84M) | Time:00:00.42 | Rendering 64 / 64 samples

[2025-07-28T16:21:36.873Z] [DEBUG] [d7c99b29-0f82-40d0-a446-9e2a4ce08d27] Blender Output: Append frame 125
Time: 00:00.50 (Saving: 00:00.03)


[2025-07-28T16:21:36.910Z] [DEBUG] [d7c99b29-0f82-40d0-a446-9e2a4ce08d27] Blender Output: Fra:126 Mem:119.20M (Peak 150.84M) | Time:00:00.03 | Rendering 1 / 64 samples

[2025-07-28T16:21:37.061Z] [DEBUG] [d7c99b29-0f82-40d0-a446-9e2a4ce08d27] Blender Output: Fra:126 Mem:119.20M (Peak 150.84M) | Time:00:00.18 | Rendering 25 / 64 samples

[2025-07-28T16:21:37.215Z] [DEBUG] [d7c99b29-0f82-40d0-a446-9e2a4ce08d27] Blender Output: Fra:126 Mem:119.20M (Peak 150.84M) | Time:00:00.34 | Rendering 50 / 64 samples

[2025-07-28T16:21:37.301Z] [DEBUG] [d7c99b29-0f82-40d0-a446-9e2a4ce08d27] Blender Output: Fra:126 Mem:119.20M (Peak 150.84M) | Time:00:00.42 | Rendering 64 / 64 samples

[2025-07-28T16:21:37.377Z] [DEBUG] [d7c99b29-0f82-40d0-a446-9e2a4ce08d27] Blender Output: Append frame 126
Time: 00:00.50 (Saving: 00:00.03)


[2025-07-28T16:21:37.415Z] [DEBUG] [d7c99b29-0f82-40d0-a446-9e2a4ce08d27] Blender Output: Fra:127 Mem:119.20M (Peak 150.84M) | Time:00:00.03 | Rendering 1 / 64 samples

[2025-07-28T16:21:37.565Z] [DEBUG] [d7c99b29-0f82-40d0-a446-9e2a4ce08d27] Blender Output: Fra:127 Mem:119.20M (Peak 150.84M) | Time:00:00.18 | Rendering 25 / 64 samples

[2025-07-28T16:21:37.718Z] [DEBUG] [d7c99b29-0f82-40d0-a446-9e2a4ce08d27] Blender Output: Fra:127 Mem:119.20M (Peak 150.84M) | Time:00:00.34 | Rendering 50 / 64 samples

[2025-07-28T16:21:37.805Z] [DEBUG] [d7c99b29-0f82-40d0-a446-9e2a4ce08d27] Blender Output: Fra:127 Mem:119.20M (Peak 150.84M) | Time:00:00.42 | Rendering 64 / 64 samples

[2025-07-28T16:21:37.881Z] [DEBUG] [d7c99b29-0f82-40d0-a446-9e2a4ce08d27] Blender Output: Append frame 127
Time: 00:00.50 (Saving: 00:00.03)


[2025-07-28T16:21:37.918Z] [DEBUG] [d7c99b29-0f82-40d0-a446-9e2a4ce08d27] Blender Output: Fra:128 Mem:119.20M (Peak 150.84M) | Time:00:00.03 | Rendering 1 / 64 samples

[2025-07-28T16:21:38.069Z] [DEBUG] [d7c99b29-0f82-40d0-a446-9e2a4ce08d27] Blender Output: Fra:128 Mem:119.20M (Peak 150.84M) | Time:00:00.18 | Rendering 25 / 64 samples

[2025-07-28T16:21:38.222Z] [DEBUG] [d7c99b29-0f82-40d0-a446-9e2a4ce08d27] Blender Output: Fra:128 Mem:119.20M (Peak 150.84M) | Time:00:00.34 | Rendering 50 / 64 samples

[2025-07-28T16:21:38.309Z] [DEBUG] [d7c99b29-0f82-40d0-a446-9e2a4ce08d27] Blender Output: Fra:128 Mem:119.20M (Peak 150.84M) | Time:00:00.42 | Rendering 64 / 64 samples

[2025-07-28T16:21:38.386Z] [DEBUG] [d7c99b29-0f82-40d0-a446-9e2a4ce08d27] Blender Output: Append frame 128
Time: 00:00.50 (Saving: 00:00.03)


[2025-07-28T16:21:38.422Z] [DEBUG] [d7c99b29-0f82-40d0-a446-9e2a4ce08d27] Blender Output: Fra:129 Mem:119.20M (Peak 150.84M) | Time:00:00.03 | Rendering 1 / 64 samples

[2025-07-28T16:21:38.575Z] [DEBUG] [d7c99b29-0f82-40d0-a446-9e2a4ce08d27] Blender Output: Fra:129 Mem:119.20M (Peak 150.84M) | Time:00:00.18 | Rendering 25 / 64 samples

[2025-07-28T16:21:38.731Z] [DEBUG] [d7c99b29-0f82-40d0-a446-9e2a4ce08d27] Blender Output: Fra:129 Mem:119.20M (Peak 150.84M) | Time:00:00.34 | Rendering 50 / 64 samples

[2025-07-28T16:21:38.818Z] [DEBUG] [d7c99b29-0f82-40d0-a446-9e2a4ce08d27] Blender Output: Fra:129 Mem:119.20M (Peak 150.84M) | Time:00:00.43 | Rendering 64 / 64 samples

[2025-07-28T16:21:38.894Z] [DEBUG] [d7c99b29-0f82-40d0-a446-9e2a4ce08d27] Blender Output: Append frame 129
Time: 00:00.50 (Saving: 00:00.03)


[2025-07-28T16:21:38.930Z] [DEBUG] [d7c99b29-0f82-40d0-a446-9e2a4ce08d27] Blender Output: Fra:130 Mem:119.20M (Peak 150.84M) | Time:00:00.03 | Rendering 1 / 64 samples

[2025-07-28T16:21:39.084Z] [DEBUG] [d7c99b29-0f82-40d0-a446-9e2a4ce08d27] Blender Output: Fra:130 Mem:119.20M (Peak 150.84M) | Time:00:00.18 | Rendering 25 / 64 samples

[2025-07-28T16:21:39.240Z] [DEBUG] [d7c99b29-0f82-40d0-a446-9e2a4ce08d27] Blender Output: Fra:130 Mem:119.20M (Peak 150.84M) | Time:00:00.34 | Rendering 50 / 64 samples

[2025-07-28T16:21:39.329Z] [DEBUG] [d7c99b29-0f82-40d0-a446-9e2a4ce08d27] Blender Output: Fra:130 Mem:119.20M (Peak 150.84M) | Time:00:00.43 | Rendering 64 / 64 samples

[2025-07-28T16:21:39.405Z] [DEBUG] [d7c99b29-0f82-40d0-a446-9e2a4ce08d27] Blender Output: Append frame 130
Time: 00:00.51 (Saving: 00:00.03)


[2025-07-28T16:21:39.442Z] [DEBUG] [d7c99b29-0f82-40d0-a446-9e2a4ce08d27] Blender Output: Fra:131 Mem:119.20M (Peak 150.84M) | Time:00:00.03 | Rendering 1 / 64 samples

[2025-07-28T16:21:39.595Z] [DEBUG] [d7c99b29-0f82-40d0-a446-9e2a4ce08d27] Blender Output: Fra:131 Mem:119.20M (Peak 150.84M) | Time:00:00.18 | Rendering 25 / 64 samples

[2025-07-28T16:21:39.752Z] [DEBUG] [d7c99b29-0f82-40d0-a446-9e2a4ce08d27] Blender Output: Fra:131 Mem:119.20M (Peak 150.84M) | Time:00:00.34 | Rendering 50 / 64 samples

[2025-07-28T16:21:39.840Z] [DEBUG] [d7c99b29-0f82-40d0-a446-9e2a4ce08d27] Blender Output: Fra:131 Mem:119.20M (Peak 150.84M) | Time:00:00.43 | Rendering 64 / 64 samples

[2025-07-28T16:21:39.918Z] [DEBUG] [d7c99b29-0f82-40d0-a446-9e2a4ce08d27] Blender Output: Append frame 131
Time: 00:00.51 (Saving: 00:00.03)


[2025-07-28T16:21:39.955Z] [DEBUG] [d7c99b29-0f82-40d0-a446-9e2a4ce08d27] Blender Output: Fra:132 Mem:119.20M (Peak 150.84M) | Time:00:00.03 | Rendering 1 / 64 samples

[2025-07-28T16:21:40.109Z] [DEBUG] [d7c99b29-0f82-40d0-a446-9e2a4ce08d27] Blender Output: Fra:132 Mem:119.20M (Peak 150.84M) | Time:00:00.19 | Rendering 25 / 64 samples

[2025-07-28T16:21:40.267Z] [DEBUG] [d7c99b29-0f82-40d0-a446-9e2a4ce08d27] Blender Output: Fra:132 Mem:119.20M (Peak 150.84M) | Time:00:00.34 | Rendering 50 / 64 samples

[2025-07-28T16:21:40.355Z] [DEBUG] [d7c99b29-0f82-40d0-a446-9e2a4ce08d27] Blender Output: Fra:132 Mem:119.20M (Peak 150.84M) | Time:00:00.43 | Rendering 64 / 64 samples

[2025-07-28T16:21:40.432Z] [DEBUG] [d7c99b29-0f82-40d0-a446-9e2a4ce08d27] Blender Output: Append frame 132
Time: 00:00.51 (Saving: 00:00.03)


[2025-07-28T16:21:40.479Z] [DEBUG] [d7c99b29-0f82-40d0-a446-9e2a4ce08d27] Blender Output: Fra:133 Mem:119.20M (Peak 150.84M) | Time:00:00.04 | Rendering 1 / 64 samples

[2025-07-28T16:21:40.631Z] [DEBUG] [d7c99b29-0f82-40d0-a446-9e2a4ce08d27] Blender Output: Fra:133 Mem:119.20M (Peak 150.84M) | Time:00:00.19 | Rendering 25 / 64 samples

[2025-07-28T16:21:40.787Z] [DEBUG] [d7c99b29-0f82-40d0-a446-9e2a4ce08d27] Blender Output: Fra:133 Mem:119.20M (Peak 150.84M) | Time:00:00.35 | Rendering 50 / 64 samples

[2025-07-28T16:21:40.874Z] [DEBUG] [d7c99b29-0f82-40d0-a446-9e2a4ce08d27] Blender Output: Fra:133 Mem:119.20M (Peak 150.84M) | Time:00:00.44 | Rendering 64 / 64 samples

[2025-07-28T16:21:40.948Z] [DEBUG] [d7c99b29-0f82-40d0-a446-9e2a4ce08d27] Blender Output: Append frame 133
Time: 00:00.51 (Saving: 00:00.03)


[2025-07-28T16:21:40.985Z] [DEBUG] [d7c99b29-0f82-40d0-a446-9e2a4ce08d27] Blender Output: Fra:134 Mem:119.20M (Peak 150.84M) | Time:00:00.03 | Rendering 1 / 64 samples

[2025-07-28T16:21:41.140Z] [DEBUG] [d7c99b29-0f82-40d0-a446-9e2a4ce08d27] Blender Output: Fra:134 Mem:119.20M (Peak 150.84M) | Time:00:00.19 | Rendering 25 / 64 samples

[2025-07-28T16:21:41.297Z] [DEBUG] [d7c99b29-0f82-40d0-a446-9e2a4ce08d27] Blender Output: Fra:134 Mem:119.20M (Peak 150.84M) | Time:00:00.34 | Rendering 50 / 64 samples

[2025-07-28T16:21:41.385Z] [DEBUG] [d7c99b29-0f82-40d0-a446-9e2a4ce08d27] Blender Output: Fra:134 Mem:119.20M (Peak 150.84M) | Time:00:00.43 | Rendering 64 / 64 samples

[2025-07-28T16:21:41.458Z] [DEBUG] [d7c99b29-0f82-40d0-a446-9e2a4ce08d27] Blender Output: Append frame 134
Time: 00:00.51 (Saving: 00:00.03)


[2025-07-28T16:21:41.495Z] [DEBUG] [d7c99b29-0f82-40d0-a446-9e2a4ce08d27] Blender Output: Fra:135 Mem:119.20M (Peak 150.84M) | Time:00:00.03 | Rendering 1 / 64 samples

[2025-07-28T16:21:41.646Z] [DEBUG] [d7c99b29-0f82-40d0-a446-9e2a4ce08d27] Blender Output: Fra:135 Mem:119.20M (Peak 150.84M) | Time:00:00.18 | Rendering 25 / 64 samples

[2025-07-28T16:21:41.800Z] [DEBUG] [d7c99b29-0f82-40d0-a446-9e2a4ce08d27] Blender Output: Fra:135 Mem:119.20M (Peak 150.84M) | Time:00:00.34 | Rendering 50 / 64 samples

[2025-07-28T16:21:41.888Z] [DEBUG] [d7c99b29-0f82-40d0-a446-9e2a4ce08d27] Blender Output: Fra:135 Mem:119.20M (Peak 150.84M) | Time:00:00.42 | Rendering 64 / 64 samples

[2025-07-28T16:21:41.964Z] [DEBUG] [d7c99b29-0f82-40d0-a446-9e2a4ce08d27] Blender Output: Append frame 135
Time: 00:00.50 (Saving: 00:00.03)


[2025-07-28T16:21:42.000Z] [DEBUG] [d7c99b29-0f82-40d0-a446-9e2a4ce08d27] Blender Output: Fra:136 Mem:119.20M (Peak 150.84M) | Time:00:00.03 | Rendering 1 / 64 samples

[2025-07-28T16:21:42.151Z] [DEBUG] [d7c99b29-0f82-40d0-a446-9e2a4ce08d27] Blender Output: Fra:136 Mem:119.20M (Peak 150.84M) | Time:00:00.18 | Rendering 25 / 64 samples

[2025-07-28T16:21:42.304Z] [DEBUG] [d7c99b29-0f82-40d0-a446-9e2a4ce08d27] Blender Output: Fra:136 Mem:119.20M (Peak 150.84M) | Time:00:00.34 | Rendering 50 / 64 samples

[2025-07-28T16:21:42.391Z] [DEBUG] [d7c99b29-0f82-40d0-a446-9e2a4ce08d27] Blender Output: Fra:136 Mem:119.20M (Peak 150.84M) | Time:00:00.42 | Rendering 64 / 64 samples

[2025-07-28T16:21:42.469Z] [DEBUG] [d7c99b29-0f82-40d0-a446-9e2a4ce08d27] Blender Output: Append frame 136
Time: 00:00.50 (Saving: 00:00.03)


[2025-07-28T16:21:42.506Z] [DEBUG] [d7c99b29-0f82-40d0-a446-9e2a4ce08d27] Blender Output: Fra:137 Mem:119.20M (Peak 150.84M) | Time:00:00.03 | Rendering 1 / 64 samples

[2025-07-28T16:21:42.657Z] [DEBUG] [d7c99b29-0f82-40d0-a446-9e2a4ce08d27] Blender Output: Fra:137 Mem:119.20M (Peak 150.84M) | Time:00:00.18 | Rendering 25 / 64 samples

[2025-07-28T16:21:42.811Z] [DEBUG] [d7c99b29-0f82-40d0-a446-9e2a4ce08d27] Blender Output: Fra:137 Mem:119.20M (Peak 150.84M) | Time:00:00.34 | Rendering 50 / 64 samples

[2025-07-28T16:21:42.897Z] [DEBUG] [d7c99b29-0f82-40d0-a446-9e2a4ce08d27] Blender Output: Fra:137 Mem:119.20M (Peak 150.84M) | Time:00:00.42 | Rendering 64 / 64 samples

[2025-07-28T16:21:42.972Z] [DEBUG] [d7c99b29-0f82-40d0-a446-9e2a4ce08d27] Blender Output: Append frame 137
Time: 00:00.50 (Saving: 00:00.03)


[2025-07-28T16:21:43.008Z] [DEBUG] [d7c99b29-0f82-40d0-a446-9e2a4ce08d27] Blender Output: Fra:138 Mem:119.20M (Peak 150.84M) | Time:00:00.03 | Rendering 1 / 64 samples

[2025-07-28T16:21:43.158Z] [DEBUG] [d7c99b29-0f82-40d0-a446-9e2a4ce08d27] Blender Output: Fra:138 Mem:119.20M (Peak 150.84M) | Time:00:00.18 | Rendering 25 / 64 samples

[2025-07-28T16:21:43.312Z] [DEBUG] [d7c99b29-0f82-40d0-a446-9e2a4ce08d27] Blender Output: Fra:138 Mem:119.20M (Peak 150.84M) | Time:00:00.34 | Rendering 50 / 64 samples

[2025-07-28T16:21:43.397Z] [DEBUG] [d7c99b29-0f82-40d0-a446-9e2a4ce08d27] Blender Output: Fra:138 Mem:119.20M (Peak 150.84M) | Time:00:00.42 | Rendering 64 / 64 samples

[2025-07-28T16:21:43.471Z] [DEBUG] [d7c99b29-0f82-40d0-a446-9e2a4ce08d27] Blender Output: Append frame 138
Time: 00:00.49 (Saving: 00:00.03)


[2025-07-28T16:21:43.508Z] [DEBUG] [d7c99b29-0f82-40d0-a446-9e2a4ce08d27] Blender Output: Fra:139 Mem:119.20M (Peak 150.84M) | Time:00:00.03 | Rendering 1 / 64 samples

[2025-07-28T16:21:43.660Z] [DEBUG] [d7c99b29-0f82-40d0-a446-9e2a4ce08d27] Blender Output: Fra:139 Mem:119.20M (Peak 150.84M) | Time:00:00.18 | Rendering 25 / 64 samples

[2025-07-28T16:21:43.812Z] [DEBUG] [d7c99b29-0f82-40d0-a446-9e2a4ce08d27] Blender Output: Fra:139 Mem:119.20M (Peak 150.84M) | Time:00:00.34 | Rendering 50 / 64 samples

[2025-07-28T16:21:43.900Z] [DEBUG] [d7c99b29-0f82-40d0-a446-9e2a4ce08d27] Blender Output: Fra:139 Mem:119.20M (Peak 150.84M) | Time:00:00.42 | Rendering 64 / 64 samples

[2025-07-28T16:21:43.978Z] [DEBUG] [d7c99b29-0f82-40d0-a446-9e2a4ce08d27] Blender Output: Append frame 139
Time: 00:00.50 (Saving: 00:00.03)


[2025-07-28T16:21:44.014Z] [DEBUG] [d7c99b29-0f82-40d0-a446-9e2a4ce08d27] Blender Output: Fra:140 Mem:119.20M (Peak 150.84M) | Time:00:00.03 | Rendering 1 / 64 samples

[2025-07-28T16:21:44.165Z] [DEBUG] [d7c99b29-0f82-40d0-a446-9e2a4ce08d27] Blender Output: Fra:140 Mem:119.20M (Peak 150.84M) | Time:00:00.18 | Rendering 25 / 64 samples

[2025-07-28T16:21:44.319Z] [DEBUG] [d7c99b29-0f82-40d0-a446-9e2a4ce08d27] Blender Output: Fra:140 Mem:119.20M (Peak 150.84M) | Time:00:00.34 | Rendering 50 / 64 samples

[2025-07-28T16:21:44.406Z] [DEBUG] [d7c99b29-0f82-40d0-a446-9e2a4ce08d27] Blender Output: Fra:140 Mem:119.20M (Peak 150.84M) | Time:00:00.42 | Rendering 64 / 64 samples

[2025-07-28T16:21:44.484Z] [DEBUG] [d7c99b29-0f82-40d0-a446-9e2a4ce08d27] Blender Output: Append frame 140
Time: 00:00.50 (Saving: 00:00.03)


[2025-07-28T16:21:44.522Z] [DEBUG] [d7c99b29-0f82-40d0-a446-9e2a4ce08d27] Blender Output: Fra:141 Mem:119.20M (Peak 150.84M) | Time:00:00.03 | Rendering 1 / 64 samples

[2025-07-28T16:21:44.672Z] [DEBUG] [d7c99b29-0f82-40d0-a446-9e2a4ce08d27] Blender Output: Fra:141 Mem:119.20M (Peak 150.84M) | Time:00:00.18 | Rendering 25 / 64 samples

[2025-07-28T16:21:44.826Z] [DEBUG] [d7c99b29-0f82-40d0-a446-9e2a4ce08d27] Blender Output: Fra:141 Mem:119.20M (Peak 150.84M) | Time:00:00.34 | Rendering 50 / 64 samples

[2025-07-28T16:21:44.913Z] [DEBUG] [d7c99b29-0f82-40d0-a446-9e2a4ce08d27] Blender Output: Fra:141 Mem:119.20M (Peak 150.84M) | Time:00:00.42 | Rendering 64 / 64 samples

[2025-07-28T16:21:44.990Z] [DEBUG] [d7c99b29-0f82-40d0-a446-9e2a4ce08d27] Blender Output: Append frame 141
Time: 00:00.50 (Saving: 00:00.03)


[2025-07-28T16:21:45.025Z] [DEBUG] [d7c99b29-0f82-40d0-a446-9e2a4ce08d27] Blender Output: Fra:142 Mem:119.20M (Peak 150.84M) | Time:00:00.03 | Rendering 1 / 64 samples

[2025-07-28T16:21:45.176Z] [DEBUG] [d7c99b29-0f82-40d0-a446-9e2a4ce08d27] Blender Output: Fra:142 Mem:119.20M (Peak 150.84M) | Time:00:00.18 | Rendering 25 / 64 samples

[2025-07-28T16:21:45.329Z] [DEBUG] [d7c99b29-0f82-40d0-a446-9e2a4ce08d27] Blender Output: Fra:142 Mem:119.20M (Peak 150.84M) | Time:00:00.33 | Rendering 50 / 64 samples

[2025-07-28T16:21:45.415Z] [DEBUG] [d7c99b29-0f82-40d0-a446-9e2a4ce08d27] Blender Output: Fra:142 Mem:119.20M (Peak 150.84M) | Time:00:00.42 | Rendering 64 / 64 samples

[2025-07-28T16:21:45.491Z] [DEBUG] [d7c99b29-0f82-40d0-a446-9e2a4ce08d27] Blender Output: Append frame 142
Time: 00:00.50 (Saving: 00:00.03)


[2025-07-28T16:21:45.669Z] [DEBUG] [d7c99b29-0f82-40d0-a446-9e2a4ce08d27] Blender Output: 🎯 V1.4.0.a.8.1 - HOTFIX BLENDER 4.5+ INICIADO
🛡️ BLINDAGEM: V1.4.0.a.7 sync perfeito preservado
🔧 HOTFIX: APIs compatíveis com Blender 4.5+ e EEVEE_NEXT
📂 Working directory: C:\Users\Denys Victoriano\Documents\GitHub\clone\zentraw\Zentraw\3d_visualizer\Blender
🐍 Python script: C:\Users\Denys Victoriano\Documents\GitHub\clone\zentraw\Zentraw\3d_visualizer\Blender\render_audio_visualizer_v1.4.0.a.8.1.py
🔍 Verificando existência dos arquivos...
✅ Todos os arquivos validados com sucesso
🎵 Áudio: C:\Users\Denys Victoriano\Documents\GitHub\clone\zentraw\Zentraw\3d_visualizer\uploads\1753719629800_audio.wav
🖼️ Imagem: C:\Users\Denys Victoriano\Documents\GitHub\clone\zentraw\Zentraw\3d_visualizer\uploads\1753719629804_image.jpg
📁 Output (absoluto): C:\Users\Denys Victoriano\Documents\GitHub\clone\zentraw\Zentraw\3d_visualizer\outputs\output_v1.4.0.a.8.mp4
⚙️ Config: C:\Users\Denys Victoriano\Documents\GitHub\clone\zentraw\Zentraw\3d_visualizer\temp\config_d7c99b29-0f82-40d0-a446-9e2a4ce08d27.json
📊 CONFIGURAÇÕES APLICADAS V1.4.0.a.8.1 HOTFIX:
   🎬 Resolução: 1920x1080 (Full HD padrão)
   🎞️ FPS: 30
   🔍 Samples: 128
   ⚡ Engine: BLENDER_EEVEE_NEXT (Eevee Next padrão - Blender 4.5+)
   📊 Amplitude Multiplier: 3.0x (V1.4.0.a.7 BLINDADO)
   🌊 Suavização: 1
   🎧 Canais: mono
   📦 Escala Base: 1.0x
   📈 Escala Máxima: 5.0x
   🎯 Partículas: 64
   📏 Espaçamento: 1.2
🎬 Setting up scene...
🚀 Render engine: BLENDER_EEVEE_NEXT
📐 Resolução: 1920x1080
⚡ Eevee configurado para velocidade (samples: 64)
✅ Samples Eevee configurados
🔒 Definindo caminho de saída do render: C:\Users\Denys Victoriano\Documents\GitHub\clone\zentraw\Zentraw\3d_visualizer\outputs\output_v1.4.0.a.8.mp4
🎵 Carregando áudio...
🎵 Áudio carregado: 227324 samples, 48000Hz, 2 canais
⏱️ Duração: 4.74s, 142 frames @ 30fps
🎯 Criando sistema de cubos...
✅ 64 cubos criados
🎵 Animando baseado no áudio...
✅ Animação completa
🖼️ Adicionando imagem de fundo: C:\Users\Denys Victoriano\Documents\GitHub\clone\zentraw\Zentraw\3d_visualizer\uploads\1753719629804_image.jpg
🎵 Configurando áudio no sequencer...
🎬 Iniciando render...
📊 Engine: BLENDER_EEVEE_NEXT
📐 Resolução: 1920x1080
⏱️ Frames: 142
🎵 Com áudio: True
🎉 Render concluído com sucesso!
📂 Arquivos no diretório de saída (C:\Users\Denys Victoriano\Documents\GitHub\clone\zentraw\Zentraw\3d_visualizer\outputs):
 - output_v1.4.0.a.8.mp4
✅ Arquivo MP4 gerado: C:\Users\Denys Victoriano\Documents\GitHub\clone\zentraw\Zentraw\3d_visualizer\outputs\output_v1.4.0.a.8.mp4

[2025-07-28T16:21:45.923Z] [DEBUG] [d7c99b29-0f82-40d0-a446-9e2a4ce08d27] Blender Output: 
Blender quit

[2025-07-28T16:21:45.977Z] [INFO] [d7c99b29-0f82-40d0-a446-9e2a4ce08d27] Blender process finalizado com código: 0
[2025-07-28T16:21:45.978Z] [SUCCESS] [d7c99b29-0f82-40d0-a446-9e2a4ce08d27] Render concluído: C:\Users\Denys Victoriano\Documents\GitHub\clone\zentraw\Zentraw\3d_visualizer\outputs\output_v1.4.0.a.8.mp4
[2025-07-28T16:32:44.594Z] [INFO] 🚀 Zentraw V1.4.0.a.8 Backend iniciado na porta 3004
[2025-07-28T16:32:44.596Z] [INFO] 🛡️ Sistema de blindagem V1.4.0.a.7 ativo
[2025-07-28T16:32:44.597Z] [INFO] ⚙️ Interface parametrizada completa disponível
[2025-07-28T16:32:44.597Z] [INFO] 📁 Diretórios: uploads=C:\Users\Denys Victoriano\Documents\GitHub\clone\zentraw\Zentraw\3d_visualizer\uploads, outputs=C:\Users\Denys Victoriano\Documents\GitHub\clone\zentraw\Zentraw\3d_visualizer\outputs, logs=C:\Users\Denys Victoriano\Documents\GitHub\clone\zentraw\Zentraw\3d_visualizer\logs
[2025-07-28T16:32:54.421Z] [INFO] Health check solicitado
[2025-07-28T16:33:13.080Z] [INFO] [e10aceaa-c238-4aa9-b599-ec9d01acad9c] Iniciando render parametrizado
[2025-07-28T16:33:13.081Z] [DEBUG] [e10aceaa-c238-4aa9-b599-ec9d01acad9c] 🔍 DEBUG - audioFile: {"fieldname":"audio","originalname":"sample_audio3.wav","encoding":"7bit","mimetype":"audio/wav","destination":"C:\\Users\\Denys Victoriano\\Documents\\GitHub\\clone\\zentraw\\Zentraw\\3d_visualizer\\uploads","filename":"1753720393043_audio.wav","path":"C:\\Users\\Denys Victoriano\\Documents\\GitHub\\clone\\zentraw\\Zentraw\\3d_visualizer\\uploads\\1753720393043_audio.wav","size":909502}
[2025-07-28T16:33:13.082Z] [DEBUG] [e10aceaa-c238-4aa9-b599-ec9d01acad9c] 🔍 DEBUG - imageFile: {"fieldname":"image","originalname":"cover_spotify.png","encoding":"7bit","mimetype":"image/png","destination":"C:\\Users\\Denys Victoriano\\Documents\\GitHub\\clone\\zentraw\\Zentraw\\3d_visualizer\\uploads","filename":"1753720393047_image.png","path":"C:\\Users\\Denys Victoriano\\Documents\\GitHub\\clone\\zentraw\\Zentraw\\3d_visualizer\\uploads\\1753720393047_image.png","size":6594976}
[2025-07-28T16:33:13.186Z] [INFO] [e10aceaa-c238-4aa9-b599-ec9d01acad9c] Executando Blender: C:\Program Files\Blender Foundation\Blender 4.5\blender.exe C:\Users\Denys Victoriano\Documents\GitHub\clone\zentraw\Zentraw\3d_visualizer\Blender\template.blend --background --python C:\Users\Denys Victoriano\Documents\GitHub\clone\zentraw\Zentraw\3d_visualizer\Blender\render_audio_visualizer_v1.4.0.a.8.1.py -- C:\Users\Denys Victoriano\Documents\GitHub\clone\zentraw\Zentraw\3d_visualizer\uploads\1753720393043_audio.wav C:\Users\Denys Victoriano\Documents\GitHub\clone\zentraw\Zentraw\3d_visualizer\uploads\1753720393047_image.png C:\Users\Denys Victoriano\Documents\GitHub\clone\zentraw\Zentraw\3d_visualizer\outputs\output_v1.4.0.a.8.mp4 C:\Users\Denys Victoriano\Documents\GitHub\clone\zentraw\Zentraw\3d_visualizer\temp\config_e10aceaa-c238-4aa9-b599-ec9d01acad9c.json
[2025-07-28T16:33:16.603Z] [DEBUG] [e10aceaa-c238-4aa9-b599-ec9d01acad9c] Blender Output: Blender 4.5.0 (hash 8cb6b388974a built 2025-07-15 01:36:24)
Read blend: "C:\Users\Denys Victoriano\Documents\GitHub\clone\zentraw\Zentraw\3d_visualizer\Blender\template.blend"
Fra:1 Mem:119.40M (Peak 132.71M) | Time:00:00.55 | Rendering 1 / 64 samples

[2025-07-28T16:33:16.746Z] [DEBUG] [e10aceaa-c238-4aa9-b599-ec9d01acad9c] Blender Output: Fra:1 Mem:119.72M (Peak 132.71M) | Time:00:00.69 | Rendering 25 / 64 samples

[2025-07-28T16:33:16.880Z] [DEBUG] [e10aceaa-c238-4aa9-b599-ec9d01acad9c] Blender Output: Fra:1 Mem:119.72M (Peak 132.71M) | Time:00:00.83 | Rendering 50 / 64 samples

[2025-07-28T16:33:16.954Z] [DEBUG] [e10aceaa-c238-4aa9-b599-ec9d01acad9c] Blender Output: Fra:1 Mem:119.72M (Peak 132.71M) | Time:00:00.90 | Rendering 64 / 64 samples

[2025-07-28T16:33:17.216Z] [DEBUG] [e10aceaa-c238-4aa9-b599-ec9d01acad9c] Blender Output: Append frame 1
Time: 00:01.16 (Saving: 00:00.22)


[2025-07-28T16:33:17.270Z] [DEBUG] [e10aceaa-c238-4aa9-b599-ec9d01acad9c] Blender Output: Fra:2 Mem:119.86M (Peak 151.36M) | Time:00:00.05 | Rendering 1 / 64 samples

[2025-07-28T16:33:17.422Z] [DEBUG] [e10aceaa-c238-4aa9-b599-ec9d01acad9c] Blender Output: Fra:2 Mem:119.91M (Peak 151.36M) | Time:00:00.20 | Rendering 25 / 64 samples

[2025-07-28T16:33:17.578Z] [DEBUG] [e10aceaa-c238-4aa9-b599-ec9d01acad9c] Blender Output: Fra:2 Mem:119.91M (Peak 151.36M) | Time:00:00.36 | Rendering 50 / 64 samples

[2025-07-28T16:33:17.665Z] [DEBUG] [e10aceaa-c238-4aa9-b599-ec9d01acad9c] Blender Output: Fra:2 Mem:119.91M (Peak 151.36M) | Time:00:00.44 | Rendering 64 / 64 samples

[2025-07-28T16:33:17.767Z] [DEBUG] [e10aceaa-c238-4aa9-b599-ec9d01acad9c] Blender Output: Append frame 2
Time: 00:00.55 (Saving: 00:00.04)


[2025-07-28T16:33:17.803Z] [DEBUG] [e10aceaa-c238-4aa9-b599-ec9d01acad9c] Blender Output: Fra:3 Mem:119.91M (Peak 151.55M) | Time:00:00.03 | Rendering 1 / 64 samples

[2025-07-28T16:33:17.954Z] [DEBUG] [e10aceaa-c238-4aa9-b599-ec9d01acad9c] Blender Output: Fra:3 Mem:119.91M (Peak 151.55M) | Time:00:00.18 | Rendering 25 / 64 samples

[2025-07-28T16:33:18.109Z] [DEBUG] [e10aceaa-c238-4aa9-b599-ec9d01acad9c] Blender Output: Fra:3 Mem:119.91M (Peak 151.55M) | Time:00:00.34 | Rendering 50 / 64 samples

[2025-07-28T16:33:18.195Z] [DEBUG] [e10aceaa-c238-4aa9-b599-ec9d01acad9c] Blender Output: Fra:3 Mem:119.91M (Peak 151.55M) | Time:00:00.42 | Rendering 64 / 64 samples

[2025-07-28T16:33:18.276Z] [DEBUG] [e10aceaa-c238-4aa9-b599-ec9d01acad9c] Blender Output: Append frame 3
Time: 00:00.50 (Saving: 00:00.03)


[2025-07-28T16:33:18.312Z] [DEBUG] [e10aceaa-c238-4aa9-b599-ec9d01acad9c] Blender Output: Fra:4 Mem:119.91M (Peak 151.55M) | Time:00:00.03 | Rendering 1 / 64 samples

[2025-07-28T16:33:18.462Z] [DEBUG] [e10aceaa-c238-4aa9-b599-ec9d01acad9c] Blender Output: Fra:4 Mem:119.91M (Peak 151.55M) | Time:00:00.18 | Rendering 25 / 64 samples

[2025-07-28T16:33:18.615Z] [DEBUG] [e10aceaa-c238-4aa9-b599-ec9d01acad9c] Blender Output: Fra:4 Mem:119.91M (Peak 151.55M) | Time:00:00.33 | Rendering 50 / 64 samples

[2025-07-28T16:33:18.702Z] [DEBUG] [e10aceaa-c238-4aa9-b599-ec9d01acad9c] Blender Output: Fra:4 Mem:119.91M (Peak 151.55M) | Time:00:00.42 | Rendering 64 / 64 samples

[2025-07-28T16:33:18.779Z] [DEBUG] [e10aceaa-c238-4aa9-b599-ec9d01acad9c] Blender Output: Append frame 4
Time: 00:00.50 (Saving: 00:00.03)


[2025-07-28T16:33:18.815Z] [DEBUG] [e10aceaa-c238-4aa9-b599-ec9d01acad9c] Blender Output: Fra:5 Mem:119.91M (Peak 151.55M) | Time:00:00.03 | Rendering 1 / 64 samples

[2025-07-28T16:33:18.967Z] [DEBUG] [e10aceaa-c238-4aa9-b599-ec9d01acad9c] Blender Output: Fra:5 Mem:119.91M (Peak 151.55M) | Time:00:00.18 | Rendering 25 / 64 samples

[2025-07-28T16:33:19.122Z] [DEBUG] [e10aceaa-c238-4aa9-b599-ec9d01acad9c] Blender Output: Fra:5 Mem:119.91M (Peak 151.55M) | Time:00:00.34 | Rendering 50 / 64 samples

[2025-07-28T16:33:19.209Z] [DEBUG] [e10aceaa-c238-4aa9-b599-ec9d01acad9c] Blender Output: Fra:5 Mem:119.91M (Peak 151.55M) | Time:00:00.43 | Rendering 64 / 64 samples

[2025-07-28T16:33:19.288Z] [DEBUG] [e10aceaa-c238-4aa9-b599-ec9d01acad9c] Blender Output: Append frame 5
Time: 00:00.50 (Saving: 00:00.03)


[2025-07-28T16:33:19.324Z] [DEBUG] [e10aceaa-c238-4aa9-b599-ec9d01acad9c] Blender Output: Fra:6 Mem:119.91M (Peak 151.55M) | Time:00:00.03 | Rendering 1 / 64 samples

[2025-07-28T16:33:19.475Z] [DEBUG] [e10aceaa-c238-4aa9-b599-ec9d01acad9c] Blender Output: Fra:6 Mem:119.91M (Peak 151.55M) | Time:00:00.18 | Rendering 25 / 64 samples

[2025-07-28T16:33:19.629Z] [DEBUG] [e10aceaa-c238-4aa9-b599-ec9d01acad9c] Blender Output: Fra:6 Mem:119.91M (Peak 151.55M) | Time:00:00.34 | Rendering 50 / 64 samples

[2025-07-28T16:33:19.715Z] [DEBUG] [e10aceaa-c238-4aa9-b599-ec9d01acad9c] Blender Output: Fra:6 Mem:119.91M (Peak 151.55M) | Time:00:00.42 | Rendering 64 / 64 samples

[2025-07-28T16:33:19.793Z] [DEBUG] [e10aceaa-c238-4aa9-b599-ec9d01acad9c] Blender Output: Append frame 6
Time: 00:00.50 (Saving: 00:00.03)


[2025-07-28T16:33:19.829Z] [DEBUG] [e10aceaa-c238-4aa9-b599-ec9d01acad9c] Blender Output: Fra:7 Mem:119.91M (Peak 151.55M) | Time:00:00.03 | Rendering 1 / 64 samples

[2025-07-28T16:33:19.979Z] [DEBUG] [e10aceaa-c238-4aa9-b599-ec9d01acad9c] Blender Output: Fra:7 Mem:119.91M (Peak 151.55M) | Time:00:00.18 | Rendering 25 / 64 samples

[2025-07-28T16:33:20.132Z] [DEBUG] [e10aceaa-c238-4aa9-b599-ec9d01acad9c] Blender Output: Fra:7 Mem:119.91M (Peak 151.55M) | Time:00:00.33 | Rendering 50 / 64 samples

[2025-07-28T16:33:20.219Z] [DEBUG] [e10aceaa-c238-4aa9-b599-ec9d01acad9c] Blender Output: Fra:7 Mem:119.91M (Peak 151.55M) | Time:00:00.42 | Rendering 64 / 64 samples

[2025-07-28T16:33:20.297Z] [DEBUG] [e10aceaa-c238-4aa9-b599-ec9d01acad9c] Blender Output: Append frame 7
Time: 00:00.50 (Saving: 00:00.03)


[2025-07-28T16:33:20.334Z] [DEBUG] [e10aceaa-c238-4aa9-b599-ec9d01acad9c] Blender Output: Fra:8 Mem:119.91M (Peak 151.55M) | Time:00:00.03 | Rendering 1 / 64 samples

[2025-07-28T16:33:20.489Z] [DEBUG] [e10aceaa-c238-4aa9-b599-ec9d01acad9c] Blender Output: Fra:8 Mem:119.91M (Peak 151.55M) | Time:00:00.19 | Rendering 25 / 64 samples

[2025-07-28T16:33:20.649Z] [DEBUG] [e10aceaa-c238-4aa9-b599-ec9d01acad9c] Blender Output: Fra:8 Mem:119.91M (Peak 151.55M) | Time:00:00.35 | Rendering 50 / 64 samples

[2025-07-28T16:33:20.738Z] [DEBUG] [e10aceaa-c238-4aa9-b599-ec9d01acad9c] Blender Output: Fra:8 Mem:119.91M (Peak 151.55M) | Time:00:00.44 | Rendering 64 / 64 samples

[2025-07-28T16:33:20.817Z] [DEBUG] [e10aceaa-c238-4aa9-b599-ec9d01acad9c] Blender Output: Append frame 8
Time: 00:00.52 (Saving: 00:00.03)


[2025-07-28T16:33:20.858Z] [DEBUG] [e10aceaa-c238-4aa9-b599-ec9d01acad9c] Blender Output: Fra:9 Mem:119.91M (Peak 151.55M) | Time:00:00.04 | Rendering 1 / 64 samples

[2025-07-28T16:33:21.017Z] [DEBUG] [e10aceaa-c238-4aa9-b599-ec9d01acad9c] Blender Output: Fra:9 Mem:119.91M (Peak 151.55M) | Time:00:00.19 | Rendering 25 / 64 samples

[2025-07-28T16:33:21.177Z] [DEBUG] [e10aceaa-c238-4aa9-b599-ec9d01acad9c] Blender Output: Fra:9 Mem:119.91M (Peak 151.55M) | Time:00:00.35 | Rendering 50 / 64 samples

[2025-07-28T16:33:21.266Z] [DEBUG] [e10aceaa-c238-4aa9-b599-ec9d01acad9c] Blender Output: Fra:9 Mem:119.91M (Peak 151.55M) | Time:00:00.44 | Rendering 64 / 64 samples

[2025-07-28T16:33:21.343Z] [DEBUG] [e10aceaa-c238-4aa9-b599-ec9d01acad9c] Blender Output: Append frame 9
Time: 00:00.52 (Saving: 00:00.03)


[2025-07-28T16:33:21.378Z] [DEBUG] [e10aceaa-c238-4aa9-b599-ec9d01acad9c] Blender Output: Fra:10 Mem:119.91M (Peak 151.55M) | Time:00:00.03 | Rendering 1 / 64 samples

[2025-07-28T16:33:21.529Z] [DEBUG] [e10aceaa-c238-4aa9-b599-ec9d01acad9c] Blender Output: Fra:10 Mem:119.91M (Peak 151.55M) | Time:00:00.18 | Rendering 25 / 64 samples

[2025-07-28T16:33:21.683Z] [DEBUG] [e10aceaa-c238-4aa9-b599-ec9d01acad9c] Blender Output: Fra:10 Mem:119.91M (Peak 151.55M) | Time:00:00.34 | Rendering 50 / 64 samples

[2025-07-28T16:33:21.769Z] [DEBUG] [e10aceaa-c238-4aa9-b599-ec9d01acad9c] Blender Output: Fra:10 Mem:119.91M (Peak 151.55M) | Time:00:00.42 | Rendering 64 / 64 samples

[2025-07-28T16:33:21.853Z] [DEBUG] [e10aceaa-c238-4aa9-b599-ec9d01acad9c] Blender Output: Append frame 10
Time: 00:00.51 (Saving: 00:00.03)


[2025-07-28T16:33:21.888Z] [DEBUG] [e10aceaa-c238-4aa9-b599-ec9d01acad9c] Blender Output: Fra:11 Mem:119.91M (Peak 151.55M) | Time:00:00.03 | Rendering 1 / 64 samples

[2025-07-28T16:33:22.039Z] [DEBUG] [e10aceaa-c238-4aa9-b599-ec9d01acad9c] Blender Output: Fra:11 Mem:119.91M (Peak 151.55M) | Time:00:00.18 | Rendering 25 / 64 samples

[2025-07-28T16:33:22.194Z] [DEBUG] [e10aceaa-c238-4aa9-b599-ec9d01acad9c] Blender Output: Fra:11 Mem:119.91M (Peak 151.55M) | Time:00:00.34 | Rendering 50 / 64 samples

[2025-07-28T16:33:22.280Z] [DEBUG] [e10aceaa-c238-4aa9-b599-ec9d01acad9c] Blender Output: Fra:11 Mem:119.91M (Peak 151.55M) | Time:00:00.42 | Rendering 64 / 64 samples

[2025-07-28T16:33:22.358Z] [DEBUG] [e10aceaa-c238-4aa9-b599-ec9d01acad9c] Blender Output: Append frame 11
Time: 00:00.50 (Saving: 00:00.03)


[2025-07-28T16:33:22.394Z] [DEBUG] [e10aceaa-c238-4aa9-b599-ec9d01acad9c] Blender Output: Fra:12 Mem:119.91M (Peak 151.55M) | Time:00:00.03 | Rendering 1 / 64 samples

[2025-07-28T16:33:22.546Z] [DEBUG] [e10aceaa-c238-4aa9-b599-ec9d01acad9c] Blender Output: Fra:12 Mem:119.91M (Peak 151.55M) | Time:00:00.18 | Rendering 25 / 64 samples

[2025-07-28T16:33:22.701Z] [DEBUG] [e10aceaa-c238-4aa9-b599-ec9d01acad9c] Blender Output: Fra:12 Mem:119.91M (Peak 151.55M) | Time:00:00.34 | Rendering 50 / 64 samples

[2025-07-28T16:33:22.788Z] [DEBUG] [e10aceaa-c238-4aa9-b599-ec9d01acad9c] Blender Output: Fra:12 Mem:119.91M (Peak 151.55M) | Time:00:00.42 | Rendering 64 / 64 samples

[2025-07-28T16:33:22.865Z] [DEBUG] [e10aceaa-c238-4aa9-b599-ec9d01acad9c] Blender Output: Append frame 12
Time: 00:00.50 (Saving: 00:00.03)


[2025-07-28T16:33:22.901Z] [DEBUG] [e10aceaa-c238-4aa9-b599-ec9d01acad9c] Blender Output: Fra:13 Mem:119.91M (Peak 151.55M) | Time:00:00.03 | Rendering 1 / 64 samples

[2025-07-28T16:33:23.052Z] [DEBUG] [e10aceaa-c238-4aa9-b599-ec9d01acad9c] Blender Output: Fra:13 Mem:119.91M (Peak 151.55M) | Time:00:00.18 | Rendering 25 / 64 samples

[2025-07-28T16:33:23.207Z] [DEBUG] [e10aceaa-c238-4aa9-b599-ec9d01acad9c] Blender Output: Fra:13 Mem:119.91M (Peak 151.55M) | Time:00:00.34 | Rendering 50 / 64 samples

[2025-07-28T16:33:23.294Z] [DEBUG] [e10aceaa-c238-4aa9-b599-ec9d01acad9c] Blender Output: Fra:13 Mem:119.91M (Peak 151.55M) | Time:00:00.42 | Rendering 64 / 64 samples

[2025-07-28T16:33:23.374Z] [DEBUG] [e10aceaa-c238-4aa9-b599-ec9d01acad9c] Blender Output: Append frame 13
Time: 00:00.50 (Saving: 00:00.03)


[2025-07-28T16:33:23.411Z] [DEBUG] [e10aceaa-c238-4aa9-b599-ec9d01acad9c] Blender Output: Fra:14 Mem:119.91M (Peak 151.55M) | Time:00:00.03 | Rendering 1 / 64 samples

[2025-07-28T16:33:23.561Z] [DEBUG] [e10aceaa-c238-4aa9-b599-ec9d01acad9c] Blender Output: Fra:14 Mem:119.91M (Peak 151.55M) | Time:00:00.18 | Rendering 25 / 64 samples

[2025-07-28T16:33:23.715Z] [DEBUG] [e10aceaa-c238-4aa9-b599-ec9d01acad9c] Blender Output: Fra:14 Mem:119.91M (Peak 151.55M) | Time:00:00.34 | Rendering 50 / 64 samples

[2025-07-28T16:33:23.802Z] [DEBUG] [e10aceaa-c238-4aa9-b599-ec9d01acad9c] Blender Output: Fra:14 Mem:119.91M (Peak 151.55M) | Time:00:00.42 | Rendering 64 / 64 samples

[2025-07-28T16:33:23.880Z] [DEBUG] [e10aceaa-c238-4aa9-b599-ec9d01acad9c] Blender Output: Append frame 14
Time: 00:00.50 (Saving: 00:00.03)


[2025-07-28T16:33:23.916Z] [DEBUG] [e10aceaa-c238-4aa9-b599-ec9d01acad9c] Blender Output: Fra:15 Mem:119.91M (Peak 151.55M) | Time:00:00.03 | Rendering 1 / 64 samples

[2025-07-28T16:33:24.070Z] [DEBUG] [e10aceaa-c238-4aa9-b599-ec9d01acad9c] Blender Output: Fra:15 Mem:119.91M (Peak 151.55M) | Time:00:00.19 | Rendering 25 / 64 samples

[2025-07-28T16:33:24.230Z] [DEBUG] [e10aceaa-c238-4aa9-b599-ec9d01acad9c] Blender Output: Fra:15 Mem:119.91M (Peak 151.55M) | Time:00:00.35 | Rendering 50 / 64 samples

[2025-07-28T16:33:24.320Z] [DEBUG] [e10aceaa-c238-4aa9-b599-ec9d01acad9c] Blender Output: Fra:15 Mem:119.91M (Peak 151.55M) | Time:00:00.43 | Rendering 64 / 64 samples

[2025-07-28T16:33:24.398Z] [DEBUG] [e10aceaa-c238-4aa9-b599-ec9d01acad9c] Blender Output: Append frame 15
Time: 00:00.51 (Saving: 00:00.03)


[2025-07-28T16:33:24.434Z] [DEBUG] [e10aceaa-c238-4aa9-b599-ec9d01acad9c] Blender Output: Fra:16 Mem:119.91M (Peak 151.55M) | Time:00:00.03 | Rendering 1 / 64 samples

[2025-07-28T16:33:24.585Z] [DEBUG] [e10aceaa-c238-4aa9-b599-ec9d01acad9c] Blender Output: Fra:16 Mem:119.91M (Peak 151.55M) | Time:00:00.18 | Rendering 25 / 64 samples

[2025-07-28T16:33:24.739Z] [DEBUG] [e10aceaa-c238-4aa9-b599-ec9d01acad9c] Blender Output: Fra:16 Mem:119.91M (Peak 151.55M) | Time:00:00.34 | Rendering 50 / 64 samples

[2025-07-28T16:33:24.826Z] [DEBUG] [e10aceaa-c238-4aa9-b599-ec9d01acad9c] Blender Output: Fra:16 Mem:119.91M (Peak 151.55M) | Time:00:00.42 | Rendering 64 / 64 samples

[2025-07-28T16:33:24.904Z] [DEBUG] [e10aceaa-c238-4aa9-b599-ec9d01acad9c] Blender Output: Append frame 16
Time: 00:00.50 (Saving: 00:00.03)


[2025-07-28T16:33:24.939Z] [DEBUG] [e10aceaa-c238-4aa9-b599-ec9d01acad9c] Blender Output: Fra:17 Mem:119.91M (Peak 151.55M) | Time:00:00.03 | Rendering 1 / 64 samples

[2025-07-28T16:33:25.090Z] [DEBUG] [e10aceaa-c238-4aa9-b599-ec9d01acad9c] Blender Output: Fra:17 Mem:119.91M (Peak 151.55M) | Time:00:00.18 | Rendering 25 / 64 samples

[2025-07-28T16:33:25.245Z] [DEBUG] [e10aceaa-c238-4aa9-b599-ec9d01acad9c] Blender Output: Fra:17 Mem:119.91M (Peak 151.55M) | Time:00:00.34 | Rendering 50 / 64 samples

[2025-07-28T16:33:25.332Z] [DEBUG] [e10aceaa-c238-4aa9-b599-ec9d01acad9c] Blender Output: Fra:17 Mem:119.91M (Peak 151.55M) | Time:00:00.42 | Rendering 64 / 64 samples

[2025-07-28T16:33:25.410Z] [DEBUG] [e10aceaa-c238-4aa9-b599-ec9d01acad9c] Blender Output: Append frame 17
Time: 00:00.50 (Saving: 00:00.03)


[2025-07-28T16:33:25.446Z] [DEBUG] [e10aceaa-c238-4aa9-b599-ec9d01acad9c] Blender Output: Fra:18 Mem:119.91M (Peak 151.55M) | Time:00:00.03 | Rendering 1 / 64 samples

[2025-07-28T16:33:25.597Z] [DEBUG] [e10aceaa-c238-4aa9-b599-ec9d01acad9c] Blender Output: Fra:18 Mem:119.91M (Peak 151.55M) | Time:00:00.18 | Rendering 25 / 64 samples

[2025-07-28T16:33:25.751Z] [DEBUG] [e10aceaa-c238-4aa9-b599-ec9d01acad9c] Blender Output: Fra:18 Mem:119.91M (Peak 151.55M) | Time:00:00.34 | Rendering 50 / 64 samples

[2025-07-28T16:33:25.838Z] [DEBUG] [e10aceaa-c238-4aa9-b599-ec9d01acad9c] Blender Output: Fra:18 Mem:119.91M (Peak 151.55M) | Time:00:00.42 | Rendering 64 / 64 samples

[2025-07-28T16:33:25.916Z] [DEBUG] [e10aceaa-c238-4aa9-b599-ec9d01acad9c] Blender Output: Append frame 18
Time: 00:00.50 (Saving: 00:00.03)


[2025-07-28T16:33:25.952Z] [DEBUG] [e10aceaa-c238-4aa9-b599-ec9d01acad9c] Blender Output: Fra:19 Mem:119.91M (Peak 151.55M) | Time:00:00.03 | Rendering 1 / 64 samples

[2025-07-28T16:33:26.103Z] [DEBUG] [e10aceaa-c238-4aa9-b599-ec9d01acad9c] Blender Output: Fra:19 Mem:119.91M (Peak 151.55M) | Time:00:00.18 | Rendering 25 / 64 samples

[2025-07-28T16:33:26.258Z] [DEBUG] [e10aceaa-c238-4aa9-b599-ec9d01acad9c] Blender Output: Fra:19 Mem:119.91M (Peak 151.55M) | Time:00:00.34 | Rendering 50 / 64 samples

[2025-07-28T16:33:26.344Z] [DEBUG] [e10aceaa-c238-4aa9-b599-ec9d01acad9c] Blender Output: Fra:19 Mem:119.91M (Peak 151.55M) | Time:00:00.42 | Rendering 64 / 64 samples

[2025-07-28T16:33:26.425Z] [DEBUG] [e10aceaa-c238-4aa9-b599-ec9d01acad9c] Blender Output: Append frame 19
Time: 00:00.50 (Saving: 00:00.03)


[2025-07-28T16:33:26.461Z] [DEBUG] [e10aceaa-c238-4aa9-b599-ec9d01acad9c] Blender Output: Fra:20 Mem:119.91M (Peak 151.55M) | Time:00:00.03 | Rendering 1 / 64 samples

[2025-07-28T16:33:26.611Z] [DEBUG] [e10aceaa-c238-4aa9-b599-ec9d01acad9c] Blender Output: Fra:20 Mem:119.91M (Peak 151.55M) | Time:00:00.18 | Rendering 25 / 64 samples

[2025-07-28T16:33:26.764Z] [DEBUG] [e10aceaa-c238-4aa9-b599-ec9d01acad9c] Blender Output: Fra:20 Mem:119.91M (Peak 151.55M) | Time:00:00.33 | Rendering 50 / 64 samples

[2025-07-28T16:33:26.850Z] [DEBUG] [e10aceaa-c238-4aa9-b599-ec9d01acad9c] Blender Output: Fra:20 Mem:119.91M (Peak 151.55M) | Time:00:00.42 | Rendering 64 / 64 samples

[2025-07-28T16:33:26.928Z] [DEBUG] [e10aceaa-c238-4aa9-b599-ec9d01acad9c] Blender Output: Append frame 20
Time: 00:00.50 (Saving: 00:00.03)


[2025-07-28T16:33:26.966Z] [DEBUG] [e10aceaa-c238-4aa9-b599-ec9d01acad9c] Blender Output: Fra:21 Mem:119.91M (Peak 151.55M) | Time:00:00.03 | Rendering 1 / 64 samples

[2025-07-28T16:33:27.117Z] [DEBUG] [e10aceaa-c238-4aa9-b599-ec9d01acad9c] Blender Output: Fra:21 Mem:119.91M (Peak 151.55M) | Time:00:00.18 | Rendering 25 / 64 samples

[2025-07-28T16:33:27.271Z] [DEBUG] [e10aceaa-c238-4aa9-b599-ec9d01acad9c] Blender Output: Fra:21 Mem:119.91M (Peak 151.55M) | Time:00:00.34 | Rendering 50 / 64 samples

[2025-07-28T16:33:27.357Z] [DEBUG] [e10aceaa-c238-4aa9-b599-ec9d01acad9c] Blender Output: Fra:21 Mem:119.91M (Peak 151.55M) | Time:00:00.42 | Rendering 64 / 64 samples

[2025-07-28T16:33:27.437Z] [DEBUG] [e10aceaa-c238-4aa9-b599-ec9d01acad9c] Blender Output: Append frame 21
Time: 00:00.50 (Saving: 00:00.03)


[2025-07-28T16:33:27.473Z] [DEBUG] [e10aceaa-c238-4aa9-b599-ec9d01acad9c] Blender Output: Fra:22 Mem:119.91M (Peak 151.55M) | Time:00:00.03 | Rendering 1 / 64 samples

[2025-07-28T16:33:27.624Z] [DEBUG] [e10aceaa-c238-4aa9-b599-ec9d01acad9c] Blender Output: Fra:22 Mem:119.91M (Peak 151.55M) | Time:00:00.18 | Rendering 25 / 64 samples

[2025-07-28T16:33:27.777Z] [DEBUG] [e10aceaa-c238-4aa9-b599-ec9d01acad9c] Blender Output: Fra:22 Mem:119.91M (Peak 151.55M) | Time:00:00.34 | Rendering 50 / 64 samples

[2025-07-28T16:33:27.863Z] [DEBUG] [e10aceaa-c238-4aa9-b599-ec9d01acad9c] Blender Output: Fra:22 Mem:119.91M (Peak 151.55M) | Time:00:00.42 | Rendering 64 / 64 samples

[2025-07-28T16:33:27.941Z] [DEBUG] [e10aceaa-c238-4aa9-b599-ec9d01acad9c] Blender Output: Append frame 22
Time: 00:00.50 (Saving: 00:00.03)


[2025-07-28T16:33:27.977Z] [DEBUG] [e10aceaa-c238-4aa9-b599-ec9d01acad9c] Blender Output: Fra:23 Mem:119.91M (Peak 151.55M) | Time:00:00.03 | Rendering 1 / 64 samples

[2025-07-28T16:33:28.129Z] [DEBUG] [e10aceaa-c238-4aa9-b599-ec9d01acad9c] Blender Output: Fra:23 Mem:119.91M (Peak 151.55M) | Time:00:00.18 | Rendering 25 / 64 samples

[2025-07-28T16:33:28.286Z] [DEBUG] [e10aceaa-c238-4aa9-b599-ec9d01acad9c] Blender Output: Fra:23 Mem:119.91M (Peak 151.55M) | Time:00:00.34 | Rendering 50 / 64 samples

[2025-07-28T16:33:28.374Z] [DEBUG] [e10aceaa-c238-4aa9-b599-ec9d01acad9c] Blender Output: Fra:23 Mem:119.91M (Peak 151.55M) | Time:00:00.43 | Rendering 64 / 64 samples

[2025-07-28T16:33:28.451Z] [DEBUG] [e10aceaa-c238-4aa9-b599-ec9d01acad9c] Blender Output: Append frame 23
Time: 00:00.51 (Saving: 00:00.03)


[2025-07-28T16:33:28.489Z] [DEBUG] [e10aceaa-c238-4aa9-b599-ec9d01acad9c] Blender Output: Fra:24 Mem:119.91M (Peak 151.55M) | Time:00:00.03 | Rendering 1 / 64 samples

[2025-07-28T16:33:28.639Z] [DEBUG] [e10aceaa-c238-4aa9-b599-ec9d01acad9c] Blender Output: Fra:24 Mem:119.91M (Peak 151.55M) | Time:00:00.18 | Rendering 25 / 64 samples

[2025-07-28T16:33:28.793Z] [DEBUG] [e10aceaa-c238-4aa9-b599-ec9d01acad9c] Blender Output: Fra:24 Mem:119.91M (Peak 151.55M) | Time:00:00.34 | Rendering 50 / 64 samples

[2025-07-28T16:33:28.879Z] [DEBUG] [e10aceaa-c238-4aa9-b599-ec9d01acad9c] Blender Output: Fra:24 Mem:119.91M (Peak 151.55M) | Time:00:00.42 | Rendering 64 / 64 samples

[2025-07-28T16:33:28.956Z] [DEBUG] [e10aceaa-c238-4aa9-b599-ec9d01acad9c] Blender Output: Append frame 24
Time: 00:00.50 (Saving: 00:00.03)


[2025-07-28T16:33:28.992Z] [DEBUG] [e10aceaa-c238-4aa9-b599-ec9d01acad9c] Blender Output: Fra:25 Mem:119.91M (Peak 151.55M) | Time:00:00.03 | Rendering 1 / 64 samples

[2025-07-28T16:33:29.145Z] [DEBUG] [e10aceaa-c238-4aa9-b599-ec9d01acad9c] Blender Output: Fra:25 Mem:119.91M (Peak 151.55M) | Time:00:00.18 | Rendering 25 / 64 samples

[2025-07-28T16:33:29.299Z] [DEBUG] [e10aceaa-c238-4aa9-b599-ec9d01acad9c] Blender Output: Fra:25 Mem:119.91M (Peak 151.55M) | Time:00:00.34 | Rendering 50 / 64 samples

[2025-07-28T16:33:29.385Z] [DEBUG] [e10aceaa-c238-4aa9-b599-ec9d01acad9c] Blender Output: Fra:25 Mem:119.91M (Peak 151.55M) | Time:00:00.42 | Rendering 64 / 64 samples

[2025-07-28T16:33:29.463Z] [DEBUG] [e10aceaa-c238-4aa9-b599-ec9d01acad9c] Blender Output: Append frame 25
Time: 00:00.50 (Saving: 00:00.03)


[2025-07-28T16:33:29.501Z] [DEBUG] [e10aceaa-c238-4aa9-b599-ec9d01acad9c] Blender Output: Fra:26 Mem:119.91M (Peak 151.55M) | Time:00:00.03 | Rendering 1 / 64 samples

[2025-07-28T16:33:29.653Z] [DEBUG] [e10aceaa-c238-4aa9-b599-ec9d01acad9c] Blender Output: Fra:26 Mem:119.91M (Peak 151.55M) | Time:00:00.18 | Rendering 25 / 64 samples

[2025-07-28T16:33:29.809Z] [DEBUG] [e10aceaa-c238-4aa9-b599-ec9d01acad9c] Blender Output: Fra:26 Mem:119.91M (Peak 151.55M) | Time:00:00.34 | Rendering 50 / 64 samples

[2025-07-28T16:33:29.896Z] [DEBUG] [e10aceaa-c238-4aa9-b599-ec9d01acad9c] Blender Output: Fra:26 Mem:119.91M (Peak 151.55M) | Time:00:00.43 | Rendering 64 / 64 samples

[2025-07-28T16:33:29.973Z] [DEBUG] [e10aceaa-c238-4aa9-b599-ec9d01acad9c] Blender Output: Append frame 26
Time: 00:00.50 (Saving: 00:00.03)


[2025-07-28T16:33:30.010Z] [DEBUG] [e10aceaa-c238-4aa9-b599-ec9d01acad9c] Blender Output: Fra:27 Mem:119.91M (Peak 151.55M) | Time:00:00.03 | Rendering 1 / 64 samples

[2025-07-28T16:33:30.161Z] [DEBUG] [e10aceaa-c238-4aa9-b599-ec9d01acad9c] Blender Output: Fra:27 Mem:119.91M (Peak 151.55M) | Time:00:00.18 | Rendering 25 / 64 samples

[2025-07-28T16:33:30.316Z] [DEBUG] [e10aceaa-c238-4aa9-b599-ec9d01acad9c] Blender Output: Fra:27 Mem:119.91M (Peak 151.55M) | Time:00:00.34 | Rendering 50 / 64 samples

[2025-07-28T16:33:30.401Z] [DEBUG] [e10aceaa-c238-4aa9-b599-ec9d01acad9c] Blender Output: Fra:27 Mem:119.91M (Peak 151.55M) | Time:00:00.42 | Rendering 64 / 64 samples

[2025-07-28T16:33:30.476Z] [DEBUG] [e10aceaa-c238-4aa9-b599-ec9d01acad9c] Blender Output: Append frame 27
Time: 00:00.50 (Saving: 00:00.03)


[2025-07-28T16:33:30.514Z] [DEBUG] [e10aceaa-c238-4aa9-b599-ec9d01acad9c] Blender Output: Fra:28 Mem:119.91M (Peak 151.55M) | Time:00:00.03 | Rendering 1 / 64 samples

[2025-07-28T16:33:30.667Z] [DEBUG] [e10aceaa-c238-4aa9-b599-ec9d01acad9c] Blender Output: Fra:28 Mem:119.91M (Peak 151.55M) | Time:00:00.19 | Rendering 25 / 64 samples

[2025-07-28T16:33:30.821Z] [DEBUG] [e10aceaa-c238-4aa9-b599-ec9d01acad9c] Blender Output: Fra:28 Mem:119.91M (Peak 151.55M) | Time:00:00.34 | Rendering 50 / 64 samples

[2025-07-28T16:33:30.908Z] [DEBUG] [e10aceaa-c238-4aa9-b599-ec9d01acad9c] Blender Output: Fra:28 Mem:119.91M (Peak 151.55M) | Time:00:00.43 | Rendering 64 / 64 samples

[2025-07-28T16:33:30.986Z] [DEBUG] [e10aceaa-c238-4aa9-b599-ec9d01acad9c] Blender Output: Append frame 28
Time: 00:00.50 (Saving: 00:00.03)


[2025-07-28T16:33:31.022Z] [DEBUG] [e10aceaa-c238-4aa9-b599-ec9d01acad9c] Blender Output: Fra:29 Mem:119.91M (Peak 151.55M) | Time:00:00.03 | Rendering 1 / 64 samples

[2025-07-28T16:33:31.174Z] [DEBUG] [e10aceaa-c238-4aa9-b599-ec9d01acad9c] Blender Output: Fra:29 Mem:119.91M (Peak 151.55M) | Time:00:00.18 | Rendering 25 / 64 samples

[2025-07-28T16:33:31.327Z] [DEBUG] [e10aceaa-c238-4aa9-b599-ec9d01acad9c] Blender Output: Fra:29 Mem:119.91M (Peak 151.55M) | Time:00:00.34 | Rendering 50 / 64 samples

[2025-07-28T16:33:31.413Z] [DEBUG] [e10aceaa-c238-4aa9-b599-ec9d01acad9c] Blender Output: Fra:29 Mem:119.91M (Peak 151.55M) | Time:00:00.42 | Rendering 64 / 64 samples

[2025-07-28T16:33:31.490Z] [DEBUG] [e10aceaa-c238-4aa9-b599-ec9d01acad9c] Blender Output: Append frame 29
Time: 00:00.50 (Saving: 00:00.03)


[2025-07-28T16:33:31.527Z] [DEBUG] [e10aceaa-c238-4aa9-b599-ec9d01acad9c] Blender Output: Fra:30 Mem:119.91M (Peak 151.55M) | Time:00:00.03 | Rendering 1 / 64 samples

[2025-07-28T16:33:31.680Z] [DEBUG] [e10aceaa-c238-4aa9-b599-ec9d01acad9c] Blender Output: Fra:30 Mem:119.91M (Peak 151.55M) | Time:00:00.18 | Rendering 25 / 64 samples

[2025-07-28T16:33:31.835Z] [DEBUG] [e10aceaa-c238-4aa9-b599-ec9d01acad9c] Blender Output: Fra:30 Mem:119.91M (Peak 151.55M) | Time:00:00.34 | Rendering 50 / 64 samples

[2025-07-28T16:33:31.922Z] [DEBUG] [e10aceaa-c238-4aa9-b599-ec9d01acad9c] Blender Output: Fra:30 Mem:119.91M (Peak 151.55M) | Time:00:00.43 | Rendering 64 / 64 samples

[2025-07-28T16:33:32.002Z] [DEBUG] [e10aceaa-c238-4aa9-b599-ec9d01acad9c] Blender Output: Append frame 30
Time: 00:00.51 (Saving: 00:00.03)


[2025-07-28T16:33:32.038Z] [DEBUG] [e10aceaa-c238-4aa9-b599-ec9d01acad9c] Blender Output: Fra:31 Mem:119.91M (Peak 151.55M) | Time:00:00.03 | Rendering 1 / 64 samples

[2025-07-28T16:33:32.192Z] [DEBUG] [e10aceaa-c238-4aa9-b599-ec9d01acad9c] Blender Output: Fra:31 Mem:119.91M (Peak 151.55M) | Time:00:00.19 | Rendering 25 / 64 samples

[2025-07-28T16:33:32.348Z] [DEBUG] [e10aceaa-c238-4aa9-b599-ec9d01acad9c] Blender Output: Fra:31 Mem:119.91M (Peak 151.55M) | Time:00:00.34 | Rendering 50 / 64 samples

[2025-07-28T16:33:32.436Z] [DEBUG] [e10aceaa-c238-4aa9-b599-ec9d01acad9c] Blender Output: Fra:31 Mem:119.91M (Peak 151.55M) | Time:00:00.43 | Rendering 64 / 64 samples

[2025-07-28T16:33:32.513Z] [DEBUG] [e10aceaa-c238-4aa9-b599-ec9d01acad9c] Blender Output: Append frame 31
Time: 00:00.51 (Saving: 00:00.03)


[2025-07-28T16:33:32.550Z] [DEBUG] [e10aceaa-c238-4aa9-b599-ec9d01acad9c] Blender Output: Fra:32 Mem:119.91M (Peak 151.55M) | Time:00:00.03 | Rendering 1 / 64 samples

[2025-07-28T16:33:32.704Z] [DEBUG] [e10aceaa-c238-4aa9-b599-ec9d01acad9c] Blender Output: Fra:32 Mem:119.91M (Peak 151.55M) | Time:00:00.19 | Rendering 25 / 64 samples

[2025-07-28T16:33:32.862Z] [DEBUG] [e10aceaa-c238-4aa9-b599-ec9d01acad9c] Blender Output: Fra:32 Mem:119.91M (Peak 151.55M) | Time:00:00.34 | Rendering 50 / 64 samples

[2025-07-28T16:33:32.950Z] [DEBUG] [e10aceaa-c238-4aa9-b599-ec9d01acad9c] Blender Output: Fra:32 Mem:119.91M (Peak 151.55M) | Time:00:00.43 | Rendering 64 / 64 samples

[2025-07-28T16:33:33.026Z] [DEBUG] [e10aceaa-c238-4aa9-b599-ec9d01acad9c] Blender Output: Append frame 32
Time: 00:00.51 (Saving: 00:00.03)


[2025-07-28T16:33:33.094Z] [DEBUG] [e10aceaa-c238-4aa9-b599-ec9d01acad9c] Blender Output: Fra:33 Mem:119.91M (Peak 151.55M) | Time:00:00.06 | Rendering 1 / 64 samples

[2025-07-28T16:33:33.250Z] [DEBUG] [e10aceaa-c238-4aa9-b599-ec9d01acad9c] Blender Output: Fra:33 Mem:119.91M (Peak 151.55M) | Time:00:00.22 | Rendering 25 / 64 samples

[2025-07-28T16:33:33.408Z] [DEBUG] [e10aceaa-c238-4aa9-b599-ec9d01acad9c] Blender Output: Fra:33 Mem:119.91M (Peak 151.55M) | Time:00:00.38 | Rendering 50 / 64 samples

[2025-07-28T16:33:33.497Z] [DEBUG] [e10aceaa-c238-4aa9-b599-ec9d01acad9c] Blender Output: Fra:33 Mem:119.91M (Peak 151.55M) | Time:00:00.47 | Rendering 64 / 64 samples

[2025-07-28T16:33:33.577Z] [DEBUG] [e10aceaa-c238-4aa9-b599-ec9d01acad9c] Blender Output: Append frame 33
Time: 00:00.55 (Saving: 00:00.03)


[2025-07-28T16:33:33.612Z] [DEBUG] [e10aceaa-c238-4aa9-b599-ec9d01acad9c] Blender Output: Fra:34 Mem:119.91M (Peak 151.55M) | Time:00:00.03 | Rendering 1 / 64 samples

[2025-07-28T16:33:33.765Z] [DEBUG] [e10aceaa-c238-4aa9-b599-ec9d01acad9c] Blender Output: Fra:34 Mem:119.91M (Peak 151.55M) | Time:00:00.18 | Rendering 25 / 64 samples

[2025-07-28T16:33:33.920Z] [DEBUG] [e10aceaa-c238-4aa9-b599-ec9d01acad9c] Blender Output: Fra:34 Mem:119.91M (Peak 151.55M) | Time:00:00.34 | Rendering 50 / 64 samples

[2025-07-28T16:33:34.007Z] [DEBUG] [e10aceaa-c238-4aa9-b599-ec9d01acad9c] Blender Output: Fra:34 Mem:119.91M (Peak 151.55M) | Time:00:00.43 | Rendering 64 / 64 samples

[2025-07-28T16:33:34.083Z] [DEBUG] [e10aceaa-c238-4aa9-b599-ec9d01acad9c] Blender Output: Append frame 34
Time: 00:00.50 (Saving: 00:00.03)


[2025-07-28T16:33:34.120Z] [DEBUG] [e10aceaa-c238-4aa9-b599-ec9d01acad9c] Blender Output: Fra:35 Mem:119.91M (Peak 151.55M) | Time:00:00.03 | Rendering 1 / 64 samples

[2025-07-28T16:33:34.274Z] [DEBUG] [e10aceaa-c238-4aa9-b599-ec9d01acad9c] Blender Output: Fra:35 Mem:119.91M (Peak 151.55M) | Time:00:00.19 | Rendering 25 / 64 samples

[2025-07-28T16:33:34.432Z] [DEBUG] [e10aceaa-c238-4aa9-b599-ec9d01acad9c] Blender Output: Fra:35 Mem:119.91M (Peak 151.55M) | Time:00:00.34 | Rendering 50 / 64 samples

[2025-07-28T16:33:34.520Z] [DEBUG] [e10aceaa-c238-4aa9-b599-ec9d01acad9c] Blender Output: Fra:35 Mem:119.91M (Peak 151.55M) | Time:00:00.43 | Rendering 64 / 64 samples

[2025-07-28T16:33:34.596Z] [DEBUG] [e10aceaa-c238-4aa9-b599-ec9d01acad9c] Blender Output: Append frame 35
Time: 00:00.51 (Saving: 00:00.03)


[2025-07-28T16:33:34.632Z] [DEBUG] [e10aceaa-c238-4aa9-b599-ec9d01acad9c] Blender Output: Fra:36 Mem:119.91M (Peak 151.55M) | Time:00:00.03 | Rendering 1 / 64 samples

[2025-07-28T16:33:34.784Z] [DEBUG] [e10aceaa-c238-4aa9-b599-ec9d01acad9c] Blender Output: Fra:36 Mem:119.91M (Peak 151.55M) | Time:00:00.18 | Rendering 25 / 64 samples

[2025-07-28T16:33:34.939Z] [DEBUG] [e10aceaa-c238-4aa9-b599-ec9d01acad9c] Blender Output: Fra:36 Mem:119.91M (Peak 151.55M) | Time:00:00.34 | Rendering 50 / 64 samples

[2025-07-28T16:33:35.027Z] [DEBUG] [e10aceaa-c238-4aa9-b599-ec9d01acad9c] Blender Output: Fra:36 Mem:119.91M (Peak 151.55M) | Time:00:00.43 | Rendering 64 / 64 samples

[2025-07-28T16:33:35.106Z] [DEBUG] [e10aceaa-c238-4aa9-b599-ec9d01acad9c] Blender Output: Append frame 36
Time: 00:00.50 (Saving: 00:00.03)


[2025-07-28T16:33:35.143Z] [DEBUG] [e10aceaa-c238-4aa9-b599-ec9d01acad9c] Blender Output: Fra:37 Mem:119.91M (Peak 151.55M) | Time:00:00.03 | Rendering 1 / 64 samples

[2025-07-28T16:33:35.298Z] [DEBUG] [e10aceaa-c238-4aa9-b599-ec9d01acad9c] Blender Output: Fra:37 Mem:119.91M (Peak 151.55M) | Time:00:00.19 | Rendering 25 / 64 samples

[2025-07-28T16:33:35.458Z] [DEBUG] [e10aceaa-c238-4aa9-b599-ec9d01acad9c] Blender Output: Fra:37 Mem:119.91M (Peak 151.55M) | Time:00:00.35 | Rendering 50 / 64 samples

[2025-07-28T16:33:35.548Z] [DEBUG] [e10aceaa-c238-4aa9-b599-ec9d01acad9c] Blender Output: Fra:37 Mem:119.91M (Peak 151.55M) | Time:00:00.44 | Rendering 64 / 64 samples

[2025-07-28T16:33:35.627Z] [DEBUG] [e10aceaa-c238-4aa9-b599-ec9d01acad9c] Blender Output: Append frame 37
Time: 00:00.52 (Saving: 00:00.03)


[2025-07-28T16:33:35.663Z] [DEBUG] [e10aceaa-c238-4aa9-b599-ec9d01acad9c] Blender Output: Fra:38 Mem:119.91M (Peak 151.55M) | Time:00:00.03 | Rendering 1 / 64 samples

[2025-07-28T16:33:35.823Z] [DEBUG] [e10aceaa-c238-4aa9-b599-ec9d01acad9c] Blender Output: Fra:38 Mem:119.91M (Peak 151.55M) | Time:00:00.19 | Rendering 25 / 64 samples

[2025-07-28T16:33:35.979Z] [DEBUG] [e10aceaa-c238-4aa9-b599-ec9d01acad9c] Blender Output: Fra:38 Mem:119.91M (Peak 151.55M) | Time:00:00.35 | Rendering 50 / 64 samples

[2025-07-28T16:33:36.067Z] [DEBUG] [e10aceaa-c238-4aa9-b599-ec9d01acad9c] Blender Output: Fra:38 Mem:119.91M (Peak 151.55M) | Time:00:00.44 | Rendering 64 / 64 samples

[2025-07-28T16:33:36.144Z] [DEBUG] [e10aceaa-c238-4aa9-b599-ec9d01acad9c] Blender Output: Append frame 38
Time: 00:00.51 (Saving: 00:00.03)


[2025-07-28T16:33:36.181Z] [DEBUG] [e10aceaa-c238-4aa9-b599-ec9d01acad9c] Blender Output: Fra:39 Mem:119.91M (Peak 151.55M) | Time:00:00.03 | Rendering 1 / 64 samples

[2025-07-28T16:33:36.338Z] [DEBUG] [e10aceaa-c238-4aa9-b599-ec9d01acad9c] Blender Output: Fra:39 Mem:119.91M (Peak 151.55M) | Time:00:00.19 | Rendering 25 / 64 samples

[2025-07-28T16:33:36.493Z] [DEBUG] [e10aceaa-c238-4aa9-b599-ec9d01acad9c] Blender Output: Fra:39 Mem:119.91M (Peak 151.55M) | Time:00:00.34 | Rendering 50 / 64 samples

[2025-07-28T16:33:36.581Z] [DEBUG] [e10aceaa-c238-4aa9-b599-ec9d01acad9c] Blender Output: Fra:39 Mem:119.91M (Peak 151.55M) | Time:00:00.43 | Rendering 64 / 64 samples

[2025-07-28T16:33:36.659Z] [DEBUG] [e10aceaa-c238-4aa9-b599-ec9d01acad9c] Blender Output: Append frame 39
Time: 00:00.51 (Saving: 00:00.03)


[2025-07-28T16:33:36.696Z] [DEBUG] [e10aceaa-c238-4aa9-b599-ec9d01acad9c] Blender Output: Fra:40 Mem:119.91M (Peak 151.55M) | Time:00:00.03 | Rendering 1 / 64 samples

[2025-07-28T16:33:36.847Z] [DEBUG] [e10aceaa-c238-4aa9-b599-ec9d01acad9c] Blender Output: Fra:40 Mem:119.91M (Peak 151.55M) | Time:00:00.18 | Rendering 25 / 64 samples

[2025-07-28T16:33:37.000Z] [DEBUG] [e10aceaa-c238-4aa9-b599-ec9d01acad9c] Blender Output: Fra:40 Mem:119.91M (Peak 151.55M) | Time:00:00.34 | Rendering 50 / 64 samples

[2025-07-28T16:33:37.086Z] [DEBUG] [e10aceaa-c238-4aa9-b599-ec9d01acad9c] Blender Output: Fra:40 Mem:119.91M (Peak 151.55M) | Time:00:00.42 | Rendering 64 / 64 samples

[2025-07-28T16:33:37.165Z] [DEBUG] [e10aceaa-c238-4aa9-b599-ec9d01acad9c] Blender Output: Append frame 40
Time: 00:00.50 (Saving: 00:00.03)


[2025-07-28T16:33:37.202Z] [DEBUG] [e10aceaa-c238-4aa9-b599-ec9d01acad9c] Blender Output: Fra:41 Mem:119.91M (Peak 151.55M) | Time:00:00.03 | Rendering 1 / 64 samples

[2025-07-28T16:33:37.357Z] [DEBUG] [e10aceaa-c238-4aa9-b599-ec9d01acad9c] Blender Output: Fra:41 Mem:119.91M (Peak 151.55M) | Time:00:00.19 | Rendering 25 / 64 samples

[2025-07-28T16:33:37.511Z] [DEBUG] [e10aceaa-c238-4aa9-b599-ec9d01acad9c] Blender Output: Fra:41 Mem:119.91M (Peak 151.55M) | Time:00:00.34 | Rendering 50 / 64 samples

[2025-07-28T16:33:37.598Z] [DEBUG] [e10aceaa-c238-4aa9-b599-ec9d01acad9c] Blender Output: Fra:41 Mem:119.91M (Peak 151.55M) | Time:00:00.43 | Rendering 64 / 64 samples

[2025-07-28T16:33:37.676Z] [DEBUG] [e10aceaa-c238-4aa9-b599-ec9d01acad9c] Blender Output: Append frame 41
Time: 00:00.51 (Saving: 00:00.03)


[2025-07-28T16:33:37.713Z] [DEBUG] [e10aceaa-c238-4aa9-b599-ec9d01acad9c] Blender Output: Fra:42 Mem:119.91M (Peak 151.55M) | Time:00:00.03 | Rendering 1 / 64 samples

[2025-07-28T16:33:37.879Z] [DEBUG] [e10aceaa-c238-4aa9-b599-ec9d01acad9c] Blender Output: Fra:42 Mem:119.91M (Peak 151.55M) | Time:00:00.20 | Rendering 25 / 64 samples

[2025-07-28T16:33:38.033Z] [DEBUG] [e10aceaa-c238-4aa9-b599-ec9d01acad9c] Blender Output: Fra:42 Mem:119.91M (Peak 151.55M) | Time:00:00.35 | Rendering 50 / 64 samples

[2025-07-28T16:33:38.119Z] [DEBUG] [e10aceaa-c238-4aa9-b599-ec9d01acad9c] Blender Output: Fra:42 Mem:119.91M (Peak 151.55M) | Time:00:00.44 | Rendering 64 / 64 samples

[2025-07-28T16:33:38.199Z] [DEBUG] [e10aceaa-c238-4aa9-b599-ec9d01acad9c] Blender Output: Append frame 42
Time: 00:00.52 (Saving: 00:00.03)


[2025-07-28T16:33:38.236Z] [DEBUG] [e10aceaa-c238-4aa9-b599-ec9d01acad9c] Blender Output: Fra:43 Mem:119.91M (Peak 151.55M) | Time:00:00.03 | Rendering 1 / 64 samples

[2025-07-28T16:33:38.387Z] [DEBUG] [e10aceaa-c238-4aa9-b599-ec9d01acad9c] Blender Output: Fra:43 Mem:119.91M (Peak 151.55M) | Time:00:00.18 | Rendering 25 / 64 samples

[2025-07-28T16:33:38.543Z] [DEBUG] [e10aceaa-c238-4aa9-b599-ec9d01acad9c] Blender Output: Fra:43 Mem:119.91M (Peak 151.55M) | Time:00:00.34 | Rendering 50 / 64 samples

[2025-07-28T16:33:38.631Z] [DEBUG] [e10aceaa-c238-4aa9-b599-ec9d01acad9c] Blender Output: Fra:43 Mem:119.91M (Peak 151.55M) | Time:00:00.43 | Rendering 64 / 64 samples

[2025-07-28T16:33:38.711Z] [DEBUG] [e10aceaa-c238-4aa9-b599-ec9d01acad9c] Blender Output: Append frame 43
Time: 00:00.51 (Saving: 00:00.03)


[2025-07-28T16:33:38.747Z] [DEBUG] [e10aceaa-c238-4aa9-b599-ec9d01acad9c] Blender Output: Fra:44 Mem:119.91M (Peak 151.55M) | Time:00:00.03 | Rendering 1 / 64 samples

[2025-07-28T16:33:38.903Z] [DEBUG] [e10aceaa-c238-4aa9-b599-ec9d01acad9c] Blender Output: Fra:44 Mem:119.91M (Peak 151.55M) | Time:00:00.19 | Rendering 25 / 64 samples

[2025-07-28T16:33:39.072Z] [DEBUG] [e10aceaa-c238-4aa9-b599-ec9d01acad9c] Blender Output: Fra:44 Mem:119.91M (Peak 151.55M) | Time:00:00.36 | Rendering 50 / 64 samples

[2025-07-28T16:33:39.164Z] [DEBUG] [e10aceaa-c238-4aa9-b599-ec9d01acad9c] Blender Output: Fra:44 Mem:119.91M (Peak 151.55M) | Time:00:00.45 | Rendering 64 / 64 samples

[2025-07-28T16:33:39.246Z] [DEBUG] [e10aceaa-c238-4aa9-b599-ec9d01acad9c] Blender Output: Append frame 44
Time: 00:00.53 (Saving: 00:00.04)


[2025-07-28T16:33:39.286Z] [DEBUG] [e10aceaa-c238-4aa9-b599-ec9d01acad9c] Blender Output: Fra:45 Mem:119.91M (Peak 151.55M) | Time:00:00.03 | Rendering 1 / 64 samples

[2025-07-28T16:33:39.448Z] [DEBUG] [e10aceaa-c238-4aa9-b599-ec9d01acad9c] Blender Output: Fra:45 Mem:119.91M (Peak 151.55M) | Time:00:00.20 | Rendering 25 / 64 samples

[2025-07-28T16:33:39.613Z] [DEBUG] [e10aceaa-c238-4aa9-b599-ec9d01acad9c] Blender Output: Fra:45 Mem:119.91M (Peak 151.55M) | Time:00:00.36 | Rendering 50 / 64 samples

[2025-07-28T16:33:39.709Z] [DEBUG] [e10aceaa-c238-4aa9-b599-ec9d01acad9c] Blender Output: Fra:45 Mem:119.91M (Peak 151.55M) | Time:00:00.46 | Rendering 64 / 64 samples

[2025-07-28T16:33:39.791Z] [DEBUG] [e10aceaa-c238-4aa9-b599-ec9d01acad9c] Blender Output: Append frame 45
Time: 00:00.54 (Saving: 00:00.03)


[2025-07-28T16:33:39.827Z] [DEBUG] [e10aceaa-c238-4aa9-b599-ec9d01acad9c] Blender Output: Fra:46 Mem:119.91M (Peak 151.55M) | Time:00:00.03 | Rendering 1 / 64 samples

[2025-07-28T16:33:39.979Z] [DEBUG] [e10aceaa-c238-4aa9-b599-ec9d01acad9c] Blender Output: Fra:46 Mem:119.91M (Peak 151.55M) | Time:00:00.18 | Rendering 25 / 64 samples

[2025-07-28T16:33:40.134Z] [DEBUG] [e10aceaa-c238-4aa9-b599-ec9d01acad9c] Blender Output: Fra:46 Mem:119.91M (Peak 151.55M) | Time:00:00.34 | Rendering 50 / 64 samples

[2025-07-28T16:33:40.221Z] [DEBUG] [e10aceaa-c238-4aa9-b599-ec9d01acad9c] Blender Output: Fra:46 Mem:119.91M (Peak 151.55M) | Time:00:00.42 | Rendering 64 / 64 samples

[2025-07-28T16:33:40.300Z] [DEBUG] [e10aceaa-c238-4aa9-b599-ec9d01acad9c] Blender Output: Append frame 46
Time: 00:00.50 (Saving: 00:00.03)


[2025-07-28T16:33:40.336Z] [DEBUG] [e10aceaa-c238-4aa9-b599-ec9d01acad9c] Blender Output: Fra:47 Mem:119.91M (Peak 151.55M) | Time:00:00.03 | Rendering 1 / 64 samples

[2025-07-28T16:33:40.491Z] [DEBUG] [e10aceaa-c238-4aa9-b599-ec9d01acad9c] Blender Output: Fra:47 Mem:119.91M (Peak 151.55M) | Time:00:00.19 | Rendering 25 / 64 samples

[2025-07-28T16:33:40.650Z] [DEBUG] [e10aceaa-c238-4aa9-b599-ec9d01acad9c] Blender Output: Fra:47 Mem:119.91M (Peak 151.55M) | Time:00:00.34 | Rendering 50 / 64 samples

[2025-07-28T16:33:40.738Z] [DEBUG] [e10aceaa-c238-4aa9-b599-ec9d01acad9c] Blender Output: Fra:47 Mem:119.91M (Peak 151.55M) | Time:00:00.43 | Rendering 64 / 64 samples

[2025-07-28T16:33:40.816Z] [DEBUG] [e10aceaa-c238-4aa9-b599-ec9d01acad9c] Blender Output: Append frame 47
Time: 00:00.51 (Saving: 00:00.03)


[2025-07-28T16:33:40.853Z] [DEBUG] [e10aceaa-c238-4aa9-b599-ec9d01acad9c] Blender Output: Fra:48 Mem:119.91M (Peak 151.55M) | Time:00:00.03 | Rendering 1 / 64 samples

[2025-07-28T16:33:41.005Z] [DEBUG] [e10aceaa-c238-4aa9-b599-ec9d01acad9c] Blender Output: Fra:48 Mem:119.91M (Peak 151.55M) | Time:00:00.18 | Rendering 25 / 64 samples

[2025-07-28T16:33:41.161Z] [DEBUG] [e10aceaa-c238-4aa9-b599-ec9d01acad9c] Blender Output: Fra:48 Mem:119.91M (Peak 151.55M) | Time:00:00.34 | Rendering 50 / 64 samples

[2025-07-28T16:33:41.248Z] [DEBUG] [e10aceaa-c238-4aa9-b599-ec9d01acad9c] Blender Output: Fra:48 Mem:119.91M (Peak 151.55M) | Time:00:00.43 | Rendering 64 / 64 samples

[2025-07-28T16:33:41.326Z] [DEBUG] [e10aceaa-c238-4aa9-b599-ec9d01acad9c] Blender Output: Append frame 48
Time: 00:00.50 (Saving: 00:00.03)


[2025-07-28T16:33:41.363Z] [DEBUG] [e10aceaa-c238-4aa9-b599-ec9d01acad9c] Blender Output: Fra:49 Mem:119.91M (Peak 151.55M) | Time:00:00.03 | Rendering 1 / 64 samples

[2025-07-28T16:33:41.515Z] [DEBUG] [e10aceaa-c238-4aa9-b599-ec9d01acad9c] Blender Output: Fra:49 Mem:119.91M (Peak 151.55M) | Time:00:00.18 | Rendering 25 / 64 samples

[2025-07-28T16:33:41.670Z] [DEBUG] [e10aceaa-c238-4aa9-b599-ec9d01acad9c] Blender Output: Fra:49 Mem:119.91M (Peak 151.55M) | Time:00:00.34 | Rendering 50 / 64 samples

[2025-07-28T16:33:41.758Z] [DEBUG] [e10aceaa-c238-4aa9-b599-ec9d01acad9c] Blender Output: Fra:49 Mem:119.91M (Peak 151.55M) | Time:00:00.43 | Rendering 64 / 64 samples

[2025-07-28T16:33:41.836Z] [DEBUG] [e10aceaa-c238-4aa9-b599-ec9d01acad9c] Blender Output: Append frame 49
Time: 00:00.51 (Saving: 00:00.03)


[2025-07-28T16:33:41.872Z] [DEBUG] [e10aceaa-c238-4aa9-b599-ec9d01acad9c] Blender Output: Fra:50 Mem:119.91M (Peak 151.55M) | Time:00:00.03 | Rendering 1 / 64 samples

[2025-07-28T16:33:42.022Z] [DEBUG] [e10aceaa-c238-4aa9-b599-ec9d01acad9c] Blender Output: Fra:50 Mem:119.91M (Peak 151.55M) | Time:00:00.18 | Rendering 25 / 64 samples

[2025-07-28T16:33:42.176Z] [DEBUG] [e10aceaa-c238-4aa9-b599-ec9d01acad9c] Blender Output: Fra:50 Mem:119.91M (Peak 151.55M) | Time:00:00.34 | Rendering 50 / 64 samples

[2025-07-28T16:33:42.262Z] [DEBUG] [e10aceaa-c238-4aa9-b599-ec9d01acad9c] Blender Output: Fra:50 Mem:119.91M (Peak 151.55M) | Time:00:00.42 | Rendering 64 / 64 samples

[2025-07-28T16:33:42.340Z] [DEBUG] [e10aceaa-c238-4aa9-b599-ec9d01acad9c] Blender Output: Append frame 50
Time: 00:00.50 (Saving: 00:00.03)


[2025-07-28T16:33:42.377Z] [DEBUG] [e10aceaa-c238-4aa9-b599-ec9d01acad9c] Blender Output: Fra:51 Mem:119.91M (Peak 151.55M) | Time:00:00.03 | Rendering 1 / 64 samples

[2025-07-28T16:33:42.531Z] [DEBUG] [e10aceaa-c238-4aa9-b599-ec9d01acad9c] Blender Output: Fra:51 Mem:119.91M (Peak 151.55M) | Time:00:00.19 | Rendering 25 / 64 samples

[2025-07-28T16:33:42.688Z] [DEBUG] [e10aceaa-c238-4aa9-b599-ec9d01acad9c] Blender Output: Fra:51 Mem:119.91M (Peak 151.55M) | Time:00:00.34 | Rendering 50 / 64 samples

[2025-07-28T16:33:42.776Z] [DEBUG] [e10aceaa-c238-4aa9-b599-ec9d01acad9c] Blender Output: Fra:51 Mem:119.91M (Peak 151.55M) | Time:00:00.43 | Rendering 64 / 64 samples

[2025-07-28T16:33:42.854Z] [DEBUG] [e10aceaa-c238-4aa9-b599-ec9d01acad9c] Blender Output: Append frame 51
Time: 00:00.51 (Saving: 00:00.03)


[2025-07-28T16:33:42.890Z] [DEBUG] [e10aceaa-c238-4aa9-b599-ec9d01acad9c] Blender Output: Fra:52 Mem:119.91M (Peak 151.55M) | Time:00:00.03 | Rendering 1 / 64 samples

[2025-07-28T16:33:43.041Z] [DEBUG] [e10aceaa-c238-4aa9-b599-ec9d01acad9c] Blender Output: Fra:52 Mem:119.91M (Peak 151.55M) | Time:00:00.18 | Rendering 25 / 64 samples

[2025-07-28T16:33:43.195Z] [DEBUG] [e10aceaa-c238-4aa9-b599-ec9d01acad9c] Blender Output: Fra:52 Mem:119.91M (Peak 151.55M) | Time:00:00.34 | Rendering 50 / 64 samples

[2025-07-28T16:33:43.281Z] [DEBUG] [e10aceaa-c238-4aa9-b599-ec9d01acad9c] Blender Output: Fra:52 Mem:119.91M (Peak 151.55M) | Time:00:00.42 | Rendering 64 / 64 samples

[2025-07-28T16:33:43.358Z] [DEBUG] [e10aceaa-c238-4aa9-b599-ec9d01acad9c] Blender Output: Append frame 52
Time: 00:00.50 (Saving: 00:00.03)


[2025-07-28T16:33:43.394Z] [DEBUG] [e10aceaa-c238-4aa9-b599-ec9d01acad9c] Blender Output: Fra:53 Mem:119.91M (Peak 151.55M) | Time:00:00.03 | Rendering 1 / 64 samples

[2025-07-28T16:33:43.545Z] [DEBUG] [e10aceaa-c238-4aa9-b599-ec9d01acad9c] Blender Output: Fra:53 Mem:119.91M (Peak 151.55M) | Time:00:00.18 | Rendering 25 / 64 samples

[2025-07-28T16:33:43.699Z] [DEBUG] [e10aceaa-c238-4aa9-b599-ec9d01acad9c] Blender Output: Fra:53 Mem:119.91M (Peak 151.55M) | Time:00:00.34 | Rendering 50 / 64 samples

[2025-07-28T16:33:43.785Z] [DEBUG] [e10aceaa-c238-4aa9-b599-ec9d01acad9c] Blender Output: Fra:53 Mem:119.91M (Peak 151.55M) | Time:00:00.42 | Rendering 64 / 64 samples

[2025-07-28T16:33:43.865Z] [DEBUG] [e10aceaa-c238-4aa9-b599-ec9d01acad9c] Blender Output: Append frame 53
Time: 00:00.50 (Saving: 00:00.03)


[2025-07-28T16:33:43.902Z] [DEBUG] [e10aceaa-c238-4aa9-b599-ec9d01acad9c] Blender Output: Fra:54 Mem:119.91M (Peak 151.55M) | Time:00:00.03 | Rendering 1 / 64 samples

[2025-07-28T16:33:44.067Z] [DEBUG] [e10aceaa-c238-4aa9-b599-ec9d01acad9c] Blender Output: Fra:54 Mem:119.91M (Peak 151.55M) | Time:00:00.20 | Rendering 25 / 64 samples

[2025-07-28T16:33:44.235Z] [DEBUG] [e10aceaa-c238-4aa9-b599-ec9d01acad9c] Blender Output: Fra:54 Mem:119.91M (Peak 151.55M) | Time:00:00.37 | Rendering 50 / 64 samples

[2025-07-28T16:33:44.325Z] [DEBUG] [e10aceaa-c238-4aa9-b599-ec9d01acad9c] Blender Output: Fra:54 Mem:119.91M (Peak 151.55M) | Time:00:00.46 | Rendering 64 / 64 samples

[2025-07-28T16:33:44.404Z] [DEBUG] [e10aceaa-c238-4aa9-b599-ec9d01acad9c] Blender Output: Append frame 54
Time: 00:00.53 (Saving: 00:00.03)


[2025-07-28T16:33:44.444Z] [DEBUG] [e10aceaa-c238-4aa9-b599-ec9d01acad9c] Blender Output: Fra:55 Mem:119.91M (Peak 151.55M) | Time:00:00.03 | Rendering 1 / 64 samples

[2025-07-28T16:33:44.598Z] [DEBUG] [e10aceaa-c238-4aa9-b599-ec9d01acad9c] Blender Output: Fra:55 Mem:119.91M (Peak 151.55M) | Time:00:00.19 | Rendering 25 / 64 samples

[2025-07-28T16:33:44.753Z] [DEBUG] [e10aceaa-c238-4aa9-b599-ec9d01acad9c] Blender Output: Fra:55 Mem:119.91M (Peak 151.55M) | Time:00:00.34 | Rendering 50 / 64 samples

[2025-07-28T16:33:44.839Z] [DEBUG] [e10aceaa-c238-4aa9-b599-ec9d01acad9c] Blender Output: Fra:55 Mem:119.91M (Peak 151.55M) | Time:00:00.43 | Rendering 64 / 64 samples

[2025-07-28T16:33:44.916Z] [DEBUG] [e10aceaa-c238-4aa9-b599-ec9d01acad9c] Blender Output: Append frame 55
Time: 00:00.51 (Saving: 00:00.03)


[2025-07-28T16:33:44.953Z] [DEBUG] [e10aceaa-c238-4aa9-b599-ec9d01acad9c] Blender Output: Fra:56 Mem:119.91M (Peak 151.55M) | Time:00:00.03 | Rendering 1 / 64 samples

[2025-07-28T16:33:45.106Z] [DEBUG] [e10aceaa-c238-4aa9-b599-ec9d01acad9c] Blender Output: Fra:56 Mem:119.91M (Peak 151.55M) | Time:00:00.19 | Rendering 25 / 64 samples

[2025-07-28T16:33:45.264Z] [DEBUG] [e10aceaa-c238-4aa9-b599-ec9d01acad9c] Blender Output: Fra:56 Mem:119.91M (Peak 151.55M) | Time:00:00.34 | Rendering 50 / 64 samples

[2025-07-28T16:33:45.352Z] [DEBUG] [e10aceaa-c238-4aa9-b599-ec9d01acad9c] Blender Output: Fra:56 Mem:119.91M (Peak 151.55M) | Time:00:00.43 | Rendering 64 / 64 samples

[2025-07-28T16:33:45.426Z] [DEBUG] [e10aceaa-c238-4aa9-b599-ec9d01acad9c] Blender Output: Append frame 56
Time: 00:00.50 (Saving: 00:00.03)


[2025-07-28T16:33:45.462Z] [DEBUG] [e10aceaa-c238-4aa9-b599-ec9d01acad9c] Blender Output: Fra:57 Mem:119.91M (Peak 151.55M) | Time:00:00.03 | Rendering 1 / 64 samples

[2025-07-28T16:33:45.614Z] [DEBUG] [e10aceaa-c238-4aa9-b599-ec9d01acad9c] Blender Output: Fra:57 Mem:119.91M (Peak 151.55M) | Time:00:00.18 | Rendering 25 / 64 samples

[2025-07-28T16:33:45.767Z] [DEBUG] [e10aceaa-c238-4aa9-b599-ec9d01acad9c] Blender Output: Fra:57 Mem:119.91M (Peak 151.55M) | Time:00:00.34 | Rendering 50 / 64 samples

[2025-07-28T16:33:45.854Z] [DEBUG] [e10aceaa-c238-4aa9-b599-ec9d01acad9c] Blender Output: Fra:57 Mem:119.91M (Peak 151.55M) | Time:00:00.42 | Rendering 64 / 64 samples

[2025-07-28T16:33:45.931Z] [DEBUG] [e10aceaa-c238-4aa9-b599-ec9d01acad9c] Blender Output: Append frame 57
Time: 00:00.50 (Saving: 00:00.03)


[2025-07-28T16:33:45.967Z] [DEBUG] [e10aceaa-c238-4aa9-b599-ec9d01acad9c] Blender Output: Fra:58 Mem:119.91M (Peak 151.55M) | Time:00:00.03 | Rendering 1 / 64 samples

[2025-07-28T16:33:46.121Z] [DEBUG] [e10aceaa-c238-4aa9-b599-ec9d01acad9c] Blender Output: Fra:58 Mem:119.91M (Peak 151.55M) | Time:00:00.18 | Rendering 25 / 64 samples

[2025-07-28T16:33:46.278Z] [DEBUG] [e10aceaa-c238-4aa9-b599-ec9d01acad9c] Blender Output: Fra:58 Mem:119.91M (Peak 151.55M) | Time:00:00.34 | Rendering 50 / 64 samples

[2025-07-28T16:33:46.366Z] [DEBUG] [e10aceaa-c238-4aa9-b599-ec9d01acad9c] Blender Output: Fra:58 Mem:119.91M (Peak 151.55M) | Time:00:00.43 | Rendering 64 / 64 samples

[2025-07-28T16:33:46.443Z] [DEBUG] [e10aceaa-c238-4aa9-b599-ec9d01acad9c] Blender Output: Append frame 58
Time: 00:00.51 (Saving: 00:00.03)


[2025-07-28T16:33:46.480Z] [DEBUG] [e10aceaa-c238-4aa9-b599-ec9d01acad9c] Blender Output: Fra:59 Mem:119.91M (Peak 151.55M) | Time:00:00.03 | Rendering 1 / 64 samples

[2025-07-28T16:33:46.635Z] [DEBUG] [e10aceaa-c238-4aa9-b599-ec9d01acad9c] Blender Output: Fra:59 Mem:119.91M (Peak 151.55M) | Time:00:00.19 | Rendering 25 / 64 samples

[2025-07-28T16:33:46.794Z] [DEBUG] [e10aceaa-c238-4aa9-b599-ec9d01acad9c] Blender Output: Fra:59 Mem:119.91M (Peak 151.55M) | Time:00:00.35 | Rendering 50 / 64 samples

[2025-07-28T16:33:46.883Z] [DEBUG] [e10aceaa-c238-4aa9-b599-ec9d01acad9c] Blender Output: Fra:59 Mem:119.91M (Peak 151.55M) | Time:00:00.44 | Rendering 64 / 64 samples

[2025-07-28T16:33:46.960Z] [DEBUG] [e10aceaa-c238-4aa9-b599-ec9d01acad9c] Blender Output: Append frame 59
Time: 00:00.51 (Saving: 00:00.03)


[2025-07-28T16:33:46.997Z] [DEBUG] [e10aceaa-c238-4aa9-b599-ec9d01acad9c] Blender Output: Fra:60 Mem:119.91M (Peak 151.55M) | Time:00:00.03 | Rendering 1 / 64 samples

[2025-07-28T16:33:47.152Z] [DEBUG] [e10aceaa-c238-4aa9-b599-ec9d01acad9c] Blender Output: Fra:60 Mem:119.91M (Peak 151.55M) | Time:00:00.19 | Rendering 25 / 64 samples

[2025-07-28T16:33:47.312Z] [DEBUG] [e10aceaa-c238-4aa9-b599-ec9d01acad9c] Blender Output: Fra:60 Mem:119.91M (Peak 151.55M) | Time:00:00.35 | Rendering 50 / 64 samples

[2025-07-28T16:33:47.400Z] [DEBUG] [e10aceaa-c238-4aa9-b599-ec9d01acad9c] Blender Output: Fra:60 Mem:119.91M (Peak 151.55M) | Time:00:00.44 | Rendering 64 / 64 samples

[2025-07-28T16:33:47.479Z] [DEBUG] [e10aceaa-c238-4aa9-b599-ec9d01acad9c] Blender Output: Append frame 60
Time: 00:00.51 (Saving: 00:00.03)


[2025-07-28T16:33:47.515Z] [DEBUG] [e10aceaa-c238-4aa9-b599-ec9d01acad9c] Blender Output: Fra:61 Mem:119.91M (Peak 151.55M) | Time:00:00.03 | Rendering 1 / 64 samples

[2025-07-28T16:33:47.673Z] [DEBUG] [e10aceaa-c238-4aa9-b599-ec9d01acad9c] Blender Output: Fra:61 Mem:119.91M (Peak 151.55M) | Time:00:00.19 | Rendering 25 / 64 samples

[2025-07-28T16:33:47.834Z] [DEBUG] [e10aceaa-c238-4aa9-b599-ec9d01acad9c] Blender Output: Fra:61 Mem:119.91M (Peak 151.55M) | Time:00:00.35 | Rendering 50 / 64 samples

[2025-07-28T16:33:47.923Z] [DEBUG] [e10aceaa-c238-4aa9-b599-ec9d01acad9c] Blender Output: Fra:61 Mem:119.91M (Peak 151.55M) | Time:00:00.44 | Rendering 64 / 64 samples

[2025-07-28T16:33:47.997Z] [DEBUG] [e10aceaa-c238-4aa9-b599-ec9d01acad9c] Blender Output: Append frame 61
Time: 00:00.51 (Saving: 00:00.03)


[2025-07-28T16:33:48.034Z] [DEBUG] [e10aceaa-c238-4aa9-b599-ec9d01acad9c] Blender Output: Fra:62 Mem:119.91M (Peak 151.55M) | Time:00:00.03 | Rendering 1 / 64 samples

[2025-07-28T16:33:48.194Z] [DEBUG] [e10aceaa-c238-4aa9-b599-ec9d01acad9c] Blender Output: Fra:62 Mem:119.91M (Peak 151.55M) | Time:00:00.19 | Rendering 25 / 64 samples

[2025-07-28T16:33:48.357Z] [DEBUG] [e10aceaa-c238-4aa9-b599-ec9d01acad9c] Blender Output: Fra:62 Mem:119.91M (Peak 151.55M) | Time:00:00.35 | Rendering 50 / 64 samples

[2025-07-28T16:33:48.447Z] [DEBUG] [e10aceaa-c238-4aa9-b599-ec9d01acad9c] Blender Output: Fra:62 Mem:119.91M (Peak 151.55M) | Time:00:00.45 | Rendering 64 / 64 samples

[2025-07-28T16:33:48.525Z] [DEBUG] [e10aceaa-c238-4aa9-b599-ec9d01acad9c] Blender Output: Append frame 62
Time: 00:00.52 (Saving: 00:00.03)


[2025-07-28T16:33:48.562Z] [DEBUG] [e10aceaa-c238-4aa9-b599-ec9d01acad9c] Blender Output: Fra:63 Mem:119.91M (Peak 151.55M) | Time:00:00.03 | Rendering 1 / 64 samples

[2025-07-28T16:33:48.714Z] [DEBUG] [e10aceaa-c238-4aa9-b599-ec9d01acad9c] Blender Output: Fra:63 Mem:119.91M (Peak 151.55M) | Time:00:00.18 | Rendering 25 / 64 samples

[2025-07-28T16:33:48.871Z] [DEBUG] [e10aceaa-c238-4aa9-b599-ec9d01acad9c] Blender Output: Fra:63 Mem:119.91M (Peak 151.55M) | Time:00:00.34 | Rendering 50 / 64 samples

[2025-07-28T16:33:48.958Z] [DEBUG] [e10aceaa-c238-4aa9-b599-ec9d01acad9c] Blender Output: Fra:63 Mem:119.91M (Peak 151.55M) | Time:00:00.43 | Rendering 64 / 64 samples

[2025-07-28T16:33:49.035Z] [DEBUG] [e10aceaa-c238-4aa9-b599-ec9d01acad9c] Blender Output: Append frame 63
Time: 00:00.50 (Saving: 00:00.03)


[2025-07-28T16:33:49.071Z] [DEBUG] [e10aceaa-c238-4aa9-b599-ec9d01acad9c] Blender Output: Fra:64 Mem:119.91M (Peak 151.55M) | Time:00:00.03 | Rendering 1 / 64 samples

[2025-07-28T16:33:49.227Z] [DEBUG] [e10aceaa-c238-4aa9-b599-ec9d01acad9c] Blender Output: Fra:64 Mem:119.91M (Peak 151.55M) | Time:00:00.19 | Rendering 25 / 64 samples

[2025-07-28T16:33:49.386Z] [DEBUG] [e10aceaa-c238-4aa9-b599-ec9d01acad9c] Blender Output: Fra:64 Mem:119.91M (Peak 151.55M) | Time:00:00.35 | Rendering 50 / 64 samples

[2025-07-28T16:33:49.477Z] [DEBUG] [e10aceaa-c238-4aa9-b599-ec9d01acad9c] Blender Output: Fra:64 Mem:119.91M (Peak 151.55M) | Time:00:00.44 | Rendering 64 / 64 samples

[2025-07-28T16:33:49.554Z] [DEBUG] [e10aceaa-c238-4aa9-b599-ec9d01acad9c] Blender Output: Append frame 64
Time: 00:00.51 (Saving: 00:00.03)


[2025-07-28T16:33:49.594Z] [DEBUG] [e10aceaa-c238-4aa9-b599-ec9d01acad9c] Blender Output: Fra:65 Mem:119.91M (Peak 151.55M) | Time:00:00.03 | Rendering 1 / 64 samples

[2025-07-28T16:33:49.750Z] [DEBUG] [e10aceaa-c238-4aa9-b599-ec9d01acad9c] Blender Output: Fra:65 Mem:119.91M (Peak 151.55M) | Time:00:00.19 | Rendering 25 / 64 samples

[2025-07-28T16:33:49.908Z] [DEBUG] [e10aceaa-c238-4aa9-b599-ec9d01acad9c] Blender Output: Fra:65 Mem:119.91M (Peak 151.55M) | Time:00:00.35 | Rendering 50 / 64 samples

[2025-07-28T16:33:49.996Z] [DEBUG] [e10aceaa-c238-4aa9-b599-ec9d01acad9c] Blender Output: Fra:65 Mem:119.91M (Peak 151.55M) | Time:00:00.44 | Rendering 64 / 64 samples

[2025-07-28T16:33:50.072Z] [DEBUG] [e10aceaa-c238-4aa9-b599-ec9d01acad9c] Blender Output: Append frame 65
Time: 00:00.51 (Saving: 00:00.03)


[2025-07-28T16:33:50.109Z] [DEBUG] [e10aceaa-c238-4aa9-b599-ec9d01acad9c] Blender Output: Fra:66 Mem:119.91M (Peak 151.55M) | Time:00:00.03 | Rendering 1 / 64 samples

[2025-07-28T16:33:50.263Z] [DEBUG] [e10aceaa-c238-4aa9-b599-ec9d01acad9c] Blender Output: Fra:66 Mem:119.91M (Peak 151.55M) | Time:00:00.19 | Rendering 25 / 64 samples

[2025-07-28T16:33:50.418Z] [DEBUG] [e10aceaa-c238-4aa9-b599-ec9d01acad9c] Blender Output: Fra:66 Mem:119.91M (Peak 151.55M) | Time:00:00.34 | Rendering 50 / 64 samples

[2025-07-28T16:33:50.504Z] [DEBUG] [e10aceaa-c238-4aa9-b599-ec9d01acad9c] Blender Output: Fra:66 Mem:119.91M (Peak 151.55M) | Time:00:00.43 | Rendering 64 / 64 samples

[2025-07-28T16:33:50.581Z] [DEBUG] [e10aceaa-c238-4aa9-b599-ec9d01acad9c] Blender Output: Append frame 66
Time: 00:00.50 (Saving: 00:00.03)


[2025-07-28T16:33:50.618Z] [DEBUG] [e10aceaa-c238-4aa9-b599-ec9d01acad9c] Blender Output: Fra:67 Mem:119.91M (Peak 151.55M) | Time:00:00.03 | Rendering 1 / 64 samples

[2025-07-28T16:33:50.768Z] [DEBUG] [e10aceaa-c238-4aa9-b599-ec9d01acad9c] Blender Output: Fra:67 Mem:119.91M (Peak 151.55M) | Time:00:00.18 | Rendering 25 / 64 samples

[2025-07-28T16:33:50.922Z] [DEBUG] [e10aceaa-c238-4aa9-b599-ec9d01acad9c] Blender Output: Fra:67 Mem:119.91M (Peak 151.55M) | Time:00:00.34 | Rendering 50 / 64 samples

[2025-07-28T16:33:51.008Z] [DEBUG] [e10aceaa-c238-4aa9-b599-ec9d01acad9c] Blender Output: Fra:67 Mem:119.91M (Peak 151.55M) | Time:00:00.42 | Rendering 64 / 64 samples

[2025-07-28T16:33:51.085Z] [DEBUG] [e10aceaa-c238-4aa9-b599-ec9d01acad9c] Blender Output: Append frame 67
Time: 00:00.50 (Saving: 00:00.03)


[2025-07-28T16:33:51.121Z] [DEBUG] [e10aceaa-c238-4aa9-b599-ec9d01acad9c] Blender Output: Fra:68 Mem:119.91M (Peak 151.55M) | Time:00:00.03 | Rendering 1 / 64 samples

[2025-07-28T16:33:51.272Z] [DEBUG] [e10aceaa-c238-4aa9-b599-ec9d01acad9c] Blender Output: Fra:68 Mem:119.91M (Peak 151.55M) | Time:00:00.18 | Rendering 25 / 64 samples

[2025-07-28T16:33:51.426Z] [DEBUG] [e10aceaa-c238-4aa9-b599-ec9d01acad9c] Blender Output: Fra:68 Mem:119.91M (Peak 151.55M) | Time:00:00.34 | Rendering 50 / 64 samples

[2025-07-28T16:33:51.512Z] [DEBUG] [e10aceaa-c238-4aa9-b599-ec9d01acad9c] Blender Output: Fra:68 Mem:119.91M (Peak 151.55M) | Time:00:00.42 | Rendering 64 / 64 samples

[2025-07-28T16:33:51.588Z] [DEBUG] [e10aceaa-c238-4aa9-b599-ec9d01acad9c] Blender Output: Append frame 68
Time: 00:00.50 (Saving: 00:00.03)


[2025-07-28T16:33:51.625Z] [DEBUG] [e10aceaa-c238-4aa9-b599-ec9d01acad9c] Blender Output: Fra:69 Mem:119.91M (Peak 151.55M) | Time:00:00.03 | Rendering 1 / 64 samples

[2025-07-28T16:33:51.778Z] [DEBUG] [e10aceaa-c238-4aa9-b599-ec9d01acad9c] Blender Output: Fra:69 Mem:119.91M (Peak 151.55M) | Time:00:00.18 | Rendering 25 / 64 samples

[2025-07-28T16:33:51.934Z] [DEBUG] [e10aceaa-c238-4aa9-b599-ec9d01acad9c] Blender Output: Fra:69 Mem:119.91M (Peak 151.55M) | Time:00:00.34 | Rendering 50 / 64 samples

[2025-07-28T16:33:52.022Z] [DEBUG] [e10aceaa-c238-4aa9-b599-ec9d01acad9c] Blender Output: Fra:69 Mem:119.91M (Peak 151.55M) | Time:00:00.43 | Rendering 64 / 64 samples

[2025-07-28T16:33:52.100Z] [DEBUG] [e10aceaa-c238-4aa9-b599-ec9d01acad9c] Blender Output: Append frame 69
Time: 00:00.51 (Saving: 00:00.03)


[2025-07-28T16:33:52.136Z] [DEBUG] [e10aceaa-c238-4aa9-b599-ec9d01acad9c] Blender Output: Fra:70 Mem:119.91M (Peak 151.55M) | Time:00:00.03 | Rendering 1 / 64 samples

[2025-07-28T16:33:52.287Z] [DEBUG] [e10aceaa-c238-4aa9-b599-ec9d01acad9c] Blender Output: Fra:70 Mem:119.91M (Peak 151.55M) | Time:00:00.18 | Rendering 25 / 64 samples

[2025-07-28T16:33:52.438Z] [DEBUG] [e10aceaa-c238-4aa9-b599-ec9d01acad9c] Blender Output: Fra:70 Mem:119.91M (Peak 151.55M) | Time:00:00.33 | Rendering 50 / 64 samples

[2025-07-28T16:33:52.522Z] [DEBUG] [e10aceaa-c238-4aa9-b599-ec9d01acad9c] Blender Output: Fra:70 Mem:119.91M (Peak 151.55M) | Time:00:00.42 | Rendering 64 / 64 samples

[2025-07-28T16:33:52.598Z] [DEBUG] [e10aceaa-c238-4aa9-b599-ec9d01acad9c] Blender Output: Append frame 70
Time: 00:00.49 (Saving: 00:00.03)


[2025-07-28T16:33:52.634Z] [DEBUG] [e10aceaa-c238-4aa9-b599-ec9d01acad9c] Blender Output: Fra:71 Mem:119.91M (Peak 151.55M) | Time:00:00.03 | Rendering 1 / 64 samples

[2025-07-28T16:33:52.784Z] [DEBUG] [e10aceaa-c238-4aa9-b599-ec9d01acad9c] Blender Output: Fra:71 Mem:119.91M (Peak 151.55M) | Time:00:00.18 | Rendering 25 / 64 samples

[2025-07-28T16:33:52.936Z] [DEBUG] [e10aceaa-c238-4aa9-b599-ec9d01acad9c] Blender Output: Fra:71 Mem:119.91M (Peak 151.55M) | Time:00:00.33 | Rendering 50 / 64 samples

[2025-07-28T16:33:53.022Z] [DEBUG] [e10aceaa-c238-4aa9-b599-ec9d01acad9c] Blender Output: Fra:71 Mem:119.91M (Peak 151.55M) | Time:00:00.42 | Rendering 64 / 64 samples

[2025-07-28T16:33:53.098Z] [DEBUG] [e10aceaa-c238-4aa9-b599-ec9d01acad9c] Blender Output: Append frame 71
Time: 00:00.49 (Saving: 00:00.03)


[2025-07-28T16:33:53.134Z] [DEBUG] [e10aceaa-c238-4aa9-b599-ec9d01acad9c] Blender Output: Fra:72 Mem:119.91M (Peak 151.55M) | Time:00:00.03 | Rendering 1 / 64 samples

[2025-07-28T16:33:53.288Z] [DEBUG] [e10aceaa-c238-4aa9-b599-ec9d01acad9c] Blender Output: Fra:72 Mem:119.91M (Peak 151.55M) | Time:00:00.18 | Rendering 25 / 64 samples

[2025-07-28T16:33:53.443Z] [DEBUG] [e10aceaa-c238-4aa9-b599-ec9d01acad9c] Blender Output: Fra:72 Mem:119.91M (Peak 151.55M) | Time:00:00.34 | Rendering 50 / 64 samples

[2025-07-28T16:33:53.529Z] [DEBUG] [e10aceaa-c238-4aa9-b599-ec9d01acad9c] Blender Output: Fra:72 Mem:119.91M (Peak 151.55M) | Time:00:00.43 | Rendering 64 / 64 samples

[2025-07-28T16:33:53.605Z] [DEBUG] [e10aceaa-c238-4aa9-b599-ec9d01acad9c] Blender Output: Append frame 72
Time: 00:00.50 (Saving: 00:00.03)


[2025-07-28T16:33:53.641Z] [DEBUG] [e10aceaa-c238-4aa9-b599-ec9d01acad9c] Blender Output: Fra:73 Mem:119.91M (Peak 151.55M) | Time:00:00.03 | Rendering 1 / 64 samples

[2025-07-28T16:33:53.794Z] [DEBUG] [e10aceaa-c238-4aa9-b599-ec9d01acad9c] Blender Output: Fra:73 Mem:119.91M (Peak 151.55M) | Time:00:00.18 | Rendering 25 / 64 samples

[2025-07-28T16:33:53.951Z] [DEBUG] [e10aceaa-c238-4aa9-b599-ec9d01acad9c] Blender Output: Fra:73 Mem:119.91M (Peak 151.55M) | Time:00:00.34 | Rendering 50 / 64 samples

[2025-07-28T16:33:54.038Z] [DEBUG] [e10aceaa-c238-4aa9-b599-ec9d01acad9c] Blender Output: Fra:73 Mem:119.91M (Peak 151.55M) | Time:00:00.43 | Rendering 64 / 64 samples

[2025-07-28T16:33:54.115Z] [DEBUG] [e10aceaa-c238-4aa9-b599-ec9d01acad9c] Blender Output: Append frame 73
Time: 00:00.51 (Saving: 00:00.03)


[2025-07-28T16:33:54.151Z] [DEBUG] [e10aceaa-c238-4aa9-b599-ec9d01acad9c] Blender Output: Fra:74 Mem:119.91M (Peak 151.55M) | Time:00:00.03 | Rendering 1 / 64 samples

[2025-07-28T16:33:54.304Z] [DEBUG] [e10aceaa-c238-4aa9-b599-ec9d01acad9c] Blender Output: Fra:74 Mem:119.91M (Peak 151.55M) | Time:00:00.18 | Rendering 25 / 64 samples

[2025-07-28T16:33:54.463Z] [DEBUG] [e10aceaa-c238-4aa9-b599-ec9d01acad9c] Blender Output: Fra:74 Mem:119.91M (Peak 151.55M) | Time:00:00.34 | Rendering 50 / 64 samples

[2025-07-28T16:33:54.552Z] [DEBUG] [e10aceaa-c238-4aa9-b599-ec9d01acad9c] Blender Output: Fra:74 Mem:119.91M (Peak 151.55M) | Time:00:00.43 | Rendering 64 / 64 samples

[2025-07-28T16:33:54.626Z] [DEBUG] [e10aceaa-c238-4aa9-b599-ec9d01acad9c] Blender Output: Append frame 74
Time: 00:00.51 (Saving: 00:00.03)


[2025-07-28T16:33:54.663Z] [DEBUG] [e10aceaa-c238-4aa9-b599-ec9d01acad9c] Blender Output: Fra:75 Mem:119.91M (Peak 151.55M) | Time:00:00.03 | Rendering 1 / 64 samples

[2025-07-28T16:33:54.822Z] [DEBUG] [e10aceaa-c238-4aa9-b599-ec9d01acad9c] Blender Output: Fra:75 Mem:119.91M (Peak 151.55M) | Time:00:00.19 | Rendering 25 / 64 samples

[2025-07-28T16:33:54.980Z] [DEBUG] [e10aceaa-c238-4aa9-b599-ec9d01acad9c] Blender Output: Fra:75 Mem:119.91M (Peak 151.55M) | Time:00:00.35 | Rendering 50 / 64 samples

[2025-07-28T16:33:55.068Z] [DEBUG] [e10aceaa-c238-4aa9-b599-ec9d01acad9c] Blender Output: Fra:75 Mem:119.91M (Peak 151.55M) | Time:00:00.44 | Rendering 64 / 64 samples

[2025-07-28T16:33:55.144Z] [DEBUG] [e10aceaa-c238-4aa9-b599-ec9d01acad9c] Blender Output: Append frame 75
Time: 00:00.51 (Saving: 00:00.03)


[2025-07-28T16:33:55.181Z] [DEBUG] [e10aceaa-c238-4aa9-b599-ec9d01acad9c] Blender Output: Fra:76 Mem:119.91M (Peak 151.55M) | Time:00:00.03 | Rendering 1 / 64 samples

[2025-07-28T16:33:55.334Z] [DEBUG] [e10aceaa-c238-4aa9-b599-ec9d01acad9c] Blender Output: Fra:76 Mem:119.91M (Peak 151.55M) | Time:00:00.18 | Rendering 25 / 64 samples

[2025-07-28T16:33:55.490Z] [DEBUG] [e10aceaa-c238-4aa9-b599-ec9d01acad9c] Blender Output: Fra:76 Mem:119.91M (Peak 151.55M) | Time:00:00.34 | Rendering 50 / 64 samples

[2025-07-28T16:33:55.578Z] [DEBUG] [e10aceaa-c238-4aa9-b599-ec9d01acad9c] Blender Output: Fra:76 Mem:119.91M (Peak 151.55M) | Time:00:00.43 | Rendering 64 / 64 samples

[2025-07-28T16:33:55.653Z] [DEBUG] [e10aceaa-c238-4aa9-b599-ec9d01acad9c] Blender Output: Append frame 76
Time: 00:00.50 (Saving: 00:00.03)


[2025-07-28T16:33:55.690Z] [DEBUG] [e10aceaa-c238-4aa9-b599-ec9d01acad9c] Blender Output: Fra:77 Mem:119.91M (Peak 151.55M) | Time:00:00.03 | Rendering 1 / 64 samples

[2025-07-28T16:33:55.842Z] [DEBUG] [e10aceaa-c238-4aa9-b599-ec9d01acad9c] Blender Output: Fra:77 Mem:119.91M (Peak 151.55M) | Time:00:00.18 | Rendering 25 / 64 samples

[2025-07-28T16:33:55.997Z] [DEBUG] [e10aceaa-c238-4aa9-b599-ec9d01acad9c] Blender Output: Fra:77 Mem:119.91M (Peak 151.55M) | Time:00:00.34 | Rendering 50 / 64 samples

[2025-07-28T16:33:56.085Z] [DEBUG] [e10aceaa-c238-4aa9-b599-ec9d01acad9c] Blender Output: Fra:77 Mem:119.91M (Peak 151.55M) | Time:00:00.43 | Rendering 64 / 64 samples

[2025-07-28T16:33:56.162Z] [DEBUG] [e10aceaa-c238-4aa9-b599-ec9d01acad9c] Blender Output: Append frame 77
Time: 00:00.50 (Saving: 00:00.03)


[2025-07-28T16:33:56.199Z] [DEBUG] [e10aceaa-c238-4aa9-b599-ec9d01acad9c] Blender Output: Fra:78 Mem:119.91M (Peak 151.55M) | Time:00:00.03 | Rendering 1 / 64 samples

[2025-07-28T16:33:56.352Z] [DEBUG] [e10aceaa-c238-4aa9-b599-ec9d01acad9c] Blender Output: Fra:78 Mem:119.91M (Peak 151.55M) | Time:00:00.18 | Rendering 25 / 64 samples

[2025-07-28T16:33:56.507Z] [DEBUG] [e10aceaa-c238-4aa9-b599-ec9d01acad9c] Blender Output: Fra:78 Mem:119.91M (Peak 151.55M) | Time:00:00.34 | Rendering 50 / 64 samples

[2025-07-28T16:33:56.596Z] [DEBUG] [e10aceaa-c238-4aa9-b599-ec9d01acad9c] Blender Output: Fra:78 Mem:119.91M (Peak 151.55M) | Time:00:00.43 | Rendering 64 / 64 samples

[2025-07-28T16:33:56.674Z] [DEBUG] [e10aceaa-c238-4aa9-b599-ec9d01acad9c] Blender Output: Append frame 78
Time: 00:00.51 (Saving: 00:00.03)


[2025-07-28T16:33:56.710Z] [DEBUG] [e10aceaa-c238-4aa9-b599-ec9d01acad9c] Blender Output: Fra:79 Mem:119.91M (Peak 151.55M) | Time:00:00.03 | Rendering 1 / 64 samples

[2025-07-28T16:33:56.862Z] [DEBUG] [e10aceaa-c238-4aa9-b599-ec9d01acad9c] Blender Output: Fra:79 Mem:119.91M (Peak 151.55M) | Time:00:00.18 | Rendering 25 / 64 samples

[2025-07-28T16:33:57.015Z] [DEBUG] [e10aceaa-c238-4aa9-b599-ec9d01acad9c] Blender Output: Fra:79 Mem:119.91M (Peak 151.55M) | Time:00:00.34 | Rendering 50 / 64 samples

[2025-07-28T16:33:57.101Z] [DEBUG] [e10aceaa-c238-4aa9-b599-ec9d01acad9c] Blender Output: Fra:79 Mem:119.91M (Peak 151.55M) | Time:00:00.42 | Rendering 64 / 64 samples

[2025-07-28T16:33:57.179Z] [DEBUG] [e10aceaa-c238-4aa9-b599-ec9d01acad9c] Blender Output: Append frame 79
Time: 00:00.50 (Saving: 00:00.03)


[2025-07-28T16:33:57.216Z] [DEBUG] [e10aceaa-c238-4aa9-b599-ec9d01acad9c] Blender Output: Fra:80 Mem:119.91M (Peak 151.55M) | Time:00:00.03 | Rendering 1 / 64 samples

[2025-07-28T16:33:57.368Z] [DEBUG] [e10aceaa-c238-4aa9-b599-ec9d01acad9c] Blender Output: Fra:80 Mem:119.91M (Peak 151.55M) | Time:00:00.18 | Rendering 25 / 64 samples

[2025-07-28T16:33:57.525Z] [DEBUG] [e10aceaa-c238-4aa9-b599-ec9d01acad9c] Blender Output: Fra:80 Mem:119.91M (Peak 151.55M) | Time:00:00.34 | Rendering 50 / 64 samples

[2025-07-28T16:33:57.612Z] [DEBUG] [e10aceaa-c238-4aa9-b599-ec9d01acad9c] Blender Output: Fra:80 Mem:119.91M (Peak 151.55M) | Time:00:00.43 | Rendering 64 / 64 samples

[2025-07-28T16:33:57.691Z] [DEBUG] [e10aceaa-c238-4aa9-b599-ec9d01acad9c] Blender Output: Append frame 80
Time: 00:00.51 (Saving: 00:00.03)


[2025-07-28T16:33:57.728Z] [DEBUG] [e10aceaa-c238-4aa9-b599-ec9d01acad9c] Blender Output: Fra:81 Mem:119.91M (Peak 151.55M) | Time:00:00.03 | Rendering 1 / 64 samples

[2025-07-28T16:33:57.880Z] [DEBUG] [e10aceaa-c238-4aa9-b599-ec9d01acad9c] Blender Output: Fra:81 Mem:119.91M (Peak 151.55M) | Time:00:00.18 | Rendering 25 / 64 samples

[2025-07-28T16:33:58.035Z] [DEBUG] [e10aceaa-c238-4aa9-b599-ec9d01acad9c] Blender Output: Fra:81 Mem:119.91M (Peak 151.55M) | Time:00:00.34 | Rendering 50 / 64 samples

[2025-07-28T16:33:58.121Z] [DEBUG] [e10aceaa-c238-4aa9-b599-ec9d01acad9c] Blender Output: Fra:81 Mem:119.91M (Peak 151.55M) | Time:00:00.43 | Rendering 64 / 64 samples

[2025-07-28T16:33:58.199Z] [DEBUG] [e10aceaa-c238-4aa9-b599-ec9d01acad9c] Blender Output: Append frame 81
Time: 00:00.50 (Saving: 00:00.03)


[2025-07-28T16:33:58.236Z] [DEBUG] [e10aceaa-c238-4aa9-b599-ec9d01acad9c] Blender Output: Fra:82 Mem:119.91M (Peak 151.55M) | Time:00:00.03 | Rendering 1 / 64 samples

[2025-07-28T16:33:58.386Z] [DEBUG] [e10aceaa-c238-4aa9-b599-ec9d01acad9c] Blender Output: Fra:82 Mem:119.91M (Peak 151.55M) | Time:00:00.18 | Rendering 25 / 64 samples

[2025-07-28T16:33:58.540Z] [DEBUG] [e10aceaa-c238-4aa9-b599-ec9d01acad9c] Blender Output: Fra:82 Mem:119.91M (Peak 151.55M) | Time:00:00.34 | Rendering 50 / 64 samples

[2025-07-28T16:33:58.627Z] [DEBUG] [e10aceaa-c238-4aa9-b599-ec9d01acad9c] Blender Output: Fra:82 Mem:119.91M (Peak 151.55M) | Time:00:00.42 | Rendering 64 / 64 samples

[2025-07-28T16:33:58.701Z] [DEBUG] [e10aceaa-c238-4aa9-b599-ec9d01acad9c] Blender Output: Append frame 82
Time: 00:00.50 (Saving: 00:00.03)


[2025-07-28T16:33:58.738Z] [DEBUG] [e10aceaa-c238-4aa9-b599-ec9d01acad9c] Blender Output: Fra:83 Mem:119.91M (Peak 151.55M) | Time:00:00.03 | Rendering 1 / 64 samples

[2025-07-28T16:33:58.888Z] [DEBUG] [e10aceaa-c238-4aa9-b599-ec9d01acad9c] Blender Output: Fra:83 Mem:119.91M (Peak 151.55M) | Time:00:00.18 | Rendering 25 / 64 samples

[2025-07-28T16:33:59.042Z] [DEBUG] [e10aceaa-c238-4aa9-b599-ec9d01acad9c] Blender Output: Fra:83 Mem:119.91M (Peak 151.55M) | Time:00:00.34 | Rendering 50 / 64 samples

[2025-07-28T16:33:59.129Z] [DEBUG] [e10aceaa-c238-4aa9-b599-ec9d01acad9c] Blender Output: Fra:83 Mem:119.91M (Peak 151.55M) | Time:00:00.42 | Rendering 64 / 64 samples

[2025-07-28T16:33:59.207Z] [DEBUG] [e10aceaa-c238-4aa9-b599-ec9d01acad9c] Blender Output: Append frame 83
Time: 00:00.50 (Saving: 00:00.03)


[2025-07-28T16:33:59.244Z] [DEBUG] [e10aceaa-c238-4aa9-b599-ec9d01acad9c] Blender Output: Fra:84 Mem:119.91M (Peak 151.55M) | Time:00:00.03 | Rendering 1 / 64 samples

[2025-07-28T16:33:59.394Z] [DEBUG] [e10aceaa-c238-4aa9-b599-ec9d01acad9c] Blender Output: Fra:84 Mem:119.91M (Peak 151.55M) | Time:00:00.18 | Rendering 25 / 64 samples

[2025-07-28T16:33:59.549Z] [DEBUG] [e10aceaa-c238-4aa9-b599-ec9d01acad9c] Blender Output: Fra:84 Mem:119.91M (Peak 151.55M) | Time:00:00.34 | Rendering 50 / 64 samples

[2025-07-28T16:33:59.636Z] [DEBUG] [e10aceaa-c238-4aa9-b599-ec9d01acad9c] Blender Output: Fra:84 Mem:119.91M (Peak 151.55M) | Time:00:00.42 | Rendering 64 / 64 samples

[2025-07-28T16:33:59.713Z] [DEBUG] [e10aceaa-c238-4aa9-b599-ec9d01acad9c] Blender Output: Append frame 84
Time: 00:00.50 (Saving: 00:00.03)


[2025-07-28T16:33:59.750Z] [DEBUG] [e10aceaa-c238-4aa9-b599-ec9d01acad9c] Blender Output: Fra:85 Mem:119.91M (Peak 151.55M) | Time:00:00.03 | Rendering 1 / 64 samples

[2025-07-28T16:33:59.900Z] [DEBUG] [e10aceaa-c238-4aa9-b599-ec9d01acad9c] Blender Output: Fra:85 Mem:119.91M (Peak 151.55M) | Time:00:00.18 | Rendering 25 / 64 samples

[2025-07-28T16:34:00.054Z] [DEBUG] [e10aceaa-c238-4aa9-b599-ec9d01acad9c] Blender Output: Fra:85 Mem:119.91M (Peak 151.55M) | Time:00:00.34 | Rendering 50 / 64 samples

[2025-07-28T16:34:00.140Z] [DEBUG] [e10aceaa-c238-4aa9-b599-ec9d01acad9c] Blender Output: Fra:85 Mem:119.91M (Peak 151.55M) | Time:00:00.42 | Rendering 64 / 64 samples

[2025-07-28T16:34:00.214Z] [DEBUG] [e10aceaa-c238-4aa9-b599-ec9d01acad9c] Blender Output: Append frame 85
Time: 00:00.50 (Saving: 00:00.03)


[2025-07-28T16:34:00.251Z] [DEBUG] [e10aceaa-c238-4aa9-b599-ec9d01acad9c] Blender Output: Fra:86 Mem:119.91M (Peak 151.55M) | Time:00:00.03 | Rendering 1 / 64 samples

[2025-07-28T16:34:00.403Z] [DEBUG] [e10aceaa-c238-4aa9-b599-ec9d01acad9c] Blender Output: Fra:86 Mem:119.91M (Peak 151.55M) | Time:00:00.18 | Rendering 25 / 64 samples

[2025-07-28T16:34:00.557Z] [DEBUG] [e10aceaa-c238-4aa9-b599-ec9d01acad9c] Blender Output: Fra:86 Mem:119.91M (Peak 151.55M) | Time:00:00.34 | Rendering 50 / 64 samples

[2025-07-28T16:34:00.644Z] [DEBUG] [e10aceaa-c238-4aa9-b599-ec9d01acad9c] Blender Output: Fra:86 Mem:119.91M (Peak 151.55M) | Time:00:00.43 | Rendering 64 / 64 samples

[2025-07-28T16:34:00.721Z] [DEBUG] [e10aceaa-c238-4aa9-b599-ec9d01acad9c] Blender Output: Append frame 86
Time: 00:00.50 (Saving: 00:00.03)


[2025-07-28T16:34:00.758Z] [DEBUG] [e10aceaa-c238-4aa9-b599-ec9d01acad9c] Blender Output: Fra:87 Mem:119.91M (Peak 151.55M) | Time:00:00.03 | Rendering 1 / 64 samples

[2025-07-28T16:34:00.911Z] [DEBUG] [e10aceaa-c238-4aa9-b599-ec9d01acad9c] Blender Output: Fra:87 Mem:119.91M (Peak 151.55M) | Time:00:00.18 | Rendering 25 / 64 samples

[2025-07-28T16:34:01.068Z] [DEBUG] [e10aceaa-c238-4aa9-b599-ec9d01acad9c] Blender Output: Fra:87 Mem:119.91M (Peak 151.55M) | Time:00:00.34 | Rendering 50 / 64 samples

[2025-07-28T16:34:01.155Z] [DEBUG] [e10aceaa-c238-4aa9-b599-ec9d01acad9c] Blender Output: Fra:87 Mem:119.91M (Peak 151.55M) | Time:00:00.43 | Rendering 64 / 64 samples

[2025-07-28T16:34:01.232Z] [DEBUG] [e10aceaa-c238-4aa9-b599-ec9d01acad9c] Blender Output: Append frame 87
Time: 00:00.51 (Saving: 00:00.03)


[2025-07-28T16:34:01.268Z] [DEBUG] [e10aceaa-c238-4aa9-b599-ec9d01acad9c] Blender Output: Fra:88 Mem:119.91M (Peak 151.55M) | Time:00:00.03 | Rendering 1 / 64 samples

[2025-07-28T16:34:01.422Z] [DEBUG] [e10aceaa-c238-4aa9-b599-ec9d01acad9c] Blender Output: Fra:88 Mem:119.91M (Peak 151.55M) | Time:00:00.19 | Rendering 25 / 64 samples

[2025-07-28T16:34:01.578Z] [DEBUG] [e10aceaa-c238-4aa9-b599-ec9d01acad9c] Blender Output: Fra:88 Mem:119.91M (Peak 151.55M) | Time:00:00.34 | Rendering 50 / 64 samples

[2025-07-28T16:34:01.665Z] [DEBUG] [e10aceaa-c238-4aa9-b599-ec9d01acad9c] Blender Output: Fra:88 Mem:119.91M (Peak 151.55M) | Time:00:00.43 | Rendering 64 / 64 samples

[2025-07-28T16:34:01.742Z] [DEBUG] [e10aceaa-c238-4aa9-b599-ec9d01acad9c] Blender Output: Append frame 88
Time: 00:00.51 (Saving: 00:00.03)


[2025-07-28T16:34:01.778Z] [DEBUG] [e10aceaa-c238-4aa9-b599-ec9d01acad9c] Blender Output: Fra:89 Mem:119.91M (Peak 151.55M) | Time:00:00.03 | Rendering 1 / 64 samples

[2025-07-28T16:34:01.933Z] [DEBUG] [e10aceaa-c238-4aa9-b599-ec9d01acad9c] Blender Output: Fra:89 Mem:119.91M (Peak 151.55M) | Time:00:00.19 | Rendering 25 / 64 samples

[2025-07-28T16:34:02.089Z] [DEBUG] [e10aceaa-c238-4aa9-b599-ec9d01acad9c] Blender Output: Fra:89 Mem:119.91M (Peak 151.55M) | Time:00:00.34 | Rendering 50 / 64 samples

[2025-07-28T16:34:02.178Z] [DEBUG] [e10aceaa-c238-4aa9-b599-ec9d01acad9c] Blender Output: Fra:89 Mem:119.91M (Peak 151.55M) | Time:00:00.43 | Rendering 64 / 64 samples

[2025-07-28T16:34:02.256Z] [DEBUG] [e10aceaa-c238-4aa9-b599-ec9d01acad9c] Blender Output: Append frame 89
Time: 00:00.51 (Saving: 00:00.03)


[2025-07-28T16:34:02.293Z] [DEBUG] [e10aceaa-c238-4aa9-b599-ec9d01acad9c] Blender Output: Fra:90 Mem:119.91M (Peak 151.55M) | Time:00:00.03 | Rendering 1 / 64 samples

[2025-07-28T16:34:02.444Z] [DEBUG] [e10aceaa-c238-4aa9-b599-ec9d01acad9c] Blender Output: Fra:90 Mem:119.91M (Peak 151.55M) | Time:00:00.18 | Rendering 25 / 64 samples

[2025-07-28T16:34:02.598Z] [DEBUG] [e10aceaa-c238-4aa9-b599-ec9d01acad9c] Blender Output: Fra:90 Mem:119.91M (Peak 151.55M) | Time:00:00.34 | Rendering 50 / 64 samples

[2025-07-28T16:34:02.685Z] [DEBUG] [e10aceaa-c238-4aa9-b599-ec9d01acad9c] Blender Output: Fra:90 Mem:119.91M (Peak 151.55M) | Time:00:00.42 | Rendering 64 / 64 samples

[2025-07-28T16:34:02.763Z] [DEBUG] [e10aceaa-c238-4aa9-b599-ec9d01acad9c] Blender Output: Append frame 90
Time: 00:00.50 (Saving: 00:00.03)


[2025-07-28T16:34:02.799Z] [DEBUG] [e10aceaa-c238-4aa9-b599-ec9d01acad9c] Blender Output: Fra:91 Mem:119.91M (Peak 151.55M) | Time:00:00.03 | Rendering 1 / 64 samples

[2025-07-28T16:34:02.951Z] [DEBUG] [e10aceaa-c238-4aa9-b599-ec9d01acad9c] Blender Output: Fra:91 Mem:119.91M (Peak 151.55M) | Time:00:00.18 | Rendering 25 / 64 samples

[2025-07-28T16:34:03.106Z] [DEBUG] [e10aceaa-c238-4aa9-b599-ec9d01acad9c] Blender Output: Fra:91 Mem:119.91M (Peak 151.55M) | Time:00:00.34 | Rendering 50 / 64 samples

[2025-07-28T16:34:03.193Z] [DEBUG] [e10aceaa-c238-4aa9-b599-ec9d01acad9c] Blender Output: Fra:91 Mem:119.91M (Peak 151.55M) | Time:00:00.42 | Rendering 64 / 64 samples

[2025-07-28T16:34:03.269Z] [DEBUG] [e10aceaa-c238-4aa9-b599-ec9d01acad9c] Blender Output: Append frame 91
Time: 00:00.50 (Saving: 00:00.03)


[2025-07-28T16:34:03.305Z] [DEBUG] [e10aceaa-c238-4aa9-b599-ec9d01acad9c] Blender Output: Fra:92 Mem:119.91M (Peak 151.55M) | Time:00:00.03 | Rendering 1 / 64 samples

[2025-07-28T16:34:03.457Z] [DEBUG] [e10aceaa-c238-4aa9-b599-ec9d01acad9c] Blender Output: Fra:92 Mem:119.91M (Peak 151.55M) | Time:00:00.18 | Rendering 25 / 64 samples

[2025-07-28T16:34:03.610Z] [DEBUG] [e10aceaa-c238-4aa9-b599-ec9d01acad9c] Blender Output: Fra:92 Mem:119.91M (Peak 151.55M) | Time:00:00.34 | Rendering 50 / 64 samples

[2025-07-28T16:34:03.695Z] [DEBUG] [e10aceaa-c238-4aa9-b599-ec9d01acad9c] Blender Output: Fra:92 Mem:119.91M (Peak 151.55M) | Time:00:00.42 | Rendering 64 / 64 samples

[2025-07-28T16:34:03.771Z] [DEBUG] [e10aceaa-c238-4aa9-b599-ec9d01acad9c] Blender Output: Append frame 92
Time: 00:00.50 (Saving: 00:00.03)


[2025-07-28T16:34:03.808Z] [DEBUG] [e10aceaa-c238-4aa9-b599-ec9d01acad9c] Blender Output: Fra:93 Mem:119.91M (Peak 151.55M) | Time:00:00.03 | Rendering 1 / 64 samples

[2025-07-28T16:34:03.959Z] [DEBUG] [e10aceaa-c238-4aa9-b599-ec9d01acad9c] Blender Output: Fra:93 Mem:119.91M (Peak 151.55M) | Time:00:00.18 | Rendering 25 / 64 samples

[2025-07-28T16:34:04.114Z] [DEBUG] [e10aceaa-c238-4aa9-b599-ec9d01acad9c] Blender Output: Fra:93 Mem:119.91M (Peak 151.55M) | Time:00:00.34 | Rendering 50 / 64 samples

[2025-07-28T16:34:04.201Z] [DEBUG] [e10aceaa-c238-4aa9-b599-ec9d01acad9c] Blender Output: Fra:93 Mem:119.91M (Peak 151.55M) | Time:00:00.42 | Rendering 64 / 64 samples

[2025-07-28T16:34:04.276Z] [DEBUG] [e10aceaa-c238-4aa9-b599-ec9d01acad9c] Blender Output: Append frame 93
Time: 00:00.50 (Saving: 00:00.03)


[2025-07-28T16:34:04.312Z] [DEBUG] [e10aceaa-c238-4aa9-b599-ec9d01acad9c] Blender Output: Fra:94 Mem:119.91M (Peak 151.55M) | Time:00:00.03 | Rendering 1 / 64 samples

[2025-07-28T16:34:04.463Z] [DEBUG] [e10aceaa-c238-4aa9-b599-ec9d01acad9c] Blender Output: Fra:94 Mem:119.91M (Peak 151.55M) | Time:00:00.18 | Rendering 25 / 64 samples

[2025-07-28T16:34:04.620Z] [DEBUG] [e10aceaa-c238-4aa9-b599-ec9d01acad9c] Blender Output: Fra:94 Mem:119.91M (Peak 151.55M) | Time:00:00.34 | Rendering 50 / 64 samples

[2025-07-28T16:34:04.707Z] [DEBUG] [e10aceaa-c238-4aa9-b599-ec9d01acad9c] Blender Output: Fra:94 Mem:119.91M (Peak 151.55M) | Time:00:00.43 | Rendering 64 / 64 samples

[2025-07-28T16:34:04.784Z] [DEBUG] [e10aceaa-c238-4aa9-b599-ec9d01acad9c] Blender Output: Append frame 94
Time: 00:00.50 (Saving: 00:00.03)


[2025-07-28T16:34:04.820Z] [DEBUG] [e10aceaa-c238-4aa9-b599-ec9d01acad9c] Blender Output: Fra:95 Mem:119.91M (Peak 151.55M) | Time:00:00.03 | Rendering 1 / 64 samples

[2025-07-28T16:34:04.971Z] [DEBUG] [e10aceaa-c238-4aa9-b599-ec9d01acad9c] Blender Output: Fra:95 Mem:119.91M (Peak 151.55M) | Time:00:00.18 | Rendering 25 / 64 samples

[2025-07-28T16:34:05.127Z] [DEBUG] [e10aceaa-c238-4aa9-b599-ec9d01acad9c] Blender Output: Fra:95 Mem:119.91M (Peak 151.55M) | Time:00:00.34 | Rendering 50 / 64 samples

[2025-07-28T16:34:05.214Z] [DEBUG] [e10aceaa-c238-4aa9-b599-ec9d01acad9c] Blender Output: Fra:95 Mem:119.91M (Peak 151.55M) | Time:00:00.43 | Rendering 64 / 64 samples

[2025-07-28T16:34:05.291Z] [DEBUG] [e10aceaa-c238-4aa9-b599-ec9d01acad9c] Blender Output: Append frame 95
Time: 00:00.50 (Saving: 00:00.03)


[2025-07-28T16:34:05.328Z] [DEBUG] [e10aceaa-c238-4aa9-b599-ec9d01acad9c] Blender Output: Fra:96 Mem:119.91M (Peak 151.55M) | Time:00:00.03 | Rendering 1 / 64 samples

[2025-07-28T16:34:05.480Z] [DEBUG] [e10aceaa-c238-4aa9-b599-ec9d01acad9c] Blender Output: Fra:96 Mem:119.91M (Peak 151.55M) | Time:00:00.18 | Rendering 25 / 64 samples

[2025-07-28T16:34:05.633Z] [DEBUG] [e10aceaa-c238-4aa9-b599-ec9d01acad9c] Blender Output: Fra:96 Mem:119.91M (Peak 151.55M) | Time:00:00.34 | Rendering 50 / 64 samples

[2025-07-28T16:34:05.719Z] [DEBUG] [e10aceaa-c238-4aa9-b599-ec9d01acad9c] Blender Output: Fra:96 Mem:119.91M (Peak 151.55M) | Time:00:00.42 | Rendering 64 / 64 samples

[2025-07-28T16:34:05.795Z] [DEBUG] [e10aceaa-c238-4aa9-b599-ec9d01acad9c] Blender Output: Append frame 96
Time: 00:00.50 (Saving: 00:00.03)


[2025-07-28T16:34:05.832Z] [DEBUG] [e10aceaa-c238-4aa9-b599-ec9d01acad9c] Blender Output: Fra:97 Mem:119.91M (Peak 151.55M) | Time:00:00.03 | Rendering 1 / 64 samples

[2025-07-28T16:34:05.984Z] [DEBUG] [e10aceaa-c238-4aa9-b599-ec9d01acad9c] Blender Output: Fra:97 Mem:119.91M (Peak 151.55M) | Time:00:00.18 | Rendering 25 / 64 samples

[2025-07-28T16:34:06.137Z] [DEBUG] [e10aceaa-c238-4aa9-b599-ec9d01acad9c] Blender Output: Fra:97 Mem:119.91M (Peak 151.55M) | Time:00:00.34 | Rendering 50 / 64 samples

[2025-07-28T16:34:06.223Z] [DEBUG] [e10aceaa-c238-4aa9-b599-ec9d01acad9c] Blender Output: Fra:97 Mem:119.91M (Peak 151.55M) | Time:00:00.42 | Rendering 64 / 64 samples

[2025-07-28T16:34:06.302Z] [DEBUG] [e10aceaa-c238-4aa9-b599-ec9d01acad9c] Blender Output: Append frame 97
Time: 00:00.50 (Saving: 00:00.03)


[2025-07-28T16:34:06.339Z] [DEBUG] [e10aceaa-c238-4aa9-b599-ec9d01acad9c] Blender Output: Fra:98 Mem:119.91M (Peak 151.55M) | Time:00:00.03 | Rendering 1 / 64 samples

[2025-07-28T16:34:06.490Z] [DEBUG] [e10aceaa-c238-4aa9-b599-ec9d01acad9c] Blender Output: Fra:98 Mem:119.91M (Peak 151.55M) | Time:00:00.18 | Rendering 25 / 64 samples

[2025-07-28T16:34:06.646Z] [DEBUG] [e10aceaa-c238-4aa9-b599-ec9d01acad9c] Blender Output: Fra:98 Mem:119.91M (Peak 151.55M) | Time:00:00.34 | Rendering 50 / 64 samples

[2025-07-28T16:34:06.733Z] [DEBUG] [e10aceaa-c238-4aa9-b599-ec9d01acad9c] Blender Output: Fra:98 Mem:119.91M (Peak 151.55M) | Time:00:00.43 | Rendering 64 / 64 samples

[2025-07-28T16:34:06.811Z] [DEBUG] [e10aceaa-c238-4aa9-b599-ec9d01acad9c] Blender Output: Append frame 98
Time: 00:00.50 (Saving: 00:00.03)


[2025-07-28T16:34:06.848Z] [DEBUG] [e10aceaa-c238-4aa9-b599-ec9d01acad9c] Blender Output: Fra:99 Mem:119.91M (Peak 151.55M) | Time:00:00.03 | Rendering 1 / 64 samples

[2025-07-28T16:34:06.998Z] [DEBUG] [e10aceaa-c238-4aa9-b599-ec9d01acad9c] Blender Output: Fra:99 Mem:119.91M (Peak 151.55M) | Time:00:00.18 | Rendering 25 / 64 samples

[2025-07-28T16:34:07.151Z] [DEBUG] [e10aceaa-c238-4aa9-b599-ec9d01acad9c] Blender Output: Fra:99 Mem:119.91M (Peak 151.55M) | Time:00:00.33 | Rendering 50 / 64 samples

[2025-07-28T16:34:07.237Z] [DEBUG] [e10aceaa-c238-4aa9-b599-ec9d01acad9c] Blender Output: Fra:99 Mem:119.91M (Peak 151.55M) | Time:00:00.42 | Rendering 64 / 64 samples

[2025-07-28T16:34:07.311Z] [DEBUG] [e10aceaa-c238-4aa9-b599-ec9d01acad9c] Blender Output: Append frame 99
Time: 00:00.49 (Saving: 00:00.03)


[2025-07-28T16:34:07.348Z] [DEBUG] [e10aceaa-c238-4aa9-b599-ec9d01acad9c] Blender Output: Fra:100 Mem:119.91M (Peak 151.55M) | Time:00:00.03 | Rendering 1 / 64 samples

[2025-07-28T16:34:07.506Z] [DEBUG] [e10aceaa-c238-4aa9-b599-ec9d01acad9c] Blender Output: Fra:100 Mem:119.91M (Peak 151.55M) | Time:00:00.19 | Rendering 25 / 64 samples

[2025-07-28T16:34:07.668Z] [DEBUG] [e10aceaa-c238-4aa9-b599-ec9d01acad9c] Blender Output: Fra:100 Mem:119.91M (Peak 151.55M) | Time:00:00.35 | Rendering 50 / 64 samples

[2025-07-28T16:34:07.758Z] [DEBUG] [e10aceaa-c238-4aa9-b599-ec9d01acad9c] Blender Output: Fra:100 Mem:119.91M (Peak 151.55M) | Time:00:00.44 | Rendering 64 / 64 samples

[2025-07-28T16:34:07.832Z] [DEBUG] [e10aceaa-c238-4aa9-b599-ec9d01acad9c] Blender Output: Append frame 100
Time: 00:00.52 (Saving: 00:00.03)


[2025-07-28T16:34:07.869Z] [DEBUG] [e10aceaa-c238-4aa9-b599-ec9d01acad9c] Blender Output: Fra:101 Mem:119.91M (Peak 151.55M) | Time:00:00.03 | Rendering 1 / 64 samples

[2025-07-28T16:34:08.024Z] [DEBUG] [e10aceaa-c238-4aa9-b599-ec9d01acad9c] Blender Output: Fra:101 Mem:119.91M (Peak 151.55M) | Time:00:00.19 | Rendering 25 / 64 samples

[2025-07-28T16:34:08.181Z] [DEBUG] [e10aceaa-c238-4aa9-b599-ec9d01acad9c] Blender Output: Fra:101 Mem:119.91M (Peak 151.55M) | Time:00:00.34 | Rendering 50 / 64 samples

[2025-07-28T16:34:08.269Z] [DEBUG] [e10aceaa-c238-4aa9-b599-ec9d01acad9c] Blender Output: Fra:101 Mem:119.91M (Peak 151.55M) | Time:00:00.43 | Rendering 64 / 64 samples

[2025-07-28T16:34:08.345Z] [DEBUG] [e10aceaa-c238-4aa9-b599-ec9d01acad9c] Blender Output: Append frame 101
Time: 00:00.51 (Saving: 00:00.03)


[2025-07-28T16:34:08.383Z] [DEBUG] [e10aceaa-c238-4aa9-b599-ec9d01acad9c] Blender Output: Fra:102 Mem:119.91M (Peak 151.55M) | Time:00:00.03 | Rendering 1 / 64 samples

[2025-07-28T16:34:08.536Z] [DEBUG] [e10aceaa-c238-4aa9-b599-ec9d01acad9c] Blender Output: Fra:102 Mem:119.91M (Peak 151.55M) | Time:00:00.19 | Rendering 25 / 64 samples

[2025-07-28T16:34:08.692Z] [DEBUG] [e10aceaa-c238-4aa9-b599-ec9d01acad9c] Blender Output: Fra:102 Mem:119.91M (Peak 151.55M) | Time:00:00.34 | Rendering 50 / 64 samples

[2025-07-28T16:34:08.779Z] [DEBUG] [e10aceaa-c238-4aa9-b599-ec9d01acad9c] Blender Output: Fra:102 Mem:119.91M (Peak 151.55M) | Time:00:00.43 | Rendering 64 / 64 samples

[2025-07-28T16:34:08.858Z] [DEBUG] [e10aceaa-c238-4aa9-b599-ec9d01acad9c] Blender Output: Append frame 102
Time: 00:00.51 (Saving: 00:00.03)


[2025-07-28T16:34:08.894Z] [DEBUG] [e10aceaa-c238-4aa9-b599-ec9d01acad9c] Blender Output: Fra:103 Mem:119.91M (Peak 151.55M) | Time:00:00.03 | Rendering 1 / 64 samples

[2025-07-28T16:34:09.048Z] [DEBUG] [e10aceaa-c238-4aa9-b599-ec9d01acad9c] Blender Output: Fra:103 Mem:119.91M (Peak 151.55M) | Time:00:00.18 | Rendering 25 / 64 samples

[2025-07-28T16:34:09.205Z] [DEBUG] [e10aceaa-c238-4aa9-b599-ec9d01acad9c] Blender Output: Fra:103 Mem:119.91M (Peak 151.55M) | Time:00:00.34 | Rendering 50 / 64 samples

[2025-07-28T16:34:09.293Z] [DEBUG] [e10aceaa-c238-4aa9-b599-ec9d01acad9c] Blender Output: Fra:103 Mem:119.91M (Peak 151.55M) | Time:00:00.43 | Rendering 64 / 64 samples

[2025-07-28T16:34:09.371Z] [DEBUG] [e10aceaa-c238-4aa9-b599-ec9d01acad9c] Blender Output: Append frame 103
Time: 00:00.51 (Saving: 00:00.03)


[2025-07-28T16:34:09.407Z] [DEBUG] [e10aceaa-c238-4aa9-b599-ec9d01acad9c] Blender Output: Fra:104 Mem:119.91M (Peak 151.55M) | Time:00:00.03 | Rendering 1 / 64 samples

[2025-07-28T16:34:09.562Z] [DEBUG] [e10aceaa-c238-4aa9-b599-ec9d01acad9c] Blender Output: Fra:104 Mem:119.91M (Peak 151.55M) | Time:00:00.19 | Rendering 25 / 64 samples

[2025-07-28T16:34:09.719Z] [DEBUG] [e10aceaa-c238-4aa9-b599-ec9d01acad9c] Blender Output: Fra:104 Mem:119.91M (Peak 151.55M) | Time:00:00.34 | Rendering 50 / 64 samples

[2025-07-28T16:34:09.807Z] [DEBUG] [e10aceaa-c238-4aa9-b599-ec9d01acad9c] Blender Output: Fra:104 Mem:119.91M (Peak 151.55M) | Time:00:00.43 | Rendering 64 / 64 samples

[2025-07-28T16:34:09.883Z] [DEBUG] [e10aceaa-c238-4aa9-b599-ec9d01acad9c] Blender Output: Append frame 104
Time: 00:00.51 (Saving: 00:00.03)


[2025-07-28T16:34:09.920Z] [DEBUG] [e10aceaa-c238-4aa9-b599-ec9d01acad9c] Blender Output: Fra:105 Mem:119.91M (Peak 151.55M) | Time:00:00.03 | Rendering 1 / 64 samples

[2025-07-28T16:34:10.070Z] [DEBUG] [e10aceaa-c238-4aa9-b599-ec9d01acad9c] Blender Output: Fra:105 Mem:119.91M (Peak 151.55M) | Time:00:00.18 | Rendering 25 / 64 samples

[2025-07-28T16:34:10.224Z] [DEBUG] [e10aceaa-c238-4aa9-b599-ec9d01acad9c] Blender Output: Fra:105 Mem:119.91M (Peak 151.55M) | Time:00:00.34 | Rendering 50 / 64 samples

[2025-07-28T16:34:10.311Z] [DEBUG] [e10aceaa-c238-4aa9-b599-ec9d01acad9c] Blender Output: Fra:105 Mem:119.91M (Peak 151.55M) | Time:00:00.42 | Rendering 64 / 64 samples

[2025-07-28T16:34:10.388Z] [DEBUG] [e10aceaa-c238-4aa9-b599-ec9d01acad9c] Blender Output: Append frame 105
Time: 00:00.50 (Saving: 00:00.03)


[2025-07-28T16:34:10.424Z] [DEBUG] [e10aceaa-c238-4aa9-b599-ec9d01acad9c] Blender Output: Fra:106 Mem:119.91M (Peak 151.55M) | Time:00:00.03 | Rendering 1 / 64 samples

[2025-07-28T16:34:10.582Z] [DEBUG] [e10aceaa-c238-4aa9-b599-ec9d01acad9c] Blender Output: Fra:106 Mem:119.91M (Peak 151.55M) | Time:00:00.19 | Rendering 25 / 64 samples

[2025-07-28T16:34:10.744Z] [DEBUG] [e10aceaa-c238-4aa9-b599-ec9d01acad9c] Blender Output: Fra:106 Mem:119.91M (Peak 151.55M) | Time:00:00.35 | Rendering 50 / 64 samples

[2025-07-28T16:34:10.836Z] [DEBUG] [e10aceaa-c238-4aa9-b599-ec9d01acad9c] Blender Output: Fra:106 Mem:119.91M (Peak 151.55M) | Time:00:00.44 | Rendering 64 / 64 samples

[2025-07-28T16:34:10.910Z] [DEBUG] [e10aceaa-c238-4aa9-b599-ec9d01acad9c] Blender Output: Append frame 106
Time: 00:00.52 (Saving: 00:00.03)


[2025-07-28T16:34:10.945Z] [DEBUG] [e10aceaa-c238-4aa9-b599-ec9d01acad9c] Blender Output: Fra:107 Mem:119.91M (Peak 151.55M) | Time:00:00.03 | Rendering 1 / 64 samples

[2025-07-28T16:34:11.097Z] [DEBUG] [e10aceaa-c238-4aa9-b599-ec9d01acad9c] Blender Output: Fra:107 Mem:119.91M (Peak 151.55M) | Time:00:00.18 | Rendering 25 / 64 samples

[2025-07-28T16:34:11.251Z] [DEBUG] [e10aceaa-c238-4aa9-b599-ec9d01acad9c] Blender Output: Fra:107 Mem:119.91M (Peak 151.55M) | Time:00:00.34 | Rendering 50 / 64 samples

[2025-07-28T16:34:11.336Z] [DEBUG] [e10aceaa-c238-4aa9-b599-ec9d01acad9c] Blender Output: Fra:107 Mem:119.91M (Peak 151.55M) | Time:00:00.42 | Rendering 64 / 64 samples

[2025-07-28T16:34:11.411Z] [DEBUG] [e10aceaa-c238-4aa9-b599-ec9d01acad9c] Blender Output: Append frame 107
Time: 00:00.50 (Saving: 00:00.03)


[2025-07-28T16:34:11.448Z] [DEBUG] [e10aceaa-c238-4aa9-b599-ec9d01acad9c] Blender Output: Fra:108 Mem:119.91M (Peak 151.55M) | Time:00:00.03 | Rendering 1 / 64 samples

[2025-07-28T16:34:11.600Z] [DEBUG] [e10aceaa-c238-4aa9-b599-ec9d01acad9c] Blender Output: Fra:108 Mem:119.91M (Peak 151.55M) | Time:00:00.18 | Rendering 25 / 64 samples

[2025-07-28T16:34:11.754Z] [DEBUG] [e10aceaa-c238-4aa9-b599-ec9d01acad9c] Blender Output: Fra:108 Mem:119.91M (Peak 151.55M) | Time:00:00.34 | Rendering 50 / 64 samples

[2025-07-28T16:34:11.841Z] [DEBUG] [e10aceaa-c238-4aa9-b599-ec9d01acad9c] Blender Output: Fra:108 Mem:119.91M (Peak 151.55M) | Time:00:00.43 | Rendering 64 / 64 samples

[2025-07-28T16:34:11.915Z] [DEBUG] [e10aceaa-c238-4aa9-b599-ec9d01acad9c] Blender Output: Append frame 108
Time: 00:00.50 (Saving: 00:00.03)


[2025-07-28T16:34:11.952Z] [DEBUG] [e10aceaa-c238-4aa9-b599-ec9d01acad9c] Blender Output: Fra:109 Mem:119.91M (Peak 151.55M) | Time:00:00.03 | Rendering 1 / 64 samples

[2025-07-28T16:34:12.107Z] [DEBUG] [e10aceaa-c238-4aa9-b599-ec9d01acad9c] Blender Output: Fra:109 Mem:119.91M (Peak 151.55M) | Time:00:00.19 | Rendering 25 / 64 samples

[2025-07-28T16:34:12.263Z] [DEBUG] [e10aceaa-c238-4aa9-b599-ec9d01acad9c] Blender Output: Fra:109 Mem:119.91M (Peak 151.55M) | Time:00:00.34 | Rendering 50 / 64 samples

[2025-07-28T16:34:12.350Z] [DEBUG] [e10aceaa-c238-4aa9-b599-ec9d01acad9c] Blender Output: Fra:109 Mem:119.91M (Peak 151.55M) | Time:00:00.43 | Rendering 64 / 64 samples

[2025-07-28T16:34:12.428Z] [DEBUG] [e10aceaa-c238-4aa9-b599-ec9d01acad9c] Blender Output: Append frame 109
Time: 00:00.51 (Saving: 00:00.03)


[2025-07-28T16:34:12.492Z] [DEBUG] [e10aceaa-c238-4aa9-b599-ec9d01acad9c] Blender Output: Fra:110 Mem:119.91M (Peak 151.55M) | Time:00:00.06 | Rendering 1 / 64 samples

[2025-07-28T16:34:12.643Z] [DEBUG] [e10aceaa-c238-4aa9-b599-ec9d01acad9c] Blender Output: Fra:110 Mem:119.91M (Peak 151.55M) | Time:00:00.21 | Rendering 25 / 64 samples

[2025-07-28T16:34:12.797Z] [DEBUG] [e10aceaa-c238-4aa9-b599-ec9d01acad9c] Blender Output: Fra:110 Mem:119.91M (Peak 151.55M) | Time:00:00.36 | Rendering 50 / 64 samples

[2025-07-28T16:34:12.884Z] [DEBUG] [e10aceaa-c238-4aa9-b599-ec9d01acad9c] Blender Output: Fra:110 Mem:119.91M (Peak 151.55M) | Time:00:00.45 | Rendering 64 / 64 samples

[2025-07-28T16:34:12.960Z] [DEBUG] [e10aceaa-c238-4aa9-b599-ec9d01acad9c] Blender Output: Append frame 110
Time: 00:00.53 (Saving: 00:00.03)


[2025-07-28T16:34:12.996Z] [DEBUG] [e10aceaa-c238-4aa9-b599-ec9d01acad9c] Blender Output: Fra:111 Mem:119.91M (Peak 151.55M) | Time:00:00.03 | Rendering 1 / 64 samples

[2025-07-28T16:34:13.148Z] [DEBUG] [e10aceaa-c238-4aa9-b599-ec9d01acad9c] Blender Output: Fra:111 Mem:119.91M (Peak 151.55M) | Time:00:00.18 | Rendering 25 / 64 samples

[2025-07-28T16:34:13.304Z] [DEBUG] [e10aceaa-c238-4aa9-b599-ec9d01acad9c] Blender Output: Fra:111 Mem:119.91M (Peak 151.55M) | Time:00:00.34 | Rendering 50 / 64 samples

[2025-07-28T16:34:13.392Z] [DEBUG] [e10aceaa-c238-4aa9-b599-ec9d01acad9c] Blender Output: Fra:111 Mem:119.91M (Peak 151.55M) | Time:00:00.43 | Rendering 64 / 64 samples

[2025-07-28T16:34:13.466Z] [DEBUG] [e10aceaa-c238-4aa9-b599-ec9d01acad9c] Blender Output: Append frame 111
Time: 00:00.50 (Saving: 00:00.03)


[2025-07-28T16:34:13.503Z] [DEBUG] [e10aceaa-c238-4aa9-b599-ec9d01acad9c] Blender Output: Fra:112 Mem:119.91M (Peak 151.55M) | Time:00:00.03 | Rendering 1 / 64 samples

[2025-07-28T16:34:13.655Z] [DEBUG] [e10aceaa-c238-4aa9-b599-ec9d01acad9c] Blender Output: Fra:112 Mem:119.91M (Peak 151.55M) | Time:00:00.18 | Rendering 25 / 64 samples

[2025-07-28T16:34:13.807Z] [DEBUG] [e10aceaa-c238-4aa9-b599-ec9d01acad9c] Blender Output: Fra:112 Mem:119.91M (Peak 151.55M) | Time:00:00.34 | Rendering 50 / 64 samples

[2025-07-28T16:34:13.893Z] [DEBUG] [e10aceaa-c238-4aa9-b599-ec9d01acad9c] Blender Output: Fra:112 Mem:119.91M (Peak 151.55M) | Time:00:00.42 | Rendering 64 / 64 samples

[2025-07-28T16:34:13.968Z] [DEBUG] [e10aceaa-c238-4aa9-b599-ec9d01acad9c] Blender Output: Append frame 112
Time: 00:00.50 (Saving: 00:00.03)


[2025-07-28T16:34:14.005Z] [DEBUG] [e10aceaa-c238-4aa9-b599-ec9d01acad9c] Blender Output: Fra:113 Mem:119.91M (Peak 151.55M) | Time:00:00.03 | Rendering 1 / 64 samples

[2025-07-28T16:34:14.156Z] [DEBUG] [e10aceaa-c238-4aa9-b599-ec9d01acad9c] Blender Output: Fra:113 Mem:119.91M (Peak 151.55M) | Time:00:00.18 | Rendering 25 / 64 samples

[2025-07-28T16:34:14.309Z] [DEBUG] [e10aceaa-c238-4aa9-b599-ec9d01acad9c] Blender Output: Fra:113 Mem:119.91M (Peak 151.55M) | Time:00:00.34 | Rendering 50 / 64 samples

[2025-07-28T16:34:14.395Z] [DEBUG] [e10aceaa-c238-4aa9-b599-ec9d01acad9c] Blender Output: Fra:113 Mem:119.91M (Peak 151.55M) | Time:00:00.42 | Rendering 64 / 64 samples

[2025-07-28T16:34:14.471Z] [DEBUG] [e10aceaa-c238-4aa9-b599-ec9d01acad9c] Blender Output: Append frame 113
Time: 00:00.50 (Saving: 00:00.03)


[2025-07-28T16:34:14.534Z] [DEBUG] [e10aceaa-c238-4aa9-b599-ec9d01acad9c] Blender Output: Fra:114 Mem:119.91M (Peak 151.55M) | Time:00:00.06 | Rendering 1 / 64 samples

[2025-07-28T16:34:14.687Z] [DEBUG] [e10aceaa-c238-4aa9-b599-ec9d01acad9c] Blender Output: Fra:114 Mem:119.91M (Peak 151.55M) | Time:00:00.21 | Rendering 25 / 64 samples

[2025-07-28T16:34:14.842Z] [DEBUG] [e10aceaa-c238-4aa9-b599-ec9d01acad9c] Blender Output: Fra:114 Mem:119.91M (Peak 151.55M) | Time:00:00.37 | Rendering 50 / 64 samples

[2025-07-28T16:34:14.930Z] [DEBUG] [e10aceaa-c238-4aa9-b599-ec9d01acad9c] Blender Output: Fra:114 Mem:119.91M (Peak 151.55M) | Time:00:00.45 | Rendering 64 / 64 samples

[2025-07-28T16:34:15.006Z] [DEBUG] [e10aceaa-c238-4aa9-b599-ec9d01acad9c] Blender Output: Append frame 114
Time: 00:00.53 (Saving: 00:00.03)


[2025-07-28T16:34:15.047Z] [DEBUG] [e10aceaa-c238-4aa9-b599-ec9d01acad9c] Blender Output: Fra:115 Mem:119.91M (Peak 151.55M) | Time:00:00.04 | Rendering 1 / 64 samples

[2025-07-28T16:34:15.206Z] [DEBUG] [e10aceaa-c238-4aa9-b599-ec9d01acad9c] Blender Output: Fra:115 Mem:119.91M (Peak 151.55M) | Time:00:00.19 | Rendering 25 / 64 samples

[2025-07-28T16:34:15.364Z] [DEBUG] [e10aceaa-c238-4aa9-b599-ec9d01acad9c] Blender Output: Fra:115 Mem:119.91M (Peak 151.55M) | Time:00:00.35 | Rendering 50 / 64 samples

[2025-07-28T16:34:15.451Z] [DEBUG] [e10aceaa-c238-4aa9-b599-ec9d01acad9c] Blender Output: Fra:115 Mem:119.91M (Peak 151.55M) | Time:00:00.44 | Rendering 64 / 64 samples

[2025-07-28T16:34:15.528Z] [DEBUG] [e10aceaa-c238-4aa9-b599-ec9d01acad9c] Blender Output: Append frame 115
Time: 00:00.52 (Saving: 00:00.03)


[2025-07-28T16:34:15.565Z] [DEBUG] [e10aceaa-c238-4aa9-b599-ec9d01acad9c] Blender Output: Fra:116 Mem:119.91M (Peak 151.55M) | Time:00:00.03 | Rendering 1 / 64 samples

[2025-07-28T16:34:15.716Z] [DEBUG] [e10aceaa-c238-4aa9-b599-ec9d01acad9c] Blender Output: Fra:116 Mem:119.91M (Peak 151.55M) | Time:00:00.18 | Rendering 25 / 64 samples

[2025-07-28T16:34:15.871Z] [DEBUG] [e10aceaa-c238-4aa9-b599-ec9d01acad9c] Blender Output: Fra:116 Mem:119.91M (Peak 151.55M) | Time:00:00.34 | Rendering 50 / 64 samples

[2025-07-28T16:34:15.959Z] [DEBUG] [e10aceaa-c238-4aa9-b599-ec9d01acad9c] Blender Output: Fra:116 Mem:119.91M (Peak 151.55M) | Time:00:00.43 | Rendering 64 / 64 samples

[2025-07-28T16:34:16.038Z] [DEBUG] [e10aceaa-c238-4aa9-b599-ec9d01acad9c] Blender Output: Append frame 116
Time: 00:00.50 (Saving: 00:00.03)


[2025-07-28T16:34:16.075Z] [DEBUG] [e10aceaa-c238-4aa9-b599-ec9d01acad9c] Blender Output: Fra:117 Mem:119.91M (Peak 151.55M) | Time:00:00.03 | Rendering 1 / 64 samples

[2025-07-28T16:34:16.228Z] [DEBUG] [e10aceaa-c238-4aa9-b599-ec9d01acad9c] Blender Output: Fra:117 Mem:119.91M (Peak 151.55M) | Time:00:00.19 | Rendering 25 / 64 samples

[2025-07-28T16:34:16.384Z] [DEBUG] [e10aceaa-c238-4aa9-b599-ec9d01acad9c] Blender Output: Fra:117 Mem:119.91M (Peak 151.55M) | Time:00:00.34 | Rendering 50 / 64 samples

[2025-07-28T16:34:16.472Z] [DEBUG] [e10aceaa-c238-4aa9-b599-ec9d01acad9c] Blender Output: Fra:117 Mem:119.91M (Peak 151.55M) | Time:00:00.43 | Rendering 64 / 64 samples

[2025-07-28T16:34:16.549Z] [DEBUG] [e10aceaa-c238-4aa9-b599-ec9d01acad9c] Blender Output: Append frame 117
Time: 00:00.51 (Saving: 00:00.03)


[2025-07-28T16:34:16.586Z] [DEBUG] [e10aceaa-c238-4aa9-b599-ec9d01acad9c] Blender Output: Fra:118 Mem:119.91M (Peak 151.55M) | Time:00:00.03 | Rendering 1 / 64 samples

[2025-07-28T16:34:16.739Z] [DEBUG] [e10aceaa-c238-4aa9-b599-ec9d01acad9c] Blender Output: Fra:118 Mem:119.91M (Peak 151.55M) | Time:00:00.18 | Rendering 25 / 64 samples

[2025-07-28T16:34:16.897Z] [DEBUG] [e10aceaa-c238-4aa9-b599-ec9d01acad9c] Blender Output: Fra:118 Mem:119.91M (Peak 151.55M) | Time:00:00.34 | Rendering 50 / 64 samples

[2025-07-28T16:34:16.984Z] [DEBUG] [e10aceaa-c238-4aa9-b599-ec9d01acad9c] Blender Output: Fra:118 Mem:119.91M (Peak 151.55M) | Time:00:00.43 | Rendering 64 / 64 samples

[2025-07-28T16:34:17.062Z] [DEBUG] [e10aceaa-c238-4aa9-b599-ec9d01acad9c] Blender Output: Append frame 118
Time: 00:00.51 (Saving: 00:00.03)


[2025-07-28T16:34:17.098Z] [DEBUG] [e10aceaa-c238-4aa9-b599-ec9d01acad9c] Blender Output: Fra:119 Mem:119.91M (Peak 151.55M) | Time:00:00.03 | Rendering 1 / 64 samples

[2025-07-28T16:34:17.253Z] [DEBUG] [e10aceaa-c238-4aa9-b599-ec9d01acad9c] Blender Output: Fra:119 Mem:119.91M (Peak 151.55M) | Time:00:00.19 | Rendering 25 / 64 samples

[2025-07-28T16:34:17.412Z] [DEBUG] [e10aceaa-c238-4aa9-b599-ec9d01acad9c] Blender Output: Fra:119 Mem:119.91M (Peak 151.55M) | Time:00:00.35 | Rendering 50 / 64 samples

[2025-07-28T16:34:17.501Z] [DEBUG] [e10aceaa-c238-4aa9-b599-ec9d01acad9c] Blender Output: Fra:119 Mem:119.91M (Peak 151.55M) | Time:00:00.43 | Rendering 64 / 64 samples

[2025-07-28T16:34:17.580Z] [DEBUG] [e10aceaa-c238-4aa9-b599-ec9d01acad9c] Blender Output: Append frame 119
Time: 00:00.51 (Saving: 00:00.03)


[2025-07-28T16:34:17.621Z] [DEBUG] [e10aceaa-c238-4aa9-b599-ec9d01acad9c] Blender Output: Fra:120 Mem:119.91M (Peak 151.55M) | Time:00:00.04 | Rendering 1 / 64 samples

[2025-07-28T16:34:17.775Z] [DEBUG] [e10aceaa-c238-4aa9-b599-ec9d01acad9c] Blender Output: Fra:120 Mem:119.91M (Peak 151.55M) | Time:00:00.19 | Rendering 25 / 64 samples

[2025-07-28T16:34:17.930Z] [DEBUG] [e10aceaa-c238-4aa9-b599-ec9d01acad9c] Blender Output: Fra:120 Mem:119.91M (Peak 151.55M) | Time:00:00.34 | Rendering 50 / 64 samples

[2025-07-28T16:34:18.017Z] [DEBUG] [e10aceaa-c238-4aa9-b599-ec9d01acad9c] Blender Output: Fra:120 Mem:119.91M (Peak 151.55M) | Time:00:00.43 | Rendering 64 / 64 samples

[2025-07-28T16:34:18.096Z] [DEBUG] [e10aceaa-c238-4aa9-b599-ec9d01acad9c] Blender Output: Append frame 120
Time: 00:00.51 (Saving: 00:00.03)


[2025-07-28T16:34:18.133Z] [DEBUG] [e10aceaa-c238-4aa9-b599-ec9d01acad9c] Blender Output: Fra:121 Mem:119.91M (Peak 151.55M) | Time:00:00.03 | Rendering 1 / 64 samples

[2025-07-28T16:34:18.288Z] [DEBUG] [e10aceaa-c238-4aa9-b599-ec9d01acad9c] Blender Output: Fra:121 Mem:119.91M (Peak 151.55M) | Time:00:00.19 | Rendering 25 / 64 samples

[2025-07-28T16:34:18.444Z] [DEBUG] [e10aceaa-c238-4aa9-b599-ec9d01acad9c] Blender Output: Fra:121 Mem:119.91M (Peak 151.55M) | Time:00:00.34 | Rendering 50 / 64 samples

[2025-07-28T16:34:18.529Z] [DEBUG] [e10aceaa-c238-4aa9-b599-ec9d01acad9c] Blender Output: Fra:121 Mem:119.91M (Peak 151.55M) | Time:00:00.43 | Rendering 64 / 64 samples

[2025-07-28T16:34:18.606Z] [DEBUG] [e10aceaa-c238-4aa9-b599-ec9d01acad9c] Blender Output: Append frame 121
Time: 00:00.50 (Saving: 00:00.03)


[2025-07-28T16:34:18.642Z] [DEBUG] [e10aceaa-c238-4aa9-b599-ec9d01acad9c] Blender Output: Fra:122 Mem:119.91M (Peak 151.55M) | Time:00:00.03 | Rendering 1 / 64 samples

[2025-07-28T16:34:18.796Z] [DEBUG] [e10aceaa-c238-4aa9-b599-ec9d01acad9c] Blender Output: Fra:122 Mem:119.91M (Peak 151.55M) | Time:00:00.18 | Rendering 25 / 64 samples

[2025-07-28T16:34:18.952Z] [DEBUG] [e10aceaa-c238-4aa9-b599-ec9d01acad9c] Blender Output: Fra:122 Mem:119.91M (Peak 151.55M) | Time:00:00.34 | Rendering 50 / 64 samples

[2025-07-28T16:34:19.041Z] [DEBUG] [e10aceaa-c238-4aa9-b599-ec9d01acad9c] Blender Output: Fra:122 Mem:119.91M (Peak 151.55M) | Time:00:00.43 | Rendering 64 / 64 samples

[2025-07-28T16:34:19.119Z] [DEBUG] [e10aceaa-c238-4aa9-b599-ec9d01acad9c] Blender Output: Append frame 122
Time: 00:00.51 (Saving: 00:00.03)


[2025-07-28T16:34:19.155Z] [DEBUG] [e10aceaa-c238-4aa9-b599-ec9d01acad9c] Blender Output: Fra:123 Mem:119.91M (Peak 151.55M) | Time:00:00.03 | Rendering 1 / 64 samples

[2025-07-28T16:34:19.306Z] [DEBUG] [e10aceaa-c238-4aa9-b599-ec9d01acad9c] Blender Output: Fra:123 Mem:119.91M (Peak 151.55M) | Time:00:00.18 | Rendering 25 / 64 samples

[2025-07-28T16:34:19.460Z] [DEBUG] [e10aceaa-c238-4aa9-b599-ec9d01acad9c] Blender Output: Fra:123 Mem:119.91M (Peak 151.55M) | Time:00:00.34 | Rendering 50 / 64 samples

[2025-07-28T16:34:19.547Z] [DEBUG] [e10aceaa-c238-4aa9-b599-ec9d01acad9c] Blender Output: Fra:123 Mem:119.91M (Peak 151.55M) | Time:00:00.42 | Rendering 64 / 64 samples

[2025-07-28T16:34:19.622Z] [DEBUG] [e10aceaa-c238-4aa9-b599-ec9d01acad9c] Blender Output: Append frame 123
Time: 00:00.50 (Saving: 00:00.03)


[2025-07-28T16:34:19.658Z] [DEBUG] [e10aceaa-c238-4aa9-b599-ec9d01acad9c] Blender Output: Fra:124 Mem:119.91M (Peak 151.55M) | Time:00:00.03 | Rendering 1 / 64 samples

[2025-07-28T16:34:19.810Z] [DEBUG] [e10aceaa-c238-4aa9-b599-ec9d01acad9c] Blender Output: Fra:124 Mem:119.91M (Peak 151.55M) | Time:00:00.18 | Rendering 25 / 64 samples

[2025-07-28T16:34:19.962Z] [DEBUG] [e10aceaa-c238-4aa9-b599-ec9d01acad9c] Blender Output: Fra:124 Mem:119.91M (Peak 151.55M) | Time:00:00.34 | Rendering 50 / 64 samples

[2025-07-28T16:34:20.048Z] [DEBUG] [e10aceaa-c238-4aa9-b599-ec9d01acad9c] Blender Output: Fra:124 Mem:119.91M (Peak 151.55M) | Time:00:00.42 | Rendering 64 / 64 samples

[2025-07-28T16:34:20.122Z] [DEBUG] [e10aceaa-c238-4aa9-b599-ec9d01acad9c] Blender Output: Append frame 124
Time: 00:00.50 (Saving: 00:00.03)


[2025-07-28T16:34:20.159Z] [DEBUG] [e10aceaa-c238-4aa9-b599-ec9d01acad9c] Blender Output: Fra:125 Mem:119.91M (Peak 151.55M) | Time:00:00.03 | Rendering 1 / 64 samples

[2025-07-28T16:34:20.310Z] [DEBUG] [e10aceaa-c238-4aa9-b599-ec9d01acad9c] Blender Output: Fra:125 Mem:119.91M (Peak 151.55M) | Time:00:00.18 | Rendering 25 / 64 samples

[2025-07-28T16:34:20.466Z] [DEBUG] [e10aceaa-c238-4aa9-b599-ec9d01acad9c] Blender Output: Fra:125 Mem:119.91M (Peak 151.55M) | Time:00:00.34 | Rendering 50 / 64 samples

[2025-07-28T16:34:20.556Z] [DEBUG] [e10aceaa-c238-4aa9-b599-ec9d01acad9c] Blender Output: Fra:125 Mem:119.91M (Peak 151.55M) | Time:00:00.43 | Rendering 64 / 64 samples

[2025-07-28T16:34:20.634Z] [DEBUG] [e10aceaa-c238-4aa9-b599-ec9d01acad9c] Blender Output: Append frame 125
Time: 00:00.51 (Saving: 00:00.03)


[2025-07-28T16:34:20.671Z] [DEBUG] [e10aceaa-c238-4aa9-b599-ec9d01acad9c] Blender Output: Fra:126 Mem:119.91M (Peak 151.55M) | Time:00:00.03 | Rendering 1 / 64 samples

[2025-07-28T16:34:20.823Z] [DEBUG] [e10aceaa-c238-4aa9-b599-ec9d01acad9c] Blender Output: Fra:126 Mem:119.91M (Peak 151.55M) | Time:00:00.18 | Rendering 25 / 64 samples

[2025-07-28T16:34:20.977Z] [DEBUG] [e10aceaa-c238-4aa9-b599-ec9d01acad9c] Blender Output: Fra:126 Mem:119.91M (Peak 151.55M) | Time:00:00.34 | Rendering 50 / 64 samples

[2025-07-28T16:34:21.064Z] [DEBUG] [e10aceaa-c238-4aa9-b599-ec9d01acad9c] Blender Output: Fra:126 Mem:119.91M (Peak 151.55M) | Time:00:00.42 | Rendering 64 / 64 samples

[2025-07-28T16:34:21.141Z] [DEBUG] [e10aceaa-c238-4aa9-b599-ec9d01acad9c] Blender Output: Append frame 126
Time: 00:00.50 (Saving: 00:00.03)


[2025-07-28T16:34:21.178Z] [DEBUG] [e10aceaa-c238-4aa9-b599-ec9d01acad9c] Blender Output: Fra:127 Mem:119.91M (Peak 151.55M) | Time:00:00.03 | Rendering 1 / 64 samples

[2025-07-28T16:34:21.330Z] [DEBUG] [e10aceaa-c238-4aa9-b599-ec9d01acad9c] Blender Output: Fra:127 Mem:119.91M (Peak 151.55M) | Time:00:00.18 | Rendering 25 / 64 samples

[2025-07-28T16:34:21.483Z] [DEBUG] [e10aceaa-c238-4aa9-b599-ec9d01acad9c] Blender Output: Fra:127 Mem:119.91M (Peak 151.55M) | Time:00:00.34 | Rendering 50 / 64 samples

[2025-07-28T16:34:21.569Z] [DEBUG] [e10aceaa-c238-4aa9-b599-ec9d01acad9c] Blender Output: Fra:127 Mem:119.91M (Peak 151.55M) | Time:00:00.42 | Rendering 64 / 64 samples

[2025-07-28T16:34:21.644Z] [DEBUG] [e10aceaa-c238-4aa9-b599-ec9d01acad9c] Blender Output: Append frame 127
Time: 00:00.50 (Saving: 00:00.03)


[2025-07-28T16:34:21.681Z] [DEBUG] [e10aceaa-c238-4aa9-b599-ec9d01acad9c] Blender Output: Fra:128 Mem:119.91M (Peak 151.55M) | Time:00:00.03 | Rendering 1 / 64 samples

[2025-07-28T16:34:21.831Z] [DEBUG] [e10aceaa-c238-4aa9-b599-ec9d01acad9c] Blender Output: Fra:128 Mem:119.91M (Peak 151.55M) | Time:00:00.18 | Rendering 25 / 64 samples

[2025-07-28T16:34:21.984Z] [DEBUG] [e10aceaa-c238-4aa9-b599-ec9d01acad9c] Blender Output: Fra:128 Mem:119.91M (Peak 151.55M) | Time:00:00.33 | Rendering 50 / 64 samples

[2025-07-28T16:34:22.070Z] [DEBUG] [e10aceaa-c238-4aa9-b599-ec9d01acad9c] Blender Output: Fra:128 Mem:119.91M (Peak 151.55M) | Time:00:00.42 | Rendering 64 / 64 samples

[2025-07-28T16:34:22.147Z] [DEBUG] [e10aceaa-c238-4aa9-b599-ec9d01acad9c] Blender Output: Append frame 128
Time: 00:00.50 (Saving: 00:00.03)


[2025-07-28T16:34:22.183Z] [DEBUG] [e10aceaa-c238-4aa9-b599-ec9d01acad9c] Blender Output: Fra:129 Mem:119.91M (Peak 151.55M) | Time:00:00.03 | Rendering 1 / 64 samples

[2025-07-28T16:34:22.336Z] [DEBUG] [e10aceaa-c238-4aa9-b599-ec9d01acad9c] Blender Output: Fra:129 Mem:119.91M (Peak 151.55M) | Time:00:00.18 | Rendering 25 / 64 samples

[2025-07-28T16:34:22.491Z] [DEBUG] [e10aceaa-c238-4aa9-b599-ec9d01acad9c] Blender Output: Fra:129 Mem:119.91M (Peak 151.55M) | Time:00:00.34 | Rendering 50 / 64 samples

[2025-07-28T16:34:22.577Z] [DEBUG] [e10aceaa-c238-4aa9-b599-ec9d01acad9c] Blender Output: Fra:129 Mem:119.91M (Peak 151.55M) | Time:00:00.43 | Rendering 64 / 64 samples

[2025-07-28T16:34:22.654Z] [DEBUG] [e10aceaa-c238-4aa9-b599-ec9d01acad9c] Blender Output: Append frame 129
Time: 00:00.50 (Saving: 00:00.03)


[2025-07-28T16:34:22.691Z] [DEBUG] [e10aceaa-c238-4aa9-b599-ec9d01acad9c] Blender Output: Fra:130 Mem:119.91M (Peak 151.55M) | Time:00:00.03 | Rendering 1 / 64 samples

[2025-07-28T16:34:22.848Z] [DEBUG] [e10aceaa-c238-4aa9-b599-ec9d01acad9c] Blender Output: Fra:130 Mem:119.91M (Peak 151.55M) | Time:00:00.19 | Rendering 25 / 64 samples

[2025-07-28T16:34:23.007Z] [DEBUG] [e10aceaa-c238-4aa9-b599-ec9d01acad9c] Blender Output: Fra:130 Mem:119.91M (Peak 151.55M) | Time:00:00.35 | Rendering 50 / 64 samples

[2025-07-28T16:34:23.093Z] [DEBUG] [e10aceaa-c238-4aa9-b599-ec9d01acad9c] Blender Output: Fra:130 Mem:119.91M (Peak 151.55M) | Time:00:00.43 | Rendering 64 / 64 samples

[2025-07-28T16:34:23.170Z] [DEBUG] [e10aceaa-c238-4aa9-b599-ec9d01acad9c] Blender Output: Append frame 130
Time: 00:00.51 (Saving: 00:00.03)


[2025-07-28T16:34:23.207Z] [DEBUG] [e10aceaa-c238-4aa9-b599-ec9d01acad9c] Blender Output: Fra:131 Mem:119.91M (Peak 151.55M) | Time:00:00.03 | Rendering 1 / 64 samples

[2025-07-28T16:34:23.361Z] [DEBUG] [e10aceaa-c238-4aa9-b599-ec9d01acad9c] Blender Output: Fra:131 Mem:119.91M (Peak 151.55M) | Time:00:00.19 | Rendering 25 / 64 samples

[2025-07-28T16:34:23.517Z] [DEBUG] [e10aceaa-c238-4aa9-b599-ec9d01acad9c] Blender Output: Fra:131 Mem:119.91M (Peak 151.55M) | Time:00:00.34 | Rendering 50 / 64 samples

[2025-07-28T16:34:23.605Z] [DEBUG] [e10aceaa-c238-4aa9-b599-ec9d01acad9c] Blender Output: Fra:131 Mem:119.91M (Peak 151.55M) | Time:00:00.43 | Rendering 64 / 64 samples

[2025-07-28T16:34:23.683Z] [DEBUG] [e10aceaa-c238-4aa9-b599-ec9d01acad9c] Blender Output: Append frame 131
Time: 00:00.51 (Saving: 00:00.03)


[2025-07-28T16:34:23.721Z] [DEBUG] [e10aceaa-c238-4aa9-b599-ec9d01acad9c] Blender Output: Fra:132 Mem:119.91M (Peak 151.55M) | Time:00:00.03 | Rendering 1 / 64 samples

[2025-07-28T16:34:23.875Z] [DEBUG] [e10aceaa-c238-4aa9-b599-ec9d01acad9c] Blender Output: Fra:132 Mem:119.91M (Peak 151.55M) | Time:00:00.19 | Rendering 25 / 64 samples

[2025-07-28T16:34:24.031Z] [DEBUG] [e10aceaa-c238-4aa9-b599-ec9d01acad9c] Blender Output: Fra:132 Mem:119.91M (Peak 151.55M) | Time:00:00.34 | Rendering 50 / 64 samples

[2025-07-28T16:34:24.119Z] [DEBUG] [e10aceaa-c238-4aa9-b599-ec9d01acad9c] Blender Output: Fra:132 Mem:119.91M (Peak 151.55M) | Time:00:00.43 | Rendering 64 / 64 samples

[2025-07-28T16:34:24.195Z] [DEBUG] [e10aceaa-c238-4aa9-b599-ec9d01acad9c] Blender Output: Append frame 132
Time: 00:00.51 (Saving: 00:00.03)


[2025-07-28T16:34:24.241Z] [DEBUG] [e10aceaa-c238-4aa9-b599-ec9d01acad9c] Blender Output: Fra:133 Mem:119.91M (Peak 151.55M) | Time:00:00.04 | Rendering 1 / 64 samples

[2025-07-28T16:34:24.394Z] [DEBUG] [e10aceaa-c238-4aa9-b599-ec9d01acad9c] Blender Output: Fra:133 Mem:119.91M (Peak 151.55M) | Time:00:00.19 | Rendering 25 / 64 samples

[2025-07-28T16:34:24.551Z] [DEBUG] [e10aceaa-c238-4aa9-b599-ec9d01acad9c] Blender Output: Fra:133 Mem:119.91M (Peak 151.55M) | Time:00:00.35 | Rendering 50 / 64 samples

[2025-07-28T16:34:24.638Z] [DEBUG] [e10aceaa-c238-4aa9-b599-ec9d01acad9c] Blender Output: Fra:133 Mem:119.91M (Peak 151.55M) | Time:00:00.44 | Rendering 64 / 64 samples

[2025-07-28T16:34:24.714Z] [DEBUG] [e10aceaa-c238-4aa9-b599-ec9d01acad9c] Blender Output: Append frame 133
Time: 00:00.51 (Saving: 00:00.03)


[2025-07-28T16:34:24.751Z] [DEBUG] [e10aceaa-c238-4aa9-b599-ec9d01acad9c] Blender Output: Fra:134 Mem:119.91M (Peak 151.55M) | Time:00:00.03 | Rendering 1 / 64 samples

[2025-07-28T16:34:24.904Z] [DEBUG] [e10aceaa-c238-4aa9-b599-ec9d01acad9c] Blender Output: Fra:134 Mem:119.91M (Peak 151.55M) | Time:00:00.19 | Rendering 25 / 64 samples

[2025-07-28T16:34:25.062Z] [DEBUG] [e10aceaa-c238-4aa9-b599-ec9d01acad9c] Blender Output: Fra:134 Mem:119.91M (Peak 151.55M) | Time:00:00.34 | Rendering 50 / 64 samples

[2025-07-28T16:34:25.149Z] [DEBUG] [e10aceaa-c238-4aa9-b599-ec9d01acad9c] Blender Output: Fra:134 Mem:119.91M (Peak 151.55M) | Time:00:00.43 | Rendering 64 / 64 samples

[2025-07-28T16:34:25.224Z] [DEBUG] [e10aceaa-c238-4aa9-b599-ec9d01acad9c] Blender Output: Append frame 134
Time: 00:00.51 (Saving: 00:00.03)


[2025-07-28T16:34:25.261Z] [DEBUG] [e10aceaa-c238-4aa9-b599-ec9d01acad9c] Blender Output: Fra:135 Mem:119.91M (Peak 151.55M) | Time:00:00.03 | Rendering 1 / 64 samples

[2025-07-28T16:34:25.413Z] [DEBUG] [e10aceaa-c238-4aa9-b599-ec9d01acad9c] Blender Output: Fra:135 Mem:119.91M (Peak 151.55M) | Time:00:00.18 | Rendering 25 / 64 samples

[2025-07-28T16:34:25.571Z] [DEBUG] [e10aceaa-c238-4aa9-b599-ec9d01acad9c] Blender Output: Fra:135 Mem:119.91M (Peak 151.55M) | Time:00:00.34 | Rendering 50 / 64 samples

[2025-07-28T16:34:25.659Z] [DEBUG] [e10aceaa-c238-4aa9-b599-ec9d01acad9c] Blender Output: Fra:135 Mem:119.91M (Peak 151.55M) | Time:00:00.43 | Rendering 64 / 64 samples

[2025-07-28T16:34:25.736Z] [DEBUG] [e10aceaa-c238-4aa9-b599-ec9d01acad9c] Blender Output: Append frame 135
Time: 00:00.51 (Saving: 00:00.03)


[2025-07-28T16:34:25.772Z] [DEBUG] [e10aceaa-c238-4aa9-b599-ec9d01acad9c] Blender Output: Fra:136 Mem:119.91M (Peak 151.55M) | Time:00:00.03 | Rendering 1 / 64 samples

[2025-07-28T16:34:25.924Z] [DEBUG] [e10aceaa-c238-4aa9-b599-ec9d01acad9c] Blender Output: Fra:136 Mem:119.91M (Peak 151.55M) | Time:00:00.18 | Rendering 25 / 64 samples

[2025-07-28T16:34:26.076Z] [DEBUG] [e10aceaa-c238-4aa9-b599-ec9d01acad9c] Blender Output: Fra:136 Mem:119.91M (Peak 151.55M) | Time:00:00.34 | Rendering 50 / 64 samples

[2025-07-28T16:34:26.162Z] [DEBUG] [e10aceaa-c238-4aa9-b599-ec9d01acad9c] Blender Output: Fra:136 Mem:119.91M (Peak 151.55M) | Time:00:00.42 | Rendering 64 / 64 samples

[2025-07-28T16:34:26.241Z] [DEBUG] [e10aceaa-c238-4aa9-b599-ec9d01acad9c] Blender Output: Append frame 136
Time: 00:00.50 (Saving: 00:00.03)


[2025-07-28T16:34:26.278Z] [DEBUG] [e10aceaa-c238-4aa9-b599-ec9d01acad9c] Blender Output: Fra:137 Mem:119.91M (Peak 151.55M) | Time:00:00.03 | Rendering 1 / 64 samples

[2025-07-28T16:34:26.429Z] [DEBUG] [e10aceaa-c238-4aa9-b599-ec9d01acad9c] Blender Output: Fra:137 Mem:119.91M (Peak 151.55M) | Time:00:00.18 | Rendering 25 / 64 samples

[2025-07-28T16:34:26.583Z] [DEBUG] [e10aceaa-c238-4aa9-b599-ec9d01acad9c] Blender Output: Fra:137 Mem:119.91M (Peak 151.55M) | Time:00:00.34 | Rendering 50 / 64 samples

[2025-07-28T16:34:26.668Z] [DEBUG] [e10aceaa-c238-4aa9-b599-ec9d01acad9c] Blender Output: Fra:137 Mem:119.91M (Peak 151.55M) | Time:00:00.42 | Rendering 64 / 64 samples

[2025-07-28T16:34:26.744Z] [DEBUG] [e10aceaa-c238-4aa9-b599-ec9d01acad9c] Blender Output: Append frame 137
Time: 00:00.50 (Saving: 00:00.03)


[2025-07-28T16:34:26.781Z] [DEBUG] [e10aceaa-c238-4aa9-b599-ec9d01acad9c] Blender Output: Fra:138 Mem:119.91M (Peak 151.55M) | Time:00:00.03 | Rendering 1 / 64 samples

[2025-07-28T16:34:26.932Z] [DEBUG] [e10aceaa-c238-4aa9-b599-ec9d01acad9c] Blender Output: Fra:138 Mem:119.91M (Peak 151.55M) | Time:00:00.18 | Rendering 25 / 64 samples

[2025-07-28T16:34:27.084Z] [DEBUG] [e10aceaa-c238-4aa9-b599-ec9d01acad9c] Blender Output: Fra:138 Mem:119.91M (Peak 151.55M) | Time:00:00.33 | Rendering 50 / 64 samples

[2025-07-28T16:34:27.169Z] [DEBUG] [e10aceaa-c238-4aa9-b599-ec9d01acad9c] Blender Output: Fra:138 Mem:119.91M (Peak 151.55M) | Time:00:00.42 | Rendering 64 / 64 samples

[2025-07-28T16:34:27.247Z] [DEBUG] [e10aceaa-c238-4aa9-b599-ec9d01acad9c] Blender Output: Append frame 138
Time: 00:00.50 (Saving: 00:00.03)


[2025-07-28T16:34:27.283Z] [DEBUG] [e10aceaa-c238-4aa9-b599-ec9d01acad9c] Blender Output: Fra:139 Mem:119.91M (Peak 151.55M) | Time:00:00.03 | Rendering 1 / 64 samples

[2025-07-28T16:34:27.434Z] [DEBUG] [e10aceaa-c238-4aa9-b599-ec9d01acad9c] Blender Output: Fra:139 Mem:119.91M (Peak 151.55M) | Time:00:00.18 | Rendering 25 / 64 samples

[2025-07-28T16:34:27.588Z] [DEBUG] [e10aceaa-c238-4aa9-b599-ec9d01acad9c] Blender Output: Fra:139 Mem:119.91M (Peak 151.55M) | Time:00:00.34 | Rendering 50 / 64 samples

[2025-07-28T16:34:27.673Z] [DEBUG] [e10aceaa-c238-4aa9-b599-ec9d01acad9c] Blender Output: Fra:139 Mem:119.91M (Peak 151.55M) | Time:00:00.42 | Rendering 64 / 64 samples

[2025-07-28T16:34:27.748Z] [DEBUG] [e10aceaa-c238-4aa9-b599-ec9d01acad9c] Blender Output: Append frame 139
Time: 00:00.50 (Saving: 00:00.03)


[2025-07-28T16:34:27.784Z] [DEBUG] [e10aceaa-c238-4aa9-b599-ec9d01acad9c] Blender Output: Fra:140 Mem:119.91M (Peak 151.55M) | Time:00:00.03 | Rendering 1 / 64 samples

[2025-07-28T16:34:27.934Z] [DEBUG] [e10aceaa-c238-4aa9-b599-ec9d01acad9c] Blender Output: Fra:140 Mem:119.91M (Peak 151.55M) | Time:00:00.18 | Rendering 25 / 64 samples

[2025-07-28T16:34:28.087Z] [DEBUG] [e10aceaa-c238-4aa9-b599-ec9d01acad9c] Blender Output: Fra:140 Mem:119.91M (Peak 151.55M) | Time:00:00.33 | Rendering 50 / 64 samples

[2025-07-28T16:34:28.173Z] [DEBUG] [e10aceaa-c238-4aa9-b599-ec9d01acad9c] Blender Output: Fra:140 Mem:119.91M (Peak 151.55M) | Time:00:00.42 | Rendering 64 / 64 samples

[2025-07-28T16:34:28.248Z] [DEBUG] [e10aceaa-c238-4aa9-b599-ec9d01acad9c] Blender Output: Append frame 140
Time: 00:00.50 (Saving: 00:00.03)


[2025-07-28T16:34:28.285Z] [DEBUG] [e10aceaa-c238-4aa9-b599-ec9d01acad9c] Blender Output: Fra:141 Mem:119.91M (Peak 151.55M) | Time:00:00.03 | Rendering 1 / 64 samples

[2025-07-28T16:34:28.436Z] [DEBUG] [e10aceaa-c238-4aa9-b599-ec9d01acad9c] Blender Output: Fra:141 Mem:119.91M (Peak 151.55M) | Time:00:00.18 | Rendering 25 / 64 samples

[2025-07-28T16:34:28.591Z] [DEBUG] [e10aceaa-c238-4aa9-b599-ec9d01acad9c] Blender Output: Fra:141 Mem:119.91M (Peak 151.55M) | Time:00:00.34 | Rendering 50 / 64 samples

[2025-07-28T16:34:28.679Z] [DEBUG] [e10aceaa-c238-4aa9-b599-ec9d01acad9c] Blender Output: Fra:141 Mem:119.91M (Peak 151.55M) | Time:00:00.43 | Rendering 64 / 64 samples

[2025-07-28T16:34:28.755Z] [DEBUG] [e10aceaa-c238-4aa9-b599-ec9d01acad9c] Blender Output: Append frame 141
Time: 00:00.50 (Saving: 00:00.03)


[2025-07-28T16:34:28.791Z] [DEBUG] [e10aceaa-c238-4aa9-b599-ec9d01acad9c] Blender Output: Fra:142 Mem:119.91M (Peak 151.55M) | Time:00:00.03 | Rendering 1 / 64 samples

[2025-07-28T16:34:28.942Z] [DEBUG] [e10aceaa-c238-4aa9-b599-ec9d01acad9c] Blender Output: Fra:142 Mem:119.91M (Peak 151.55M) | Time:00:00.18 | Rendering 25 / 64 samples

[2025-07-28T16:34:29.095Z] [DEBUG] [e10aceaa-c238-4aa9-b599-ec9d01acad9c] Blender Output: Fra:142 Mem:119.91M (Peak 151.55M) | Time:00:00.34 | Rendering 50 / 64 samples

[2025-07-28T16:34:29.181Z] [DEBUG] [e10aceaa-c238-4aa9-b599-ec9d01acad9c] Blender Output: Fra:142 Mem:119.91M (Peak 151.55M) | Time:00:00.42 | Rendering 64 / 64 samples

[2025-07-28T16:34:29.259Z] [DEBUG] [e10aceaa-c238-4aa9-b599-ec9d01acad9c] Blender Output: Append frame 142
Time: 00:00.50 (Saving: 00:00.03)


[2025-07-28T16:34:29.437Z] [DEBUG] [e10aceaa-c238-4aa9-b599-ec9d01acad9c] Blender Output: 🎯 V1.4.0.a.8.1 - HOTFIX BLENDER 4.5+ INICIADO
🛡️ BLINDAGEM: V1.4.0.a.7 sync perfeito preservado
🔧 HOTFIX: APIs compatíveis com Blender 4.5+ e EEVEE_NEXT
📂 Working directory: C:\Users\Denys Victoriano\Documents\GitHub\clone\zentraw\Zentraw\3d_visualizer\Blender
🐍 Python script: C:\Users\Denys Victoriano\Documents\GitHub\clone\zentraw\Zentraw\3d_visualizer\Blender\render_audio_visualizer_v1.4.0.a.8.1.py
🔍 Verificando existência dos arquivos...
✅ Todos os arquivos validados com sucesso
🎵 Áudio: C:\Users\Denys Victoriano\Documents\GitHub\clone\zentraw\Zentraw\3d_visualizer\uploads\1753720393043_audio.wav
🖼️ Imagem: C:\Users\Denys Victoriano\Documents\GitHub\clone\zentraw\Zentraw\3d_visualizer\uploads\1753720393047_image.png
📁 Output (absoluto): C:\Users\Denys Victoriano\Documents\GitHub\clone\zentraw\Zentraw\3d_visualizer\outputs\output_v1.4.0.a.8.mp4
⚙️ Config: C:\Users\Denys Victoriano\Documents\GitHub\clone\zentraw\Zentraw\3d_visualizer\temp\config_e10aceaa-c238-4aa9-b599-ec9d01acad9c.json
📊 CONFIGURAÇÕES APLICADAS V1.4.0.a.8.1 HOTFIX:
   🎬 Resolução: 1920x1080 (Full HD padrão)
   🎞️ FPS: 30
   🔍 Samples: 128
   ⚡ Engine: BLENDER_EEVEE_NEXT (Eevee Next padrão - Blender 4.5+)
   📊 Amplitude Multiplier: 3.0x (V1.4.0.a.7 BLINDADO)
   🌊 Suavização: 1
   🎧 Canais: mono
   📦 Escala Base: 1.0x
   📈 Escala Máxima: 5.0x
   🎯 Partículas: 64
   📏 Espaçamento: 1.2
🎬 Setting up scene...
🚀 Render engine: BLENDER_EEVEE_NEXT
📐 Resolução: 1920x1080
⚡ Eevee configurado para velocidade (samples: 64)
✅ Samples Eevee configurados
🔒 Definindo caminho de saída do render: C:\Users\Denys Victoriano\Documents\GitHub\clone\zentraw\Zentraw\3d_visualizer\outputs\output_v1.4.0.a.8.mp4
🎵 Carregando áudio...
🎵 Áudio carregado: 227324 samples, 48000Hz, 2 canais
⏱️ Duração: 4.74s, 142 frames @ 30fps
🎯 Criando sistema de cubos...
✅ 64 cubos criados
🎵 Animando baseado no áudio...
✅ Animação completa
🖼️ Adicionando imagem de fundo: C:\Users\Denys Victoriano\Documents\GitHub\clone\zentraw\Zentraw\3d_visualizer\uploads\1753720393047_image.png
🎵 Configurando áudio no sequencer...
🎬 Iniciando render...
📊 Engine: BLENDER_EEVEE_NEXT
📐 Resolução: 1920x1080
⏱️ Frames: 142
🎵 Com áudio: True
🎉 Render concluído com sucesso!
📂 Arquivos no diretório de saída (C:\Users\Denys Victoriano\Documents\GitHub\clone\zentraw\Zentraw\3d_visualizer\outputs):
 - output_v1.4.0.a.8.mp4
✅ Arquivo MP4 gerado: C:\Users\Denys Victoriano\Documents\GitHub\clone\zentraw\Zentraw\3d_visualizer\outputs\output_v1.4.0.a.8.mp4

[2025-07-28T16:34:29.700Z] [DEBUG] [e10aceaa-c238-4aa9-b599-ec9d01acad9c] Blender Output: 
Blender quit

[2025-07-28T16:34:29.757Z] [INFO] [e10aceaa-c238-4aa9-b599-ec9d01acad9c] Blender process finalizado com código: 0
[2025-07-28T16:34:29.758Z] [SUCCESS] [e10aceaa-c238-4aa9-b599-ec9d01acad9c] Render concluído: C:\Users\Denys Victoriano\Documents\GitHub\clone\zentraw\Zentraw\3d_visualizer\outputs\output_v1.4.0.a.8.mp4
[2025-07-28T16:34:29.901Z] [INFO] Health check solicitado
[2025-07-28T16:35:19.670Z] [INFO] [23483672-3fe1-4414-975d-15cadf561d32] Iniciando render parametrizado
[2025-07-28T16:35:19.671Z] [DEBUG] [23483672-3fe1-4414-975d-15cadf561d32] 🔍 DEBUG - audioFile: {"fieldname":"audio","originalname":"sample_audio3.wav","encoding":"7bit","mimetype":"audio/wav","destination":"C:\\Users\\Denys Victoriano\\Documents\\GitHub\\clone\\zentraw\\Zentraw\\3d_visualizer\\uploads","filename":"1753720519641_audio.wav","path":"C:\\Users\\Denys Victoriano\\Documents\\GitHub\\clone\\zentraw\\Zentraw\\3d_visualizer\\uploads\\1753720519641_audio.wav","size":909502}
[2025-07-28T16:35:19.672Z] [DEBUG] [23483672-3fe1-4414-975d-15cadf561d32] 🔍 DEBUG - imageFile: {"fieldname":"image","originalname":"cover_spotify.png","encoding":"7bit","mimetype":"image/png","destination":"C:\\Users\\Denys Victoriano\\Documents\\GitHub\\clone\\zentraw\\Zentraw\\3d_visualizer\\uploads","filename":"1753720519644_image.png","path":"C:\\Users\\Denys Victoriano\\Documents\\GitHub\\clone\\zentraw\\Zentraw\\3d_visualizer\\uploads\\1753720519644_image.png","size":6594976}
[2025-07-28T16:35:19.788Z] [INFO] [23483672-3fe1-4414-975d-15cadf561d32] Executando Blender: C:\Program Files\Blender Foundation\Blender 4.5\blender.exe C:\Users\Denys Victoriano\Documents\GitHub\clone\zentraw\Zentraw\3d_visualizer\Blender\template.blend --background --python C:\Users\Denys Victoriano\Documents\GitHub\clone\zentraw\Zentraw\3d_visualizer\Blender\render_audio_visualizer_v1.4.0.a.8.1.py -- C:\Users\Denys Victoriano\Documents\GitHub\clone\zentraw\Zentraw\3d_visualizer\uploads\1753720519641_audio.wav C:\Users\Denys Victoriano\Documents\GitHub\clone\zentraw\Zentraw\3d_visualizer\uploads\1753720519644_image.png C:\Users\Denys Victoriano\Documents\GitHub\clone\zentraw\Zentraw\3d_visualizer\outputs\output_v1.4.0.a.8.mp4 C:\Users\Denys Victoriano\Documents\GitHub\clone\zentraw\Zentraw\3d_visualizer\temp\config_23483672-3fe1-4414-975d-15cadf561d32.json
[2025-07-28T16:35:23.208Z] [DEBUG] [23483672-3fe1-4414-975d-15cadf561d32] Blender Output: Blender 4.5.0 (hash 8cb6b388974a built 2025-07-15 01:36:24)
Read blend: "C:\Users\Denys Victoriano\Documents\GitHub\clone\zentraw\Zentraw\3d_visualizer\Blender\template.blend"
Fra:1 Mem:119.40M (Peak 132.71M) | Time:00:00.54 | Rendering 1 / 64 samples

[2025-07-28T16:35:23.348Z] [DEBUG] [23483672-3fe1-4414-975d-15cadf561d32] Blender Output: Fra:1 Mem:119.72M (Peak 132.71M) | Time:00:00.68 | Rendering 25 / 64 samples

[2025-07-28T16:35:23.479Z] [DEBUG] [23483672-3fe1-4414-975d-15cadf561d32] Blender Output: Fra:1 Mem:119.72M (Peak 132.71M) | Time:00:00.81 | Rendering 50 / 64 samples

[2025-07-28T16:35:23.552Z] [DEBUG] [23483672-3fe1-4414-975d-15cadf561d32] Blender Output: Fra:1 Mem:119.72M (Peak 132.71M) | Time:00:00.89 | Rendering 64 / 64 samples

[2025-07-28T16:35:23.816Z] [DEBUG] [23483672-3fe1-4414-975d-15cadf561d32] Blender Output: Append frame 1
Time: 00:01.15 (Saving: 00:00.22)


[2025-07-28T16:35:23.867Z] [DEBUG] [23483672-3fe1-4414-975d-15cadf561d32] Blender Output: Fra:2 Mem:119.86M (Peak 151.36M) | Time:00:00.05 | Rendering 1 / 64 samples

[2025-07-28T16:35:24.018Z] [DEBUG] [23483672-3fe1-4414-975d-15cadf561d32] Blender Output: Fra:2 Mem:119.91M (Peak 151.36M) | Time:00:00.20 | Rendering 25 / 64 samples

[2025-07-28T16:35:24.172Z] [DEBUG] [23483672-3fe1-4414-975d-15cadf561d32] Blender Output: Fra:2 Mem:119.91M (Peak 151.36M) | Time:00:00.35 | Rendering 50 / 64 samples

[2025-07-28T16:35:24.259Z] [DEBUG] [23483672-3fe1-4414-975d-15cadf561d32] Blender Output: Fra:2 Mem:119.91M (Peak 151.36M) | Time:00:00.44 | Rendering 64 / 64 samples

[2025-07-28T16:35:24.362Z] [DEBUG] [23483672-3fe1-4414-975d-15cadf561d32] Blender Output: Append frame 2
Time: 00:00.54 (Saving: 00:00.04)


[2025-07-28T16:35:24.398Z] [DEBUG] [23483672-3fe1-4414-975d-15cadf561d32] Blender Output: Fra:3 Mem:119.91M (Peak 151.55M) | Time:00:00.03 | Rendering 1 / 64 samples

[2025-07-28T16:35:24.552Z] [DEBUG] [23483672-3fe1-4414-975d-15cadf561d32] Blender Output: Fra:3 Mem:119.91M (Peak 151.55M) | Time:00:00.18 | Rendering 25 / 64 samples

[2025-07-28T16:35:24.707Z] [DEBUG] [23483672-3fe1-4414-975d-15cadf561d32] Blender Output: Fra:3 Mem:119.91M (Peak 151.55M) | Time:00:00.34 | Rendering 50 / 64 samples

[2025-07-28T16:35:24.794Z] [DEBUG] [23483672-3fe1-4414-975d-15cadf561d32] Blender Output: Fra:3 Mem:119.91M (Peak 151.55M) | Time:00:00.43 | Rendering 64 / 64 samples

[2025-07-28T16:35:24.875Z] [DEBUG] [23483672-3fe1-4414-975d-15cadf561d32] Blender Output: Append frame 3
Time: 00:00.51 (Saving: 00:00.03)


[2025-07-28T16:35:24.910Z] [DEBUG] [23483672-3fe1-4414-975d-15cadf561d32] Blender Output: Fra:4 Mem:119.91M (Peak 151.55M) | Time:00:00.03 | Rendering 1 / 64 samples

[2025-07-28T16:35:25.060Z] [DEBUG] [23483672-3fe1-4414-975d-15cadf561d32] Blender Output: Fra:4 Mem:119.91M (Peak 151.55M) | Time:00:00.18 | Rendering 25 / 64 samples

[2025-07-28T16:35:25.215Z] [DEBUG] [23483672-3fe1-4414-975d-15cadf561d32] Blender Output: Fra:4 Mem:119.91M (Peak 151.55M) | Time:00:00.34 | Rendering 50 / 64 samples

[2025-07-28T16:35:25.303Z] [DEBUG] [23483672-3fe1-4414-975d-15cadf561d32] Blender Output: Fra:4 Mem:119.91M (Peak 151.55M) | Time:00:00.42 | Rendering 64 / 64 samples

[2025-07-28T16:35:25.382Z] [DEBUG] [23483672-3fe1-4414-975d-15cadf561d32] Blender Output: Append frame 4
Time: 00:00.50 (Saving: 00:00.03)


[2025-07-28T16:35:25.418Z] [DEBUG] [23483672-3fe1-4414-975d-15cadf561d32] Blender Output: Fra:5 Mem:119.91M (Peak 151.55M) | Time:00:00.03 | Rendering 1 / 64 samples

[2025-07-28T16:35:25.568Z] [DEBUG] [23483672-3fe1-4414-975d-15cadf561d32] Blender Output: Fra:5 Mem:119.91M (Peak 151.55M) | Time:00:00.18 | Rendering 25 / 64 samples

[2025-07-28T16:35:25.723Z] [DEBUG] [23483672-3fe1-4414-975d-15cadf561d32] Blender Output: Fra:5 Mem:119.91M (Peak 151.55M) | Time:00:00.34 | Rendering 50 / 64 samples

[2025-07-28T16:35:25.809Z] [DEBUG] [23483672-3fe1-4414-975d-15cadf561d32] Blender Output: Fra:5 Mem:119.91M (Peak 151.55M) | Time:00:00.42 | Rendering 64 / 64 samples

[2025-07-28T16:35:25.886Z] [DEBUG] [23483672-3fe1-4414-975d-15cadf561d32] Blender Output: Append frame 5
Time: 00:00.50 (Saving: 00:00.03)


[2025-07-28T16:35:25.921Z] [DEBUG] [23483672-3fe1-4414-975d-15cadf561d32] Blender Output: Fra:6 Mem:119.91M (Peak 151.55M) | Time:00:00.03 | Rendering 1 / 64 samples

[2025-07-28T16:35:26.072Z] [DEBUG] [23483672-3fe1-4414-975d-15cadf561d32] Blender Output: Fra:6 Mem:119.91M (Peak 151.55M) | Time:00:00.18 | Rendering 25 / 64 samples

[2025-07-28T16:35:26.227Z] [DEBUG] [23483672-3fe1-4414-975d-15cadf561d32] Blender Output: Fra:6 Mem:119.91M (Peak 151.55M) | Time:00:00.34 | Rendering 50 / 64 samples

[2025-07-28T16:35:26.312Z] [DEBUG] [23483672-3fe1-4414-975d-15cadf561d32] Blender Output: Fra:6 Mem:119.91M (Peak 151.55M) | Time:00:00.42 | Rendering 64 / 64 samples

[2025-07-28T16:35:26.391Z] [DEBUG] [23483672-3fe1-4414-975d-15cadf561d32] Blender Output: Append frame 6
Time: 00:00.50 (Saving: 00:00.03)


[2025-07-28T16:35:26.427Z] [DEBUG] [23483672-3fe1-4414-975d-15cadf561d32] Blender Output: Fra:7 Mem:119.91M (Peak 151.55M) | Time:00:00.03 | Rendering 1 / 64 samples

[2025-07-28T16:35:26.578Z] [DEBUG] [23483672-3fe1-4414-975d-15cadf561d32] Blender Output: Fra:7 Mem:119.91M (Peak 151.55M) | Time:00:00.18 | Rendering 25 / 64 samples

[2025-07-28T16:35:26.731Z] [DEBUG] [23483672-3fe1-4414-975d-15cadf561d32] Blender Output: Fra:7 Mem:119.91M (Peak 151.55M) | Time:00:00.34 | Rendering 50 / 64 samples

[2025-07-28T16:35:26.818Z] [DEBUG] [23483672-3fe1-4414-975d-15cadf561d32] Blender Output: Fra:7 Mem:119.91M (Peak 151.55M) | Time:00:00.42 | Rendering 64 / 64 samples

[2025-07-28T16:35:26.896Z] [DEBUG] [23483672-3fe1-4414-975d-15cadf561d32] Blender Output: Append frame 7
Time: 00:00.50 (Saving: 00:00.03)


[2025-07-28T16:35:26.932Z] [DEBUG] [23483672-3fe1-4414-975d-15cadf561d32] Blender Output: Fra:8 Mem:119.91M (Peak 151.55M) | Time:00:00.03 | Rendering 1 / 64 samples

[2025-07-28T16:35:27.088Z] [DEBUG] [23483672-3fe1-4414-975d-15cadf561d32] Blender Output: Fra:8 Mem:119.91M (Peak 151.55M) | Time:00:00.19 | Rendering 25 / 64 samples

[2025-07-28T16:35:27.248Z] [DEBUG] [23483672-3fe1-4414-975d-15cadf561d32] Blender Output: Fra:8 Mem:119.91M (Peak 151.55M) | Time:00:00.35 | Rendering 50 / 64 samples

[2025-07-28T16:35:27.338Z] [DEBUG] [23483672-3fe1-4414-975d-15cadf561d32] Blender Output: Fra:8 Mem:119.91M (Peak 151.55M) | Time:00:00.44 | Rendering 64 / 64 samples

[2025-07-28T16:35:27.416Z] [DEBUG] [23483672-3fe1-4414-975d-15cadf561d32] Blender Output: Append frame 8
Time: 00:00.51 (Saving: 00:00.03)


[2025-07-28T16:35:27.457Z] [DEBUG] [23483672-3fe1-4414-975d-15cadf561d32] Blender Output: Fra:9 Mem:119.91M (Peak 151.55M) | Time:00:00.04 | Rendering 1 / 64 samples

[2025-07-28T16:35:27.616Z] [DEBUG] [23483672-3fe1-4414-975d-15cadf561d32] Blender Output: Fra:9 Mem:119.91M (Peak 151.55M) | Time:00:00.19 | Rendering 25 / 64 samples

[2025-07-28T16:35:27.776Z] [DEBUG] [23483672-3fe1-4414-975d-15cadf561d32] Blender Output: Fra:9 Mem:119.91M (Peak 151.55M) | Time:00:00.35 | Rendering 50 / 64 samples

[2025-07-28T16:35:27.865Z] [DEBUG] [23483672-3fe1-4414-975d-15cadf561d32] Blender Output: Fra:9 Mem:119.91M (Peak 151.55M) | Time:00:00.44 | Rendering 64 / 64 samples

[2025-07-28T16:35:27.943Z] [DEBUG] [23483672-3fe1-4414-975d-15cadf561d32] Blender Output: Append frame 9
Time: 00:00.52 (Saving: 00:00.03)


[2025-07-28T16:35:27.979Z] [DEBUG] [23483672-3fe1-4414-975d-15cadf561d32] Blender Output: Fra:10 Mem:119.91M (Peak 151.55M) | Time:00:00.03 | Rendering 1 / 64 samples

[2025-07-28T16:35:28.130Z] [DEBUG] [23483672-3fe1-4414-975d-15cadf561d32] Blender Output: Fra:10 Mem:119.91M (Peak 151.55M) | Time:00:00.18 | Rendering 25 / 64 samples

[2025-07-28T16:35:28.285Z] [DEBUG] [23483672-3fe1-4414-975d-15cadf561d32] Blender Output: Fra:10 Mem:119.91M (Peak 151.55M) | Time:00:00.34 | Rendering 50 / 64 samples

[2025-07-28T16:35:28.373Z] [DEBUG] [23483672-3fe1-4414-975d-15cadf561d32] Blender Output: Fra:10 Mem:119.91M (Peak 151.55M) | Time:00:00.43 | Rendering 64 / 64 samples

[2025-07-28T16:35:28.458Z] [DEBUG] [23483672-3fe1-4414-975d-15cadf561d32] Blender Output: Append frame 10
Time: 00:00.51 (Saving: 00:00.03)


[2025-07-28T16:35:28.494Z] [DEBUG] [23483672-3fe1-4414-975d-15cadf561d32] Blender Output: Fra:11 Mem:119.91M (Peak 151.55M) | Time:00:00.03 | Rendering 1 / 64 samples

[2025-07-28T16:35:28.645Z] [DEBUG] [23483672-3fe1-4414-975d-15cadf561d32] Blender Output: Fra:11 Mem:119.91M (Peak 151.55M) | Time:00:00.18 | Rendering 25 / 64 samples

[2025-07-28T16:35:28.801Z] [DEBUG] [23483672-3fe1-4414-975d-15cadf561d32] Blender Output: Fra:11 Mem:119.91M (Peak 151.55M) | Time:00:00.34 | Rendering 50 / 64 samples

[2025-07-28T16:35:28.889Z] [DEBUG] [23483672-3fe1-4414-975d-15cadf561d32] Blender Output: Fra:11 Mem:119.91M (Peak 151.55M) | Time:00:00.43 | Rendering 64 / 64 samples

[2025-07-28T16:35:28.968Z] [DEBUG] [23483672-3fe1-4414-975d-15cadf561d32] Blender Output: Append frame 11
Time: 00:00.51 (Saving: 00:00.03)


[2025-07-28T16:35:29.004Z] [DEBUG] [23483672-3fe1-4414-975d-15cadf561d32] Blender Output: Fra:12 Mem:119.91M (Peak 151.55M) | Time:00:00.03 | Rendering 1 / 64 samples

[2025-07-28T16:35:29.155Z] [DEBUG] [23483672-3fe1-4414-975d-15cadf561d32] Blender Output: Fra:12 Mem:119.91M (Peak 151.55M) | Time:00:00.18 | Rendering 25 / 64 samples

[2025-07-28T16:35:29.311Z] [DEBUG] [23483672-3fe1-4414-975d-15cadf561d32] Blender Output: Fra:12 Mem:119.91M (Peak 151.55M) | Time:00:00.34 | Rendering 50 / 64 samples

[2025-07-28T16:35:29.398Z] [DEBUG] [23483672-3fe1-4414-975d-15cadf561d32] Blender Output: Fra:12 Mem:119.91M (Peak 151.55M) | Time:00:00.42 | Rendering 64 / 64 samples

[2025-07-28T16:35:29.474Z] [DEBUG] [23483672-3fe1-4414-975d-15cadf561d32] Blender Output: Append frame 12
Time: 00:00.50 (Saving: 00:00.03)


[2025-07-28T16:35:29.509Z] [DEBUG] [23483672-3fe1-4414-975d-15cadf561d32] Blender Output: Fra:13 Mem:119.91M (Peak 151.55M) | Time:00:00.03 | Rendering 1 / 64 samples

[2025-07-28T16:35:29.660Z] [DEBUG] [23483672-3fe1-4414-975d-15cadf561d32] Blender Output: Fra:13 Mem:119.91M (Peak 151.55M) | Time:00:00.18 | Rendering 25 / 64 samples

[2025-07-28T16:35:29.817Z] [DEBUG] [23483672-3fe1-4414-975d-15cadf561d32] Blender Output: Fra:13 Mem:119.91M (Peak 151.55M) | Time:00:00.34 | Rendering 50 / 64 samples

[2025-07-28T16:35:29.903Z] [DEBUG] [23483672-3fe1-4414-975d-15cadf561d32] Blender Output: Fra:13 Mem:119.91M (Peak 151.55M) | Time:00:00.42 | Rendering 64 / 64 samples

[2025-07-28T16:35:29.980Z] [DEBUG] [23483672-3fe1-4414-975d-15cadf561d32] Blender Output: Append frame 13
Time: 00:00.50 (Saving: 00:00.03)


[2025-07-28T16:35:30.016Z] [DEBUG] [23483672-3fe1-4414-975d-15cadf561d32] Blender Output: Fra:14 Mem:119.91M (Peak 151.55M) | Time:00:00.03 | Rendering 1 / 64 samples

[2025-07-28T16:35:30.167Z] [DEBUG] [23483672-3fe1-4414-975d-15cadf561d32] Blender Output: Fra:14 Mem:119.91M (Peak 151.55M) | Time:00:00.18 | Rendering 25 / 64 samples

[2025-07-28T16:35:30.319Z] [DEBUG] [23483672-3fe1-4414-975d-15cadf561d32] Blender Output: Fra:14 Mem:119.91M (Peak 151.55M) | Time:00:00.33 | Rendering 50 / 64 samples

[2025-07-28T16:35:30.405Z] [DEBUG] [23483672-3fe1-4414-975d-15cadf561d32] Blender Output: Fra:14 Mem:119.91M (Peak 151.55M) | Time:00:00.42 | Rendering 64 / 64 samples

[2025-07-28T16:35:30.483Z] [DEBUG] [23483672-3fe1-4414-975d-15cadf561d32] Blender Output: Append frame 14
Time: 00:00.50 (Saving: 00:00.03)


[2025-07-28T16:35:30.519Z] [DEBUG] [23483672-3fe1-4414-975d-15cadf561d32] Blender Output: Fra:15 Mem:119.91M (Peak 151.55M) | Time:00:00.03 | Rendering 1 / 64 samples

[2025-07-28T16:35:30.675Z] [DEBUG] [23483672-3fe1-4414-975d-15cadf561d32] Blender Output: Fra:15 Mem:119.91M (Peak 151.55M) | Time:00:00.19 | Rendering 25 / 64 samples

[2025-07-28T16:35:30.834Z] [DEBUG] [23483672-3fe1-4414-975d-15cadf561d32] Blender Output: Fra:15 Mem:119.91M (Peak 151.55M) | Time:00:00.35 | Rendering 50 / 64 samples

[2025-07-28T16:35:30.923Z] [DEBUG] [23483672-3fe1-4414-975d-15cadf561d32] Blender Output: Fra:15 Mem:119.91M (Peak 151.55M) | Time:00:00.44 | Rendering 64 / 64 samples

[2025-07-28T16:35:31.000Z] [DEBUG] [23483672-3fe1-4414-975d-15cadf561d32] Blender Output: Append frame 15
Time: 00:00.51 (Saving: 00:00.03)


[2025-07-28T16:35:31.036Z] [DEBUG] [23483672-3fe1-4414-975d-15cadf561d32] Blender Output: Fra:16 Mem:119.91M (Peak 151.55M) | Time:00:00.03 | Rendering 1 / 64 samples

[2025-07-28T16:35:31.189Z] [DEBUG] [23483672-3fe1-4414-975d-15cadf561d32] Blender Output: Fra:16 Mem:119.91M (Peak 151.55M) | Time:00:00.18 | Rendering 25 / 64 samples

[2025-07-28T16:35:31.346Z] [DEBUG] [23483672-3fe1-4414-975d-15cadf561d32] Blender Output: Fra:16 Mem:119.91M (Peak 151.55M) | Time:00:00.34 | Rendering 50 / 64 samples

[2025-07-28T16:35:31.434Z] [DEBUG] [23483672-3fe1-4414-975d-15cadf561d32] Blender Output: Fra:16 Mem:119.91M (Peak 151.55M) | Time:00:00.43 | Rendering 64 / 64 samples

[2025-07-28T16:35:31.512Z] [DEBUG] [23483672-3fe1-4414-975d-15cadf561d32] Blender Output: Append frame 16
Time: 00:00.51 (Saving: 00:00.03)


[2025-07-28T16:35:31.548Z] [DEBUG] [23483672-3fe1-4414-975d-15cadf561d32] Blender Output: Fra:17 Mem:119.91M (Peak 151.55M) | Time:00:00.03 | Rendering 1 / 64 samples

[2025-07-28T16:35:31.700Z] [DEBUG] [23483672-3fe1-4414-975d-15cadf561d32] Blender Output: Fra:17 Mem:119.91M (Peak 151.55M) | Time:00:00.18 | Rendering 25 / 64 samples

[2025-07-28T16:35:31.854Z] [DEBUG] [23483672-3fe1-4414-975d-15cadf561d32] Blender Output: Fra:17 Mem:119.91M (Peak 151.55M) | Time:00:00.34 | Rendering 50 / 64 samples

[2025-07-28T16:35:31.940Z] [DEBUG] [23483672-3fe1-4414-975d-15cadf561d32] Blender Output: Fra:17 Mem:119.91M (Peak 151.55M) | Time:00:00.42 | Rendering 64 / 64 samples

[2025-07-28T16:35:32.017Z] [DEBUG] [23483672-3fe1-4414-975d-15cadf561d32] Blender Output: Append frame 17
Time: 00:00.50 (Saving: 00:00.03)


[2025-07-28T16:35:32.053Z] [DEBUG] [23483672-3fe1-4414-975d-15cadf561d32] Blender Output: Fra:18 Mem:119.91M (Peak 151.55M) | Time:00:00.03 | Rendering 1 / 64 samples

[2025-07-28T16:35:32.204Z] [DEBUG] [23483672-3fe1-4414-975d-15cadf561d32] Blender Output: Fra:18 Mem:119.91M (Peak 151.55M) | Time:00:00.18 | Rendering 25 / 64 samples

[2025-07-28T16:35:32.356Z] [DEBUG] [23483672-3fe1-4414-975d-15cadf561d32] Blender Output: Fra:18 Mem:119.91M (Peak 151.55M) | Time:00:00.33 | Rendering 50 / 64 samples

[2025-07-28T16:35:32.442Z] [DEBUG] [23483672-3fe1-4414-975d-15cadf561d32] Blender Output: Fra:18 Mem:119.91M (Peak 151.55M) | Time:00:00.42 | Rendering 64 / 64 samples

[2025-07-28T16:35:32.517Z] [DEBUG] [23483672-3fe1-4414-975d-15cadf561d32] Blender Output: Append frame 18
Time: 00:00.50 (Saving: 00:00.03)


[2025-07-28T16:35:32.554Z] [DEBUG] [23483672-3fe1-4414-975d-15cadf561d32] Blender Output: Fra:19 Mem:119.91M (Peak 151.55M) | Time:00:00.03 | Rendering 1 / 64 samples

[2025-07-28T16:35:32.705Z] [DEBUG] [23483672-3fe1-4414-975d-15cadf561d32] Blender Output: Fra:19 Mem:119.91M (Peak 151.55M) | Time:00:00.18 | Rendering 25 / 64 samples

[2025-07-28T16:35:32.861Z] [DEBUG] [23483672-3fe1-4414-975d-15cadf561d32] Blender Output: Fra:19 Mem:119.91M (Peak 151.55M) | Time:00:00.34 | Rendering 50 / 64 samples

[2025-07-28T16:35:32.947Z] [DEBUG] [23483672-3fe1-4414-975d-15cadf561d32] Blender Output: Fra:19 Mem:119.91M (Peak 151.55M) | Time:00:00.42 | Rendering 64 / 64 samples

[2025-07-28T16:35:33.026Z] [DEBUG] [23483672-3fe1-4414-975d-15cadf561d32] Blender Output: Append frame 19
Time: 00:00.50 (Saving: 00:00.03)


[2025-07-28T16:35:33.062Z] [DEBUG] [23483672-3fe1-4414-975d-15cadf561d32] Blender Output: Fra:20 Mem:119.91M (Peak 151.55M) | Time:00:00.03 | Rendering 1 / 64 samples

[2025-07-28T16:35:33.212Z] [DEBUG] [23483672-3fe1-4414-975d-15cadf561d32] Blender Output: Fra:20 Mem:119.91M (Peak 151.55M) | Time:00:00.18 | Rendering 25 / 64 samples

[2025-07-28T16:35:33.365Z] [DEBUG] [23483672-3fe1-4414-975d-15cadf561d32] Blender Output: Fra:20 Mem:119.91M (Peak 151.55M) | Time:00:00.33 | Rendering 50 / 64 samples

[2025-07-28T16:35:33.451Z] [DEBUG] [23483672-3fe1-4414-975d-15cadf561d32] Blender Output: Fra:20 Mem:119.91M (Peak 151.55M) | Time:00:00.42 | Rendering 64 / 64 samples

[2025-07-28T16:35:33.531Z] [DEBUG] [23483672-3fe1-4414-975d-15cadf561d32] Blender Output: Append frame 20
Time: 00:00.50 (Saving: 00:00.03)


[2025-07-28T16:35:33.568Z] [DEBUG] [23483672-3fe1-4414-975d-15cadf561d32] Blender Output: Fra:21 Mem:119.91M (Peak 151.55M) | Time:00:00.03 | Rendering 1 / 64 samples

[2025-07-28T16:35:33.719Z] [DEBUG] [23483672-3fe1-4414-975d-15cadf561d32] Blender Output: Fra:21 Mem:119.91M (Peak 151.55M) | Time:00:00.18 | Rendering 25 / 64 samples

[2025-07-28T16:35:33.872Z] [DEBUG] [23483672-3fe1-4414-975d-15cadf561d32] Blender Output: Fra:21 Mem:119.91M (Peak 151.55M) | Time:00:00.34 | Rendering 50 / 64 samples

[2025-07-28T16:35:33.958Z] [DEBUG] [23483672-3fe1-4414-975d-15cadf561d32] Blender Output: Fra:21 Mem:119.91M (Peak 151.55M) | Time:00:00.42 | Rendering 64 / 64 samples

[2025-07-28T16:35:34.036Z] [DEBUG] [23483672-3fe1-4414-975d-15cadf561d32] Blender Output: Append frame 21
Time: 00:00.50 (Saving: 00:00.03)


[2025-07-28T16:35:34.073Z] [DEBUG] [23483672-3fe1-4414-975d-15cadf561d32] Blender Output: Fra:22 Mem:119.91M (Peak 151.55M) | Time:00:00.03 | Rendering 1 / 64 samples

[2025-07-28T16:35:34.223Z] [DEBUG] [23483672-3fe1-4414-975d-15cadf561d32] Blender Output: Fra:22 Mem:119.91M (Peak 151.55M) | Time:00:00.18 | Rendering 25 / 64 samples

[2025-07-28T16:35:34.377Z] [DEBUG] [23483672-3fe1-4414-975d-15cadf561d32] Blender Output: Fra:22 Mem:119.91M (Peak 151.55M) | Time:00:00.34 | Rendering 50 / 64 samples

[2025-07-28T16:35:34.463Z] [DEBUG] [23483672-3fe1-4414-975d-15cadf561d32] Blender Output: Fra:22 Mem:119.91M (Peak 151.55M) | Time:00:00.42 | Rendering 64 / 64 samples

[2025-07-28T16:35:34.540Z] [DEBUG] [23483672-3fe1-4414-975d-15cadf561d32] Blender Output: Append frame 22
Time: 00:00.50 (Saving: 00:00.03)


[2025-07-28T16:35:34.577Z] [DEBUG] [23483672-3fe1-4414-975d-15cadf561d32] Blender Output: Fra:23 Mem:119.91M (Peak 151.55M) | Time:00:00.03 | Rendering 1 / 64 samples

[2025-07-28T16:35:34.728Z] [DEBUG] [23483672-3fe1-4414-975d-15cadf561d32] Blender Output: Fra:23 Mem:119.91M (Peak 151.55M) | Time:00:00.18 | Rendering 25 / 64 samples

[2025-07-28T16:35:34.883Z] [DEBUG] [23483672-3fe1-4414-975d-15cadf561d32] Blender Output: Fra:23 Mem:119.91M (Peak 151.55M) | Time:00:00.34 | Rendering 50 / 64 samples

[2025-07-28T16:35:34.971Z] [DEBUG] [23483672-3fe1-4414-975d-15cadf561d32] Blender Output: Fra:23 Mem:119.91M (Peak 151.55M) | Time:00:00.43 | Rendering 64 / 64 samples

[2025-07-28T16:35:35.050Z] [DEBUG] [23483672-3fe1-4414-975d-15cadf561d32] Blender Output: Append frame 23
Time: 00:00.50 (Saving: 00:00.03)


[2025-07-28T16:35:35.086Z] [DEBUG] [23483672-3fe1-4414-975d-15cadf561d32] Blender Output: Fra:24 Mem:119.91M (Peak 151.55M) | Time:00:00.03 | Rendering 1 / 64 samples

[2025-07-28T16:35:35.237Z] [DEBUG] [23483672-3fe1-4414-975d-15cadf561d32] Blender Output: Fra:24 Mem:119.91M (Peak 151.55M) | Time:00:00.18 | Rendering 25 / 64 samples

[2025-07-28T16:35:35.390Z] [DEBUG] [23483672-3fe1-4414-975d-15cadf561d32] Blender Output: Fra:24 Mem:119.91M (Peak 151.55M) | Time:00:00.33 | Rendering 50 / 64 samples

[2025-07-28T16:35:35.477Z] [DEBUG] [23483672-3fe1-4414-975d-15cadf561d32] Blender Output: Fra:24 Mem:119.91M (Peak 151.55M) | Time:00:00.42 | Rendering 64 / 64 samples

[2025-07-28T16:35:35.552Z] [DEBUG] [23483672-3fe1-4414-975d-15cadf561d32] Blender Output: Append frame 24
Time: 00:00.50 (Saving: 00:00.03)


[2025-07-28T16:35:35.588Z] [DEBUG] [23483672-3fe1-4414-975d-15cadf561d32] Blender Output: Fra:25 Mem:119.91M (Peak 151.55M) | Time:00:00.03 | Rendering 1 / 64 samples

[2025-07-28T16:35:35.742Z] [DEBUG] [23483672-3fe1-4414-975d-15cadf561d32] Blender Output: Fra:25 Mem:119.91M (Peak 151.55M) | Time:00:00.18 | Rendering 25 / 64 samples

[2025-07-28T16:35:35.896Z] [DEBUG] [23483672-3fe1-4414-975d-15cadf561d32] Blender Output: Fra:25 Mem:119.91M (Peak 151.55M) | Time:00:00.34 | Rendering 50 / 64 samples

[2025-07-28T16:35:35.981Z] [DEBUG] [23483672-3fe1-4414-975d-15cadf561d32] Blender Output: Fra:25 Mem:119.91M (Peak 151.55M) | Time:00:00.42 | Rendering 64 / 64 samples

[2025-07-28T16:35:36.061Z] [DEBUG] [23483672-3fe1-4414-975d-15cadf561d32] Blender Output: Append frame 25
Time: 00:00.50 (Saving: 00:00.03)


[2025-07-28T16:35:36.097Z] [DEBUG] [23483672-3fe1-4414-975d-15cadf561d32] Blender Output: Fra:26 Mem:119.91M (Peak 151.55M) | Time:00:00.03 | Rendering 1 / 64 samples

[2025-07-28T16:35:36.249Z] [DEBUG] [23483672-3fe1-4414-975d-15cadf561d32] Blender Output: Fra:26 Mem:119.91M (Peak 151.55M) | Time:00:00.18 | Rendering 25 / 64 samples

[2025-07-28T16:35:36.405Z] [DEBUG] [23483672-3fe1-4414-975d-15cadf561d32] Blender Output: Fra:26 Mem:119.91M (Peak 151.55M) | Time:00:00.34 | Rendering 50 / 64 samples

[2025-07-28T16:35:36.493Z] [DEBUG] [23483672-3fe1-4414-975d-15cadf561d32] Blender Output: Fra:26 Mem:119.91M (Peak 151.55M) | Time:00:00.43 | Rendering 64 / 64 samples

[2025-07-28T16:35:36.570Z] [DEBUG] [23483672-3fe1-4414-975d-15cadf561d32] Blender Output: Append frame 26
Time: 00:00.50 (Saving: 00:00.03)


[2025-07-28T16:35:36.607Z] [DEBUG] [23483672-3fe1-4414-975d-15cadf561d32] Blender Output: Fra:27 Mem:119.91M (Peak 151.55M) | Time:00:00.03 | Rendering 1 / 64 samples

[2025-07-28T16:35:36.759Z] [DEBUG] [23483672-3fe1-4414-975d-15cadf561d32] Blender Output: Fra:27 Mem:119.91M (Peak 151.55M) | Time:00:00.18 | Rendering 25 / 64 samples

[2025-07-28T16:35:36.913Z] [DEBUG] [23483672-3fe1-4414-975d-15cadf561d32] Blender Output: Fra:27 Mem:119.91M (Peak 151.55M) | Time:00:00.34 | Rendering 50 / 64 samples

[2025-07-28T16:35:37.000Z] [DEBUG] [23483672-3fe1-4414-975d-15cadf561d32] Blender Output: Fra:27 Mem:119.91M (Peak 151.55M) | Time:00:00.43 | Rendering 64 / 64 samples

[2025-07-28T16:35:37.079Z] [DEBUG] [23483672-3fe1-4414-975d-15cadf561d32] Blender Output: Append frame 27
Time: 00:00.50 (Saving: 00:00.03)


[2025-07-28T16:35:37.115Z] [DEBUG] [23483672-3fe1-4414-975d-15cadf561d32] Blender Output: Fra:28 Mem:119.91M (Peak 151.55M) | Time:00:00.03 | Rendering 1 / 64 samples

[2025-07-28T16:35:37.266Z] [DEBUG] [23483672-3fe1-4414-975d-15cadf561d32] Blender Output: Fra:28 Mem:119.91M (Peak 151.55M) | Time:00:00.18 | Rendering 25 / 64 samples

[2025-07-28T16:35:37.420Z] [DEBUG] [23483672-3fe1-4414-975d-15cadf561d32] Blender Output: Fra:28 Mem:119.91M (Peak 151.55M) | Time:00:00.34 | Rendering 50 / 64 samples

[2025-07-28T16:35:37.507Z] [DEBUG] [23483672-3fe1-4414-975d-15cadf561d32] Blender Output: Fra:28 Mem:119.91M (Peak 151.55M) | Time:00:00.42 | Rendering 64 / 64 samples

[2025-07-28T16:35:37.584Z] [DEBUG] [23483672-3fe1-4414-975d-15cadf561d32] Blender Output: Append frame 28
Time: 00:00.50 (Saving: 00:00.03)


[2025-07-28T16:35:37.621Z] [DEBUG] [23483672-3fe1-4414-975d-15cadf561d32] Blender Output: Fra:29 Mem:119.91M (Peak 151.55M) | Time:00:00.03 | Rendering 1 / 64 samples

[2025-07-28T16:35:37.774Z] [DEBUG] [23483672-3fe1-4414-975d-15cadf561d32] Blender Output: Fra:29 Mem:119.91M (Peak 151.55M) | Time:00:00.18 | Rendering 25 / 64 samples

[2025-07-28T16:35:37.927Z] [DEBUG] [23483672-3fe1-4414-975d-15cadf561d32] Blender Output: Fra:29 Mem:119.91M (Peak 151.55M) | Time:00:00.34 | Rendering 50 / 64 samples

[2025-07-28T16:35:38.013Z] [DEBUG] [23483672-3fe1-4414-975d-15cadf561d32] Blender Output: Fra:29 Mem:119.91M (Peak 151.55M) | Time:00:00.42 | Rendering 64 / 64 samples

[2025-07-28T16:35:38.091Z] [DEBUG] [23483672-3fe1-4414-975d-15cadf561d32] Blender Output: Append frame 29
Time: 00:00.50 (Saving: 00:00.03)


[2025-07-28T16:35:38.128Z] [DEBUG] [23483672-3fe1-4414-975d-15cadf561d32] Blender Output: Fra:30 Mem:119.91M (Peak 151.55M) | Time:00:00.03 | Rendering 1 / 64 samples

[2025-07-28T16:35:38.280Z] [DEBUG] [23483672-3fe1-4414-975d-15cadf561d32] Blender Output: Fra:30 Mem:119.91M (Peak 151.55M) | Time:00:00.18 | Rendering 25 / 64 samples

[2025-07-28T16:35:38.435Z] [DEBUG] [23483672-3fe1-4414-975d-15cadf561d32] Blender Output: Fra:30 Mem:119.91M (Peak 151.55M) | Time:00:00.34 | Rendering 50 / 64 samples

[2025-07-28T16:35:38.523Z] [DEBUG] [23483672-3fe1-4414-975d-15cadf561d32] Blender Output: Fra:30 Mem:119.91M (Peak 151.55M) | Time:00:00.43 | Rendering 64 / 64 samples

[2025-07-28T16:35:38.599Z] [DEBUG] [23483672-3fe1-4414-975d-15cadf561d32] Blender Output: Append frame 30
Time: 00:00.50 (Saving: 00:00.03)


[2025-07-28T16:35:38.636Z] [DEBUG] [23483672-3fe1-4414-975d-15cadf561d32] Blender Output: Fra:31 Mem:119.91M (Peak 151.55M) | Time:00:00.03 | Rendering 1 / 64 samples

[2025-07-28T16:35:38.789Z] [DEBUG] [23483672-3fe1-4414-975d-15cadf561d32] Blender Output: Fra:31 Mem:119.91M (Peak 151.55M) | Time:00:00.18 | Rendering 25 / 64 samples

[2025-07-28T16:35:38.946Z] [DEBUG] [23483672-3fe1-4414-975d-15cadf561d32] Blender Output: Fra:31 Mem:119.91M (Peak 151.55M) | Time:00:00.34 | Rendering 50 / 64 samples

[2025-07-28T16:35:39.034Z] [DEBUG] [23483672-3fe1-4414-975d-15cadf561d32] Blender Output: Fra:31 Mem:119.91M (Peak 151.55M) | Time:00:00.43 | Rendering 64 / 64 samples

[2025-07-28T16:35:39.115Z] [DEBUG] [23483672-3fe1-4414-975d-15cadf561d32] Blender Output: Append frame 31
Time: 00:00.51 (Saving: 00:00.03)


[2025-07-28T16:35:39.152Z] [DEBUG] [23483672-3fe1-4414-975d-15cadf561d32] Blender Output: Fra:32 Mem:119.91M (Peak 151.55M) | Time:00:00.03 | Rendering 1 / 64 samples

[2025-07-28T16:35:39.305Z] [DEBUG] [23483672-3fe1-4414-975d-15cadf561d32] Blender Output: Fra:32 Mem:119.91M (Peak 151.55M) | Time:00:00.18 | Rendering 25 / 64 samples

[2025-07-28T16:35:39.461Z] [DEBUG] [23483672-3fe1-4414-975d-15cadf561d32] Blender Output: Fra:32 Mem:119.91M (Peak 151.55M) | Time:00:00.34 | Rendering 50 / 64 samples

[2025-07-28T16:35:39.549Z] [DEBUG] [23483672-3fe1-4414-975d-15cadf561d32] Blender Output: Fra:32 Mem:119.91M (Peak 151.55M) | Time:00:00.43 | Rendering 64 / 64 samples

[2025-07-28T16:35:39.627Z] [DEBUG] [23483672-3fe1-4414-975d-15cadf561d32] Blender Output: Append frame 32
Time: 00:00.51 (Saving: 00:00.03)


[2025-07-28T16:35:39.664Z] [DEBUG] [23483672-3fe1-4414-975d-15cadf561d32] Blender Output: Fra:33 Mem:119.91M (Peak 151.55M) | Time:00:00.03 | Rendering 1 / 64 samples

[2025-07-28T16:35:39.821Z] [DEBUG] [23483672-3fe1-4414-975d-15cadf561d32] Blender Output: Fra:33 Mem:119.91M (Peak 151.55M) | Time:00:00.19 | Rendering 25 / 64 samples

[2025-07-28T16:35:39.980Z] [DEBUG] [23483672-3fe1-4414-975d-15cadf561d32] Blender Output: Fra:33 Mem:119.91M (Peak 151.55M) | Time:00:00.35 | Rendering 50 / 64 samples

[2025-07-28T16:35:40.071Z] [DEBUG] [23483672-3fe1-4414-975d-15cadf561d32] Blender Output: Fra:33 Mem:119.91M (Peak 151.55M) | Time:00:00.44 | Rendering 64 / 64 samples

[2025-07-28T16:35:40.149Z] [DEBUG] [23483672-3fe1-4414-975d-15cadf561d32] Blender Output: Append frame 33
Time: 00:00.52 (Saving: 00:00.03)


[2025-07-28T16:35:40.187Z] [DEBUG] [23483672-3fe1-4414-975d-15cadf561d32] Blender Output: Fra:34 Mem:119.91M (Peak 151.55M) | Time:00:00.03 | Rendering 1 / 64 samples

[2025-07-28T16:35:40.339Z] [DEBUG] [23483672-3fe1-4414-975d-15cadf561d32] Blender Output: Fra:34 Mem:119.91M (Peak 151.55M) | Time:00:00.19 | Rendering 25 / 64 samples

[2025-07-28T16:35:40.494Z] [DEBUG] [23483672-3fe1-4414-975d-15cadf561d32] Blender Output: Fra:34 Mem:119.91M (Peak 151.55M) | Time:00:00.34 | Rendering 50 / 64 samples

[2025-07-28T16:35:40.582Z] [DEBUG] [23483672-3fe1-4414-975d-15cadf561d32] Blender Output: Fra:34 Mem:119.91M (Peak 151.55M) | Time:00:00.43 | Rendering 64 / 64 samples

[2025-07-28T16:35:40.662Z] [DEBUG] [23483672-3fe1-4414-975d-15cadf561d32] Blender Output: Append frame 34
Time: 00:00.51 (Saving: 00:00.03)


[2025-07-28T16:35:40.698Z] [DEBUG] [23483672-3fe1-4414-975d-15cadf561d32] Blender Output: Fra:35 Mem:119.91M (Peak 151.55M) | Time:00:00.03 | Rendering 1 / 64 samples

[2025-07-28T16:35:40.853Z] [DEBUG] [23483672-3fe1-4414-975d-15cadf561d32] Blender Output: Fra:35 Mem:119.91M (Peak 151.55M) | Time:00:00.19 | Rendering 25 / 64 samples

[2025-07-28T16:35:41.012Z] [DEBUG] [23483672-3fe1-4414-975d-15cadf561d32] Blender Output: Fra:35 Mem:119.91M (Peak 151.55M) | Time:00:00.35 | Rendering 50 / 64 samples

[2025-07-28T16:35:41.101Z] [DEBUG] [23483672-3fe1-4414-975d-15cadf561d32] Blender Output: Fra:35 Mem:119.91M (Peak 151.55M) | Time:00:00.43 | Rendering 64 / 64 samples

[2025-07-28T16:35:41.178Z] [DEBUG] [23483672-3fe1-4414-975d-15cadf561d32] Blender Output: Append frame 35
Time: 00:00.51 (Saving: 00:00.03)


[2025-07-28T16:35:41.213Z] [DEBUG] [23483672-3fe1-4414-975d-15cadf561d32] Blender Output: Fra:36 Mem:119.91M (Peak 151.55M) | Time:00:00.03 | Rendering 1 / 64 samples

[2025-07-28T16:35:41.366Z] [DEBUG] [23483672-3fe1-4414-975d-15cadf561d32] Blender Output: Fra:36 Mem:119.91M (Peak 151.55M) | Time:00:00.18 | Rendering 25 / 64 samples

[2025-07-28T16:35:41.521Z] [DEBUG] [23483672-3fe1-4414-975d-15cadf561d32] Blender Output: Fra:36 Mem:119.91M (Peak 151.55M) | Time:00:00.34 | Rendering 50 / 64 samples

[2025-07-28T16:35:41.609Z] [DEBUG] [23483672-3fe1-4414-975d-15cadf561d32] Blender Output: Fra:36 Mem:119.91M (Peak 151.55M) | Time:00:00.43 | Rendering 64 / 64 samples

[2025-07-28T16:35:41.687Z] [DEBUG] [23483672-3fe1-4414-975d-15cadf561d32] Blender Output: Append frame 36
Time: 00:00.50 (Saving: 00:00.03)


[2025-07-28T16:35:41.723Z] [DEBUG] [23483672-3fe1-4414-975d-15cadf561d32] Blender Output: Fra:37 Mem:119.91M (Peak 151.55M) | Time:00:00.03 | Rendering 1 / 64 samples

[2025-07-28T16:35:41.879Z] [DEBUG] [23483672-3fe1-4414-975d-15cadf561d32] Blender Output: Fra:37 Mem:119.91M (Peak 151.55M) | Time:00:00.19 | Rendering 25 / 64 samples

[2025-07-28T16:35:42.040Z] [DEBUG] [23483672-3fe1-4414-975d-15cadf561d32] Blender Output: Fra:37 Mem:119.91M (Peak 151.55M) | Time:00:00.35 | Rendering 50 / 64 samples

[2025-07-28T16:35:42.129Z] [DEBUG] [23483672-3fe1-4414-975d-15cadf561d32] Blender Output: Fra:37 Mem:119.91M (Peak 151.55M) | Time:00:00.44 | Rendering 64 / 64 samples

[2025-07-28T16:35:42.207Z] [DEBUG] [23483672-3fe1-4414-975d-15cadf561d32] Blender Output: Append frame 37
Time: 00:00.52 (Saving: 00:00.03)


[2025-07-28T16:35:42.243Z] [DEBUG] [23483672-3fe1-4414-975d-15cadf561d32] Blender Output: Fra:38 Mem:119.91M (Peak 151.55M) | Time:00:00.03 | Rendering 1 / 64 samples

[2025-07-28T16:35:42.395Z] [DEBUG] [23483672-3fe1-4414-975d-15cadf561d32] Blender Output: Fra:38 Mem:119.91M (Peak 151.55M) | Time:00:00.18 | Rendering 25 / 64 samples

[2025-07-28T16:35:42.550Z] [DEBUG] [23483672-3fe1-4414-975d-15cadf561d32] Blender Output: Fra:38 Mem:119.91M (Peak 151.55M) | Time:00:00.34 | Rendering 50 / 64 samples

[2025-07-28T16:35:42.637Z] [DEBUG] [23483672-3fe1-4414-975d-15cadf561d32] Blender Output: Fra:38 Mem:119.91M (Peak 151.55M) | Time:00:00.43 | Rendering 64 / 64 samples

[2025-07-28T16:35:42.716Z] [DEBUG] [23483672-3fe1-4414-975d-15cadf561d32] Blender Output: Append frame 38
Time: 00:00.50 (Saving: 00:00.03)


[2025-07-28T16:35:42.753Z] [DEBUG] [23483672-3fe1-4414-975d-15cadf561d32] Blender Output: Fra:39 Mem:119.91M (Peak 151.55M) | Time:00:00.03 | Rendering 1 / 64 samples

[2025-07-28T16:35:42.905Z] [DEBUG] [23483672-3fe1-4414-975d-15cadf561d32] Blender Output: Fra:39 Mem:119.91M (Peak 151.55M) | Time:00:00.18 | Rendering 25 / 64 samples

[2025-07-28T16:35:43.059Z] [DEBUG] [23483672-3fe1-4414-975d-15cadf561d32] Blender Output: Fra:39 Mem:119.91M (Peak 151.55M) | Time:00:00.34 | Rendering 50 / 64 samples

[2025-07-28T16:35:43.146Z] [DEBUG] [23483672-3fe1-4414-975d-15cadf561d32] Blender Output: Fra:39 Mem:119.91M (Peak 151.55M) | Time:00:00.43 | Rendering 64 / 64 samples

[2025-07-28T16:35:43.224Z] [DEBUG] [23483672-3fe1-4414-975d-15cadf561d32] Blender Output: Append frame 39
Time: 00:00.50 (Saving: 00:00.03)


[2025-07-28T16:35:43.262Z] [DEBUG] [23483672-3fe1-4414-975d-15cadf561d32] Blender Output: Fra:40 Mem:119.91M (Peak 151.55M) | Time:00:00.03 | Rendering 1 / 64 samples

[2025-07-28T16:35:43.411Z] [DEBUG] [23483672-3fe1-4414-975d-15cadf561d32] Blender Output: Fra:40 Mem:119.91M (Peak 151.55M) | Time:00:00.18 | Rendering 25 / 64 samples

[2025-07-28T16:35:43.564Z] [DEBUG] [23483672-3fe1-4414-975d-15cadf561d32] Blender Output: Fra:40 Mem:119.91M (Peak 151.55M) | Time:00:00.33 | Rendering 50 / 64 samples

[2025-07-28T16:35:43.651Z] [DEBUG] [23483672-3fe1-4414-975d-15cadf561d32] Blender Output: Fra:40 Mem:119.91M (Peak 151.55M) | Time:00:00.42 | Rendering 64 / 64 samples

[2025-07-28T16:35:43.728Z] [DEBUG] [23483672-3fe1-4414-975d-15cadf561d32] Blender Output: Append frame 40
Time: 00:00.50 (Saving: 00:00.03)


[2025-07-28T16:35:43.766Z] [DEBUG] [23483672-3fe1-4414-975d-15cadf561d32] Blender Output: Fra:41 Mem:119.91M (Peak 151.55M) | Time:00:00.03 | Rendering 1 / 64 samples

[2025-07-28T16:35:43.918Z] [DEBUG] [23483672-3fe1-4414-975d-15cadf561d32] Blender Output: Fra:41 Mem:119.91M (Peak 151.55M) | Time:00:00.18 | Rendering 25 / 64 samples

[2025-07-28T16:35:44.072Z] [DEBUG] [23483672-3fe1-4414-975d-15cadf561d32] Blender Output: Fra:41 Mem:119.91M (Peak 151.55M) | Time:00:00.34 | Rendering 50 / 64 samples

[2025-07-28T16:35:44.159Z] [DEBUG] [23483672-3fe1-4414-975d-15cadf561d32] Blender Output: Fra:41 Mem:119.91M (Peak 151.55M) | Time:00:00.43 | Rendering 64 / 64 samples

[2025-07-28T16:35:44.237Z] [DEBUG] [23483672-3fe1-4414-975d-15cadf561d32] Blender Output: Append frame 41
Time: 00:00.50 (Saving: 00:00.03)


[2025-07-28T16:35:44.273Z] [DEBUG] [23483672-3fe1-4414-975d-15cadf561d32] Blender Output: Fra:42 Mem:119.91M (Peak 151.55M) | Time:00:00.03 | Rendering 1 / 64 samples

[2025-07-28T16:35:44.425Z] [DEBUG] [23483672-3fe1-4414-975d-15cadf561d32] Blender Output: Fra:42 Mem:119.91M (Peak 151.55M) | Time:00:00.18 | Rendering 25 / 64 samples

[2025-07-28T16:35:44.578Z] [DEBUG] [23483672-3fe1-4414-975d-15cadf561d32] Blender Output: Fra:42 Mem:119.91M (Peak 151.55M) | Time:00:00.34 | Rendering 50 / 64 samples

[2025-07-28T16:35:44.664Z] [DEBUG] [23483672-3fe1-4414-975d-15cadf561d32] Blender Output: Fra:42 Mem:119.91M (Peak 151.55M) | Time:00:00.42 | Rendering 64 / 64 samples

[2025-07-28T16:35:44.742Z] [DEBUG] [23483672-3fe1-4414-975d-15cadf561d32] Blender Output: Append frame 42
Time: 00:00.50 (Saving: 00:00.03)


[2025-07-28T16:35:44.780Z] [DEBUG] [23483672-3fe1-4414-975d-15cadf561d32] Blender Output: Fra:43 Mem:119.91M (Peak 151.55M) | Time:00:00.03 | Rendering 1 / 64 samples

[2025-07-28T16:35:44.930Z] [DEBUG] [23483672-3fe1-4414-975d-15cadf561d32] Blender Output: Fra:43 Mem:119.91M (Peak 151.55M) | Time:00:00.18 | Rendering 25 / 64 samples

[2025-07-28T16:35:45.085Z] [DEBUG] [23483672-3fe1-4414-975d-15cadf561d32] Blender Output: Fra:43 Mem:119.91M (Peak 151.55M) | Time:00:00.34 | Rendering 50 / 64 samples

[2025-07-28T16:35:45.172Z] [DEBUG] [23483672-3fe1-4414-975d-15cadf561d32] Blender Output: Fra:43 Mem:119.91M (Peak 151.55M) | Time:00:00.42 | Rendering 64 / 64 samples

[2025-07-28T16:35:45.249Z] [DEBUG] [23483672-3fe1-4414-975d-15cadf561d32] Blender Output: Append frame 43
Time: 00:00.50 (Saving: 00:00.03)


[2025-07-28T16:35:45.286Z] [DEBUG] [23483672-3fe1-4414-975d-15cadf561d32] Blender Output: Fra:44 Mem:119.91M (Peak 151.55M) | Time:00:00.03 | Rendering 1 / 64 samples

[2025-07-28T16:35:45.437Z] [DEBUG] [23483672-3fe1-4414-975d-15cadf561d32] Blender Output: Fra:44 Mem:119.91M (Peak 151.55M) | Time:00:00.18 | Rendering 25 / 64 samples

[2025-07-28T16:35:45.592Z] [DEBUG] [23483672-3fe1-4414-975d-15cadf561d32] Blender Output: Fra:44 Mem:119.91M (Peak 151.55M) | Time:00:00.34 | Rendering 50 / 64 samples

[2025-07-28T16:35:45.681Z] [DEBUG] [23483672-3fe1-4414-975d-15cadf561d32] Blender Output: Fra:44 Mem:119.91M (Peak 151.55M) | Time:00:00.43 | Rendering 64 / 64 samples

[2025-07-28T16:35:45.759Z] [DEBUG] [23483672-3fe1-4414-975d-15cadf561d32] Blender Output: Append frame 44
Time: 00:00.51 (Saving: 00:00.03)


[2025-07-28T16:35:45.795Z] [DEBUG] [23483672-3fe1-4414-975d-15cadf561d32] Blender Output: Fra:45 Mem:119.91M (Peak 151.55M) | Time:00:00.03 | Rendering 1 / 64 samples

[2025-07-28T16:35:45.948Z] [DEBUG] [23483672-3fe1-4414-975d-15cadf561d32] Blender Output: Fra:45 Mem:119.91M (Peak 151.55M) | Time:00:00.18 | Rendering 25 / 64 samples

[2025-07-28T16:35:46.105Z] [DEBUG] [23483672-3fe1-4414-975d-15cadf561d32] Blender Output: Fra:45 Mem:119.91M (Peak 151.55M) | Time:00:00.34 | Rendering 50 / 64 samples

[2025-07-28T16:35:46.192Z] [DEBUG] [23483672-3fe1-4414-975d-15cadf561d32] Blender Output: Fra:45 Mem:119.91M (Peak 151.55M) | Time:00:00.43 | Rendering 64 / 64 samples

[2025-07-28T16:35:46.269Z] [DEBUG] [23483672-3fe1-4414-975d-15cadf561d32] Blender Output: Append frame 45
Time: 00:00.51 (Saving: 00:00.03)


[2025-07-28T16:35:46.306Z] [DEBUG] [23483672-3fe1-4414-975d-15cadf561d32] Blender Output: Fra:46 Mem:119.91M (Peak 151.55M) | Time:00:00.03 | Rendering 1 / 64 samples

[2025-07-28T16:35:46.460Z] [DEBUG] [23483672-3fe1-4414-975d-15cadf561d32] Blender Output: Fra:46 Mem:119.91M (Peak 151.55M) | Time:00:00.19 | Rendering 25 / 64 samples

[2025-07-28T16:35:46.617Z] [DEBUG] [23483672-3fe1-4414-975d-15cadf561d32] Blender Output: Fra:46 Mem:119.91M (Peak 151.55M) | Time:00:00.34 | Rendering 50 / 64 samples

[2025-07-28T16:35:46.704Z] [DEBUG] [23483672-3fe1-4414-975d-15cadf561d32] Blender Output: Fra:46 Mem:119.91M (Peak 151.55M) | Time:00:00.43 | Rendering 64 / 64 samples

[2025-07-28T16:35:46.781Z] [DEBUG] [23483672-3fe1-4414-975d-15cadf561d32] Blender Output: Append frame 46
Time: 00:00.51 (Saving: 00:00.03)


[2025-07-28T16:35:46.817Z] [DEBUG] [23483672-3fe1-4414-975d-15cadf561d32] Blender Output: Fra:47 Mem:119.91M (Peak 151.55M) | Time:00:00.03 | Rendering 1 / 64 samples

[2025-07-28T16:35:46.974Z] [DEBUG] [23483672-3fe1-4414-975d-15cadf561d32] Blender Output: Fra:47 Mem:119.91M (Peak 151.55M) | Time:00:00.19 | Rendering 25 / 64 samples

[2025-07-28T16:35:47.132Z] [DEBUG] [23483672-3fe1-4414-975d-15cadf561d32] Blender Output: Fra:47 Mem:119.91M (Peak 151.55M) | Time:00:00.35 | Rendering 50 / 64 samples

[2025-07-28T16:35:47.222Z] [DEBUG] [23483672-3fe1-4414-975d-15cadf561d32] Blender Output: Fra:47 Mem:119.91M (Peak 151.55M) | Time:00:00.44 | Rendering 64 / 64 samples

[2025-07-28T16:35:47.299Z] [DEBUG] [23483672-3fe1-4414-975d-15cadf561d32] Blender Output: Append frame 47
Time: 00:00.51 (Saving: 00:00.03)


[2025-07-28T16:35:47.337Z] [DEBUG] [23483672-3fe1-4414-975d-15cadf561d32] Blender Output: Fra:48 Mem:119.91M (Peak 151.55M) | Time:00:00.03 | Rendering 1 / 64 samples

[2025-07-28T16:35:47.494Z] [DEBUG] [23483672-3fe1-4414-975d-15cadf561d32] Blender Output: Fra:48 Mem:119.91M (Peak 151.55M) | Time:00:00.19 | Rendering 25 / 64 samples

[2025-07-28T16:35:47.656Z] [DEBUG] [23483672-3fe1-4414-975d-15cadf561d32] Blender Output: Fra:48 Mem:119.91M (Peak 151.55M) | Time:00:00.35 | Rendering 50 / 64 samples

[2025-07-28T16:35:47.748Z] [DEBUG] [23483672-3fe1-4414-975d-15cadf561d32] Blender Output: Fra:48 Mem:119.91M (Peak 151.55M) | Time:00:00.44 | Rendering 64 / 64 samples

[2025-07-28T16:35:47.827Z] [DEBUG] [23483672-3fe1-4414-975d-15cadf561d32] Blender Output: Append frame 48
Time: 00:00.52 (Saving: 00:00.03)


[2025-07-28T16:35:47.864Z] [DEBUG] [23483672-3fe1-4414-975d-15cadf561d32] Blender Output: Fra:49 Mem:119.91M (Peak 151.55M) | Time:00:00.03 | Rendering 1 / 64 samples

[2025-07-28T16:35:48.017Z] [DEBUG] [23483672-3fe1-4414-975d-15cadf561d32] Blender Output: Fra:49 Mem:119.91M (Peak 151.55M) | Time:00:00.19 | Rendering 25 / 64 samples

[2025-07-28T16:35:48.180Z] [DEBUG] [23483672-3fe1-4414-975d-15cadf561d32] Blender Output: Fra:49 Mem:119.91M (Peak 151.55M) | Time:00:00.35 | Rendering 50 / 64 samples

[2025-07-28T16:35:48.268Z] [DEBUG] [23483672-3fe1-4414-975d-15cadf561d32] Blender Output: Fra:49 Mem:119.91M (Peak 151.55M) | Time:00:00.44 | Rendering 64 / 64 samples

[2025-07-28T16:35:48.347Z] [DEBUG] [23483672-3fe1-4414-975d-15cadf561d32] Blender Output: Append frame 49
Time: 00:00.51 (Saving: 00:00.03)


[2025-07-28T16:35:48.383Z] [DEBUG] [23483672-3fe1-4414-975d-15cadf561d32] Blender Output: Fra:50 Mem:119.91M (Peak 151.55M) | Time:00:00.03 | Rendering 1 / 64 samples

[2025-07-28T16:35:48.534Z] [DEBUG] [23483672-3fe1-4414-975d-15cadf561d32] Blender Output: Fra:50 Mem:119.91M (Peak 151.55M) | Time:00:00.18 | Rendering 25 / 64 samples

[2025-07-28T16:35:48.689Z] [DEBUG] [23483672-3fe1-4414-975d-15cadf561d32] Blender Output: Fra:50 Mem:119.91M (Peak 151.55M) | Time:00:00.34 | Rendering 50 / 64 samples

[2025-07-28T16:35:48.776Z] [DEBUG] [23483672-3fe1-4414-975d-15cadf561d32] Blender Output: Fra:50 Mem:119.91M (Peak 151.55M) | Time:00:00.42 | Rendering 64 / 64 samples

[2025-07-28T16:35:48.852Z] [DEBUG] [23483672-3fe1-4414-975d-15cadf561d32] Blender Output: Append frame 50
Time: 00:00.50 (Saving: 00:00.03)


[2025-07-28T16:35:48.888Z] [DEBUG] [23483672-3fe1-4414-975d-15cadf561d32] Blender Output: Fra:51 Mem:119.91M (Peak 151.55M) | Time:00:00.03 | Rendering 1 / 64 samples

[2025-07-28T16:35:49.044Z] [DEBUG] [23483672-3fe1-4414-975d-15cadf561d32] Blender Output: Fra:51 Mem:119.91M (Peak 151.55M) | Time:00:00.19 | Rendering 25 / 64 samples

[2025-07-28T16:35:49.202Z] [DEBUG] [23483672-3fe1-4414-975d-15cadf561d32] Blender Output: Fra:51 Mem:119.91M (Peak 151.55M) | Time:00:00.35 | Rendering 50 / 64 samples

[2025-07-28T16:35:49.291Z] [DEBUG] [23483672-3fe1-4414-975d-15cadf561d32] Blender Output: Fra:51 Mem:119.91M (Peak 151.55M) | Time:00:00.43 | Rendering 64 / 64 samples

[2025-07-28T16:35:49.370Z] [DEBUG] [23483672-3fe1-4414-975d-15cadf561d32] Blender Output: Append frame 51
Time: 00:00.51 (Saving: 00:00.03)


[2025-07-28T16:35:49.407Z] [DEBUG] [23483672-3fe1-4414-975d-15cadf561d32] Blender Output: Fra:52 Mem:119.91M (Peak 151.55M) | Time:00:00.03 | Rendering 1 / 64 samples

[2025-07-28T16:35:49.566Z] [DEBUG] [23483672-3fe1-4414-975d-15cadf561d32] Blender Output: Fra:52 Mem:119.91M (Peak 151.55M) | Time:00:00.19 | Rendering 25 / 64 samples

[2025-07-28T16:35:49.728Z] [DEBUG] [23483672-3fe1-4414-975d-15cadf561d32] Blender Output: Fra:52 Mem:119.91M (Peak 151.55M) | Time:00:00.35 | Rendering 50 / 64 samples

[2025-07-28T16:35:49.816Z] [DEBUG] [23483672-3fe1-4414-975d-15cadf561d32] Blender Output: Fra:52 Mem:119.91M (Peak 151.55M) | Time:00:00.44 | Rendering 64 / 64 samples

[2025-07-28T16:35:49.897Z] [DEBUG] [23483672-3fe1-4414-975d-15cadf561d32] Blender Output: Append frame 52
Time: 00:00.52 (Saving: 00:00.04)


[2025-07-28T16:35:49.933Z] [DEBUG] [23483672-3fe1-4414-975d-15cadf561d32] Blender Output: Fra:53 Mem:119.91M (Peak 151.55M) | Time:00:00.03 | Rendering 1 / 64 samples

[2025-07-28T16:35:50.085Z] [DEBUG] [23483672-3fe1-4414-975d-15cadf561d32] Blender Output: Fra:53 Mem:119.91M (Peak 151.55M) | Time:00:00.18 | Rendering 25 / 64 samples

[2025-07-28T16:35:50.239Z] [DEBUG] [23483672-3fe1-4414-975d-15cadf561d32] Blender Output: Fra:53 Mem:119.91M (Peak 151.55M) | Time:00:00.34 | Rendering 50 / 64 samples

[2025-07-28T16:35:50.325Z] [DEBUG] [23483672-3fe1-4414-975d-15cadf561d32] Blender Output: Fra:53 Mem:119.91M (Peak 151.55M) | Time:00:00.42 | Rendering 64 / 64 samples

[2025-07-28T16:35:50.407Z] [DEBUG] [23483672-3fe1-4414-975d-15cadf561d32] Blender Output: Append frame 53
Time: 00:00.50 (Saving: 00:00.03)


[2025-07-28T16:35:50.464Z] [DEBUG] [23483672-3fe1-4414-975d-15cadf561d32] Blender Output: Fra:54 Mem:119.91M (Peak 151.55M) | Time:00:00.05 | Rendering 1 / 64 samples

[2025-07-28T16:35:50.619Z] [DEBUG] [23483672-3fe1-4414-975d-15cadf561d32] Blender Output: Fra:54 Mem:119.91M (Peak 151.55M) | Time:00:00.21 | Rendering 25 / 64 samples

[2025-07-28T16:35:50.777Z] [DEBUG] [23483672-3fe1-4414-975d-15cadf561d32] Blender Output: Fra:54 Mem:119.91M (Peak 151.55M) | Time:00:00.37 | Rendering 50 / 64 samples

[2025-07-28T16:35:50.865Z] [DEBUG] [23483672-3fe1-4414-975d-15cadf561d32] Blender Output: Fra:54 Mem:119.91M (Peak 151.55M) | Time:00:00.45 | Rendering 64 / 64 samples

[2025-07-28T16:35:50.943Z] [DEBUG] [23483672-3fe1-4414-975d-15cadf561d32] Blender Output: Append frame 54
Time: 00:00.53 (Saving: 00:00.03)


[2025-07-28T16:35:50.979Z] [DEBUG] [23483672-3fe1-4414-975d-15cadf561d32] Blender Output: Fra:55 Mem:119.91M (Peak 151.55M) | Time:00:00.03 | Rendering 1 / 64 samples

[2025-07-28T16:35:51.129Z] [DEBUG] [23483672-3fe1-4414-975d-15cadf561d32] Blender Output: Fra:55 Mem:119.91M (Peak 151.55M) | Time:00:00.18 | Rendering 25 / 64 samples

[2025-07-28T16:35:51.282Z] [DEBUG] [23483672-3fe1-4414-975d-15cadf561d32] Blender Output: Fra:55 Mem:119.91M (Peak 151.55M) | Time:00:00.33 | Rendering 50 / 64 samples

[2025-07-28T16:35:51.367Z] [DEBUG] [23483672-3fe1-4414-975d-15cadf561d32] Blender Output: Fra:55 Mem:119.91M (Peak 151.55M) | Time:00:00.42 | Rendering 64 / 64 samples

[2025-07-28T16:35:51.442Z] [DEBUG] [23483672-3fe1-4414-975d-15cadf561d32] Blender Output: Append frame 55
Time: 00:00.49 (Saving: 00:00.03)


[2025-07-28T16:35:51.479Z] [DEBUG] [23483672-3fe1-4414-975d-15cadf561d32] Blender Output: Fra:56 Mem:119.91M (Peak 151.55M) | Time:00:00.03 | Rendering 1 / 64 samples

[2025-07-28T16:35:51.633Z] [DEBUG] [23483672-3fe1-4414-975d-15cadf561d32] Blender Output: Fra:56 Mem:119.91M (Peak 151.55M) | Time:00:00.19 | Rendering 25 / 64 samples

[2025-07-28T16:35:51.791Z] [DEBUG] [23483672-3fe1-4414-975d-15cadf561d32] Blender Output: Fra:56 Mem:119.91M (Peak 151.55M) | Time:00:00.34 | Rendering 50 / 64 samples

[2025-07-28T16:35:51.879Z] [DEBUG] [23483672-3fe1-4414-975d-15cadf561d32] Blender Output: Fra:56 Mem:119.91M (Peak 151.55M) | Time:00:00.43 | Rendering 64 / 64 samples

[2025-07-28T16:35:51.955Z] [DEBUG] [23483672-3fe1-4414-975d-15cadf561d32] Blender Output: Append frame 56
Time: 00:00.51 (Saving: 00:00.03)


[2025-07-28T16:35:51.991Z] [DEBUG] [23483672-3fe1-4414-975d-15cadf561d32] Blender Output: Fra:57 Mem:119.91M (Peak 151.55M) | Time:00:00.03 | Rendering 1 / 64 samples

[2025-07-28T16:35:52.141Z] [DEBUG] [23483672-3fe1-4414-975d-15cadf561d32] Blender Output: Fra:57 Mem:119.91M (Peak 151.55M) | Time:00:00.18 | Rendering 25 / 64 samples

[2025-07-28T16:35:52.293Z] [DEBUG] [23483672-3fe1-4414-975d-15cadf561d32] Blender Output: Fra:57 Mem:119.91M (Peak 151.55M) | Time:00:00.33 | Rendering 50 / 64 samples

[2025-07-28T16:35:52.379Z] [DEBUG] [23483672-3fe1-4414-975d-15cadf561d32] Blender Output: Fra:57 Mem:119.91M (Peak 151.55M) | Time:00:00.42 | Rendering 64 / 64 samples

[2025-07-28T16:35:52.456Z] [DEBUG] [23483672-3fe1-4414-975d-15cadf561d32] Blender Output: Append frame 57
Time: 00:00.50 (Saving: 00:00.03)


[2025-07-28T16:35:52.502Z] [DEBUG] [23483672-3fe1-4414-975d-15cadf561d32] Blender Output: Fra:58 Mem:119.91M (Peak 151.55M) | Time:00:00.04 | Rendering 1 / 64 samples

[2025-07-28T16:35:52.653Z] [DEBUG] [23483672-3fe1-4414-975d-15cadf561d32] Blender Output: Fra:58 Mem:119.91M (Peak 151.55M) | Time:00:00.19 | Rendering 25 / 64 samples

[2025-07-28T16:35:52.808Z] [DEBUG] [23483672-3fe1-4414-975d-15cadf561d32] Blender Output: Fra:58 Mem:119.91M (Peak 151.55M) | Time:00:00.35 | Rendering 50 / 64 samples

[2025-07-28T16:35:52.896Z] [DEBUG] [23483672-3fe1-4414-975d-15cadf561d32] Blender Output: Fra:58 Mem:119.91M (Peak 151.55M) | Time:00:00.43 | Rendering 64 / 64 samples

[2025-07-28T16:35:52.973Z] [DEBUG] [23483672-3fe1-4414-975d-15cadf561d32] Blender Output: Append frame 58
Time: 00:00.51 (Saving: 00:00.03)


[2025-07-28T16:35:53.009Z] [DEBUG] [23483672-3fe1-4414-975d-15cadf561d32] Blender Output: Fra:59 Mem:119.91M (Peak 151.55M) | Time:00:00.03 | Rendering 1 / 64 samples

[2025-07-28T16:35:53.162Z] [DEBUG] [23483672-3fe1-4414-975d-15cadf561d32] Blender Output: Fra:59 Mem:119.91M (Peak 151.55M) | Time:00:00.18 | Rendering 25 / 64 samples

[2025-07-28T16:35:53.319Z] [DEBUG] [23483672-3fe1-4414-975d-15cadf561d32] Blender Output: Fra:59 Mem:119.91M (Peak 151.55M) | Time:00:00.34 | Rendering 50 / 64 samples

[2025-07-28T16:35:53.407Z] [DEBUG] [23483672-3fe1-4414-975d-15cadf561d32] Blender Output: Fra:59 Mem:119.91M (Peak 151.55M) | Time:00:00.43 | Rendering 64 / 64 samples

[2025-07-28T16:35:53.485Z] [DEBUG] [23483672-3fe1-4414-975d-15cadf561d32] Blender Output: Append frame 59
Time: 00:00.51 (Saving: 00:00.03)


[2025-07-28T16:35:53.522Z] [DEBUG] [23483672-3fe1-4414-975d-15cadf561d32] Blender Output: Fra:60 Mem:119.91M (Peak 151.55M) | Time:00:00.03 | Rendering 1 / 64 samples

[2025-07-28T16:35:53.676Z] [DEBUG] [23483672-3fe1-4414-975d-15cadf561d32] Blender Output: Fra:60 Mem:119.91M (Peak 151.55M) | Time:00:00.19 | Rendering 25 / 64 samples

[2025-07-28T16:35:53.836Z] [DEBUG] [23483672-3fe1-4414-975d-15cadf561d32] Blender Output: Fra:60 Mem:119.91M (Peak 151.55M) | Time:00:00.35 | Rendering 50 / 64 samples

[2025-07-28T16:35:53.924Z] [DEBUG] [23483672-3fe1-4414-975d-15cadf561d32] Blender Output: Fra:60 Mem:119.91M (Peak 151.55M) | Time:00:00.43 | Rendering 64 / 64 samples

[2025-07-28T16:35:54.001Z] [DEBUG] [23483672-3fe1-4414-975d-15cadf561d32] Blender Output: Append frame 60
Time: 00:00.51 (Saving: 00:00.03)


[2025-07-28T16:35:54.039Z] [DEBUG] [23483672-3fe1-4414-975d-15cadf561d32] Blender Output: Fra:61 Mem:119.91M (Peak 151.55M) | Time:00:00.03 | Rendering 1 / 64 samples

[2025-07-28T16:35:54.196Z] [DEBUG] [23483672-3fe1-4414-975d-15cadf561d32] Blender Output: Fra:61 Mem:119.91M (Peak 151.55M) | Time:00:00.19 | Rendering 25 / 64 samples

[2025-07-28T16:35:54.356Z] [DEBUG] [23483672-3fe1-4414-975d-15cadf561d32] Blender Output: Fra:61 Mem:119.91M (Peak 151.55M) | Time:00:00.35 | Rendering 50 / 64 samples

[2025-07-28T16:35:54.447Z] [DEBUG] [23483672-3fe1-4414-975d-15cadf561d32] Blender Output: Fra:61 Mem:119.91M (Peak 151.55M) | Time:00:00.44 | Rendering 64 / 64 samples

[2025-07-28T16:35:54.526Z] [DEBUG] [23483672-3fe1-4414-975d-15cadf561d32] Blender Output: Append frame 61
Time: 00:00.52 (Saving: 00:00.03)


[2025-07-28T16:35:54.563Z] [DEBUG] [23483672-3fe1-4414-975d-15cadf561d32] Blender Output: Fra:62 Mem:119.91M (Peak 151.55M) | Time:00:00.03 | Rendering 1 / 64 samples

[2025-07-28T16:35:54.726Z] [DEBUG] [23483672-3fe1-4414-975d-15cadf561d32] Blender Output: Fra:62 Mem:119.91M (Peak 151.55M) | Time:00:00.20 | Rendering 25 / 64 samples

[2025-07-28T16:35:54.892Z] [DEBUG] [23483672-3fe1-4414-975d-15cadf561d32] Blender Output: Fra:62 Mem:119.91M (Peak 151.55M) | Time:00:00.36 | Rendering 50 / 64 samples

[2025-07-28T16:35:54.983Z] [DEBUG] [23483672-3fe1-4414-975d-15cadf561d32] Blender Output: Fra:62 Mem:119.91M (Peak 151.55M) | Time:00:00.45 | Rendering 64 / 64 samples

[2025-07-28T16:35:55.062Z] [DEBUG] [23483672-3fe1-4414-975d-15cadf561d32] Blender Output: Append frame 62
Time: 00:00.53 (Saving: 00:00.03)


[2025-07-28T16:35:55.098Z] [DEBUG] [23483672-3fe1-4414-975d-15cadf561d32] Blender Output: Fra:63 Mem:119.91M (Peak 151.55M) | Time:00:00.03 | Rendering 1 / 64 samples

[2025-07-28T16:35:55.252Z] [DEBUG] [23483672-3fe1-4414-975d-15cadf561d32] Blender Output: Fra:63 Mem:119.91M (Peak 151.55M) | Time:00:00.19 | Rendering 25 / 64 samples

[2025-07-28T16:35:55.407Z] [DEBUG] [23483672-3fe1-4414-975d-15cadf561d32] Blender Output: Fra:63 Mem:119.91M (Peak 151.55M) | Time:00:00.34 | Rendering 50 / 64 samples

[2025-07-28T16:35:55.495Z] [DEBUG] [23483672-3fe1-4414-975d-15cadf561d32] Blender Output: Fra:63 Mem:119.91M (Peak 151.55M) | Time:00:00.43 | Rendering 64 / 64 samples

[2025-07-28T16:35:55.572Z] [DEBUG] [23483672-3fe1-4414-975d-15cadf561d32] Blender Output: Append frame 63
Time: 00:00.51 (Saving: 00:00.03)


[2025-07-28T16:35:55.609Z] [DEBUG] [23483672-3fe1-4414-975d-15cadf561d32] Blender Output: Fra:64 Mem:119.91M (Peak 151.55M) | Time:00:00.03 | Rendering 1 / 64 samples

[2025-07-28T16:35:55.763Z] [DEBUG] [23483672-3fe1-4414-975d-15cadf561d32] Blender Output: Fra:64 Mem:119.91M (Peak 151.55M) | Time:00:00.19 | Rendering 25 / 64 samples

[2025-07-28T16:35:55.920Z] [DEBUG] [23483672-3fe1-4414-975d-15cadf561d32] Blender Output: Fra:64 Mem:119.91M (Peak 151.55M) | Time:00:00.34 | Rendering 50 / 64 samples

[2025-07-28T16:35:56.008Z] [DEBUG] [23483672-3fe1-4414-975d-15cadf561d32] Blender Output: Fra:64 Mem:119.91M (Peak 151.55M) | Time:00:00.43 | Rendering 64 / 64 samples

[2025-07-28T16:35:56.083Z] [DEBUG] [23483672-3fe1-4414-975d-15cadf561d32] Blender Output: Append frame 64
Time: 00:00.51 (Saving: 00:00.03)


[2025-07-28T16:35:56.120Z] [DEBUG] [23483672-3fe1-4414-975d-15cadf561d32] Blender Output: Fra:65 Mem:119.91M (Peak 151.55M) | Time:00:00.03 | Rendering 1 / 64 samples

[2025-07-28T16:35:56.273Z] [DEBUG] [23483672-3fe1-4414-975d-15cadf561d32] Blender Output: Fra:65 Mem:119.91M (Peak 151.55M) | Time:00:00.19 | Rendering 25 / 64 samples

[2025-07-28T16:35:56.430Z] [DEBUG] [23483672-3fe1-4414-975d-15cadf561d32] Blender Output: Fra:65 Mem:119.91M (Peak 151.55M) | Time:00:00.34 | Rendering 50 / 64 samples

[2025-07-28T16:35:56.519Z] [DEBUG] [23483672-3fe1-4414-975d-15cadf561d32] Blender Output: Fra:65 Mem:119.91M (Peak 151.55M) | Time:00:00.43 | Rendering 64 / 64 samples

[2025-07-28T16:35:56.597Z] [DEBUG] [23483672-3fe1-4414-975d-15cadf561d32] Blender Output: Append frame 65
Time: 00:00.51 (Saving: 00:00.03)


[2025-07-28T16:35:56.633Z] [DEBUG] [23483672-3fe1-4414-975d-15cadf561d32] Blender Output: Fra:66 Mem:119.91M (Peak 151.55M) | Time:00:00.03 | Rendering 1 / 64 samples

[2025-07-28T16:35:56.786Z] [DEBUG] [23483672-3fe1-4414-975d-15cadf561d32] Blender Output: Fra:66 Mem:119.91M (Peak 151.55M) | Time:00:00.18 | Rendering 25 / 64 samples

[2025-07-28T16:35:56.940Z] [DEBUG] [23483672-3fe1-4414-975d-15cadf561d32] Blender Output: Fra:66 Mem:119.91M (Peak 151.55M) | Time:00:00.34 | Rendering 50 / 64 samples

[2025-07-28T16:35:57.027Z] [DEBUG] [23483672-3fe1-4414-975d-15cadf561d32] Blender Output: Fra:66 Mem:119.91M (Peak 151.55M) | Time:00:00.43 | Rendering 64 / 64 samples

[2025-07-28T16:35:57.104Z] [DEBUG] [23483672-3fe1-4414-975d-15cadf561d32] Blender Output: Append frame 66
Time: 00:00.50 (Saving: 00:00.03)


[2025-07-28T16:35:57.140Z] [DEBUG] [23483672-3fe1-4414-975d-15cadf561d32] Blender Output: Fra:67 Mem:119.91M (Peak 151.55M) | Time:00:00.03 | Rendering 1 / 64 samples

[2025-07-28T16:35:57.293Z] [DEBUG] [23483672-3fe1-4414-975d-15cadf561d32] Blender Output: Fra:67 Mem:119.91M (Peak 151.55M) | Time:00:00.18 | Rendering 25 / 64 samples

[2025-07-28T16:35:57.446Z] [DEBUG] [23483672-3fe1-4414-975d-15cadf561d32] Blender Output: Fra:67 Mem:119.91M (Peak 151.55M) | Time:00:00.34 | Rendering 50 / 64 samples

[2025-07-28T16:35:57.533Z] [DEBUG] [23483672-3fe1-4414-975d-15cadf561d32] Blender Output: Fra:67 Mem:119.91M (Peak 151.55M) | Time:00:00.42 | Rendering 64 / 64 samples

[2025-07-28T16:35:57.610Z] [DEBUG] [23483672-3fe1-4414-975d-15cadf561d32] Blender Output: Append frame 67
Time: 00:00.50 (Saving: 00:00.03)


[2025-07-28T16:35:57.646Z] [DEBUG] [23483672-3fe1-4414-975d-15cadf561d32] Blender Output: Fra:68 Mem:119.91M (Peak 151.55M) | Time:00:00.03 | Rendering 1 / 64 samples

[2025-07-28T16:35:57.799Z] [DEBUG] [23483672-3fe1-4414-975d-15cadf561d32] Blender Output: Fra:68 Mem:119.91M (Peak 151.55M) | Time:00:00.18 | Rendering 25 / 64 samples

[2025-07-28T16:35:57.953Z] [DEBUG] [23483672-3fe1-4414-975d-15cadf561d32] Blender Output: Fra:68 Mem:119.91M (Peak 151.55M) | Time:00:00.34 | Rendering 50 / 64 samples

[2025-07-28T16:35:58.145Z] [DEBUG] [23483672-3fe1-4414-975d-15cadf561d32] Blender Output: Fra:68 Mem:119.91M (Peak 151.55M) | Time:00:00.43 | Rendering 64 / 64 samples
Append frame 68
Time: 00:00.50 (Saving: 00:00.03)


[2025-07-28T16:35:58.150Z] [DEBUG] [23483672-3fe1-4414-975d-15cadf561d32] Blender Output: Fra:69 Mem:119.91M (Peak 151.55M) | Time:00:00.03 | Rendering 1 / 64 samples

[2025-07-28T16:35:58.305Z] [DEBUG] [23483672-3fe1-4414-975d-15cadf561d32] Blender Output: Fra:69 Mem:119.91M (Peak 151.55M) | Time:00:00.19 | Rendering 25 / 64 samples

[2025-07-28T16:35:58.463Z] [DEBUG] [23483672-3fe1-4414-975d-15cadf561d32] Blender Output: Fra:69 Mem:119.91M (Peak 151.55M) | Time:00:00.35 | Rendering 50 / 64 samples

[2025-07-28T16:35:58.552Z] [DEBUG] [23483672-3fe1-4414-975d-15cadf561d32] Blender Output: Fra:69 Mem:119.91M (Peak 151.55M) | Time:00:00.43 | Rendering 64 / 64 samples

[2025-07-28T16:35:58.630Z] [DEBUG] [23483672-3fe1-4414-975d-15cadf561d32] Blender Output: Append frame 69
Time: 00:00.51 (Saving: 00:00.03)


[2025-07-28T16:35:58.666Z] [DEBUG] [23483672-3fe1-4414-975d-15cadf561d32] Blender Output: Fra:70 Mem:119.91M (Peak 151.55M) | Time:00:00.03 | Rendering 1 / 64 samples

[2025-07-28T16:35:58.817Z] [DEBUG] [23483672-3fe1-4414-975d-15cadf561d32] Blender Output: Fra:70 Mem:119.91M (Peak 151.55M) | Time:00:00.18 | Rendering 25 / 64 samples

[2025-07-28T16:35:58.970Z] [DEBUG] [23483672-3fe1-4414-975d-15cadf561d32] Blender Output: Fra:70 Mem:119.91M (Peak 151.55M) | Time:00:00.34 | Rendering 50 / 64 samples

[2025-07-28T16:35:59.057Z] [DEBUG] [23483672-3fe1-4414-975d-15cadf561d32] Blender Output: Fra:70 Mem:119.91M (Peak 151.55M) | Time:00:00.42 | Rendering 64 / 64 samples

[2025-07-28T16:35:59.132Z] [DEBUG] [23483672-3fe1-4414-975d-15cadf561d32] Blender Output: Append frame 70
Time: 00:00.50 (Saving: 00:00.03)


[2025-07-28T16:35:59.168Z] [DEBUG] [23483672-3fe1-4414-975d-15cadf561d32] Blender Output: Fra:71 Mem:119.91M (Peak 151.55M) | Time:00:00.03 | Rendering 1 / 64 samples

[2025-07-28T16:35:59.319Z] [DEBUG] [23483672-3fe1-4414-975d-15cadf561d32] Blender Output: Fra:71 Mem:119.91M (Peak 151.55M) | Time:00:00.18 | Rendering 25 / 64 samples

[2025-07-28T16:35:59.473Z] [DEBUG] [23483672-3fe1-4414-975d-15cadf561d32] Blender Output: Fra:71 Mem:119.91M (Peak 151.55M) | Time:00:00.34 | Rendering 50 / 64 samples

[2025-07-28T16:35:59.559Z] [DEBUG] [23483672-3fe1-4414-975d-15cadf561d32] Blender Output: Fra:71 Mem:119.91M (Peak 151.55M) | Time:00:00.42 | Rendering 64 / 64 samples

[2025-07-28T16:35:59.636Z] [DEBUG] [23483672-3fe1-4414-975d-15cadf561d32] Blender Output: Append frame 71
Time: 00:00.50 (Saving: 00:00.03)


[2025-07-28T16:35:59.673Z] [DEBUG] [23483672-3fe1-4414-975d-15cadf561d32] Blender Output: Fra:72 Mem:119.91M (Peak 151.55M) | Time:00:00.03 | Rendering 1 / 64 samples

[2025-07-28T16:35:59.827Z] [DEBUG] [23483672-3fe1-4414-975d-15cadf561d32] Blender Output: Fra:72 Mem:119.91M (Peak 151.55M) | Time:00:00.19 | Rendering 25 / 64 samples

[2025-07-28T16:35:59.983Z] [DEBUG] [23483672-3fe1-4414-975d-15cadf561d32] Blender Output: Fra:72 Mem:119.91M (Peak 151.55M) | Time:00:00.34 | Rendering 50 / 64 samples

[2025-07-28T16:36:00.070Z] [DEBUG] [23483672-3fe1-4414-975d-15cadf561d32] Blender Output: Fra:72 Mem:119.91M (Peak 151.55M) | Time:00:00.43 | Rendering 64 / 64 samples

[2025-07-28T16:36:00.145Z] [DEBUG] [23483672-3fe1-4414-975d-15cadf561d32] Blender Output: Append frame 72
Time: 00:00.50 (Saving: 00:00.03)


[2025-07-28T16:36:00.181Z] [DEBUG] [23483672-3fe1-4414-975d-15cadf561d32] Blender Output: Fra:73 Mem:119.91M (Peak 151.55M) | Time:00:00.03 | Rendering 1 / 64 samples

[2025-07-28T16:36:00.335Z] [DEBUG] [23483672-3fe1-4414-975d-15cadf561d32] Blender Output: Fra:73 Mem:119.91M (Peak 151.55M) | Time:00:00.18 | Rendering 25 / 64 samples

[2025-07-28T16:36:00.491Z] [DEBUG] [23483672-3fe1-4414-975d-15cadf561d32] Blender Output: Fra:73 Mem:119.91M (Peak 151.55M) | Time:00:00.34 | Rendering 50 / 64 samples

[2025-07-28T16:36:00.579Z] [DEBUG] [23483672-3fe1-4414-975d-15cadf561d32] Blender Output: Fra:73 Mem:119.91M (Peak 151.55M) | Time:00:00.43 | Rendering 64 / 64 samples

[2025-07-28T16:36:00.656Z] [DEBUG] [23483672-3fe1-4414-975d-15cadf561d32] Blender Output: Append frame 73
Time: 00:00.51 (Saving: 00:00.03)


[2025-07-28T16:36:00.692Z] [DEBUG] [23483672-3fe1-4414-975d-15cadf561d32] Blender Output: Fra:74 Mem:119.91M (Peak 151.55M) | Time:00:00.03 | Rendering 1 / 64 samples

[2025-07-28T16:36:00.846Z] [DEBUG] [23483672-3fe1-4414-975d-15cadf561d32] Blender Output: Fra:74 Mem:119.91M (Peak 151.55M) | Time:00:00.18 | Rendering 25 / 64 samples

[2025-07-28T16:36:01.000Z] [DEBUG] [23483672-3fe1-4414-975d-15cadf561d32] Blender Output: Fra:74 Mem:119.91M (Peak 151.55M) | Time:00:00.34 | Rendering 50 / 64 samples

[2025-07-28T16:36:01.086Z] [DEBUG] [23483672-3fe1-4414-975d-15cadf561d32] Blender Output: Fra:74 Mem:119.91M (Peak 151.55M) | Time:00:00.43 | Rendering 64 / 64 samples

[2025-07-28T16:36:01.164Z] [DEBUG] [23483672-3fe1-4414-975d-15cadf561d32] Blender Output: Append frame 74
Time: 00:00.50 (Saving: 00:00.03)


[2025-07-28T16:36:01.200Z] [DEBUG] [23483672-3fe1-4414-975d-15cadf561d32] Blender Output: Fra:75 Mem:119.91M (Peak 151.55M) | Time:00:00.03 | Rendering 1 / 64 samples

[2025-07-28T16:36:01.353Z] [DEBUG] [23483672-3fe1-4414-975d-15cadf561d32] Blender Output: Fra:75 Mem:119.91M (Peak 151.55M) | Time:00:00.18 | Rendering 25 / 64 samples

[2025-07-28T16:36:01.510Z] [DEBUG] [23483672-3fe1-4414-975d-15cadf561d32] Blender Output: Fra:75 Mem:119.91M (Peak 151.55M) | Time:00:00.34 | Rendering 50 / 64 samples

[2025-07-28T16:36:01.597Z] [DEBUG] [23483672-3fe1-4414-975d-15cadf561d32] Blender Output: Fra:75 Mem:119.91M (Peak 151.55M) | Time:00:00.43 | Rendering 64 / 64 samples

[2025-07-28T16:36:01.671Z] [DEBUG] [23483672-3fe1-4414-975d-15cadf561d32] Blender Output: Append frame 75
Time: 00:00.50 (Saving: 00:00.03)


[2025-07-28T16:36:01.708Z] [DEBUG] [23483672-3fe1-4414-975d-15cadf561d32] Blender Output: Fra:76 Mem:119.91M (Peak 151.55M) | Time:00:00.03 | Rendering 1 / 64 samples

[2025-07-28T16:36:01.861Z] [DEBUG] [23483672-3fe1-4414-975d-15cadf561d32] Blender Output: Fra:76 Mem:119.91M (Peak 151.55M) | Time:00:00.19 | Rendering 25 / 64 samples

[2025-07-28T16:36:02.015Z] [DEBUG] [23483672-3fe1-4414-975d-15cadf561d32] Blender Output: Fra:76 Mem:119.91M (Peak 151.55M) | Time:00:00.34 | Rendering 50 / 64 samples

[2025-07-28T16:36:02.101Z] [DEBUG] [23483672-3fe1-4414-975d-15cadf561d32] Blender Output: Fra:76 Mem:119.91M (Peak 151.55M) | Time:00:00.42 | Rendering 64 / 64 samples

[2025-07-28T16:36:02.177Z] [DEBUG] [23483672-3fe1-4414-975d-15cadf561d32] Blender Output: Append frame 76
Time: 00:00.50 (Saving: 00:00.03)


[2025-07-28T16:36:02.214Z] [DEBUG] [23483672-3fe1-4414-975d-15cadf561d32] Blender Output: Fra:77 Mem:119.91M (Peak 151.55M) | Time:00:00.03 | Rendering 1 / 64 samples

[2025-07-28T16:36:02.366Z] [DEBUG] [23483672-3fe1-4414-975d-15cadf561d32] Blender Output: Fra:77 Mem:119.91M (Peak 151.55M) | Time:00:00.18 | Rendering 25 / 64 samples

[2025-07-28T16:36:02.522Z] [DEBUG] [23483672-3fe1-4414-975d-15cadf561d32] Blender Output: Fra:77 Mem:119.91M (Peak 151.55M) | Time:00:00.34 | Rendering 50 / 64 samples

[2025-07-28T16:36:02.608Z] [DEBUG] [23483672-3fe1-4414-975d-15cadf561d32] Blender Output: Fra:77 Mem:119.91M (Peak 151.55M) | Time:00:00.43 | Rendering 64 / 64 samples

[2025-07-28T16:36:02.684Z] [DEBUG] [23483672-3fe1-4414-975d-15cadf561d32] Blender Output: Append frame 77
Time: 00:00.50 (Saving: 00:00.03)


[2025-07-28T16:36:02.721Z] [DEBUG] [23483672-3fe1-4414-975d-15cadf561d32] Blender Output: Fra:78 Mem:119.91M (Peak 151.55M) | Time:00:00.03 | Rendering 1 / 64 samples

[2025-07-28T16:36:02.871Z] [DEBUG] [23483672-3fe1-4414-975d-15cadf561d32] Blender Output: Fra:78 Mem:119.91M (Peak 151.55M) | Time:00:00.18 | Rendering 25 / 64 samples

[2025-07-28T16:36:03.026Z] [DEBUG] [23483672-3fe1-4414-975d-15cadf561d32] Blender Output: Fra:78 Mem:119.91M (Peak 151.55M) | Time:00:00.34 | Rendering 50 / 64 samples

[2025-07-28T16:36:03.112Z] [DEBUG] [23483672-3fe1-4414-975d-15cadf561d32] Blender Output: Fra:78 Mem:119.91M (Peak 151.55M) | Time:00:00.42 | Rendering 64 / 64 samples

[2025-07-28T16:36:03.189Z] [DEBUG] [23483672-3fe1-4414-975d-15cadf561d32] Blender Output: Append frame 78
Time: 00:00.50 (Saving: 00:00.03)


[2025-07-28T16:36:03.225Z] [DEBUG] [23483672-3fe1-4414-975d-15cadf561d32] Blender Output: Fra:79 Mem:119.91M (Peak 151.55M) | Time:00:00.03 | Rendering 1 / 64 samples

[2025-07-28T16:36:03.375Z] [DEBUG] [23483672-3fe1-4414-975d-15cadf561d32] Blender Output: Fra:79 Mem:119.91M (Peak 151.55M) | Time:00:00.18 | Rendering 25 / 64 samples

[2025-07-28T16:36:03.527Z] [DEBUG] [23483672-3fe1-4414-975d-15cadf561d32] Blender Output: Fra:79 Mem:119.91M (Peak 151.55M) | Time:00:00.33 | Rendering 50 / 64 samples

[2025-07-28T16:36:03.613Z] [DEBUG] [23483672-3fe1-4414-975d-15cadf561d32] Blender Output: Fra:79 Mem:119.91M (Peak 151.55M) | Time:00:00.42 | Rendering 64 / 64 samples

[2025-07-28T16:36:03.688Z] [DEBUG] [23483672-3fe1-4414-975d-15cadf561d32] Blender Output: Append frame 79
Time: 00:00.49 (Saving: 00:00.03)


[2025-07-28T16:36:03.725Z] [DEBUG] [23483672-3fe1-4414-975d-15cadf561d32] Blender Output: Fra:80 Mem:119.91M (Peak 151.55M) | Time:00:00.03 | Rendering 1 / 64 samples

[2025-07-28T16:36:03.879Z] [DEBUG] [23483672-3fe1-4414-975d-15cadf561d32] Blender Output: Fra:80 Mem:119.91M (Peak 151.55M) | Time:00:00.19 | Rendering 25 / 64 samples

[2025-07-28T16:36:04.038Z] [DEBUG] [23483672-3fe1-4414-975d-15cadf561d32] Blender Output: Fra:80 Mem:119.91M (Peak 151.55M) | Time:00:00.34 | Rendering 50 / 64 samples

[2025-07-28T16:36:04.126Z] [DEBUG] [23483672-3fe1-4414-975d-15cadf561d32] Blender Output: Fra:80 Mem:119.91M (Peak 151.55M) | Time:00:00.43 | Rendering 64 / 64 samples

[2025-07-28T16:36:04.203Z] [DEBUG] [23483672-3fe1-4414-975d-15cadf561d32] Blender Output: Append frame 80
Time: 00:00.51 (Saving: 00:00.03)


[2025-07-28T16:36:04.239Z] [DEBUG] [23483672-3fe1-4414-975d-15cadf561d32] Blender Output: Fra:81 Mem:119.91M (Peak 151.55M) | Time:00:00.03 | Rendering 1 / 64 samples

[2025-07-28T16:36:04.390Z] [DEBUG] [23483672-3fe1-4414-975d-15cadf561d32] Blender Output: Fra:81 Mem:119.91M (Peak 151.55M) | Time:00:00.18 | Rendering 25 / 64 samples

[2025-07-28T16:36:04.545Z] [DEBUG] [23483672-3fe1-4414-975d-15cadf561d32] Blender Output: Fra:81 Mem:119.91M (Peak 151.55M) | Time:00:00.34 | Rendering 50 / 64 samples

[2025-07-28T16:36:04.632Z] [DEBUG] [23483672-3fe1-4414-975d-15cadf561d32] Blender Output: Fra:81 Mem:119.91M (Peak 151.55M) | Time:00:00.42 | Rendering 64 / 64 samples

[2025-07-28T16:36:04.706Z] [DEBUG] [23483672-3fe1-4414-975d-15cadf561d32] Blender Output: Append frame 81
Time: 00:00.50 (Saving: 00:00.03)


[2025-07-28T16:36:04.742Z] [DEBUG] [23483672-3fe1-4414-975d-15cadf561d32] Blender Output: Fra:82 Mem:119.91M (Peak 151.55M) | Time:00:00.03 | Rendering 1 / 64 samples

[2025-07-28T16:36:04.895Z] [DEBUG] [23483672-3fe1-4414-975d-15cadf561d32] Blender Output: Fra:82 Mem:119.91M (Peak 151.55M) | Time:00:00.18 | Rendering 25 / 64 samples

[2025-07-28T16:36:05.049Z] [DEBUG] [23483672-3fe1-4414-975d-15cadf561d32] Blender Output: Fra:82 Mem:119.91M (Peak 151.55M) | Time:00:00.34 | Rendering 50 / 64 samples

[2025-07-28T16:36:05.136Z] [DEBUG] [23483672-3fe1-4414-975d-15cadf561d32] Blender Output: Fra:82 Mem:119.91M (Peak 151.55M) | Time:00:00.43 | Rendering 64 / 64 samples

[2025-07-28T16:36:05.211Z] [DEBUG] [23483672-3fe1-4414-975d-15cadf561d32] Blender Output: Append frame 82
Time: 00:00.50 (Saving: 00:00.03)


[2025-07-28T16:36:05.248Z] [DEBUG] [23483672-3fe1-4414-975d-15cadf561d32] Blender Output: Fra:83 Mem:119.91M (Peak 151.55M) | Time:00:00.03 | Rendering 1 / 64 samples

[2025-07-28T16:36:05.398Z] [DEBUG] [23483672-3fe1-4414-975d-15cadf561d32] Blender Output: Fra:83 Mem:119.91M (Peak 151.55M) | Time:00:00.18 | Rendering 25 / 64 samples

[2025-07-28T16:36:05.552Z] [DEBUG] [23483672-3fe1-4414-975d-15cadf561d32] Blender Output: Fra:83 Mem:119.91M (Peak 151.55M) | Time:00:00.34 | Rendering 50 / 64 samples

[2025-07-28T16:36:05.640Z] [DEBUG] [23483672-3fe1-4414-975d-15cadf561d32] Blender Output: Fra:83 Mem:119.91M (Peak 151.55M) | Time:00:00.42 | Rendering 64 / 64 samples

[2025-07-28T16:36:05.718Z] [DEBUG] [23483672-3fe1-4414-975d-15cadf561d32] Blender Output: Append frame 83
Time: 00:00.50 (Saving: 00:00.03)


[2025-07-28T16:36:05.755Z] [DEBUG] [23483672-3fe1-4414-975d-15cadf561d32] Blender Output: Fra:84 Mem:119.91M (Peak 151.55M) | Time:00:00.03 | Rendering 1 / 64 samples

[2025-07-28T16:36:05.906Z] [DEBUG] [23483672-3fe1-4414-975d-15cadf561d32] Blender Output: Fra:84 Mem:119.91M (Peak 151.55M) | Time:00:00.18 | Rendering 25 / 64 samples

[2025-07-28T16:36:06.057Z] [DEBUG] [23483672-3fe1-4414-975d-15cadf561d32] Blender Output: Fra:84 Mem:119.91M (Peak 151.55M) | Time:00:00.33 | Rendering 50 / 64 samples

[2025-07-28T16:36:06.142Z] [DEBUG] [23483672-3fe1-4414-975d-15cadf561d32] Blender Output: Fra:84 Mem:119.91M (Peak 151.55M) | Time:00:00.42 | Rendering 64 / 64 samples

[2025-07-28T16:36:06.218Z] [DEBUG] [23483672-3fe1-4414-975d-15cadf561d32] Blender Output: Append frame 84
Time: 00:00.50 (Saving: 00:00.03)


[2025-07-28T16:36:06.254Z] [DEBUG] [23483672-3fe1-4414-975d-15cadf561d32] Blender Output: Fra:85 Mem:119.91M (Peak 151.55M) | Time:00:00.03 | Rendering 1 / 64 samples

[2025-07-28T16:36:06.405Z] [DEBUG] [23483672-3fe1-4414-975d-15cadf561d32] Blender Output: Fra:85 Mem:119.91M (Peak 151.55M) | Time:00:00.18 | Rendering 25 / 64 samples

[2025-07-28T16:36:06.559Z] [DEBUG] [23483672-3fe1-4414-975d-15cadf561d32] Blender Output: Fra:85 Mem:119.91M (Peak 151.55M) | Time:00:00.34 | Rendering 50 / 64 samples

[2025-07-28T16:36:06.645Z] [DEBUG] [23483672-3fe1-4414-975d-15cadf561d32] Blender Output: Fra:85 Mem:119.91M (Peak 151.55M) | Time:00:00.42 | Rendering 64 / 64 samples

[2025-07-28T16:36:06.720Z] [DEBUG] [23483672-3fe1-4414-975d-15cadf561d32] Blender Output: Append frame 85
Time: 00:00.50 (Saving: 00:00.03)


[2025-07-28T16:36:06.757Z] [DEBUG] [23483672-3fe1-4414-975d-15cadf561d32] Blender Output: Fra:86 Mem:119.91M (Peak 151.55M) | Time:00:00.03 | Rendering 1 / 64 samples

[2025-07-28T16:36:06.909Z] [DEBUG] [23483672-3fe1-4414-975d-15cadf561d32] Blender Output: Fra:86 Mem:119.91M (Peak 151.55M) | Time:00:00.18 | Rendering 25 / 64 samples

[2025-07-28T16:36:07.063Z] [DEBUG] [23483672-3fe1-4414-975d-15cadf561d32] Blender Output: Fra:86 Mem:119.91M (Peak 151.55M) | Time:00:00.34 | Rendering 50 / 64 samples

[2025-07-28T16:36:07.149Z] [DEBUG] [23483672-3fe1-4414-975d-15cadf561d32] Blender Output: Fra:86 Mem:119.91M (Peak 151.55M) | Time:00:00.42 | Rendering 64 / 64 samples

[2025-07-28T16:36:07.227Z] [DEBUG] [23483672-3fe1-4414-975d-15cadf561d32] Blender Output: Append frame 86
Time: 00:00.50 (Saving: 00:00.03)


[2025-07-28T16:36:07.264Z] [DEBUG] [23483672-3fe1-4414-975d-15cadf561d32] Blender Output: Fra:87 Mem:119.91M (Peak 151.55M) | Time:00:00.03 | Rendering 1 / 64 samples

[2025-07-28T16:36:07.418Z] [DEBUG] [23483672-3fe1-4414-975d-15cadf561d32] Blender Output: Fra:87 Mem:119.91M (Peak 151.55M) | Time:00:00.19 | Rendering 25 / 64 samples

[2025-07-28T16:36:07.574Z] [DEBUG] [23483672-3fe1-4414-975d-15cadf561d32] Blender Output: Fra:87 Mem:119.91M (Peak 151.55M) | Time:00:00.34 | Rendering 50 / 64 samples

[2025-07-28T16:36:07.662Z] [DEBUG] [23483672-3fe1-4414-975d-15cadf561d32] Blender Output: Fra:87 Mem:119.91M (Peak 151.55M) | Time:00:00.43 | Rendering 64 / 64 samples

[2025-07-28T16:36:07.736Z] [DEBUG] [23483672-3fe1-4414-975d-15cadf561d32] Blender Output: Append frame 87
Time: 00:00.50 (Saving: 00:00.03)


[2025-07-28T16:36:07.773Z] [DEBUG] [23483672-3fe1-4414-975d-15cadf561d32] Blender Output: Fra:88 Mem:119.91M (Peak 151.55M) | Time:00:00.03 | Rendering 1 / 64 samples

[2025-07-28T16:36:07.928Z] [DEBUG] [23483672-3fe1-4414-975d-15cadf561d32] Blender Output: Fra:88 Mem:119.91M (Peak 151.55M) | Time:00:00.19 | Rendering 25 / 64 samples

[2025-07-28T16:36:08.085Z] [DEBUG] [23483672-3fe1-4414-975d-15cadf561d32] Blender Output: Fra:88 Mem:119.91M (Peak 151.55M) | Time:00:00.34 | Rendering 50 / 64 samples

[2025-07-28T16:36:08.173Z] [DEBUG] [23483672-3fe1-4414-975d-15cadf561d32] Blender Output: Fra:88 Mem:119.91M (Peak 151.55M) | Time:00:00.43 | Rendering 64 / 64 samples

[2025-07-28T16:36:08.251Z] [DEBUG] [23483672-3fe1-4414-975d-15cadf561d32] Blender Output: Append frame 88
Time: 00:00.51 (Saving: 00:00.03)


[2025-07-28T16:36:08.287Z] [DEBUG] [23483672-3fe1-4414-975d-15cadf561d32] Blender Output: Fra:89 Mem:119.91M (Peak 151.55M) | Time:00:00.03 | Rendering 1 / 64 samples

[2025-07-28T16:36:08.441Z] [DEBUG] [23483672-3fe1-4414-975d-15cadf561d32] Blender Output: Fra:89 Mem:119.91M (Peak 151.55M) | Time:00:00.19 | Rendering 25 / 64 samples

[2025-07-28T16:36:08.598Z] [DEBUG] [23483672-3fe1-4414-975d-15cadf561d32] Blender Output: Fra:89 Mem:119.91M (Peak 151.55M) | Time:00:00.34 | Rendering 50 / 64 samples

[2025-07-28T16:36:08.685Z] [DEBUG] [23483672-3fe1-4414-975d-15cadf561d32] Blender Output: Fra:89 Mem:119.91M (Peak 151.55M) | Time:00:00.43 | Rendering 64 / 64 samples

[2025-07-28T16:36:08.763Z] [DEBUG] [23483672-3fe1-4414-975d-15cadf561d32] Blender Output: Append frame 89
Time: 00:00.51 (Saving: 00:00.03)


[2025-07-28T16:36:08.800Z] [DEBUG] [23483672-3fe1-4414-975d-15cadf561d32] Blender Output: Fra:90 Mem:119.91M (Peak 151.55M) | Time:00:00.03 | Rendering 1 / 64 samples

[2025-07-28T16:36:08.953Z] [DEBUG] [23483672-3fe1-4414-975d-15cadf561d32] Blender Output: Fra:90 Mem:119.91M (Peak 151.55M) | Time:00:00.18 | Rendering 25 / 64 samples

[2025-07-28T16:36:09.110Z] [DEBUG] [23483672-3fe1-4414-975d-15cadf561d32] Blender Output: Fra:90 Mem:119.91M (Peak 151.55M) | Time:00:00.34 | Rendering 50 / 64 samples

[2025-07-28T16:36:09.197Z] [DEBUG] [23483672-3fe1-4414-975d-15cadf561d32] Blender Output: Fra:90 Mem:119.91M (Peak 151.55M) | Time:00:00.43 | Rendering 64 / 64 samples

[2025-07-28T16:36:09.271Z] [DEBUG] [23483672-3fe1-4414-975d-15cadf561d32] Blender Output: Append frame 90
Time: 00:00.50 (Saving: 00:00.03)


[2025-07-28T16:36:09.307Z] [DEBUG] [23483672-3fe1-4414-975d-15cadf561d32] Blender Output: Fra:91 Mem:119.91M (Peak 151.55M) | Time:00:00.03 | Rendering 1 / 64 samples

[2025-07-28T16:36:09.460Z] [DEBUG] [23483672-3fe1-4414-975d-15cadf561d32] Blender Output: Fra:91 Mem:119.91M (Peak 151.55M) | Time:00:00.18 | Rendering 25 / 64 samples

[2025-07-28T16:36:09.613Z] [DEBUG] [23483672-3fe1-4414-975d-15cadf561d32] Blender Output: Fra:91 Mem:119.91M (Peak 151.55M) | Time:00:00.34 | Rendering 50 / 64 samples

[2025-07-28T16:36:09.702Z] [DEBUG] [23483672-3fe1-4414-975d-15cadf561d32] Blender Output: Fra:91 Mem:119.91M (Peak 151.55M) | Time:00:00.43 | Rendering 64 / 64 samples

[2025-07-28T16:36:09.776Z] [DEBUG] [23483672-3fe1-4414-975d-15cadf561d32] Blender Output: Append frame 91
Time: 00:00.50 (Saving: 00:00.03)


[2025-07-28T16:36:09.812Z] [DEBUG] [23483672-3fe1-4414-975d-15cadf561d32] Blender Output: Fra:92 Mem:119.91M (Peak 151.55M) | Time:00:00.03 | Rendering 1 / 64 samples

[2025-07-28T16:36:09.964Z] [DEBUG] [23483672-3fe1-4414-975d-15cadf561d32] Blender Output: Fra:92 Mem:119.91M (Peak 151.55M) | Time:00:00.18 | Rendering 25 / 64 samples

[2025-07-28T16:36:10.119Z] [DEBUG] [23483672-3fe1-4414-975d-15cadf561d32] Blender Output: Fra:92 Mem:119.91M (Peak 151.55M) | Time:00:00.34 | Rendering 50 / 64 samples

[2025-07-28T16:36:10.205Z] [DEBUG] [23483672-3fe1-4414-975d-15cadf561d32] Blender Output: Fra:92 Mem:119.91M (Peak 151.55M) | Time:00:00.42 | Rendering 64 / 64 samples

[2025-07-28T16:36:10.281Z] [DEBUG] [23483672-3fe1-4414-975d-15cadf561d32] Blender Output: Append frame 92
Time: 00:00.50 (Saving: 00:00.03)


[2025-07-28T16:36:10.317Z] [DEBUG] [23483672-3fe1-4414-975d-15cadf561d32] Blender Output: Fra:93 Mem:119.91M (Peak 151.55M) | Time:00:00.03 | Rendering 1 / 64 samples

[2025-07-28T16:36:10.470Z] [DEBUG] [23483672-3fe1-4414-975d-15cadf561d32] Blender Output: Fra:93 Mem:119.91M (Peak 151.55M) | Time:00:00.18 | Rendering 25 / 64 samples

[2025-07-28T16:36:10.625Z] [DEBUG] [23483672-3fe1-4414-975d-15cadf561d32] Blender Output: Fra:93 Mem:119.91M (Peak 151.55M) | Time:00:00.34 | Rendering 50 / 64 samples

[2025-07-28T16:36:10.712Z] [DEBUG] [23483672-3fe1-4414-975d-15cadf561d32] Blender Output: Fra:93 Mem:119.91M (Peak 151.55M) | Time:00:00.43 | Rendering 64 / 64 samples

[2025-07-28T16:36:10.790Z] [DEBUG] [23483672-3fe1-4414-975d-15cadf561d32] Blender Output: Append frame 93
Time: 00:00.50 (Saving: 00:00.03)


[2025-07-28T16:36:10.827Z] [DEBUG] [23483672-3fe1-4414-975d-15cadf561d32] Blender Output: Fra:94 Mem:119.91M (Peak 151.55M) | Time:00:00.03 | Rendering 1 / 64 samples

[2025-07-28T16:36:10.980Z] [DEBUG] [23483672-3fe1-4414-975d-15cadf561d32] Blender Output: Fra:94 Mem:119.91M (Peak 151.55M) | Time:00:00.18 | Rendering 25 / 64 samples

[2025-07-28T16:36:11.134Z] [DEBUG] [23483672-3fe1-4414-975d-15cadf561d32] Blender Output: Fra:94 Mem:119.91M (Peak 151.55M) | Time:00:00.34 | Rendering 50 / 64 samples

[2025-07-28T16:36:11.222Z] [DEBUG] [23483672-3fe1-4414-975d-15cadf561d32] Blender Output: Fra:94 Mem:119.91M (Peak 151.55M) | Time:00:00.43 | Rendering 64 / 64 samples

[2025-07-28T16:36:11.298Z] [DEBUG] [23483672-3fe1-4414-975d-15cadf561d32] Blender Output: Append frame 94
Time: 00:00.50 (Saving: 00:00.03)


[2025-07-28T16:36:11.334Z] [DEBUG] [23483672-3fe1-4414-975d-15cadf561d32] Blender Output: Fra:95 Mem:119.91M (Peak 151.55M) | Time:00:00.03 | Rendering 1 / 64 samples

[2025-07-28T16:36:11.486Z] [DEBUG] [23483672-3fe1-4414-975d-15cadf561d32] Blender Output: Fra:95 Mem:119.91M (Peak 151.55M) | Time:00:00.18 | Rendering 25 / 64 samples

[2025-07-28T16:36:11.639Z] [DEBUG] [23483672-3fe1-4414-975d-15cadf561d32] Blender Output: Fra:95 Mem:119.91M (Peak 151.55M) | Time:00:00.34 | Rendering 50 / 64 samples

[2025-07-28T16:36:11.727Z] [DEBUG] [23483672-3fe1-4414-975d-15cadf561d32] Blender Output: Fra:95 Mem:119.91M (Peak 151.55M) | Time:00:00.42 | Rendering 64 / 64 samples

[2025-07-28T16:36:11.803Z] [DEBUG] [23483672-3fe1-4414-975d-15cadf561d32] Blender Output: Append frame 95
Time: 00:00.50 (Saving: 00:00.03)


[2025-07-28T16:36:11.839Z] [DEBUG] [23483672-3fe1-4414-975d-15cadf561d32] Blender Output: Fra:96 Mem:119.91M (Peak 151.55M) | Time:00:00.03 | Rendering 1 / 64 samples

[2025-07-28T16:36:11.990Z] [DEBUG] [23483672-3fe1-4414-975d-15cadf561d32] Blender Output: Fra:96 Mem:119.91M (Peak 151.55M) | Time:00:00.18 | Rendering 25 / 64 samples

[2025-07-28T16:36:12.145Z] [DEBUG] [23483672-3fe1-4414-975d-15cadf561d32] Blender Output: Fra:96 Mem:119.91M (Peak 151.55M) | Time:00:00.34 | Rendering 50 / 64 samples

[2025-07-28T16:36:12.232Z] [DEBUG] [23483672-3fe1-4414-975d-15cadf561d32] Blender Output: Fra:96 Mem:119.91M (Peak 151.55M) | Time:00:00.42 | Rendering 64 / 64 samples

[2025-07-28T16:36:12.310Z] [DEBUG] [23483672-3fe1-4414-975d-15cadf561d32] Blender Output: Append frame 96
Time: 00:00.50 (Saving: 00:00.03)


[2025-07-28T16:36:12.346Z] [DEBUG] [23483672-3fe1-4414-975d-15cadf561d32] Blender Output: Fra:97 Mem:119.91M (Peak 151.55M) | Time:00:00.03 | Rendering 1 / 64 samples

[2025-07-28T16:36:12.499Z] [DEBUG] [23483672-3fe1-4414-975d-15cadf561d32] Blender Output: Fra:97 Mem:119.91M (Peak 151.55M) | Time:00:00.18 | Rendering 25 / 64 samples

[2025-07-28T16:36:12.652Z] [DEBUG] [23483672-3fe1-4414-975d-15cadf561d32] Blender Output: Fra:97 Mem:119.91M (Peak 151.55M) | Time:00:00.34 | Rendering 50 / 64 samples

[2025-07-28T16:36:12.740Z] [DEBUG] [23483672-3fe1-4414-975d-15cadf561d32] Blender Output: Fra:97 Mem:119.91M (Peak 151.55M) | Time:00:00.43 | Rendering 64 / 64 samples

[2025-07-28T16:36:12.819Z] [DEBUG] [23483672-3fe1-4414-975d-15cadf561d32] Blender Output: Append frame 97
Time: 00:00.50 (Saving: 00:00.03)


[2025-07-28T16:36:12.855Z] [DEBUG] [23483672-3fe1-4414-975d-15cadf561d32] Blender Output: Fra:98 Mem:119.91M (Peak 151.55M) | Time:00:00.03 | Rendering 1 / 64 samples

[2025-07-28T16:36:13.006Z] [DEBUG] [23483672-3fe1-4414-975d-15cadf561d32] Blender Output: Fra:98 Mem:119.91M (Peak 151.55M) | Time:00:00.18 | Rendering 25 / 64 samples

[2025-07-28T16:36:13.160Z] [DEBUG] [23483672-3fe1-4414-975d-15cadf561d32] Blender Output: Fra:98 Mem:119.91M (Peak 151.55M) | Time:00:00.34 | Rendering 50 / 64 samples

[2025-07-28T16:36:13.246Z] [DEBUG] [23483672-3fe1-4414-975d-15cadf561d32] Blender Output: Fra:98 Mem:119.91M (Peak 151.55M) | Time:00:00.42 | Rendering 64 / 64 samples

[2025-07-28T16:36:13.321Z] [DEBUG] [23483672-3fe1-4414-975d-15cadf561d32] Blender Output: Append frame 98
Time: 00:00.50 (Saving: 00:00.03)


[2025-07-28T16:36:13.357Z] [DEBUG] [23483672-3fe1-4414-975d-15cadf561d32] Blender Output: Fra:99 Mem:119.91M (Peak 151.55M) | Time:00:00.03 | Rendering 1 / 64 samples

[2025-07-28T16:36:13.508Z] [DEBUG] [23483672-3fe1-4414-975d-15cadf561d32] Blender Output: Fra:99 Mem:119.91M (Peak 151.55M) | Time:00:00.18 | Rendering 25 / 64 samples

[2025-07-28T16:36:13.661Z] [DEBUG] [23483672-3fe1-4414-975d-15cadf561d32] Blender Output: Fra:99 Mem:119.91M (Peak 151.55M) | Time:00:00.33 | Rendering 50 / 64 samples

[2025-07-28T16:36:13.748Z] [DEBUG] [23483672-3fe1-4414-975d-15cadf561d32] Blender Output: Fra:99 Mem:119.91M (Peak 151.55M) | Time:00:00.42 | Rendering 64 / 64 samples

[2025-07-28T16:36:13.824Z] [DEBUG] [23483672-3fe1-4414-975d-15cadf561d32] Blender Output: Append frame 99
Time: 00:00.50 (Saving: 00:00.03)


[2025-07-28T16:36:13.860Z] [DEBUG] [23483672-3fe1-4414-975d-15cadf561d32] Blender Output: Fra:100 Mem:119.91M (Peak 151.55M) | Time:00:00.03 | Rendering 1 / 64 samples

[2025-07-28T16:36:14.016Z] [DEBUG] [23483672-3fe1-4414-975d-15cadf561d32] Blender Output: Fra:100 Mem:119.91M (Peak 151.55M) | Time:00:00.19 | Rendering 25 / 64 samples

[2025-07-28T16:36:14.176Z] [DEBUG] [23483672-3fe1-4414-975d-15cadf561d32] Blender Output: Fra:100 Mem:119.91M (Peak 151.55M) | Time:00:00.35 | Rendering 50 / 64 samples

[2025-07-28T16:36:14.266Z] [DEBUG] [23483672-3fe1-4414-975d-15cadf561d32] Blender Output: Fra:100 Mem:119.91M (Peak 151.55M) | Time:00:00.44 | Rendering 64 / 64 samples

[2025-07-28T16:36:14.340Z] [DEBUG] [23483672-3fe1-4414-975d-15cadf561d32] Blender Output: Append frame 100
Time: 00:00.51 (Saving: 00:00.03)


[2025-07-28T16:36:14.376Z] [DEBUG] [23483672-3fe1-4414-975d-15cadf561d32] Blender Output: Fra:101 Mem:119.91M (Peak 151.55M) | Time:00:00.03 | Rendering 1 / 64 samples

[2025-07-28T16:36:14.532Z] [DEBUG] [23483672-3fe1-4414-975d-15cadf561d32] Blender Output: Fra:101 Mem:119.91M (Peak 151.55M) | Time:00:00.19 | Rendering 25 / 64 samples

[2025-07-28T16:36:14.688Z] [DEBUG] [23483672-3fe1-4414-975d-15cadf561d32] Blender Output: Fra:101 Mem:119.91M (Peak 151.55M) | Time:00:00.34 | Rendering 50 / 64 samples

[2025-07-28T16:36:14.777Z] [DEBUG] [23483672-3fe1-4414-975d-15cadf561d32] Blender Output: Fra:101 Mem:119.91M (Peak 151.55M) | Time:00:00.43 | Rendering 64 / 64 samples

[2025-07-28T16:36:14.852Z] [DEBUG] [23483672-3fe1-4414-975d-15cadf561d32] Blender Output: Append frame 101
Time: 00:00.51 (Saving: 00:00.03)


[2025-07-28T16:36:14.889Z] [DEBUG] [23483672-3fe1-4414-975d-15cadf561d32] Blender Output: Fra:102 Mem:119.91M (Peak 151.55M) | Time:00:00.03 | Rendering 1 / 64 samples

[2025-07-28T16:36:15.042Z] [DEBUG] [23483672-3fe1-4414-975d-15cadf561d32] Blender Output: Fra:102 Mem:119.91M (Peak 151.55M) | Time:00:00.18 | Rendering 25 / 64 samples

[2025-07-28T16:36:15.198Z] [DEBUG] [23483672-3fe1-4414-975d-15cadf561d32] Blender Output: Fra:102 Mem:119.91M (Peak 151.55M) | Time:00:00.34 | Rendering 50 / 64 samples

[2025-07-28T16:36:15.284Z] [DEBUG] [23483672-3fe1-4414-975d-15cadf561d32] Blender Output: Fra:102 Mem:119.91M (Peak 151.55M) | Time:00:00.43 | Rendering 64 / 64 samples

[2025-07-28T16:36:15.361Z] [DEBUG] [23483672-3fe1-4414-975d-15cadf561d32] Blender Output: Append frame 102
Time: 00:00.50 (Saving: 00:00.03)


[2025-07-28T16:36:15.398Z] [DEBUG] [23483672-3fe1-4414-975d-15cadf561d32] Blender Output: Fra:103 Mem:119.91M (Peak 151.55M) | Time:00:00.03 | Rendering 1 / 64 samples

[2025-07-28T16:36:15.551Z] [DEBUG] [23483672-3fe1-4414-975d-15cadf561d32] Blender Output: Fra:103 Mem:119.91M (Peak 151.55M) | Time:00:00.18 | Rendering 25 / 64 samples

[2025-07-28T16:36:15.707Z] [DEBUG] [23483672-3fe1-4414-975d-15cadf561d32] Blender Output: Fra:103 Mem:119.91M (Peak 151.55M) | Time:00:00.34 | Rendering 50 / 64 samples

[2025-07-28T16:36:15.794Z] [DEBUG] [23483672-3fe1-4414-975d-15cadf561d32] Blender Output: Fra:103 Mem:119.91M (Peak 151.55M) | Time:00:00.43 | Rendering 64 / 64 samples

[2025-07-28T16:36:15.868Z] [DEBUG] [23483672-3fe1-4414-975d-15cadf561d32] Blender Output: Append frame 103
Time: 00:00.50 (Saving: 00:00.03)


[2025-07-28T16:36:15.905Z] [DEBUG] [23483672-3fe1-4414-975d-15cadf561d32] Blender Output: Fra:104 Mem:119.91M (Peak 151.55M) | Time:00:00.03 | Rendering 1 / 64 samples

[2025-07-28T16:36:16.060Z] [DEBUG] [23483672-3fe1-4414-975d-15cadf561d32] Blender Output: Fra:104 Mem:119.91M (Peak 151.55M) | Time:00:00.19 | Rendering 25 / 64 samples

[2025-07-28T16:36:16.219Z] [DEBUG] [23483672-3fe1-4414-975d-15cadf561d32] Blender Output: Fra:104 Mem:119.91M (Peak 151.55M) | Time:00:00.35 | Rendering 50 / 64 samples

[2025-07-28T16:36:16.309Z] [DEBUG] [23483672-3fe1-4414-975d-15cadf561d32] Blender Output: Fra:104 Mem:119.91M (Peak 151.55M) | Time:00:00.44 | Rendering 64 / 64 samples

[2025-07-28T16:36:16.386Z] [DEBUG] [23483672-3fe1-4414-975d-15cadf561d32] Blender Output: Append frame 104
Time: 00:00.51 (Saving: 00:00.03)


[2025-07-28T16:36:16.423Z] [DEBUG] [23483672-3fe1-4414-975d-15cadf561d32] Blender Output: Fra:105 Mem:119.91M (Peak 151.55M) | Time:00:00.03 | Rendering 1 / 64 samples

[2025-07-28T16:36:16.574Z] [DEBUG] [23483672-3fe1-4414-975d-15cadf561d32] Blender Output: Fra:105 Mem:119.91M (Peak 151.55M) | Time:00:00.18 | Rendering 25 / 64 samples

[2025-07-28T16:36:16.728Z] [DEBUG] [23483672-3fe1-4414-975d-15cadf561d32] Blender Output: Fra:105 Mem:119.91M (Peak 151.55M) | Time:00:00.34 | Rendering 50 / 64 samples

[2025-07-28T16:36:16.814Z] [DEBUG] [23483672-3fe1-4414-975d-15cadf561d32] Blender Output: Fra:105 Mem:119.91M (Peak 151.55M) | Time:00:00.42 | Rendering 64 / 64 samples

[2025-07-28T16:36:16.889Z] [DEBUG] [23483672-3fe1-4414-975d-15cadf561d32] Blender Output: Append frame 105
Time: 00:00.50 (Saving: 00:00.03)


[2025-07-28T16:36:16.926Z] [DEBUG] [23483672-3fe1-4414-975d-15cadf561d32] Blender Output: Fra:106 Mem:119.91M (Peak 151.55M) | Time:00:00.03 | Rendering 1 / 64 samples

[2025-07-28T16:36:17.084Z] [DEBUG] [23483672-3fe1-4414-975d-15cadf561d32] Blender Output: Fra:106 Mem:119.91M (Peak 151.55M) | Time:00:00.19 | Rendering 25 / 64 samples

[2025-07-28T16:36:17.246Z] [DEBUG] [23483672-3fe1-4414-975d-15cadf561d32] Blender Output: Fra:106 Mem:119.91M (Peak 151.55M) | Time:00:00.35 | Rendering 50 / 64 samples

[2025-07-28T16:36:17.337Z] [DEBUG] [23483672-3fe1-4414-975d-15cadf561d32] Blender Output: Fra:106 Mem:119.91M (Peak 151.55M) | Time:00:00.44 | Rendering 64 / 64 samples

[2025-07-28T16:36:17.414Z] [DEBUG] [23483672-3fe1-4414-975d-15cadf561d32] Blender Output: Append frame 106
Time: 00:00.52 (Saving: 00:00.03)


[2025-07-28T16:36:17.450Z] [DEBUG] [23483672-3fe1-4414-975d-15cadf561d32] Blender Output: Fra:107 Mem:119.91M (Peak 151.55M) | Time:00:00.03 | Rendering 1 / 64 samples

[2025-07-28T16:36:17.601Z] [DEBUG] [23483672-3fe1-4414-975d-15cadf561d32] Blender Output: Fra:107 Mem:119.91M (Peak 151.55M) | Time:00:00.18 | Rendering 25 / 64 samples

[2025-07-28T16:36:17.754Z] [DEBUG] [23483672-3fe1-4414-975d-15cadf561d32] Blender Output: Fra:107 Mem:119.91M (Peak 151.55M) | Time:00:00.34 | Rendering 50 / 64 samples

[2025-07-28T16:36:17.841Z] [DEBUG] [23483672-3fe1-4414-975d-15cadf561d32] Blender Output: Fra:107 Mem:119.91M (Peak 151.55M) | Time:00:00.42 | Rendering 64 / 64 samples

[2025-07-28T16:36:17.915Z] [DEBUG] [23483672-3fe1-4414-975d-15cadf561d32] Blender Output: Append frame 107
Time: 00:00.50 (Saving: 00:00.03)


[2025-07-28T16:36:17.951Z] [DEBUG] [23483672-3fe1-4414-975d-15cadf561d32] Blender Output: Fra:108 Mem:119.91M (Peak 151.55M) | Time:00:00.03 | Rendering 1 / 64 samples

[2025-07-28T16:36:18.101Z] [DEBUG] [23483672-3fe1-4414-975d-15cadf561d32] Blender Output: Fra:108 Mem:119.91M (Peak 151.55M) | Time:00:00.18 | Rendering 25 / 64 samples

[2025-07-28T16:36:18.254Z] [DEBUG] [23483672-3fe1-4414-975d-15cadf561d32] Blender Output: Fra:108 Mem:119.91M (Peak 151.55M) | Time:00:00.33 | Rendering 50 / 64 samples

[2025-07-28T16:36:18.341Z] [DEBUG] [23483672-3fe1-4414-975d-15cadf561d32] Blender Output: Fra:108 Mem:119.91M (Peak 151.55M) | Time:00:00.42 | Rendering 64 / 64 samples

[2025-07-28T16:36:18.419Z] [DEBUG] [23483672-3fe1-4414-975d-15cadf561d32] Blender Output: Append frame 108
Time: 00:00.50 (Saving: 00:00.03)


[2025-07-28T16:36:18.456Z] [DEBUG] [23483672-3fe1-4414-975d-15cadf561d32] Blender Output: Fra:109 Mem:119.91M (Peak 151.55M) | Time:00:00.03 | Rendering 1 / 64 samples

[2025-07-28T16:36:18.611Z] [DEBUG] [23483672-3fe1-4414-975d-15cadf561d32] Blender Output: Fra:109 Mem:119.91M (Peak 151.55M) | Time:00:00.19 | Rendering 25 / 64 samples

[2025-07-28T16:36:18.770Z] [DEBUG] [23483672-3fe1-4414-975d-15cadf561d32] Blender Output: Fra:109 Mem:119.91M (Peak 151.55M) | Time:00:00.35 | Rendering 50 / 64 samples

[2025-07-28T16:36:18.859Z] [DEBUG] [23483672-3fe1-4414-975d-15cadf561d32] Blender Output: Fra:109 Mem:119.91M (Peak 151.55M) | Time:00:00.44 | Rendering 64 / 64 samples

[2025-07-28T16:36:18.935Z] [DEBUG] [23483672-3fe1-4414-975d-15cadf561d32] Blender Output: Append frame 109
Time: 00:00.51 (Saving: 00:00.03)


[2025-07-28T16:36:18.972Z] [DEBUG] [23483672-3fe1-4414-975d-15cadf561d32] Blender Output: Fra:110 Mem:119.91M (Peak 151.55M) | Time:00:00.03 | Rendering 1 / 64 samples

[2025-07-28T16:36:19.124Z] [DEBUG] [23483672-3fe1-4414-975d-15cadf561d32] Blender Output: Fra:110 Mem:119.91M (Peak 151.55M) | Time:00:00.18 | Rendering 25 / 64 samples

[2025-07-28T16:36:19.278Z] [DEBUG] [23483672-3fe1-4414-975d-15cadf561d32] Blender Output: Fra:110 Mem:119.91M (Peak 151.55M) | Time:00:00.34 | Rendering 50 / 64 samples

[2025-07-28T16:36:19.364Z] [DEBUG] [23483672-3fe1-4414-975d-15cadf561d32] Blender Output: Fra:110 Mem:119.91M (Peak 151.55M) | Time:00:00.42 | Rendering 64 / 64 samples

[2025-07-28T16:36:19.441Z] [DEBUG] [23483672-3fe1-4414-975d-15cadf561d32] Blender Output: Append frame 110
Time: 00:00.50 (Saving: 00:00.03)


[2025-07-28T16:36:19.477Z] [DEBUG] [23483672-3fe1-4414-975d-15cadf561d32] Blender Output: Fra:111 Mem:119.91M (Peak 151.55M) | Time:00:00.03 | Rendering 1 / 64 samples

[2025-07-28T16:36:19.628Z] [DEBUG] [23483672-3fe1-4414-975d-15cadf561d32] Blender Output: Fra:111 Mem:119.91M (Peak 151.55M) | Time:00:00.18 | Rendering 25 / 64 samples

[2025-07-28T16:36:19.783Z] [DEBUG] [23483672-3fe1-4414-975d-15cadf561d32] Blender Output: Fra:111 Mem:119.91M (Peak 151.55M) | Time:00:00.34 | Rendering 50 / 64 samples

[2025-07-28T16:36:19.870Z] [DEBUG] [23483672-3fe1-4414-975d-15cadf561d32] Blender Output: Fra:111 Mem:119.91M (Peak 151.55M) | Time:00:00.42 | Rendering 64 / 64 samples

[2025-07-28T16:36:19.946Z] [DEBUG] [23483672-3fe1-4414-975d-15cadf561d32] Blender Output: Append frame 111
Time: 00:00.50 (Saving: 00:00.03)


[2025-07-28T16:36:19.983Z] [DEBUG] [23483672-3fe1-4414-975d-15cadf561d32] Blender Output: Fra:112 Mem:119.91M (Peak 151.55M) | Time:00:00.03 | Rendering 1 / 64 samples

[2025-07-28T16:36:20.135Z] [DEBUG] [23483672-3fe1-4414-975d-15cadf561d32] Blender Output: Fra:112 Mem:119.91M (Peak 151.55M) | Time:00:00.18 | Rendering 25 / 64 samples

[2025-07-28T16:36:20.287Z] [DEBUG] [23483672-3fe1-4414-975d-15cadf561d32] Blender Output: Fra:112 Mem:119.91M (Peak 151.55M) | Time:00:00.34 | Rendering 50 / 64 samples

[2025-07-28T16:36:20.372Z] [DEBUG] [23483672-3fe1-4414-975d-15cadf561d32] Blender Output: Fra:112 Mem:119.91M (Peak 151.55M) | Time:00:00.42 | Rendering 64 / 64 samples

[2025-07-28T16:36:20.450Z] [DEBUG] [23483672-3fe1-4414-975d-15cadf561d32] Blender Output: Append frame 112
Time: 00:00.50 (Saving: 00:00.03)


[2025-07-28T16:36:20.486Z] [DEBUG] [23483672-3fe1-4414-975d-15cadf561d32] Blender Output: Fra:113 Mem:119.91M (Peak 151.55M) | Time:00:00.03 | Rendering 1 / 64 samples

[2025-07-28T16:36:20.636Z] [DEBUG] [23483672-3fe1-4414-975d-15cadf561d32] Blender Output: Fra:113 Mem:119.91M (Peak 151.55M) | Time:00:00.18 | Rendering 25 / 64 samples

[2025-07-28T16:36:20.788Z] [DEBUG] [23483672-3fe1-4414-975d-15cadf561d32] Blender Output: Fra:113 Mem:119.91M (Peak 151.55M) | Time:00:00.33 | Rendering 50 / 64 samples

[2025-07-28T16:36:20.874Z] [DEBUG] [23483672-3fe1-4414-975d-15cadf561d32] Blender Output: Fra:113 Mem:119.91M (Peak 151.55M) | Time:00:00.42 | Rendering 64 / 64 samples

[2025-07-28T16:36:20.950Z] [DEBUG] [23483672-3fe1-4414-975d-15cadf561d32] Blender Output: Append frame 113
Time: 00:00.49 (Saving: 00:00.03)


[2025-07-28T16:36:20.986Z] [DEBUG] [23483672-3fe1-4414-975d-15cadf561d32] Blender Output: Fra:114 Mem:119.91M (Peak 151.55M) | Time:00:00.03 | Rendering 1 / 64 samples

[2025-07-28T16:36:21.142Z] [DEBUG] [23483672-3fe1-4414-975d-15cadf561d32] Blender Output: Fra:114 Mem:119.91M (Peak 151.55M) | Time:00:00.19 | Rendering 25 / 64 samples

[2025-07-28T16:36:21.298Z] [DEBUG] [23483672-3fe1-4414-975d-15cadf561d32] Blender Output: Fra:114 Mem:119.91M (Peak 151.55M) | Time:00:00.34 | Rendering 50 / 64 samples

[2025-07-28T16:36:21.386Z] [DEBUG] [23483672-3fe1-4414-975d-15cadf561d32] Blender Output: Fra:114 Mem:119.91M (Peak 151.55M) | Time:00:00.43 | Rendering 64 / 64 samples

[2025-07-28T16:36:21.462Z] [DEBUG] [23483672-3fe1-4414-975d-15cadf561d32] Blender Output: Append frame 114
Time: 00:00.51 (Saving: 00:00.03)


[2025-07-28T16:36:21.504Z] [DEBUG] [23483672-3fe1-4414-975d-15cadf561d32] Blender Output: Fra:115 Mem:119.91M (Peak 151.55M) | Time:00:00.04 | Rendering 1 / 64 samples

[2025-07-28T16:36:21.663Z] [DEBUG] [23483672-3fe1-4414-975d-15cadf561d32] Blender Output: Fra:115 Mem:119.91M (Peak 151.55M) | Time:00:00.20 | Rendering 25 / 64 samples

[2025-07-28T16:36:21.823Z] [DEBUG] [23483672-3fe1-4414-975d-15cadf561d32] Blender Output: Fra:115 Mem:119.91M (Peak 151.55M) | Time:00:00.36 | Rendering 50 / 64 samples

[2025-07-28T16:36:21.911Z] [DEBUG] [23483672-3fe1-4414-975d-15cadf561d32] Blender Output: Fra:115 Mem:119.91M (Peak 151.55M) | Time:00:00.44 | Rendering 64 / 64 samples

[2025-07-28T16:36:21.988Z] [DEBUG] [23483672-3fe1-4414-975d-15cadf561d32] Blender Output: Append frame 115
Time: 00:00.52 (Saving: 00:00.03)


[2025-07-28T16:36:22.025Z] [DEBUG] [23483672-3fe1-4414-975d-15cadf561d32] Blender Output: Fra:116 Mem:119.91M (Peak 151.55M) | Time:00:00.03 | Rendering 1 / 64 samples

[2025-07-28T16:36:22.181Z] [DEBUG] [23483672-3fe1-4414-975d-15cadf561d32] Blender Output: Fra:116 Mem:119.91M (Peak 151.55M) | Time:00:00.19 | Rendering 25 / 64 samples

[2025-07-28T16:36:22.337Z] [DEBUG] [23483672-3fe1-4414-975d-15cadf561d32] Blender Output: Fra:116 Mem:119.91M (Peak 151.55M) | Time:00:00.34 | Rendering 50 / 64 samples

[2025-07-28T16:36:22.425Z] [DEBUG] [23483672-3fe1-4414-975d-15cadf561d32] Blender Output: Fra:116 Mem:119.91M (Peak 151.55M) | Time:00:00.43 | Rendering 64 / 64 samples

[2025-07-28T16:36:22.506Z] [DEBUG] [23483672-3fe1-4414-975d-15cadf561d32] Blender Output: Append frame 116
Time: 00:00.51 (Saving: 00:00.03)


[2025-07-28T16:36:22.543Z] [DEBUG] [23483672-3fe1-4414-975d-15cadf561d32] Blender Output: Fra:117 Mem:119.91M (Peak 151.55M) | Time:00:00.03 | Rendering 1 / 64 samples

[2025-07-28T16:36:22.698Z] [DEBUG] [23483672-3fe1-4414-975d-15cadf561d32] Blender Output: Fra:117 Mem:119.91M (Peak 151.55M) | Time:00:00.19 | Rendering 25 / 64 samples

[2025-07-28T16:36:22.854Z] [DEBUG] [23483672-3fe1-4414-975d-15cadf561d32] Blender Output: Fra:117 Mem:119.91M (Peak 151.55M) | Time:00:00.34 | Rendering 50 / 64 samples

[2025-07-28T16:36:22.941Z] [DEBUG] [23483672-3fe1-4414-975d-15cadf561d32] Blender Output: Fra:117 Mem:119.91M (Peak 151.55M) | Time:00:00.43 | Rendering 64 / 64 samples

[2025-07-28T16:36:23.014Z] [DEBUG] [23483672-3fe1-4414-975d-15cadf561d32] Blender Output: Append frame 117
Time: 00:00.50 (Saving: 00:00.03)


[2025-07-28T16:36:23.052Z] [DEBUG] [23483672-3fe1-4414-975d-15cadf561d32] Blender Output: Fra:118 Mem:119.91M (Peak 151.55M) | Time:00:00.03 | Rendering 1 / 64 samples

[2025-07-28T16:36:23.210Z] [DEBUG] [23483672-3fe1-4414-975d-15cadf561d32] Blender Output: Fra:118 Mem:119.91M (Peak 151.55M) | Time:00:00.19 | Rendering 25 / 64 samples

[2025-07-28T16:36:23.368Z] [DEBUG] [23483672-3fe1-4414-975d-15cadf561d32] Blender Output: Fra:118 Mem:119.91M (Peak 151.55M) | Time:00:00.35 | Rendering 50 / 64 samples

[2025-07-28T16:36:23.456Z] [DEBUG] [23483672-3fe1-4414-975d-15cadf561d32] Blender Output: Fra:118 Mem:119.91M (Peak 151.55M) | Time:00:00.44 | Rendering 64 / 64 samples

[2025-07-28T16:36:23.539Z] [DEBUG] [23483672-3fe1-4414-975d-15cadf561d32] Blender Output: Append frame 118
Time: 00:00.52 (Saving: 00:00.03)


[2025-07-28T16:36:23.575Z] [DEBUG] [23483672-3fe1-4414-975d-15cadf561d32] Blender Output: Fra:119 Mem:119.91M (Peak 151.55M) | Time:00:00.03 | Rendering 1 / 64 samples

[2025-07-28T16:36:23.731Z] [DEBUG] [23483672-3fe1-4414-975d-15cadf561d32] Blender Output: Fra:119 Mem:119.91M (Peak 151.55M) | Time:00:00.19 | Rendering 25 / 64 samples

[2025-07-28T16:36:23.889Z] [DEBUG] [23483672-3fe1-4414-975d-15cadf561d32] Blender Output: Fra:119 Mem:119.91M (Peak 151.55M) | Time:00:00.34 | Rendering 50 / 64 samples

[2025-07-28T16:36:23.977Z] [DEBUG] [23483672-3fe1-4414-975d-15cadf561d32] Blender Output: Fra:119 Mem:119.91M (Peak 151.55M) | Time:00:00.43 | Rendering 64 / 64 samples

[2025-07-28T16:36:24.053Z] [DEBUG] [23483672-3fe1-4414-975d-15cadf561d32] Blender Output: Append frame 119
Time: 00:00.51 (Saving: 00:00.03)


[2025-07-28T16:36:24.089Z] [DEBUG] [23483672-3fe1-4414-975d-15cadf561d32] Blender Output: Fra:120 Mem:119.91M (Peak 151.55M) | Time:00:00.03 | Rendering 1 / 64 samples

[2025-07-28T16:36:24.241Z] [DEBUG] [23483672-3fe1-4414-975d-15cadf561d32] Blender Output: Fra:120 Mem:119.91M (Peak 151.55M) | Time:00:00.18 | Rendering 25 / 64 samples

[2025-07-28T16:36:24.397Z] [DEBUG] [23483672-3fe1-4414-975d-15cadf561d32] Blender Output: Fra:120 Mem:119.91M (Peak 151.55M) | Time:00:00.34 | Rendering 50 / 64 samples

[2025-07-28T16:36:24.485Z] [DEBUG] [23483672-3fe1-4414-975d-15cadf561d32] Blender Output: Fra:120 Mem:119.91M (Peak 151.55M) | Time:00:00.43 | Rendering 64 / 64 samples

[2025-07-28T16:36:24.561Z] [DEBUG] [23483672-3fe1-4414-975d-15cadf561d32] Blender Output: Append frame 120
Time: 00:00.50 (Saving: 00:00.03)


[2025-07-28T16:36:24.597Z] [DEBUG] [23483672-3fe1-4414-975d-15cadf561d32] Blender Output: Fra:121 Mem:119.91M (Peak 151.55M) | Time:00:00.03 | Rendering 1 / 64 samples

[2025-07-28T16:36:24.750Z] [DEBUG] [23483672-3fe1-4414-975d-15cadf561d32] Blender Output: Fra:121 Mem:119.91M (Peak 151.55M) | Time:00:00.18 | Rendering 25 / 64 samples

[2025-07-28T16:36:24.905Z] [DEBUG] [23483672-3fe1-4414-975d-15cadf561d32] Blender Output: Fra:121 Mem:119.91M (Peak 151.55M) | Time:00:00.34 | Rendering 50 / 64 samples

[2025-07-28T16:36:24.994Z] [DEBUG] [23483672-3fe1-4414-975d-15cadf561d32] Blender Output: Fra:121 Mem:119.91M (Peak 151.55M) | Time:00:00.43 | Rendering 64 / 64 samples

[2025-07-28T16:36:25.071Z] [DEBUG] [23483672-3fe1-4414-975d-15cadf561d32] Blender Output: Append frame 121
Time: 00:00.51 (Saving: 00:00.03)


[2025-07-28T16:36:25.108Z] [DEBUG] [23483672-3fe1-4414-975d-15cadf561d32] Blender Output: Fra:122 Mem:119.91M (Peak 151.55M) | Time:00:00.03 | Rendering 1 / 64 samples

[2025-07-28T16:36:25.260Z] [DEBUG] [23483672-3fe1-4414-975d-15cadf561d32] Blender Output: Fra:122 Mem:119.91M (Peak 151.55M) | Time:00:00.18 | Rendering 25 / 64 samples

[2025-07-28T16:36:25.415Z] [DEBUG] [23483672-3fe1-4414-975d-15cadf561d32] Blender Output: Fra:122 Mem:119.91M (Peak 151.55M) | Time:00:00.34 | Rendering 50 / 64 samples

[2025-07-28T16:36:25.502Z] [DEBUG] [23483672-3fe1-4414-975d-15cadf561d32] Blender Output: Fra:122 Mem:119.91M (Peak 151.55M) | Time:00:00.43 | Rendering 64 / 64 samples

[2025-07-28T16:36:25.578Z] [DEBUG] [23483672-3fe1-4414-975d-15cadf561d32] Blender Output: Append frame 122
Time: 00:00.50 (Saving: 00:00.03)


[2025-07-28T16:36:25.615Z] [DEBUG] [23483672-3fe1-4414-975d-15cadf561d32] Blender Output: Fra:123 Mem:119.91M (Peak 151.55M) | Time:00:00.03 | Rendering 1 / 64 samples

[2025-07-28T16:36:25.766Z] [DEBUG] [23483672-3fe1-4414-975d-15cadf561d32] Blender Output: Fra:123 Mem:119.91M (Peak 151.55M) | Time:00:00.18 | Rendering 25 / 64 samples

[2025-07-28T16:36:25.920Z] [DEBUG] [23483672-3fe1-4414-975d-15cadf561d32] Blender Output: Fra:123 Mem:119.91M (Peak 151.55M) | Time:00:00.34 | Rendering 50 / 64 samples

[2025-07-28T16:36:26.006Z] [DEBUG] [23483672-3fe1-4414-975d-15cadf561d32] Blender Output: Fra:123 Mem:119.91M (Peak 151.55M) | Time:00:00.42 | Rendering 64 / 64 samples

[2025-07-28T16:36:26.081Z] [DEBUG] [23483672-3fe1-4414-975d-15cadf561d32] Blender Output: Append frame 123
Time: 00:00.50 (Saving: 00:00.03)


[2025-07-28T16:36:26.117Z] [DEBUG] [23483672-3fe1-4414-975d-15cadf561d32] Blender Output: Fra:124 Mem:119.91M (Peak 151.55M) | Time:00:00.03 | Rendering 1 / 64 samples

[2025-07-28T16:36:26.268Z] [DEBUG] [23483672-3fe1-4414-975d-15cadf561d32] Blender Output: Fra:124 Mem:119.91M (Peak 151.55M) | Time:00:00.18 | Rendering 25 / 64 samples

[2025-07-28T16:36:26.423Z] [DEBUG] [23483672-3fe1-4414-975d-15cadf561d32] Blender Output: Fra:124 Mem:119.91M (Peak 151.55M) | Time:00:00.34 | Rendering 50 / 64 samples

[2025-07-28T16:36:26.509Z] [DEBUG] [23483672-3fe1-4414-975d-15cadf561d32] Blender Output: Fra:124 Mem:119.91M (Peak 151.55M) | Time:00:00.42 | Rendering 64 / 64 samples

[2025-07-28T16:36:26.583Z] [DEBUG] [23483672-3fe1-4414-975d-15cadf561d32] Blender Output: Append frame 124
Time: 00:00.50 (Saving: 00:00.03)


[2025-07-28T16:36:26.619Z] [DEBUG] [23483672-3fe1-4414-975d-15cadf561d32] Blender Output: Fra:125 Mem:119.91M (Peak 151.55M) | Time:00:00.03 | Rendering 1 / 64 samples

[2025-07-28T16:36:26.770Z] [DEBUG] [23483672-3fe1-4414-975d-15cadf561d32] Blender Output: Fra:125 Mem:119.91M (Peak 151.55M) | Time:00:00.18 | Rendering 25 / 64 samples

[2025-07-28T16:36:26.922Z] [DEBUG] [23483672-3fe1-4414-975d-15cadf561d32] Blender Output: Fra:125 Mem:119.91M (Peak 151.55M) | Time:00:00.33 | Rendering 50 / 64 samples

[2025-07-28T16:36:27.008Z] [DEBUG] [23483672-3fe1-4414-975d-15cadf561d32] Blender Output: Fra:125 Mem:119.91M (Peak 151.55M) | Time:00:00.42 | Rendering 64 / 64 samples

[2025-07-28T16:36:27.082Z] [DEBUG] [23483672-3fe1-4414-975d-15cadf561d32] Blender Output: Append frame 125
Time: 00:00.49 (Saving: 00:00.03)


[2025-07-28T16:36:27.118Z] [DEBUG] [23483672-3fe1-4414-975d-15cadf561d32] Blender Output: Fra:126 Mem:119.91M (Peak 151.55M) | Time:00:00.03 | Rendering 1 / 64 samples

[2025-07-28T16:36:27.269Z] [DEBUG] [23483672-3fe1-4414-975d-15cadf561d32] Blender Output: Fra:126 Mem:119.91M (Peak 151.55M) | Time:00:00.18 | Rendering 25 / 64 samples

[2025-07-28T16:36:27.421Z] [DEBUG] [23483672-3fe1-4414-975d-15cadf561d32] Blender Output: Fra:126 Mem:119.91M (Peak 151.55M) | Time:00:00.33 | Rendering 50 / 64 samples

[2025-07-28T16:36:27.506Z] [DEBUG] [23483672-3fe1-4414-975d-15cadf561d32] Blender Output: Fra:126 Mem:119.91M (Peak 151.55M) | Time:00:00.42 | Rendering 64 / 64 samples

[2025-07-28T16:36:27.580Z] [DEBUG] [23483672-3fe1-4414-975d-15cadf561d32] Blender Output: Append frame 126
Time: 00:00.49 (Saving: 00:00.03)


[2025-07-28T16:36:27.618Z] [DEBUG] [23483672-3fe1-4414-975d-15cadf561d32] Blender Output: Fra:127 Mem:119.91M (Peak 151.55M) | Time:00:00.03 | Rendering 1 / 64 samples

[2025-07-28T16:36:27.769Z] [DEBUG] [23483672-3fe1-4414-975d-15cadf561d32] Blender Output: Fra:127 Mem:119.91M (Peak 151.55M) | Time:00:00.18 | Rendering 25 / 64 samples

[2025-07-28T16:36:27.921Z] [DEBUG] [23483672-3fe1-4414-975d-15cadf561d32] Blender Output: Fra:127 Mem:119.91M (Peak 151.55M) | Time:00:00.34 | Rendering 50 / 64 samples

[2025-07-28T16:36:28.006Z] [DEBUG] [23483672-3fe1-4414-975d-15cadf561d32] Blender Output: Fra:127 Mem:119.91M (Peak 151.55M) | Time:00:00.42 | Rendering 64 / 64 samples

[2025-07-28T16:36:28.082Z] [DEBUG] [23483672-3fe1-4414-975d-15cadf561d32] Blender Output: Append frame 127
Time: 00:00.50 (Saving: 00:00.03)


[2025-07-28T16:36:28.118Z] [DEBUG] [23483672-3fe1-4414-975d-15cadf561d32] Blender Output: Fra:128 Mem:119.91M (Peak 151.55M) | Time:00:00.03 | Rendering 1 / 64 samples

[2025-07-28T16:36:28.269Z] [DEBUG] [23483672-3fe1-4414-975d-15cadf561d32] Blender Output: Fra:128 Mem:119.91M (Peak 151.55M) | Time:00:00.18 | Rendering 25 / 64 samples

[2025-07-28T16:36:28.422Z] [DEBUG] [23483672-3fe1-4414-975d-15cadf561d32] Blender Output: Fra:128 Mem:119.91M (Peak 151.55M) | Time:00:00.34 | Rendering 50 / 64 samples

[2025-07-28T16:36:28.509Z] [DEBUG] [23483672-3fe1-4414-975d-15cadf561d32] Blender Output: Fra:128 Mem:119.91M (Peak 151.55M) | Time:00:00.42 | Rendering 64 / 64 samples

[2025-07-28T16:36:28.582Z] [DEBUG] [23483672-3fe1-4414-975d-15cadf561d32] Blender Output: Append frame 128
Time: 00:00.50 (Saving: 00:00.03)


[2025-07-28T16:36:28.619Z] [DEBUG] [23483672-3fe1-4414-975d-15cadf561d32] Blender Output: Fra:129 Mem:119.91M (Peak 151.55M) | Time:00:00.03 | Rendering 1 / 64 samples

[2025-07-28T16:36:28.772Z] [DEBUG] [23483672-3fe1-4414-975d-15cadf561d32] Blender Output: Fra:129 Mem:119.91M (Peak 151.55M) | Time:00:00.18 | Rendering 25 / 64 samples

[2025-07-28T16:36:28.926Z] [DEBUG] [23483672-3fe1-4414-975d-15cadf561d32] Blender Output: Fra:129 Mem:119.91M (Peak 151.55M) | Time:00:00.34 | Rendering 50 / 64 samples

[2025-07-28T16:36:29.013Z] [DEBUG] [23483672-3fe1-4414-975d-15cadf561d32] Blender Output: Fra:129 Mem:119.91M (Peak 151.55M) | Time:00:00.43 | Rendering 64 / 64 samples

[2025-07-28T16:36:29.088Z] [DEBUG] [23483672-3fe1-4414-975d-15cadf561d32] Blender Output: Append frame 129
Time: 00:00.50 (Saving: 00:00.03)


[2025-07-28T16:36:29.125Z] [DEBUG] [23483672-3fe1-4414-975d-15cadf561d32] Blender Output: Fra:130 Mem:119.91M (Peak 151.55M) | Time:00:00.03 | Rendering 1 / 64 samples

[2025-07-28T16:36:29.277Z] [DEBUG] [23483672-3fe1-4414-975d-15cadf561d32] Blender Output: Fra:130 Mem:119.91M (Peak 151.55M) | Time:00:00.18 | Rendering 25 / 64 samples

[2025-07-28T16:36:29.431Z] [DEBUG] [23483672-3fe1-4414-975d-15cadf561d32] Blender Output: Fra:130 Mem:119.91M (Peak 151.55M) | Time:00:00.34 | Rendering 50 / 64 samples

[2025-07-28T16:36:29.519Z] [DEBUG] [23483672-3fe1-4414-975d-15cadf561d32] Blender Output: Fra:130 Mem:119.91M (Peak 151.55M) | Time:00:00.43 | Rendering 64 / 64 samples

[2025-07-28T16:36:29.595Z] [DEBUG] [23483672-3fe1-4414-975d-15cadf561d32] Blender Output: Append frame 130
Time: 00:00.50 (Saving: 00:00.03)


[2025-07-28T16:36:29.632Z] [DEBUG] [23483672-3fe1-4414-975d-15cadf561d32] Blender Output: Fra:131 Mem:119.91M (Peak 151.55M) | Time:00:00.03 | Rendering 1 / 64 samples

[2025-07-28T16:36:29.787Z] [DEBUG] [23483672-3fe1-4414-975d-15cadf561d32] Blender Output: Fra:131 Mem:119.91M (Peak 151.55M) | Time:00:00.19 | Rendering 25 / 64 samples

[2025-07-28T16:36:29.946Z] [DEBUG] [23483672-3fe1-4414-975d-15cadf561d32] Blender Output: Fra:131 Mem:119.91M (Peak 151.55M) | Time:00:00.35 | Rendering 50 / 64 samples

[2025-07-28T16:36:30.034Z] [DEBUG] [23483672-3fe1-4414-975d-15cadf561d32] Blender Output: Fra:131 Mem:119.91M (Peak 151.55M) | Time:00:00.43 | Rendering 64 / 64 samples

[2025-07-28T16:36:30.112Z] [DEBUG] [23483672-3fe1-4414-975d-15cadf561d32] Blender Output: Append frame 131
Time: 00:00.51 (Saving: 00:00.03)


[2025-07-28T16:36:30.148Z] [DEBUG] [23483672-3fe1-4414-975d-15cadf561d32] Blender Output: Fra:132 Mem:119.91M (Peak 151.55M) | Time:00:00.03 | Rendering 1 / 64 samples

[2025-07-28T16:36:30.303Z] [DEBUG] [23483672-3fe1-4414-975d-15cadf561d32] Blender Output: Fra:132 Mem:119.91M (Peak 151.55M) | Time:00:00.19 | Rendering 25 / 64 samples

[2025-07-28T16:36:30.458Z] [DEBUG] [23483672-3fe1-4414-975d-15cadf561d32] Blender Output: Fra:132 Mem:119.91M (Peak 151.55M) | Time:00:00.34 | Rendering 50 / 64 samples

[2025-07-28T16:36:30.546Z] [DEBUG] [23483672-3fe1-4414-975d-15cadf561d32] Blender Output: Fra:132 Mem:119.91M (Peak 151.55M) | Time:00:00.43 | Rendering 64 / 64 samples

[2025-07-28T16:36:30.623Z] [DEBUG] [23483672-3fe1-4414-975d-15cadf561d32] Blender Output: Append frame 132
Time: 00:00.51 (Saving: 00:00.03)


[2025-07-28T16:36:30.669Z] [DEBUG] [23483672-3fe1-4414-975d-15cadf561d32] Blender Output: Fra:133 Mem:119.91M (Peak 151.55M) | Time:00:00.04 | Rendering 1 / 64 samples

[2025-07-28T16:36:30.826Z] [DEBUG] [23483672-3fe1-4414-975d-15cadf561d32] Blender Output: Fra:133 Mem:119.91M (Peak 151.55M) | Time:00:00.20 | Rendering 25 / 64 samples

[2025-07-28T16:36:30.985Z] [DEBUG] [23483672-3fe1-4414-975d-15cadf561d32] Blender Output: Fra:133 Mem:119.91M (Peak 151.55M) | Time:00:00.36 | Rendering 50 / 64 samples

[2025-07-28T16:36:31.075Z] [DEBUG] [23483672-3fe1-4414-975d-15cadf561d32] Blender Output: Fra:133 Mem:119.91M (Peak 151.55M) | Time:00:00.45 | Rendering 64 / 64 samples

[2025-07-28T16:36:31.149Z] [DEBUG] [23483672-3fe1-4414-975d-15cadf561d32] Blender Output: Append frame 133
Time: 00:00.52 (Saving: 00:00.03)


[2025-07-28T16:36:31.186Z] [DEBUG] [23483672-3fe1-4414-975d-15cadf561d32] Blender Output: Fra:134 Mem:119.91M (Peak 151.55M) | Time:00:00.03 | Rendering 1 / 64 samples

[2025-07-28T16:36:31.341Z] [DEBUG] [23483672-3fe1-4414-975d-15cadf561d32] Blender Output: Fra:134 Mem:119.91M (Peak 151.55M) | Time:00:00.19 | Rendering 25 / 64 samples

[2025-07-28T16:36:31.498Z] [DEBUG] [23483672-3fe1-4414-975d-15cadf561d32] Blender Output: Fra:134 Mem:119.91M (Peak 151.55M) | Time:00:00.34 | Rendering 50 / 64 samples

[2025-07-28T16:36:31.585Z] [DEBUG] [23483672-3fe1-4414-975d-15cadf561d32] Blender Output: Fra:134 Mem:119.91M (Peak 151.55M) | Time:00:00.43 | Rendering 64 / 64 samples

[2025-07-28T16:36:31.661Z] [DEBUG] [23483672-3fe1-4414-975d-15cadf561d32] Blender Output: Append frame 134
Time: 00:00.51 (Saving: 00:00.03)


[2025-07-28T16:36:31.699Z] [DEBUG] [23483672-3fe1-4414-975d-15cadf561d32] Blender Output: Fra:135 Mem:119.91M (Peak 151.55M) | Time:00:00.03 | Rendering 1 / 64 samples

[2025-07-28T16:36:31.851Z] [DEBUG] [23483672-3fe1-4414-975d-15cadf561d32] Blender Output: Fra:135 Mem:119.91M (Peak 151.55M) | Time:00:00.18 | Rendering 25 / 64 samples

[2025-07-28T16:36:32.005Z] [DEBUG] [23483672-3fe1-4414-975d-15cadf561d32] Blender Output: Fra:135 Mem:119.91M (Peak 151.55M) | Time:00:00.34 | Rendering 50 / 64 samples

[2025-07-28T16:36:32.093Z] [DEBUG] [23483672-3fe1-4414-975d-15cadf561d32] Blender Output: Fra:135 Mem:119.91M (Peak 151.55M) | Time:00:00.43 | Rendering 64 / 64 samples

[2025-07-28T16:36:32.170Z] [DEBUG] [23483672-3fe1-4414-975d-15cadf561d32] Blender Output: Append frame 135
Time: 00:00.50 (Saving: 00:00.03)


[2025-07-28T16:36:32.207Z] [DEBUG] [23483672-3fe1-4414-975d-15cadf561d32] Blender Output: Fra:136 Mem:119.91M (Peak 151.55M) | Time:00:00.03 | Rendering 1 / 64 samples

[2025-07-28T16:36:32.359Z] [DEBUG] [23483672-3fe1-4414-975d-15cadf561d32] Blender Output: Fra:136 Mem:119.91M (Peak 151.55M) | Time:00:00.18 | Rendering 25 / 64 samples

[2025-07-28T16:36:32.513Z] [DEBUG] [23483672-3fe1-4414-975d-15cadf561d32] Blender Output: Fra:136 Mem:119.91M (Peak 151.55M) | Time:00:00.34 | Rendering 50 / 64 samples

[2025-07-28T16:36:32.598Z] [DEBUG] [23483672-3fe1-4414-975d-15cadf561d32] Blender Output: Fra:136 Mem:119.91M (Peak 151.55M) | Time:00:00.42 | Rendering 64 / 64 samples

[2025-07-28T16:36:32.674Z] [DEBUG] [23483672-3fe1-4414-975d-15cadf561d32] Blender Output: Append frame 136
Time: 00:00.50 (Saving: 00:00.03)


[2025-07-28T16:36:32.710Z] [DEBUG] [23483672-3fe1-4414-975d-15cadf561d32] Blender Output: Fra:137 Mem:119.91M (Peak 151.55M) | Time:00:00.03 | Rendering 1 / 64 samples

[2025-07-28T16:36:32.861Z] [DEBUG] [23483672-3fe1-4414-975d-15cadf561d32] Blender Output: Fra:137 Mem:119.91M (Peak 151.55M) | Time:00:00.18 | Rendering 25 / 64 samples

[2025-07-28T16:36:33.014Z] [DEBUG] [23483672-3fe1-4414-975d-15cadf561d32] Blender Output: Fra:137 Mem:119.91M (Peak 151.55M) | Time:00:00.34 | Rendering 50 / 64 samples

[2025-07-28T16:36:33.101Z] [DEBUG] [23483672-3fe1-4414-975d-15cadf561d32] Blender Output: Fra:137 Mem:119.91M (Peak 151.55M) | Time:00:00.42 | Rendering 64 / 64 samples

[2025-07-28T16:36:33.175Z] [DEBUG] [23483672-3fe1-4414-975d-15cadf561d32] Blender Output: Append frame 137
Time: 00:00.50 (Saving: 00:00.03)


[2025-07-28T16:36:33.212Z] [DEBUG] [23483672-3fe1-4414-975d-15cadf561d32] Blender Output: Fra:138 Mem:119.91M (Peak 151.55M) | Time:00:00.03 | Rendering 1 / 64 samples

[2025-07-28T16:36:33.362Z] [DEBUG] [23483672-3fe1-4414-975d-15cadf561d32] Blender Output: Fra:138 Mem:119.91M (Peak 151.55M) | Time:00:00.18 | Rendering 25 / 64 samples

[2025-07-28T16:36:33.515Z] [DEBUG] [23483672-3fe1-4414-975d-15cadf561d32] Blender Output: Fra:138 Mem:119.91M (Peak 151.55M) | Time:00:00.33 | Rendering 50 / 64 samples

[2025-07-28T16:36:33.601Z] [DEBUG] [23483672-3fe1-4414-975d-15cadf561d32] Blender Output: Fra:138 Mem:119.91M (Peak 151.55M) | Time:00:00.42 | Rendering 64 / 64 samples

[2025-07-28T16:36:33.678Z] [DEBUG] [23483672-3fe1-4414-975d-15cadf561d32] Blender Output: Append frame 138
Time: 00:00.50 (Saving: 00:00.03)


[2025-07-28T16:36:33.715Z] [DEBUG] [23483672-3fe1-4414-975d-15cadf561d32] Blender Output: Fra:139 Mem:119.91M (Peak 151.55M) | Time:00:00.03 | Rendering 1 / 64 samples

[2025-07-28T16:36:33.865Z] [DEBUG] [23483672-3fe1-4414-975d-15cadf561d32] Blender Output: Fra:139 Mem:119.91M (Peak 151.55M) | Time:00:00.18 | Rendering 25 / 64 samples

[2025-07-28T16:36:34.018Z] [DEBUG] [23483672-3fe1-4414-975d-15cadf561d32] Blender Output: Fra:139 Mem:119.91M (Peak 151.55M) | Time:00:00.34 | Rendering 50 / 64 samples

[2025-07-28T16:36:34.104Z] [DEBUG] [23483672-3fe1-4414-975d-15cadf561d32] Blender Output: Fra:139 Mem:119.91M (Peak 151.55M) | Time:00:00.42 | Rendering 64 / 64 samples

[2025-07-28T16:36:34.181Z] [DEBUG] [23483672-3fe1-4414-975d-15cadf561d32] Blender Output: Append frame 139
Time: 00:00.50 (Saving: 00:00.03)


[2025-07-28T16:36:34.217Z] [DEBUG] [23483672-3fe1-4414-975d-15cadf561d32] Blender Output: Fra:140 Mem:119.91M (Peak 151.55M) | Time:00:00.03 | Rendering 1 / 64 samples

[2025-07-28T16:36:34.367Z] [DEBUG] [23483672-3fe1-4414-975d-15cadf561d32] Blender Output: Fra:140 Mem:119.91M (Peak 151.55M) | Time:00:00.18 | Rendering 25 / 64 samples

[2025-07-28T16:36:34.521Z] [DEBUG] [23483672-3fe1-4414-975d-15cadf561d32] Blender Output: Fra:140 Mem:119.91M (Peak 151.55M) | Time:00:00.33 | Rendering 50 / 64 samples

[2025-07-28T16:36:34.607Z] [DEBUG] [23483672-3fe1-4414-975d-15cadf561d32] Blender Output: Fra:140 Mem:119.91M (Peak 151.55M) | Time:00:00.42 | Rendering 64 / 64 samples

[2025-07-28T16:36:34.680Z] [DEBUG] [23483672-3fe1-4414-975d-15cadf561d32] Blender Output: Append frame 140
Time: 00:00.49 (Saving: 00:00.03)


[2025-07-28T16:36:34.718Z] [DEBUG] [23483672-3fe1-4414-975d-15cadf561d32] Blender Output: Fra:141 Mem:119.91M (Peak 151.55M) | Time:00:00.03 | Rendering 1 / 64 samples

[2025-07-28T16:36:34.867Z] [DEBUG] [23483672-3fe1-4414-975d-15cadf561d32] Blender Output: Fra:141 Mem:119.91M (Peak 151.55M) | Time:00:00.18 | Rendering 25 / 64 samples

[2025-07-28T16:36:35.018Z] [DEBUG] [23483672-3fe1-4414-975d-15cadf561d32] Blender Output: Fra:141 Mem:119.91M (Peak 151.55M) | Time:00:00.33 | Rendering 50 / 64 samples

[2025-07-28T16:36:35.104Z] [DEBUG] [23483672-3fe1-4414-975d-15cadf561d32] Blender Output: Fra:141 Mem:119.91M (Peak 151.55M) | Time:00:00.42 | Rendering 64 / 64 samples

[2025-07-28T16:36:35.179Z] [DEBUG] [23483672-3fe1-4414-975d-15cadf561d32] Blender Output: Append frame 141
Time: 00:00.49 (Saving: 00:00.03)


[2025-07-28T16:36:35.216Z] [DEBUG] [23483672-3fe1-4414-975d-15cadf561d32] Blender Output: Fra:142 Mem:119.91M (Peak 151.55M) | Time:00:00.03 | Rendering 1 / 64 samples

[2025-07-28T16:36:35.366Z] [DEBUG] [23483672-3fe1-4414-975d-15cadf561d32] Blender Output: Fra:142 Mem:119.91M (Peak 151.55M) | Time:00:00.18 | Rendering 25 / 64 samples

[2025-07-28T16:36:35.518Z] [DEBUG] [23483672-3fe1-4414-975d-15cadf561d32] Blender Output: Fra:142 Mem:119.91M (Peak 151.55M) | Time:00:00.33 | Rendering 50 / 64 samples

[2025-07-28T16:36:35.604Z] [DEBUG] [23483672-3fe1-4414-975d-15cadf561d32] Blender Output: Fra:142 Mem:119.91M (Peak 151.55M) | Time:00:00.42 | Rendering 64 / 64 samples

[2025-07-28T16:36:35.679Z] [DEBUG] [23483672-3fe1-4414-975d-15cadf561d32] Blender Output: Append frame 142
Time: 00:00.49 (Saving: 00:00.03)


[2025-07-28T16:36:35.858Z] [DEBUG] [23483672-3fe1-4414-975d-15cadf561d32] Blender Output: 🎯 V1.4.0.a.8.1 - HOTFIX BLENDER 4.5+ INICIADO
🛡️ BLINDAGEM: V1.4.0.a.7 sync perfeito preservado
🔧 HOTFIX: APIs compatíveis com Blender 4.5+ e EEVEE_NEXT
📂 Working directory: C:\Users\Denys Victoriano\Documents\GitHub\clone\zentraw\Zentraw\3d_visualizer\Blender
🐍 Python script: C:\Users\Denys Victoriano\Documents\GitHub\clone\zentraw\Zentraw\3d_visualizer\Blender\render_audio_visualizer_v1.4.0.a.8.1.py
🔍 Verificando existência dos arquivos...
✅ Todos os arquivos validados com sucesso
🎵 Áudio: C:\Users\Denys Victoriano\Documents\GitHub\clone\zentraw\Zentraw\3d_visualizer\uploads\1753720519641_audio.wav
🖼️ Imagem: C:\Users\Denys Victoriano\Documents\GitHub\clone\zentraw\Zentraw\3d_visualizer\uploads\1753720519644_image.png
📁 Output (absoluto): C:\Users\Denys Victoriano\Documents\GitHub\clone\zentraw\Zentraw\3d_visualizer\outputs\output_v1.4.0.a.8.mp4
⚙️ Config: C:\Users\Denys Victoriano\Documents\GitHub\clone\zentraw\Zentraw\3d_visualizer\temp\config_23483672-3fe1-4414-975d-15cadf561d32.json
📊 CONFIGURAÇÕES APLICADAS V1.4.0.a.8.1 HOTFIX:
   🎬 Resolução: 1920x1080 (Full HD padrão)
   🎞️ FPS: 30
   🔍 Samples: 128
   ⚡ Engine: BLENDER_EEVEE_NEXT (Eevee Next padrão - Blender 4.5+)
   📊 Amplitude Multiplier: 3.0x (V1.4.0.a.7 BLINDADO)
   🌊 Suavização: 1
   🎧 Canais: mono
   📦 Escala Base: 1.0x
   📈 Escala Máxima: 5.0x
   🎯 Partículas: 64
   📏 Espaçamento: 1.2
🎬 Setting up scene...
🚀 Render engine: BLENDER_EEVEE_NEXT
📐 Resolução: 1920x1080
⚡ Eevee configurado para velocidade (samples: 64)
✅ Samples Eevee configurados
🔒 Definindo caminho de saída do render: C:\Users\Denys Victoriano\Documents\GitHub\clone\zentraw\Zentraw\3d_visualizer\outputs\output_v1.4.0.a.8.mp4
🎵 Carregando áudio...
🎵 Áudio carregado: 227324 samples, 48000Hz, 2 canais
⏱️ Duração: 4.74s, 142 frames @ 30fps
🎯 Criando sistema de cubos...
✅ 64 cubos criados
🎵 Animando baseado no áudio...
✅ Animação completa
🖼️ Adicionando imagem de fundo: C:\Users\Denys Victoriano\Documents\GitHub\clone\zentraw\Zentraw\3d_visualizer\uploads\1753720519644_image.png
🎵 Configurando áudio no sequencer...
🎬 Iniciando render...
📊 Engine: BLENDER_EEVEE_NEXT
📐 Resolução: 1920x1080
⏱️ Frames: 142
🎵 Com áudio: True
🎉 Render concluído com sucesso!
📂 Arquivos no diretório de saída (C:\Users\Denys Victoriano\Documents\GitHub\clone\zentraw\Zentraw\3d_visualizer\outputs):
 - output_v1.4.0.a.8.mp4
✅ Arquivo MP4 gerado: C:\Users\Denys Victoriano\Documents\GitHub\clone\zentraw\Zentraw\3d_visualizer\outputs\output_v1.4.0.a.8.mp4

[2025-07-28T16:36:36.101Z] [DEBUG] [23483672-3fe1-4414-975d-15cadf561d32] Blender Output: 
Blender quit

[2025-07-28T16:36:36.150Z] [INFO] [23483672-3fe1-4414-975d-15cadf561d32] Blender process finalizado com código: 0
[2025-07-28T16:36:36.151Z] [SUCCESS] [23483672-3fe1-4414-975d-15cadf561d32] Render concluído: C:\Users\Denys Victoriano\Documents\GitHub\clone\zentraw\Zentraw\3d_visualizer\outputs\output_v1.4.0.a.8.mp4
[2025-07-28T16:40:55.090Z] [INFO] [511ba2b2-cd5c-4040-83ac-e4dc2f026bd3] Iniciando render parametrizado
[2025-07-28T16:40:55.091Z] [DEBUG] [511ba2b2-cd5c-4040-83ac-e4dc2f026bd3] 🔍 DEBUG - audioFile: {"fieldname":"audio","originalname":"sample_audio3.wav","encoding":"7bit","mimetype":"audio/wav","destination":"C:\\Users\\Denys Victoriano\\Documents\\GitHub\\clone\\zentraw\\Zentraw\\3d_visualizer\\uploads","filename":"1753720855050_audio.wav","path":"C:\\Users\\Denys Victoriano\\Documents\\GitHub\\clone\\zentraw\\Zentraw\\3d_visualizer\\uploads\\1753720855050_audio.wav","size":909502}
[2025-07-28T16:40:55.092Z] [DEBUG] [511ba2b2-cd5c-4040-83ac-e4dc2f026bd3] 🔍 DEBUG - imageFile: {"fieldname":"image","originalname":"cover_spotify.png","encoding":"7bit","mimetype":"image/png","destination":"C:\\Users\\Denys Victoriano\\Documents\\GitHub\\clone\\zentraw\\Zentraw\\3d_visualizer\\uploads","filename":"1753720855054_image.png","path":"C:\\Users\\Denys Victoriano\\Documents\\GitHub\\clone\\zentraw\\Zentraw\\3d_visualizer\\uploads\\1753720855054_image.png","size":6594976}
[2025-07-28T16:40:55.204Z] [INFO] [511ba2b2-cd5c-4040-83ac-e4dc2f026bd3] Executando Blender: C:\Program Files\Blender Foundation\Blender 4.5\blender.exe C:\Users\Denys Victoriano\Documents\GitHub\clone\zentraw\Zentraw\3d_visualizer\Blender\template.blend --background --python C:\Users\Denys Victoriano\Documents\GitHub\clone\zentraw\Zentraw\3d_visualizer\Blender\render_audio_visualizer_v1.4.0.a.8.1.py -- C:\Users\Denys Victoriano\Documents\GitHub\clone\zentraw\Zentraw\3d_visualizer\uploads\1753720855050_audio.wav C:\Users\Denys Victoriano\Documents\GitHub\clone\zentraw\Zentraw\3d_visualizer\uploads\1753720855054_image.png C:\Users\Denys Victoriano\Documents\GitHub\clone\zentraw\Zentraw\3d_visualizer\outputs\output_v1.4.0.a.8.mp4 C:\Users\Denys Victoriano\Documents\GitHub\clone\zentraw\Zentraw\3d_visualizer\temp\config_511ba2b2-cd5c-4040-83ac-e4dc2f026bd3.json
[2025-07-28T16:40:58.565Z] [DEBUG] [511ba2b2-cd5c-4040-83ac-e4dc2f026bd3] Blender Output: Blender 4.5.0 (hash 8cb6b388974a built 2025-07-15 01:36:24)
Read blend: "C:\Users\Denys Victoriano\Documents\GitHub\clone\zentraw\Zentraw\3d_visualizer\Blender\template.blend"
Fra:1 Mem:119.40M (Peak 132.71M) | Time:00:00.53 | Rendering 1 / 64 samples

[2025-07-28T16:40:58.709Z] [DEBUG] [511ba2b2-cd5c-4040-83ac-e4dc2f026bd3] Blender Output: Fra:1 Mem:119.72M (Peak 132.71M) | Time:00:00.68 | Rendering 25 / 64 samples

[2025-07-28T16:40:58.847Z] [DEBUG] [511ba2b2-cd5c-4040-83ac-e4dc2f026bd3] Blender Output: Fra:1 Mem:119.72M (Peak 132.71M) | Time:00:00.81 | Rendering 50 / 64 samples

[2025-07-28T16:40:58.920Z] [DEBUG] [511ba2b2-cd5c-4040-83ac-e4dc2f026bd3] Blender Output: Fra:1 Mem:119.72M (Peak 132.71M) | Time:00:00.89 | Rendering 64 / 64 samples

[2025-07-28T16:40:59.179Z] [DEBUG] [511ba2b2-cd5c-4040-83ac-e4dc2f026bd3] Blender Output: Append frame 1
Time: 00:01.15 (Saving: 00:00.21)


[2025-07-28T16:40:59.235Z] [DEBUG] [511ba2b2-cd5c-4040-83ac-e4dc2f026bd3] Blender Output: Fra:2 Mem:119.86M (Peak 151.36M) | Time:00:00.05 | Rendering 1 / 64 samples

[2025-07-28T16:40:59.385Z] [DEBUG] [511ba2b2-cd5c-4040-83ac-e4dc2f026bd3] Blender Output: Fra:2 Mem:119.91M (Peak 151.36M) | Time:00:00.20 | Rendering 25 / 64 samples

[2025-07-28T16:40:59.538Z] [DEBUG] [511ba2b2-cd5c-4040-83ac-e4dc2f026bd3] Blender Output: Fra:2 Mem:119.91M (Peak 151.36M) | Time:00:00.35 | Rendering 50 / 64 samples

[2025-07-28T16:40:59.625Z] [DEBUG] [511ba2b2-cd5c-4040-83ac-e4dc2f026bd3] Blender Output: Fra:2 Mem:119.91M (Peak 151.36M) | Time:00:00.44 | Rendering 64 / 64 samples

[2025-07-28T16:40:59.724Z] [DEBUG] [511ba2b2-cd5c-4040-83ac-e4dc2f026bd3] Blender Output: Append frame 2
Time: 00:00.54 (Saving: 00:00.04)


[2025-07-28T16:40:59.759Z] [DEBUG] [511ba2b2-cd5c-4040-83ac-e4dc2f026bd3] Blender Output: Fra:3 Mem:119.91M (Peak 151.55M) | Time:00:00.03 | Rendering 1 / 64 samples

[2025-07-28T16:40:59.909Z] [DEBUG] [511ba2b2-cd5c-4040-83ac-e4dc2f026bd3] Blender Output: Fra:3 Mem:119.91M (Peak 151.55M) | Time:00:00.18 | Rendering 25 / 64 samples

[2025-07-28T16:41:00.062Z] [DEBUG] [511ba2b2-cd5c-4040-83ac-e4dc2f026bd3] Blender Output: Fra:3 Mem:119.91M (Peak 151.55M) | Time:00:00.33 | Rendering 50 / 64 samples

[2025-07-28T16:41:00.148Z] [DEBUG] [511ba2b2-cd5c-4040-83ac-e4dc2f026bd3] Blender Output: Fra:3 Mem:119.91M (Peak 151.55M) | Time:00:00.42 | Rendering 64 / 64 samples

[2025-07-28T16:41:00.232Z] [DEBUG] [511ba2b2-cd5c-4040-83ac-e4dc2f026bd3] Blender Output: Append frame 3
Time: 00:00.50 (Saving: 00:00.03)


[2025-07-28T16:41:00.268Z] [DEBUG] [511ba2b2-cd5c-4040-83ac-e4dc2f026bd3] Blender Output: Fra:4 Mem:119.91M (Peak 151.55M) | Time:00:00.03 | Rendering 1 / 64 samples

[2025-07-28T16:41:00.418Z] [DEBUG] [511ba2b2-cd5c-4040-83ac-e4dc2f026bd3] Blender Output: Fra:4 Mem:119.91M (Peak 151.55M) | Time:00:00.18 | Rendering 25 / 64 samples

[2025-07-28T16:41:00.570Z] [DEBUG] [511ba2b2-cd5c-4040-83ac-e4dc2f026bd3] Blender Output: Fra:4 Mem:119.91M (Peak 151.55M) | Time:00:00.33 | Rendering 50 / 64 samples

[2025-07-28T16:41:00.656Z] [DEBUG] [511ba2b2-cd5c-4040-83ac-e4dc2f026bd3] Blender Output: Fra:4 Mem:119.91M (Peak 151.55M) | Time:00:00.42 | Rendering 64 / 64 samples

[2025-07-28T16:41:00.735Z] [DEBUG] [511ba2b2-cd5c-4040-83ac-e4dc2f026bd3] Blender Output: Append frame 4
Time: 00:00.50 (Saving: 00:00.03)


[2025-07-28T16:41:00.771Z] [DEBUG] [511ba2b2-cd5c-4040-83ac-e4dc2f026bd3] Blender Output: Fra:5 Mem:119.91M (Peak 151.55M) | Time:00:00.03 | Rendering 1 / 64 samples

[2025-07-28T16:41:00.922Z] [DEBUG] [511ba2b2-cd5c-4040-83ac-e4dc2f026bd3] Blender Output: Fra:5 Mem:119.91M (Peak 151.55M) | Time:00:00.18 | Rendering 25 / 64 samples

[2025-07-28T16:41:01.075Z] [DEBUG] [511ba2b2-cd5c-4040-83ac-e4dc2f026bd3] Blender Output: Fra:5 Mem:119.91M (Peak 151.55M) | Time:00:00.33 | Rendering 50 / 64 samples

[2025-07-28T16:41:01.163Z] [DEBUG] [511ba2b2-cd5c-4040-83ac-e4dc2f026bd3] Blender Output: Fra:5 Mem:119.91M (Peak 151.55M) | Time:00:00.42 | Rendering 64 / 64 samples

[2025-07-28T16:41:01.241Z] [DEBUG] [511ba2b2-cd5c-4040-83ac-e4dc2f026bd3] Blender Output: Append frame 5
Time: 00:00.50 (Saving: 00:00.03)


[2025-07-28T16:41:01.277Z] [DEBUG] [511ba2b2-cd5c-4040-83ac-e4dc2f026bd3] Blender Output: Fra:6 Mem:119.91M (Peak 151.55M) | Time:00:00.03 | Rendering 1 / 64 samples

[2025-07-28T16:41:01.427Z] [DEBUG] [511ba2b2-cd5c-4040-83ac-e4dc2f026bd3] Blender Output: Fra:6 Mem:119.91M (Peak 151.55M) | Time:00:00.18 | Rendering 25 / 64 samples

[2025-07-28T16:41:01.580Z] [DEBUG] [511ba2b2-cd5c-4040-83ac-e4dc2f026bd3] Blender Output: Fra:6 Mem:119.91M (Peak 151.55M) | Time:00:00.33 | Rendering 50 / 64 samples

[2025-07-28T16:41:01.665Z] [DEBUG] [511ba2b2-cd5c-4040-83ac-e4dc2f026bd3] Blender Output: Fra:6 Mem:119.91M (Peak 151.55M) | Time:00:00.42 | Rendering 64 / 64 samples

[2025-07-28T16:41:01.742Z] [DEBUG] [511ba2b2-cd5c-4040-83ac-e4dc2f026bd3] Blender Output: Append frame 6
Time: 00:00.50 (Saving: 00:00.03)


[2025-07-28T16:41:01.777Z] [DEBUG] [511ba2b2-cd5c-4040-83ac-e4dc2f026bd3] Blender Output: Fra:7 Mem:119.91M (Peak 151.55M) | Time:00:00.03 | Rendering 1 / 64 samples

[2025-07-28T16:41:01.928Z] [DEBUG] [511ba2b2-cd5c-4040-83ac-e4dc2f026bd3] Blender Output: Fra:7 Mem:119.91M (Peak 151.55M) | Time:00:00.18 | Rendering 25 / 64 samples

[2025-07-28T16:41:02.081Z] [DEBUG] [511ba2b2-cd5c-4040-83ac-e4dc2f026bd3] Blender Output: Fra:7 Mem:119.91M (Peak 151.55M) | Time:00:00.33 | Rendering 50 / 64 samples

[2025-07-28T16:41:02.167Z] [DEBUG] [511ba2b2-cd5c-4040-83ac-e4dc2f026bd3] Blender Output: Fra:7 Mem:119.91M (Peak 151.55M) | Time:00:00.42 | Rendering 64 / 64 samples

[2025-07-28T16:41:02.244Z] [DEBUG] [511ba2b2-cd5c-4040-83ac-e4dc2f026bd3] Blender Output: Append frame 7
Time: 00:00.50 (Saving: 00:00.03)


[2025-07-28T16:41:02.281Z] [DEBUG] [511ba2b2-cd5c-4040-83ac-e4dc2f026bd3] Blender Output: Fra:8 Mem:119.91M (Peak 151.55M) | Time:00:00.03 | Rendering 1 / 64 samples

[2025-07-28T16:41:02.435Z] [DEBUG] [511ba2b2-cd5c-4040-83ac-e4dc2f026bd3] Blender Output: Fra:8 Mem:119.91M (Peak 151.55M) | Time:00:00.19 | Rendering 25 / 64 samples

[2025-07-28T16:41:02.594Z] [DEBUG] [511ba2b2-cd5c-4040-83ac-e4dc2f026bd3] Blender Output: Fra:8 Mem:119.91M (Peak 151.55M) | Time:00:00.35 | Rendering 50 / 64 samples

[2025-07-28T16:41:02.683Z] [DEBUG] [511ba2b2-cd5c-4040-83ac-e4dc2f026bd3] Blender Output: Fra:8 Mem:119.91M (Peak 151.55M) | Time:00:00.43 | Rendering 64 / 64 samples

[2025-07-28T16:41:02.759Z] [DEBUG] [511ba2b2-cd5c-4040-83ac-e4dc2f026bd3] Blender Output: Append frame 8
Time: 00:00.51 (Saving: 00:00.03)


[2025-07-28T16:41:02.799Z] [DEBUG] [511ba2b2-cd5c-4040-83ac-e4dc2f026bd3] Blender Output: Fra:9 Mem:119.91M (Peak 151.55M) | Time:00:00.03 | Rendering 1 / 64 samples

[2025-07-28T16:41:02.957Z] [DEBUG] [511ba2b2-cd5c-4040-83ac-e4dc2f026bd3] Blender Output: Fra:9 Mem:119.91M (Peak 151.55M) | Time:00:00.19 | Rendering 25 / 64 samples

[2025-07-28T16:41:03.116Z] [DEBUG] [511ba2b2-cd5c-4040-83ac-e4dc2f026bd3] Blender Output: Fra:9 Mem:119.91M (Peak 151.55M) | Time:00:00.35 | Rendering 50 / 64 samples

[2025-07-28T16:41:03.204Z] [DEBUG] [511ba2b2-cd5c-4040-83ac-e4dc2f026bd3] Blender Output: Fra:9 Mem:119.91M (Peak 151.55M) | Time:00:00.44 | Rendering 64 / 64 samples

[2025-07-28T16:41:03.282Z] [DEBUG] [511ba2b2-cd5c-4040-83ac-e4dc2f026bd3] Blender Output: Append frame 9
Time: 00:00.52 (Saving: 00:00.03)


[2025-07-28T16:41:03.318Z] [DEBUG] [511ba2b2-cd5c-4040-83ac-e4dc2f026bd3] Blender Output: Fra:10 Mem:119.91M (Peak 151.55M) | Time:00:00.03 | Rendering 1 / 64 samples

[2025-07-28T16:41:03.467Z] [DEBUG] [511ba2b2-cd5c-4040-83ac-e4dc2f026bd3] Blender Output: Fra:10 Mem:119.91M (Peak 151.55M) | Time:00:00.18 | Rendering 25 / 64 samples

[2025-07-28T16:41:03.620Z] [DEBUG] [511ba2b2-cd5c-4040-83ac-e4dc2f026bd3] Blender Output: Fra:10 Mem:119.91M (Peak 151.55M) | Time:00:00.33 | Rendering 50 / 64 samples

[2025-07-28T16:41:03.706Z] [DEBUG] [511ba2b2-cd5c-4040-83ac-e4dc2f026bd3] Blender Output: Fra:10 Mem:119.91M (Peak 151.55M) | Time:00:00.42 | Rendering 64 / 64 samples

[2025-07-28T16:41:03.787Z] [DEBUG] [511ba2b2-cd5c-4040-83ac-e4dc2f026bd3] Blender Output: Append frame 10
Time: 00:00.50 (Saving: 00:00.03)


[2025-07-28T16:41:03.823Z] [DEBUG] [511ba2b2-cd5c-4040-83ac-e4dc2f026bd3] Blender Output: Fra:11 Mem:119.91M (Peak 151.55M) | Time:00:00.03 | Rendering 1 / 64 samples

[2025-07-28T16:41:03.974Z] [DEBUG] [511ba2b2-cd5c-4040-83ac-e4dc2f026bd3] Blender Output: Fra:11 Mem:119.91M (Peak 151.55M) | Time:00:00.18 | Rendering 25 / 64 samples

[2025-07-28T16:41:04.128Z] [DEBUG] [511ba2b2-cd5c-4040-83ac-e4dc2f026bd3] Blender Output: Fra:11 Mem:119.91M (Peak 151.55M) | Time:00:00.34 | Rendering 50 / 64 samples

[2025-07-28T16:41:04.216Z] [DEBUG] [511ba2b2-cd5c-4040-83ac-e4dc2f026bd3] Blender Output: Fra:11 Mem:119.91M (Peak 151.55M) | Time:00:00.42 | Rendering 64 / 64 samples

[2025-07-28T16:41:04.294Z] [DEBUG] [511ba2b2-cd5c-4040-83ac-e4dc2f026bd3] Blender Output: Append frame 11
Time: 00:00.50 (Saving: 00:00.03)


[2025-07-28T16:41:04.330Z] [DEBUG] [511ba2b2-cd5c-4040-83ac-e4dc2f026bd3] Blender Output: Fra:12 Mem:119.91M (Peak 151.55M) | Time:00:00.03 | Rendering 1 / 64 samples

[2025-07-28T16:41:04.481Z] [DEBUG] [511ba2b2-cd5c-4040-83ac-e4dc2f026bd3] Blender Output: Fra:12 Mem:119.91M (Peak 151.55M) | Time:00:00.18 | Rendering 25 / 64 samples

[2025-07-28T16:41:04.635Z] [DEBUG] [511ba2b2-cd5c-4040-83ac-e4dc2f026bd3] Blender Output: Fra:12 Mem:119.91M (Peak 151.55M) | Time:00:00.34 | Rendering 50 / 64 samples

[2025-07-28T16:41:04.722Z] [DEBUG] [511ba2b2-cd5c-4040-83ac-e4dc2f026bd3] Blender Output: Fra:12 Mem:119.91M (Peak 151.55M) | Time:00:00.42 | Rendering 64 / 64 samples

[2025-07-28T16:41:04.801Z] [DEBUG] [511ba2b2-cd5c-4040-83ac-e4dc2f026bd3] Blender Output: Append frame 12
Time: 00:00.50 (Saving: 00:00.03)


[2025-07-28T16:41:04.836Z] [DEBUG] [511ba2b2-cd5c-4040-83ac-e4dc2f026bd3] Blender Output: Fra:13 Mem:119.91M (Peak 151.55M) | Time:00:00.03 | Rendering 1 / 64 samples

[2025-07-28T16:41:04.986Z] [DEBUG] [511ba2b2-cd5c-4040-83ac-e4dc2f026bd3] Blender Output: Fra:13 Mem:119.91M (Peak 151.55M) | Time:00:00.18 | Rendering 25 / 64 samples

[2025-07-28T16:41:05.140Z] [DEBUG] [511ba2b2-cd5c-4040-83ac-e4dc2f026bd3] Blender Output: Fra:13 Mem:119.91M (Peak 151.55M) | Time:00:00.33 | Rendering 50 / 64 samples

[2025-07-28T16:41:05.226Z] [DEBUG] [511ba2b2-cd5c-4040-83ac-e4dc2f026bd3] Blender Output: Fra:13 Mem:119.91M (Peak 151.55M) | Time:00:00.42 | Rendering 64 / 64 samples

[2025-07-28T16:41:05.305Z] [DEBUG] [511ba2b2-cd5c-4040-83ac-e4dc2f026bd3] Blender Output: Append frame 13
Time: 00:00.50 (Saving: 00:00.03)


[2025-07-28T16:41:05.342Z] [DEBUG] [511ba2b2-cd5c-4040-83ac-e4dc2f026bd3] Blender Output: Fra:14 Mem:119.91M (Peak 151.55M) | Time:00:00.03 | Rendering 1 / 64 samples

[2025-07-28T16:41:05.492Z] [DEBUG] [511ba2b2-cd5c-4040-83ac-e4dc2f026bd3] Blender Output: Fra:14 Mem:119.91M (Peak 151.55M) | Time:00:00.18 | Rendering 25 / 64 samples

[2025-07-28T16:41:05.643Z] [DEBUG] [511ba2b2-cd5c-4040-83ac-e4dc2f026bd3] Blender Output: Fra:14 Mem:119.91M (Peak 151.55M) | Time:00:00.33 | Rendering 50 / 64 samples

[2025-07-28T16:41:05.729Z] [DEBUG] [511ba2b2-cd5c-4040-83ac-e4dc2f026bd3] Blender Output: Fra:14 Mem:119.91M (Peak 151.55M) | Time:00:00.42 | Rendering 64 / 64 samples

[2025-07-28T16:41:05.807Z] [DEBUG] [511ba2b2-cd5c-4040-83ac-e4dc2f026bd3] Blender Output: Append frame 14
Time: 00:00.50 (Saving: 00:00.03)


[2025-07-28T16:41:05.843Z] [DEBUG] [511ba2b2-cd5c-4040-83ac-e4dc2f026bd3] Blender Output: Fra:15 Mem:119.91M (Peak 151.55M) | Time:00:00.03 | Rendering 1 / 64 samples

[2025-07-28T16:41:05.999Z] [DEBUG] [511ba2b2-cd5c-4040-83ac-e4dc2f026bd3] Blender Output: Fra:15 Mem:119.91M (Peak 151.55M) | Time:00:00.19 | Rendering 25 / 64 samples

[2025-07-28T16:41:06.157Z] [DEBUG] [511ba2b2-cd5c-4040-83ac-e4dc2f026bd3] Blender Output: Fra:15 Mem:119.91M (Peak 151.55M) | Time:00:00.34 | Rendering 50 / 64 samples

[2025-07-28T16:41:06.245Z] [DEBUG] [511ba2b2-cd5c-4040-83ac-e4dc2f026bd3] Blender Output: Fra:15 Mem:119.91M (Peak 151.55M) | Time:00:00.43 | Rendering 64 / 64 samples

[2025-07-28T16:41:06.325Z] [DEBUG] [511ba2b2-cd5c-4040-83ac-e4dc2f026bd3] Blender Output: Append frame 15
Time: 00:00.51 (Saving: 00:00.03)


[2025-07-28T16:41:06.361Z] [DEBUG] [511ba2b2-cd5c-4040-83ac-e4dc2f026bd3] Blender Output: Fra:16 Mem:119.91M (Peak 151.55M) | Time:00:00.03 | Rendering 1 / 64 samples

[2025-07-28T16:41:06.511Z] [DEBUG] [511ba2b2-cd5c-4040-83ac-e4dc2f026bd3] Blender Output: Fra:16 Mem:119.91M (Peak 151.55M) | Time:00:00.18 | Rendering 25 / 64 samples

[2025-07-28T16:41:06.663Z] [DEBUG] [511ba2b2-cd5c-4040-83ac-e4dc2f026bd3] Blender Output: Fra:16 Mem:119.91M (Peak 151.55M) | Time:00:00.33 | Rendering 50 / 64 samples

[2025-07-28T16:41:06.749Z] [DEBUG] [511ba2b2-cd5c-4040-83ac-e4dc2f026bd3] Blender Output: Fra:16 Mem:119.91M (Peak 151.55M) | Time:00:00.42 | Rendering 64 / 64 samples

[2025-07-28T16:41:06.827Z] [DEBUG] [511ba2b2-cd5c-4040-83ac-e4dc2f026bd3] Blender Output: Append frame 16
Time: 00:00.50 (Saving: 00:00.03)


[2025-07-28T16:41:06.862Z] [DEBUG] [511ba2b2-cd5c-4040-83ac-e4dc2f026bd3] Blender Output: Fra:17 Mem:119.91M (Peak 151.55M) | Time:00:00.03 | Rendering 1 / 64 samples

[2025-07-28T16:41:07.013Z] [DEBUG] [511ba2b2-cd5c-4040-83ac-e4dc2f026bd3] Blender Output: Fra:17 Mem:119.91M (Peak 151.55M) | Time:00:00.18 | Rendering 25 / 64 samples

[2025-07-28T16:41:07.167Z] [DEBUG] [511ba2b2-cd5c-4040-83ac-e4dc2f026bd3] Blender Output: Fra:17 Mem:119.91M (Peak 151.55M) | Time:00:00.33 | Rendering 50 / 64 samples

[2025-07-28T16:41:07.253Z] [DEBUG] [511ba2b2-cd5c-4040-83ac-e4dc2f026bd3] Blender Output: Fra:17 Mem:119.91M (Peak 151.55M) | Time:00:00.42 | Rendering 64 / 64 samples

[2025-07-28T16:41:07.331Z] [DEBUG] [511ba2b2-cd5c-4040-83ac-e4dc2f026bd3] Blender Output: Append frame 17
Time: 00:00.50 (Saving: 00:00.03)


[2025-07-28T16:41:07.367Z] [DEBUG] [511ba2b2-cd5c-4040-83ac-e4dc2f026bd3] Blender Output: Fra:18 Mem:119.91M (Peak 151.55M) | Time:00:00.03 | Rendering 1 / 64 samples

[2025-07-28T16:41:07.517Z] [DEBUG] [511ba2b2-cd5c-4040-83ac-e4dc2f026bd3] Blender Output: Fra:18 Mem:119.91M (Peak 151.55M) | Time:00:00.18 | Rendering 25 / 64 samples

[2025-07-28T16:41:07.670Z] [DEBUG] [511ba2b2-cd5c-4040-83ac-e4dc2f026bd3] Blender Output: Fra:18 Mem:119.91M (Peak 151.55M) | Time:00:00.33 | Rendering 50 / 64 samples

[2025-07-28T16:41:07.756Z] [DEBUG] [511ba2b2-cd5c-4040-83ac-e4dc2f026bd3] Blender Output: Fra:18 Mem:119.91M (Peak 151.55M) | Time:00:00.42 | Rendering 64 / 64 samples

[2025-07-28T16:41:07.832Z] [DEBUG] [511ba2b2-cd5c-4040-83ac-e4dc2f026bd3] Blender Output: Append frame 18
Time: 00:00.50 (Saving: 00:00.03)


[2025-07-28T16:41:07.867Z] [DEBUG] [511ba2b2-cd5c-4040-83ac-e4dc2f026bd3] Blender Output: Fra:19 Mem:119.91M (Peak 151.55M) | Time:00:00.03 | Rendering 1 / 64 samples

[2025-07-28T16:41:08.017Z] [DEBUG] [511ba2b2-cd5c-4040-83ac-e4dc2f026bd3] Blender Output: Fra:19 Mem:119.91M (Peak 151.55M) | Time:00:00.18 | Rendering 25 / 64 samples

[2025-07-28T16:41:08.170Z] [DEBUG] [511ba2b2-cd5c-4040-83ac-e4dc2f026bd3] Blender Output: Fra:19 Mem:119.91M (Peak 151.55M) | Time:00:00.33 | Rendering 50 / 64 samples

[2025-07-28T16:41:08.256Z] [DEBUG] [511ba2b2-cd5c-4040-83ac-e4dc2f026bd3] Blender Output: Fra:19 Mem:119.91M (Peak 151.55M) | Time:00:00.42 | Rendering 64 / 64 samples

[2025-07-28T16:41:08.335Z] [DEBUG] [511ba2b2-cd5c-4040-83ac-e4dc2f026bd3] Blender Output: Append frame 19
Time: 00:00.50 (Saving: 00:00.03)


[2025-07-28T16:41:08.371Z] [DEBUG] [511ba2b2-cd5c-4040-83ac-e4dc2f026bd3] Blender Output: Fra:20 Mem:119.91M (Peak 151.55M) | Time:00:00.03 | Rendering 1 / 64 samples

[2025-07-28T16:41:08.521Z] [DEBUG] [511ba2b2-cd5c-4040-83ac-e4dc2f026bd3] Blender Output: Fra:20 Mem:119.91M (Peak 151.55M) | Time:00:00.18 | Rendering 25 / 64 samples

[2025-07-28T16:41:08.674Z] [DEBUG] [511ba2b2-cd5c-4040-83ac-e4dc2f026bd3] Blender Output: Fra:20 Mem:119.91M (Peak 151.55M) | Time:00:00.33 | Rendering 50 / 64 samples

[2025-07-28T16:41:08.760Z] [DEBUG] [511ba2b2-cd5c-4040-83ac-e4dc2f026bd3] Blender Output: Fra:20 Mem:119.91M (Peak 151.55M) | Time:00:00.42 | Rendering 64 / 64 samples

[2025-07-28T16:41:08.838Z] [DEBUG] [511ba2b2-cd5c-4040-83ac-e4dc2f026bd3] Blender Output: Append frame 20
Time: 00:00.50 (Saving: 00:00.03)


[2025-07-28T16:41:08.875Z] [DEBUG] [511ba2b2-cd5c-4040-83ac-e4dc2f026bd3] Blender Output: Fra:21 Mem:119.91M (Peak 151.55M) | Time:00:00.03 | Rendering 1 / 64 samples

[2025-07-28T16:41:09.024Z] [DEBUG] [511ba2b2-cd5c-4040-83ac-e4dc2f026bd3] Blender Output: Fra:21 Mem:119.91M (Peak 151.55M) | Time:00:00.18 | Rendering 25 / 64 samples

[2025-07-28T16:41:09.178Z] [DEBUG] [511ba2b2-cd5c-4040-83ac-e4dc2f026bd3] Blender Output: Fra:21 Mem:119.91M (Peak 151.55M) | Time:00:00.33 | Rendering 50 / 64 samples

[2025-07-28T16:41:09.264Z] [DEBUG] [511ba2b2-cd5c-4040-83ac-e4dc2f026bd3] Blender Output: Fra:21 Mem:119.91M (Peak 151.55M) | Time:00:00.42 | Rendering 64 / 64 samples

[2025-07-28T16:41:09.339Z] [DEBUG] [511ba2b2-cd5c-4040-83ac-e4dc2f026bd3] Blender Output: Append frame 21
Time: 00:00.50 (Saving: 00:00.03)


[2025-07-28T16:41:09.375Z] [DEBUG] [511ba2b2-cd5c-4040-83ac-e4dc2f026bd3] Blender Output: Fra:22 Mem:119.91M (Peak 151.55M) | Time:00:00.03 | Rendering 1 / 64 samples

[2025-07-28T16:41:09.526Z] [DEBUG] [511ba2b2-cd5c-4040-83ac-e4dc2f026bd3] Blender Output: Fra:22 Mem:119.91M (Peak 151.55M) | Time:00:00.18 | Rendering 25 / 64 samples

[2025-07-28T16:41:09.678Z] [DEBUG] [511ba2b2-cd5c-4040-83ac-e4dc2f026bd3] Blender Output: Fra:22 Mem:119.91M (Peak 151.55M) | Time:00:00.33 | Rendering 50 / 64 samples

[2025-07-28T16:41:09.764Z] [DEBUG] [511ba2b2-cd5c-4040-83ac-e4dc2f026bd3] Blender Output: Fra:22 Mem:119.91M (Peak 151.55M) | Time:00:00.42 | Rendering 64 / 64 samples

[2025-07-28T16:41:09.838Z] [DEBUG] [511ba2b2-cd5c-4040-83ac-e4dc2f026bd3] Blender Output: Append frame 22
Time: 00:00.49 (Saving: 00:00.03)


[2025-07-28T16:41:09.874Z] [DEBUG] [511ba2b2-cd5c-4040-83ac-e4dc2f026bd3] Blender Output: Fra:23 Mem:119.91M (Peak 151.55M) | Time:00:00.03 | Rendering 1 / 64 samples

[2025-07-28T16:41:10.025Z] [DEBUG] [511ba2b2-cd5c-4040-83ac-e4dc2f026bd3] Blender Output: Fra:23 Mem:119.91M (Peak 151.55M) | Time:00:00.18 | Rendering 25 / 64 samples

[2025-07-28T16:41:10.179Z] [DEBUG] [511ba2b2-cd5c-4040-83ac-e4dc2f026bd3] Blender Output: Fra:23 Mem:119.91M (Peak 151.55M) | Time:00:00.34 | Rendering 50 / 64 samples

[2025-07-28T16:41:10.267Z] [DEBUG] [511ba2b2-cd5c-4040-83ac-e4dc2f026bd3] Blender Output: Fra:23 Mem:119.91M (Peak 151.55M) | Time:00:00.42 | Rendering 64 / 64 samples

[2025-07-28T16:41:10.346Z] [DEBUG] [511ba2b2-cd5c-4040-83ac-e4dc2f026bd3] Blender Output: Append frame 23
Time: 00:00.50 (Saving: 00:00.03)


[2025-07-28T16:41:10.382Z] [DEBUG] [511ba2b2-cd5c-4040-83ac-e4dc2f026bd3] Blender Output: Fra:24 Mem:119.91M (Peak 151.55M) | Time:00:00.03 | Rendering 1 / 64 samples

[2025-07-28T16:41:10.533Z] [DEBUG] [511ba2b2-cd5c-4040-83ac-e4dc2f026bd3] Blender Output: Fra:24 Mem:119.91M (Peak 151.55M) | Time:00:00.18 | Rendering 25 / 64 samples

[2025-07-28T16:41:10.685Z] [DEBUG] [511ba2b2-cd5c-4040-83ac-e4dc2f026bd3] Blender Output: Fra:24 Mem:119.91M (Peak 151.55M) | Time:00:00.33 | Rendering 50 / 64 samples

[2025-07-28T16:41:10.770Z] [DEBUG] [511ba2b2-cd5c-4040-83ac-e4dc2f026bd3] Blender Output: Fra:24 Mem:119.91M (Peak 151.55M) | Time:00:00.42 | Rendering 64 / 64 samples

[2025-07-28T16:41:10.850Z] [DEBUG] [511ba2b2-cd5c-4040-83ac-e4dc2f026bd3] Blender Output: Append frame 24
Time: 00:00.50 (Saving: 00:00.03)


[2025-07-28T16:41:10.887Z] [DEBUG] [511ba2b2-cd5c-4040-83ac-e4dc2f026bd3] Blender Output: Fra:25 Mem:119.91M (Peak 151.55M) | Time:00:00.03 | Rendering 1 / 64 samples

[2025-07-28T16:41:11.037Z] [DEBUG] [511ba2b2-cd5c-4040-83ac-e4dc2f026bd3] Blender Output: Fra:25 Mem:119.91M (Peak 151.55M) | Time:00:00.18 | Rendering 25 / 64 samples

[2025-07-28T16:41:11.192Z] [DEBUG] [511ba2b2-cd5c-4040-83ac-e4dc2f026bd3] Blender Output: Fra:25 Mem:119.91M (Peak 151.55M) | Time:00:00.34 | Rendering 50 / 64 samples

[2025-07-28T16:41:11.278Z] [DEBUG] [511ba2b2-cd5c-4040-83ac-e4dc2f026bd3] Blender Output: Fra:25 Mem:119.91M (Peak 151.55M) | Time:00:00.42 | Rendering 64 / 64 samples

[2025-07-28T16:41:11.357Z] [DEBUG] [511ba2b2-cd5c-4040-83ac-e4dc2f026bd3] Blender Output: Append frame 25
Time: 00:00.50 (Saving: 00:00.03)


[2025-07-28T16:41:11.393Z] [DEBUG] [511ba2b2-cd5c-4040-83ac-e4dc2f026bd3] Blender Output: Fra:26 Mem:119.91M (Peak 151.55M) | Time:00:00.03 | Rendering 1 / 64 samples

[2025-07-28T16:41:11.543Z] [DEBUG] [511ba2b2-cd5c-4040-83ac-e4dc2f026bd3] Blender Output: Fra:26 Mem:119.91M (Peak 151.55M) | Time:00:00.18 | Rendering 25 / 64 samples

[2025-07-28T16:41:11.696Z] [DEBUG] [511ba2b2-cd5c-4040-83ac-e4dc2f026bd3] Blender Output: Fra:26 Mem:119.91M (Peak 151.55M) | Time:00:00.33 | Rendering 50 / 64 samples

[2025-07-28T16:41:11.783Z] [DEBUG] [511ba2b2-cd5c-4040-83ac-e4dc2f026bd3] Blender Output: Fra:26 Mem:119.91M (Peak 151.55M) | Time:00:00.42 | Rendering 64 / 64 samples

[2025-07-28T16:41:11.862Z] [DEBUG] [511ba2b2-cd5c-4040-83ac-e4dc2f026bd3] Blender Output: Append frame 26
Time: 00:00.50 (Saving: 00:00.03)


[2025-07-28T16:41:11.898Z] [DEBUG] [511ba2b2-cd5c-4040-83ac-e4dc2f026bd3] Blender Output: Fra:27 Mem:119.91M (Peak 151.55M) | Time:00:00.03 | Rendering 1 / 64 samples

[2025-07-28T16:41:12.050Z] [DEBUG] [511ba2b2-cd5c-4040-83ac-e4dc2f026bd3] Blender Output: Fra:27 Mem:119.91M (Peak 151.55M) | Time:00:00.18 | Rendering 25 / 64 samples

[2025-07-28T16:41:12.202Z] [DEBUG] [511ba2b2-cd5c-4040-83ac-e4dc2f026bd3] Blender Output: Fra:27 Mem:119.91M (Peak 151.55M) | Time:00:00.33 | Rendering 50 / 64 samples

[2025-07-28T16:41:12.288Z] [DEBUG] [511ba2b2-cd5c-4040-83ac-e4dc2f026bd3] Blender Output: Fra:27 Mem:119.91M (Peak 151.55M) | Time:00:00.42 | Rendering 64 / 64 samples

[2025-07-28T16:41:12.365Z] [DEBUG] [511ba2b2-cd5c-4040-83ac-e4dc2f026bd3] Blender Output: Append frame 27
Time: 00:00.50 (Saving: 00:00.03)


[2025-07-28T16:41:12.401Z] [DEBUG] [511ba2b2-cd5c-4040-83ac-e4dc2f026bd3] Blender Output: Fra:28 Mem:119.91M (Peak 151.55M) | Time:00:00.03 | Rendering 1 / 64 samples

[2025-07-28T16:41:12.551Z] [DEBUG] [511ba2b2-cd5c-4040-83ac-e4dc2f026bd3] Blender Output: Fra:28 Mem:119.91M (Peak 151.55M) | Time:00:00.18 | Rendering 25 / 64 samples

[2025-07-28T16:41:12.704Z] [DEBUG] [511ba2b2-cd5c-4040-83ac-e4dc2f026bd3] Blender Output: Fra:28 Mem:119.91M (Peak 151.55M) | Time:00:00.33 | Rendering 50 / 64 samples

[2025-07-28T16:41:12.790Z] [DEBUG] [511ba2b2-cd5c-4040-83ac-e4dc2f026bd3] Blender Output: Fra:28 Mem:119.91M (Peak 151.55M) | Time:00:00.42 | Rendering 64 / 64 samples

[2025-07-28T16:41:12.869Z] [DEBUG] [511ba2b2-cd5c-4040-83ac-e4dc2f026bd3] Blender Output: Append frame 28
Time: 00:00.50 (Saving: 00:00.03)


[2025-07-28T16:41:12.904Z] [DEBUG] [511ba2b2-cd5c-4040-83ac-e4dc2f026bd3] Blender Output: Fra:29 Mem:119.91M (Peak 151.55M) | Time:00:00.03 | Rendering 1 / 64 samples

[2025-07-28T16:41:13.054Z] [DEBUG] [511ba2b2-cd5c-4040-83ac-e4dc2f026bd3] Blender Output: Fra:29 Mem:119.91M (Peak 151.55M) | Time:00:00.18 | Rendering 25 / 64 samples

[2025-07-28T16:41:13.208Z] [DEBUG] [511ba2b2-cd5c-4040-83ac-e4dc2f026bd3] Blender Output: Fra:29 Mem:119.91M (Peak 151.55M) | Time:00:00.33 | Rendering 50 / 64 samples

[2025-07-28T16:41:13.293Z] [DEBUG] [511ba2b2-cd5c-4040-83ac-e4dc2f026bd3] Blender Output: Fra:29 Mem:119.91M (Peak 151.55M) | Time:00:00.42 | Rendering 64 / 64 samples

[2025-07-28T16:41:13.370Z] [DEBUG] [511ba2b2-cd5c-4040-83ac-e4dc2f026bd3] Blender Output: Append frame 29
Time: 00:00.50 (Saving: 00:00.03)


[2025-07-28T16:41:13.406Z] [DEBUG] [511ba2b2-cd5c-4040-83ac-e4dc2f026bd3] Blender Output: Fra:30 Mem:119.91M (Peak 151.55M) | Time:00:00.03 | Rendering 1 / 64 samples

[2025-07-28T16:41:13.558Z] [DEBUG] [511ba2b2-cd5c-4040-83ac-e4dc2f026bd3] Blender Output: Fra:30 Mem:119.91M (Peak 151.55M) | Time:00:00.18 | Rendering 25 / 64 samples

[2025-07-28T16:41:13.714Z] [DEBUG] [511ba2b2-cd5c-4040-83ac-e4dc2f026bd3] Blender Output: Fra:30 Mem:119.91M (Peak 151.55M) | Time:00:00.34 | Rendering 50 / 64 samples

[2025-07-28T16:41:13.801Z] [DEBUG] [511ba2b2-cd5c-4040-83ac-e4dc2f026bd3] Blender Output: Fra:30 Mem:119.91M (Peak 151.55M) | Time:00:00.43 | Rendering 64 / 64 samples

[2025-07-28T16:41:13.877Z] [DEBUG] [511ba2b2-cd5c-4040-83ac-e4dc2f026bd3] Blender Output: Append frame 30
Time: 00:00.50 (Saving: 00:00.03)


[2025-07-28T16:41:13.912Z] [DEBUG] [511ba2b2-cd5c-4040-83ac-e4dc2f026bd3] Blender Output: Fra:31 Mem:119.91M (Peak 151.55M) | Time:00:00.03 | Rendering 1 / 64 samples

[2025-07-28T16:41:14.064Z] [DEBUG] [511ba2b2-cd5c-4040-83ac-e4dc2f026bd3] Blender Output: Fra:31 Mem:119.91M (Peak 151.55M) | Time:00:00.18 | Rendering 25 / 64 samples

[2025-07-28T16:41:14.220Z] [DEBUG] [511ba2b2-cd5c-4040-83ac-e4dc2f026bd3] Blender Output: Fra:31 Mem:119.91M (Peak 151.55M) | Time:00:00.34 | Rendering 50 / 64 samples

[2025-07-28T16:41:14.308Z] [DEBUG] [511ba2b2-cd5c-4040-83ac-e4dc2f026bd3] Blender Output: Fra:31 Mem:119.91M (Peak 151.55M) | Time:00:00.43 | Rendering 64 / 64 samples

[2025-07-28T16:41:14.386Z] [DEBUG] [511ba2b2-cd5c-4040-83ac-e4dc2f026bd3] Blender Output: Append frame 31
Time: 00:00.50 (Saving: 00:00.03)


[2025-07-28T16:41:14.423Z] [DEBUG] [511ba2b2-cd5c-4040-83ac-e4dc2f026bd3] Blender Output: Fra:32 Mem:119.91M (Peak 151.55M) | Time:00:00.03 | Rendering 1 / 64 samples

[2025-07-28T16:41:14.577Z] [DEBUG] [511ba2b2-cd5c-4040-83ac-e4dc2f026bd3] Blender Output: Fra:32 Mem:119.91M (Peak 151.55M) | Time:00:00.19 | Rendering 25 / 64 samples

[2025-07-28T16:41:14.739Z] [DEBUG] [511ba2b2-cd5c-4040-83ac-e4dc2f026bd3] Blender Output: Fra:32 Mem:119.91M (Peak 151.55M) | Time:00:00.35 | Rendering 50 / 64 samples

[2025-07-28T16:41:14.826Z] [DEBUG] [511ba2b2-cd5c-4040-83ac-e4dc2f026bd3] Blender Output: Fra:32 Mem:119.91M (Peak 151.55M) | Time:00:00.43 | Rendering 64 / 64 samples

[2025-07-28T16:41:14.903Z] [DEBUG] [511ba2b2-cd5c-4040-83ac-e4dc2f026bd3] Blender Output: Append frame 32
Time: 00:00.51 (Saving: 00:00.03)


[2025-07-28T16:41:14.939Z] [DEBUG] [511ba2b2-cd5c-4040-83ac-e4dc2f026bd3] Blender Output: Fra:33 Mem:119.91M (Peak 151.55M) | Time:00:00.03 | Rendering 1 / 64 samples

[2025-07-28T16:41:15.092Z] [DEBUG] [511ba2b2-cd5c-4040-83ac-e4dc2f026bd3] Blender Output: Fra:33 Mem:119.91M (Peak 151.55M) | Time:00:00.18 | Rendering 25 / 64 samples

[2025-07-28T16:41:15.250Z] [DEBUG] [511ba2b2-cd5c-4040-83ac-e4dc2f026bd3] Blender Output: Fra:33 Mem:119.91M (Peak 151.55M) | Time:00:00.34 | Rendering 50 / 64 samples

[2025-07-28T16:41:15.338Z] [DEBUG] [511ba2b2-cd5c-4040-83ac-e4dc2f026bd3] Blender Output: Fra:33 Mem:119.91M (Peak 151.55M) | Time:00:00.43 | Rendering 64 / 64 samples

[2025-07-28T16:41:15.417Z] [DEBUG] [511ba2b2-cd5c-4040-83ac-e4dc2f026bd3] Blender Output: Append frame 33
Time: 00:00.51 (Saving: 00:00.03)


[2025-07-28T16:41:15.455Z] [DEBUG] [511ba2b2-cd5c-4040-83ac-e4dc2f026bd3] Blender Output: Fra:34 Mem:119.91M (Peak 151.55M) | Time:00:00.03 | Rendering 1 / 64 samples

[2025-07-28T16:41:15.606Z] [DEBUG] [511ba2b2-cd5c-4040-83ac-e4dc2f026bd3] Blender Output: Fra:34 Mem:119.91M (Peak 151.55M) | Time:00:00.18 | Rendering 25 / 64 samples

[2025-07-28T16:41:15.761Z] [DEBUG] [511ba2b2-cd5c-4040-83ac-e4dc2f026bd3] Blender Output: Fra:34 Mem:119.91M (Peak 151.55M) | Time:00:00.34 | Rendering 50 / 64 samples

[2025-07-28T16:41:15.847Z] [DEBUG] [511ba2b2-cd5c-4040-83ac-e4dc2f026bd3] Blender Output: Fra:34 Mem:119.91M (Peak 151.55M) | Time:00:00.43 | Rendering 64 / 64 samples

[2025-07-28T16:41:15.925Z] [DEBUG] [511ba2b2-cd5c-4040-83ac-e4dc2f026bd3] Blender Output: Append frame 34
Time: 00:00.50 (Saving: 00:00.03)


[2025-07-28T16:41:15.961Z] [DEBUG] [511ba2b2-cd5c-4040-83ac-e4dc2f026bd3] Blender Output: Fra:35 Mem:119.91M (Peak 151.55M) | Time:00:00.03 | Rendering 1 / 64 samples

[2025-07-28T16:41:16.114Z] [DEBUG] [511ba2b2-cd5c-4040-83ac-e4dc2f026bd3] Blender Output: Fra:35 Mem:119.91M (Peak 151.55M) | Time:00:00.18 | Rendering 25 / 64 samples

[2025-07-28T16:41:16.271Z] [DEBUG] [511ba2b2-cd5c-4040-83ac-e4dc2f026bd3] Blender Output: Fra:35 Mem:119.91M (Peak 151.55M) | Time:00:00.34 | Rendering 50 / 64 samples

[2025-07-28T16:41:16.360Z] [DEBUG] [511ba2b2-cd5c-4040-83ac-e4dc2f026bd3] Blender Output: Fra:35 Mem:119.91M (Peak 151.55M) | Time:00:00.43 | Rendering 64 / 64 samples

[2025-07-28T16:41:16.438Z] [DEBUG] [511ba2b2-cd5c-4040-83ac-e4dc2f026bd3] Blender Output: Append frame 35
Time: 00:00.51 (Saving: 00:00.03)


[2025-07-28T16:41:16.474Z] [DEBUG] [511ba2b2-cd5c-4040-83ac-e4dc2f026bd3] Blender Output: Fra:36 Mem:119.91M (Peak 151.55M) | Time:00:00.03 | Rendering 1 / 64 samples

[2025-07-28T16:41:16.626Z] [DEBUG] [511ba2b2-cd5c-4040-83ac-e4dc2f026bd3] Blender Output: Fra:36 Mem:119.91M (Peak 151.55M) | Time:00:00.18 | Rendering 25 / 64 samples

[2025-07-28T16:41:16.780Z] [DEBUG] [511ba2b2-cd5c-4040-83ac-e4dc2f026bd3] Blender Output: Fra:36 Mem:119.91M (Peak 151.55M) | Time:00:00.34 | Rendering 50 / 64 samples

[2025-07-28T16:41:16.867Z] [DEBUG] [511ba2b2-cd5c-4040-83ac-e4dc2f026bd3] Blender Output: Fra:36 Mem:119.91M (Peak 151.55M) | Time:00:00.42 | Rendering 64 / 64 samples

[2025-07-28T16:41:16.945Z] [DEBUG] [511ba2b2-cd5c-4040-83ac-e4dc2f026bd3] Blender Output: Append frame 36
Time: 00:00.50 (Saving: 00:00.03)


[2025-07-28T16:41:16.981Z] [DEBUG] [511ba2b2-cd5c-4040-83ac-e4dc2f026bd3] Blender Output: Fra:37 Mem:119.91M (Peak 151.55M) | Time:00:00.03 | Rendering 1 / 64 samples

[2025-07-28T16:41:17.137Z] [DEBUG] [511ba2b2-cd5c-4040-83ac-e4dc2f026bd3] Blender Output: Fra:37 Mem:119.91M (Peak 151.55M) | Time:00:00.19 | Rendering 25 / 64 samples

[2025-07-28T16:41:17.296Z] [DEBUG] [511ba2b2-cd5c-4040-83ac-e4dc2f026bd3] Blender Output: Fra:37 Mem:119.91M (Peak 151.55M) | Time:00:00.35 | Rendering 50 / 64 samples

[2025-07-28T16:41:17.385Z] [DEBUG] [511ba2b2-cd5c-4040-83ac-e4dc2f026bd3] Blender Output: Fra:37 Mem:119.91M (Peak 151.55M) | Time:00:00.44 | Rendering 64 / 64 samples

[2025-07-28T16:41:17.465Z] [DEBUG] [511ba2b2-cd5c-4040-83ac-e4dc2f026bd3] Blender Output: Append frame 37
Time: 00:00.51 (Saving: 00:00.03)


[2025-07-28T16:41:17.502Z] [DEBUG] [511ba2b2-cd5c-4040-83ac-e4dc2f026bd3] Blender Output: Fra:38 Mem:119.91M (Peak 151.55M) | Time:00:00.03 | Rendering 1 / 64 samples

[2025-07-28T16:41:17.653Z] [DEBUG] [511ba2b2-cd5c-4040-83ac-e4dc2f026bd3] Blender Output: Fra:38 Mem:119.91M (Peak 151.55M) | Time:00:00.18 | Rendering 25 / 64 samples

[2025-07-28T16:41:17.807Z] [DEBUG] [511ba2b2-cd5c-4040-83ac-e4dc2f026bd3] Blender Output: Fra:38 Mem:119.91M (Peak 151.55M) | Time:00:00.34 | Rendering 50 / 64 samples

[2025-07-28T16:41:17.893Z] [DEBUG] [511ba2b2-cd5c-4040-83ac-e4dc2f026bd3] Blender Output: Fra:38 Mem:119.91M (Peak 151.55M) | Time:00:00.42 | Rendering 64 / 64 samples

[2025-07-28T16:41:17.969Z] [DEBUG] [511ba2b2-cd5c-4040-83ac-e4dc2f026bd3] Blender Output: Append frame 38
Time: 00:00.50 (Saving: 00:00.03)


[2025-07-28T16:41:18.005Z] [DEBUG] [511ba2b2-cd5c-4040-83ac-e4dc2f026bd3] Blender Output: Fra:39 Mem:119.91M (Peak 151.55M) | Time:00:00.03 | Rendering 1 / 64 samples

[2025-07-28T16:41:18.156Z] [DEBUG] [511ba2b2-cd5c-4040-83ac-e4dc2f026bd3] Blender Output: Fra:39 Mem:119.91M (Peak 151.55M) | Time:00:00.18 | Rendering 25 / 64 samples

[2025-07-28T16:41:18.311Z] [DEBUG] [511ba2b2-cd5c-4040-83ac-e4dc2f026bd3] Blender Output: Fra:39 Mem:119.91M (Peak 151.55M) | Time:00:00.34 | Rendering 50 / 64 samples

[2025-07-28T16:41:18.399Z] [DEBUG] [511ba2b2-cd5c-4040-83ac-e4dc2f026bd3] Blender Output: Fra:39 Mem:119.91M (Peak 151.55M) | Time:00:00.42 | Rendering 64 / 64 samples

[2025-07-28T16:41:18.477Z] [DEBUG] [511ba2b2-cd5c-4040-83ac-e4dc2f026bd3] Blender Output: Append frame 39
Time: 00:00.50 (Saving: 00:00.03)


[2025-07-28T16:41:18.514Z] [DEBUG] [511ba2b2-cd5c-4040-83ac-e4dc2f026bd3] Blender Output: Fra:40 Mem:119.91M (Peak 151.55M) | Time:00:00.03 | Rendering 1 / 64 samples

[2025-07-28T16:41:18.665Z] [DEBUG] [511ba2b2-cd5c-4040-83ac-e4dc2f026bd3] Blender Output: Fra:40 Mem:119.91M (Peak 151.55M) | Time:00:00.18 | Rendering 25 / 64 samples

[2025-07-28T16:41:18.820Z] [DEBUG] [511ba2b2-cd5c-4040-83ac-e4dc2f026bd3] Blender Output: Fra:40 Mem:119.91M (Peak 151.55M) | Time:00:00.34 | Rendering 50 / 64 samples

[2025-07-28T16:41:18.906Z] [DEBUG] [511ba2b2-cd5c-4040-83ac-e4dc2f026bd3] Blender Output: Fra:40 Mem:119.91M (Peak 151.55M) | Time:00:00.42 | Rendering 64 / 64 samples

[2025-07-28T16:41:18.984Z] [DEBUG] [511ba2b2-cd5c-4040-83ac-e4dc2f026bd3] Blender Output: Append frame 40
Time: 00:00.50 (Saving: 00:00.03)


[2025-07-28T16:41:19.020Z] [DEBUG] [511ba2b2-cd5c-4040-83ac-e4dc2f026bd3] Blender Output: Fra:41 Mem:119.91M (Peak 151.55M) | Time:00:00.03 | Rendering 1 / 64 samples

[2025-07-28T16:41:19.173Z] [DEBUG] [511ba2b2-cd5c-4040-83ac-e4dc2f026bd3] Blender Output: Fra:41 Mem:119.91M (Peak 151.55M) | Time:00:00.18 | Rendering 25 / 64 samples

[2025-07-28T16:41:19.327Z] [DEBUG] [511ba2b2-cd5c-4040-83ac-e4dc2f026bd3] Blender Output: Fra:41 Mem:119.91M (Peak 151.55M) | Time:00:00.34 | Rendering 50 / 64 samples

[2025-07-28T16:41:19.413Z] [DEBUG] [511ba2b2-cd5c-4040-83ac-e4dc2f026bd3] Blender Output: Fra:41 Mem:119.91M (Peak 151.55M) | Time:00:00.42 | Rendering 64 / 64 samples

[2025-07-28T16:41:19.489Z] [DEBUG] [511ba2b2-cd5c-4040-83ac-e4dc2f026bd3] Blender Output: Append frame 41
Time: 00:00.50 (Saving: 00:00.03)


[2025-07-28T16:41:19.526Z] [DEBUG] [511ba2b2-cd5c-4040-83ac-e4dc2f026bd3] Blender Output: Fra:42 Mem:119.91M (Peak 151.55M) | Time:00:00.03 | Rendering 1 / 64 samples

[2025-07-28T16:41:19.676Z] [DEBUG] [511ba2b2-cd5c-4040-83ac-e4dc2f026bd3] Blender Output: Fra:42 Mem:119.91M (Peak 151.55M) | Time:00:00.18 | Rendering 25 / 64 samples

[2025-07-28T16:41:19.829Z] [DEBUG] [511ba2b2-cd5c-4040-83ac-e4dc2f026bd3] Blender Output: Fra:42 Mem:119.91M (Peak 151.55M) | Time:00:00.34 | Rendering 50 / 64 samples

[2025-07-28T16:41:19.916Z] [DEBUG] [511ba2b2-cd5c-4040-83ac-e4dc2f026bd3] Blender Output: Fra:42 Mem:119.91M (Peak 151.55M) | Time:00:00.42 | Rendering 64 / 64 samples

[2025-07-28T16:41:19.996Z] [DEBUG] [511ba2b2-cd5c-4040-83ac-e4dc2f026bd3] Blender Output: Append frame 42
Time: 00:00.50 (Saving: 00:00.03)


[2025-07-28T16:41:20.032Z] [DEBUG] [511ba2b2-cd5c-4040-83ac-e4dc2f026bd3] Blender Output: Fra:43 Mem:119.91M (Peak 151.55M) | Time:00:00.03 | Rendering 1 / 64 samples

[2025-07-28T16:41:20.181Z] [DEBUG] [511ba2b2-cd5c-4040-83ac-e4dc2f026bd3] Blender Output: Fra:43 Mem:119.91M (Peak 151.55M) | Time:00:00.18 | Rendering 25 / 64 samples

[2025-07-28T16:41:20.335Z] [DEBUG] [511ba2b2-cd5c-4040-83ac-e4dc2f026bd3] Blender Output: Fra:43 Mem:119.91M (Peak 151.55M) | Time:00:00.33 | Rendering 50 / 64 samples

[2025-07-28T16:41:20.420Z] [DEBUG] [511ba2b2-cd5c-4040-83ac-e4dc2f026bd3] Blender Output: Fra:43 Mem:119.91M (Peak 151.55M) | Time:00:00.42 | Rendering 64 / 64 samples

[2025-07-28T16:41:20.495Z] [DEBUG] [511ba2b2-cd5c-4040-83ac-e4dc2f026bd3] Blender Output: Append frame 43
Time: 00:00.49 (Saving: 00:00.03)


[2025-07-28T16:41:20.532Z] [DEBUG] [511ba2b2-cd5c-4040-83ac-e4dc2f026bd3] Blender Output: Fra:44 Mem:119.91M (Peak 151.55M) | Time:00:00.03 | Rendering 1 / 64 samples

[2025-07-28T16:41:20.684Z] [DEBUG] [511ba2b2-cd5c-4040-83ac-e4dc2f026bd3] Blender Output: Fra:44 Mem:119.91M (Peak 151.55M) | Time:00:00.18 | Rendering 25 / 64 samples

[2025-07-28T16:41:20.839Z] [DEBUG] [511ba2b2-cd5c-4040-83ac-e4dc2f026bd3] Blender Output: Fra:44 Mem:119.91M (Peak 151.55M) | Time:00:00.34 | Rendering 50 / 64 samples

[2025-07-28T16:41:20.926Z] [DEBUG] [511ba2b2-cd5c-4040-83ac-e4dc2f026bd3] Blender Output: Fra:44 Mem:119.91M (Peak 151.55M) | Time:00:00.43 | Rendering 64 / 64 samples

[2025-07-28T16:41:21.002Z] [DEBUG] [511ba2b2-cd5c-4040-83ac-e4dc2f026bd3] Blender Output: Append frame 44
Time: 00:00.50 (Saving: 00:00.03)


[2025-07-28T16:41:21.037Z] [DEBUG] [511ba2b2-cd5c-4040-83ac-e4dc2f026bd3] Blender Output: Fra:45 Mem:119.91M (Peak 151.55M) | Time:00:00.03 | Rendering 1 / 64 samples

[2025-07-28T16:41:21.192Z] [DEBUG] [511ba2b2-cd5c-4040-83ac-e4dc2f026bd3] Blender Output: Fra:45 Mem:119.91M (Peak 151.55M) | Time:00:00.19 | Rendering 25 / 64 samples

[2025-07-28T16:41:21.350Z] [DEBUG] [511ba2b2-cd5c-4040-83ac-e4dc2f026bd3] Blender Output: Fra:45 Mem:119.91M (Peak 151.55M) | Time:00:00.34 | Rendering 50 / 64 samples

[2025-07-28T16:41:21.437Z] [DEBUG] [511ba2b2-cd5c-4040-83ac-e4dc2f026bd3] Blender Output: Fra:45 Mem:119.91M (Peak 151.55M) | Time:00:00.43 | Rendering 64 / 64 samples

[2025-07-28T16:41:21.515Z] [DEBUG] [511ba2b2-cd5c-4040-83ac-e4dc2f026bd3] Blender Output: Append frame 45
Time: 00:00.51 (Saving: 00:00.03)


[2025-07-28T16:41:21.551Z] [DEBUG] [511ba2b2-cd5c-4040-83ac-e4dc2f026bd3] Blender Output: Fra:46 Mem:119.91M (Peak 151.55M) | Time:00:00.03 | Rendering 1 / 64 samples

[2025-07-28T16:41:21.704Z] [DEBUG] [511ba2b2-cd5c-4040-83ac-e4dc2f026bd3] Blender Output: Fra:46 Mem:119.91M (Peak 151.55M) | Time:00:00.18 | Rendering 25 / 64 samples

[2025-07-28T16:41:21.860Z] [DEBUG] [511ba2b2-cd5c-4040-83ac-e4dc2f026bd3] Blender Output: Fra:46 Mem:119.91M (Peak 151.55M) | Time:00:00.34 | Rendering 50 / 64 samples

[2025-07-28T16:41:21.947Z] [DEBUG] [511ba2b2-cd5c-4040-83ac-e4dc2f026bd3] Blender Output: Fra:46 Mem:119.91M (Peak 151.55M) | Time:00:00.43 | Rendering 64 / 64 samples

[2025-07-28T16:41:22.023Z] [DEBUG] [511ba2b2-cd5c-4040-83ac-e4dc2f026bd3] Blender Output: Append frame 46
Time: 00:00.50 (Saving: 00:00.03)


[2025-07-28T16:41:22.059Z] [DEBUG] [511ba2b2-cd5c-4040-83ac-e4dc2f026bd3] Blender Output: Fra:47 Mem:119.91M (Peak 151.55M) | Time:00:00.03 | Rendering 1 / 64 samples

[2025-07-28T16:41:22.215Z] [DEBUG] [511ba2b2-cd5c-4040-83ac-e4dc2f026bd3] Blender Output: Fra:47 Mem:119.91M (Peak 151.55M) | Time:00:00.19 | Rendering 25 / 64 samples

[2025-07-28T16:41:22.374Z] [DEBUG] [511ba2b2-cd5c-4040-83ac-e4dc2f026bd3] Blender Output: Fra:47 Mem:119.91M (Peak 151.55M) | Time:00:00.35 | Rendering 50 / 64 samples

[2025-07-28T16:41:22.463Z] [DEBUG] [511ba2b2-cd5c-4040-83ac-e4dc2f026bd3] Blender Output: Fra:47 Mem:119.91M (Peak 151.55M) | Time:00:00.43 | Rendering 64 / 64 samples

[2025-07-28T16:41:22.539Z] [DEBUG] [511ba2b2-cd5c-4040-83ac-e4dc2f026bd3] Blender Output: Append frame 47
Time: 00:00.51 (Saving: 00:00.03)


[2025-07-28T16:41:22.576Z] [DEBUG] [511ba2b2-cd5c-4040-83ac-e4dc2f026bd3] Blender Output: Fra:48 Mem:119.91M (Peak 151.55M) | Time:00:00.03 | Rendering 1 / 64 samples

[2025-07-28T16:41:22.730Z] [DEBUG] [511ba2b2-cd5c-4040-83ac-e4dc2f026bd3] Blender Output: Fra:48 Mem:119.91M (Peak 151.55M) | Time:00:00.19 | Rendering 25 / 64 samples

[2025-07-28T16:41:22.887Z] [DEBUG] [511ba2b2-cd5c-4040-83ac-e4dc2f026bd3] Blender Output: Fra:48 Mem:119.91M (Peak 151.55M) | Time:00:00.34 | Rendering 50 / 64 samples

[2025-07-28T16:41:22.975Z] [DEBUG] [511ba2b2-cd5c-4040-83ac-e4dc2f026bd3] Blender Output: Fra:48 Mem:119.91M (Peak 151.55M) | Time:00:00.43 | Rendering 64 / 64 samples

[2025-07-28T16:41:23.055Z] [DEBUG] [511ba2b2-cd5c-4040-83ac-e4dc2f026bd3] Blender Output: Append frame 48
Time: 00:00.51 (Saving: 00:00.03)


[2025-07-28T16:41:23.090Z] [DEBUG] [511ba2b2-cd5c-4040-83ac-e4dc2f026bd3] Blender Output: Fra:49 Mem:119.91M (Peak 151.55M) | Time:00:00.03 | Rendering 1 / 64 samples

[2025-07-28T16:41:23.245Z] [DEBUG] [511ba2b2-cd5c-4040-83ac-e4dc2f026bd3] Blender Output: Fra:49 Mem:119.91M (Peak 151.55M) | Time:00:00.18 | Rendering 25 / 64 samples

[2025-07-28T16:41:23.400Z] [DEBUG] [511ba2b2-cd5c-4040-83ac-e4dc2f026bd3] Blender Output: Fra:49 Mem:119.91M (Peak 151.55M) | Time:00:00.34 | Rendering 50 / 64 samples

[2025-07-28T16:41:23.488Z] [DEBUG] [511ba2b2-cd5c-4040-83ac-e4dc2f026bd3] Blender Output: Fra:49 Mem:119.91M (Peak 151.55M) | Time:00:00.43 | Rendering 64 / 64 samples

[2025-07-28T16:41:23.563Z] [DEBUG] [511ba2b2-cd5c-4040-83ac-e4dc2f026bd3] Blender Output: Append frame 49
Time: 00:00.50 (Saving: 00:00.03)


[2025-07-28T16:41:23.600Z] [DEBUG] [511ba2b2-cd5c-4040-83ac-e4dc2f026bd3] Blender Output: Fra:50 Mem:119.91M (Peak 151.55M) | Time:00:00.03 | Rendering 1 / 64 samples

[2025-07-28T16:41:23.751Z] [DEBUG] [511ba2b2-cd5c-4040-83ac-e4dc2f026bd3] Blender Output: Fra:50 Mem:119.91M (Peak 151.55M) | Time:00:00.18 | Rendering 25 / 64 samples

[2025-07-28T16:41:23.907Z] [DEBUG] [511ba2b2-cd5c-4040-83ac-e4dc2f026bd3] Blender Output: Fra:50 Mem:119.91M (Peak 151.55M) | Time:00:00.34 | Rendering 50 / 64 samples

[2025-07-28T16:41:23.995Z] [DEBUG] [511ba2b2-cd5c-4040-83ac-e4dc2f026bd3] Blender Output: Fra:50 Mem:119.91M (Peak 151.55M) | Time:00:00.43 | Rendering 64 / 64 samples

[2025-07-28T16:41:24.072Z] [DEBUG] [511ba2b2-cd5c-4040-83ac-e4dc2f026bd3] Blender Output: Append frame 50
Time: 00:00.50 (Saving: 00:00.03)


[2025-07-28T16:41:24.108Z] [DEBUG] [511ba2b2-cd5c-4040-83ac-e4dc2f026bd3] Blender Output: Fra:51 Mem:119.91M (Peak 151.55M) | Time:00:00.03 | Rendering 1 / 64 samples

[2025-07-28T16:41:24.262Z] [DEBUG] [511ba2b2-cd5c-4040-83ac-e4dc2f026bd3] Blender Output: Fra:51 Mem:119.91M (Peak 151.55M) | Time:00:00.19 | Rendering 25 / 64 samples

[2025-07-28T16:41:24.420Z] [DEBUG] [511ba2b2-cd5c-4040-83ac-e4dc2f026bd3] Blender Output: Fra:51 Mem:119.91M (Peak 151.55M) | Time:00:00.34 | Rendering 50 / 64 samples

[2025-07-28T16:41:24.508Z] [DEBUG] [511ba2b2-cd5c-4040-83ac-e4dc2f026bd3] Blender Output: Fra:51 Mem:119.91M (Peak 151.55M) | Time:00:00.43 | Rendering 64 / 64 samples

[2025-07-28T16:41:24.587Z] [DEBUG] [511ba2b2-cd5c-4040-83ac-e4dc2f026bd3] Blender Output: Append frame 51
Time: 00:00.51 (Saving: 00:00.03)


[2025-07-28T16:41:24.623Z] [DEBUG] [511ba2b2-cd5c-4040-83ac-e4dc2f026bd3] Blender Output: Fra:52 Mem:119.91M (Peak 151.55M) | Time:00:00.03 | Rendering 1 / 64 samples

[2025-07-28T16:41:24.775Z] [DEBUG] [511ba2b2-cd5c-4040-83ac-e4dc2f026bd3] Blender Output: Fra:52 Mem:119.91M (Peak 151.55M) | Time:00:00.18 | Rendering 25 / 64 samples

[2025-07-28T16:41:24.930Z] [DEBUG] [511ba2b2-cd5c-4040-83ac-e4dc2f026bd3] Blender Output: Fra:52 Mem:119.91M (Peak 151.55M) | Time:00:00.34 | Rendering 50 / 64 samples

[2025-07-28T16:41:25.018Z] [DEBUG] [511ba2b2-cd5c-4040-83ac-e4dc2f026bd3] Blender Output: Fra:52 Mem:119.91M (Peak 151.55M) | Time:00:00.43 | Rendering 64 / 64 samples

[2025-07-28T16:41:25.096Z] [DEBUG] [511ba2b2-cd5c-4040-83ac-e4dc2f026bd3] Blender Output: Append frame 52
Time: 00:00.50 (Saving: 00:00.03)


[2025-07-28T16:41:25.133Z] [DEBUG] [511ba2b2-cd5c-4040-83ac-e4dc2f026bd3] Blender Output: Fra:53 Mem:119.91M (Peak 151.55M) | Time:00:00.03 | Rendering 1 / 64 samples

[2025-07-28T16:41:25.284Z] [DEBUG] [511ba2b2-cd5c-4040-83ac-e4dc2f026bd3] Blender Output: Fra:53 Mem:119.91M (Peak 151.55M) | Time:00:00.18 | Rendering 25 / 64 samples

[2025-07-28T16:41:25.437Z] [DEBUG] [511ba2b2-cd5c-4040-83ac-e4dc2f026bd3] Blender Output: Fra:53 Mem:119.91M (Peak 151.55M) | Time:00:00.34 | Rendering 50 / 64 samples

[2025-07-28T16:41:25.523Z] [DEBUG] [511ba2b2-cd5c-4040-83ac-e4dc2f026bd3] Blender Output: Fra:53 Mem:119.91M (Peak 151.55M) | Time:00:00.42 | Rendering 64 / 64 samples

[2025-07-28T16:41:25.598Z] [DEBUG] [511ba2b2-cd5c-4040-83ac-e4dc2f026bd3] Blender Output: Append frame 53
Time: 00:00.50 (Saving: 00:00.03)


[2025-07-28T16:41:25.635Z] [DEBUG] [511ba2b2-cd5c-4040-83ac-e4dc2f026bd3] Blender Output: Fra:54 Mem:119.91M (Peak 151.55M) | Time:00:00.03 | Rendering 1 / 64 samples

[2025-07-28T16:41:25.789Z] [DEBUG] [511ba2b2-cd5c-4040-83ac-e4dc2f026bd3] Blender Output: Fra:54 Mem:119.91M (Peak 151.55M) | Time:00:00.19 | Rendering 25 / 64 samples

[2025-07-28T16:41:25.947Z] [DEBUG] [511ba2b2-cd5c-4040-83ac-e4dc2f026bd3] Blender Output: Fra:54 Mem:119.91M (Peak 151.55M) | Time:00:00.34 | Rendering 50 / 64 samples

[2025-07-28T16:41:26.036Z] [DEBUG] [511ba2b2-cd5c-4040-83ac-e4dc2f026bd3] Blender Output: Fra:54 Mem:119.91M (Peak 151.55M) | Time:00:00.43 | Rendering 64 / 64 samples

[2025-07-28T16:41:26.111Z] [DEBUG] [511ba2b2-cd5c-4040-83ac-e4dc2f026bd3] Blender Output: Append frame 54
Time: 00:00.51 (Saving: 00:00.03)


[2025-07-28T16:41:26.147Z] [DEBUG] [511ba2b2-cd5c-4040-83ac-e4dc2f026bd3] Blender Output: Fra:55 Mem:119.91M (Peak 151.55M) | Time:00:00.03 | Rendering 1 / 64 samples

[2025-07-28T16:41:26.297Z] [DEBUG] [511ba2b2-cd5c-4040-83ac-e4dc2f026bd3] Blender Output: Fra:55 Mem:119.91M (Peak 151.55M) | Time:00:00.18 | Rendering 25 / 64 samples

[2025-07-28T16:41:26.451Z] [DEBUG] [511ba2b2-cd5c-4040-83ac-e4dc2f026bd3] Blender Output: Fra:55 Mem:119.91M (Peak 151.55M) | Time:00:00.34 | Rendering 50 / 64 samples

[2025-07-28T16:41:26.537Z] [DEBUG] [511ba2b2-cd5c-4040-83ac-e4dc2f026bd3] Blender Output: Fra:55 Mem:119.91M (Peak 151.55M) | Time:00:00.42 | Rendering 64 / 64 samples

[2025-07-28T16:41:26.615Z] [DEBUG] [511ba2b2-cd5c-4040-83ac-e4dc2f026bd3] Blender Output: Append frame 55
Time: 00:00.50 (Saving: 00:00.03)


[2025-07-28T16:41:26.652Z] [DEBUG] [511ba2b2-cd5c-4040-83ac-e4dc2f026bd3] Blender Output: Fra:56 Mem:119.91M (Peak 151.55M) | Time:00:00.03 | Rendering 1 / 64 samples

[2025-07-28T16:41:26.805Z] [DEBUG] [511ba2b2-cd5c-4040-83ac-e4dc2f026bd3] Blender Output: Fra:56 Mem:119.91M (Peak 151.55M) | Time:00:00.18 | Rendering 25 / 64 samples

[2025-07-28T16:41:26.963Z] [DEBUG] [511ba2b2-cd5c-4040-83ac-e4dc2f026bd3] Blender Output: Fra:56 Mem:119.91M (Peak 151.55M) | Time:00:00.34 | Rendering 50 / 64 samples

[2025-07-28T16:41:27.051Z] [DEBUG] [511ba2b2-cd5c-4040-83ac-e4dc2f026bd3] Blender Output: Fra:56 Mem:119.91M (Peak 151.55M) | Time:00:00.43 | Rendering 64 / 64 samples

[2025-07-28T16:41:27.129Z] [DEBUG] [511ba2b2-cd5c-4040-83ac-e4dc2f026bd3] Blender Output: Append frame 56
Time: 00:00.51 (Saving: 00:00.03)


[2025-07-28T16:41:27.165Z] [DEBUG] [511ba2b2-cd5c-4040-83ac-e4dc2f026bd3] Blender Output: Fra:57 Mem:119.91M (Peak 151.55M) | Time:00:00.03 | Rendering 1 / 64 samples

[2025-07-28T16:41:27.314Z] [DEBUG] [511ba2b2-cd5c-4040-83ac-e4dc2f026bd3] Blender Output: Fra:57 Mem:119.91M (Peak 151.55M) | Time:00:00.18 | Rendering 25 / 64 samples

[2025-07-28T16:41:27.467Z] [DEBUG] [511ba2b2-cd5c-4040-83ac-e4dc2f026bd3] Blender Output: Fra:57 Mem:119.91M (Peak 151.55M) | Time:00:00.33 | Rendering 50 / 64 samples

[2025-07-28T16:41:27.552Z] [DEBUG] [511ba2b2-cd5c-4040-83ac-e4dc2f026bd3] Blender Output: Fra:57 Mem:119.91M (Peak 151.55M) | Time:00:00.42 | Rendering 64 / 64 samples

[2025-07-28T16:41:27.629Z] [DEBUG] [511ba2b2-cd5c-4040-83ac-e4dc2f026bd3] Blender Output: Append frame 57
Time: 00:00.50 (Saving: 00:00.03)


[2025-07-28T16:41:27.666Z] [DEBUG] [511ba2b2-cd5c-4040-83ac-e4dc2f026bd3] Blender Output: Fra:58 Mem:119.91M (Peak 151.55M) | Time:00:00.03 | Rendering 1 / 64 samples

[2025-07-28T16:41:27.818Z] [DEBUG] [511ba2b2-cd5c-4040-83ac-e4dc2f026bd3] Blender Output: Fra:58 Mem:119.91M (Peak 151.55M) | Time:00:00.18 | Rendering 25 / 64 samples

[2025-07-28T16:41:27.974Z] [DEBUG] [511ba2b2-cd5c-4040-83ac-e4dc2f026bd3] Blender Output: Fra:58 Mem:119.91M (Peak 151.55M) | Time:00:00.34 | Rendering 50 / 64 samples

[2025-07-28T16:41:28.061Z] [DEBUG] [511ba2b2-cd5c-4040-83ac-e4dc2f026bd3] Blender Output: Fra:58 Mem:119.91M (Peak 151.55M) | Time:00:00.43 | Rendering 64 / 64 samples

[2025-07-28T16:41:28.136Z] [DEBUG] [511ba2b2-cd5c-4040-83ac-e4dc2f026bd3] Blender Output: Append frame 58
Time: 00:00.50 (Saving: 00:00.03)


[2025-07-28T16:41:28.172Z] [DEBUG] [511ba2b2-cd5c-4040-83ac-e4dc2f026bd3] Blender Output: Fra:59 Mem:119.91M (Peak 151.55M) | Time:00:00.03 | Rendering 1 / 64 samples

[2025-07-28T16:41:28.326Z] [DEBUG] [511ba2b2-cd5c-4040-83ac-e4dc2f026bd3] Blender Output: Fra:59 Mem:119.91M (Peak 151.55M) | Time:00:00.19 | Rendering 25 / 64 samples

[2025-07-28T16:41:28.484Z] [DEBUG] [511ba2b2-cd5c-4040-83ac-e4dc2f026bd3] Blender Output: Fra:59 Mem:119.91M (Peak 151.55M) | Time:00:00.34 | Rendering 50 / 64 samples

[2025-07-28T16:41:28.572Z] [DEBUG] [511ba2b2-cd5c-4040-83ac-e4dc2f026bd3] Blender Output: Fra:59 Mem:119.91M (Peak 151.55M) | Time:00:00.43 | Rendering 64 / 64 samples

[2025-07-28T16:41:28.648Z] [DEBUG] [511ba2b2-cd5c-4040-83ac-e4dc2f026bd3] Blender Output: Append frame 59
Time: 00:00.51 (Saving: 00:00.03)


[2025-07-28T16:41:28.684Z] [DEBUG] [511ba2b2-cd5c-4040-83ac-e4dc2f026bd3] Blender Output: Fra:60 Mem:119.91M (Peak 151.55M) | Time:00:00.03 | Rendering 1 / 64 samples

[2025-07-28T16:41:28.839Z] [DEBUG] [511ba2b2-cd5c-4040-83ac-e4dc2f026bd3] Blender Output: Fra:60 Mem:119.91M (Peak 151.55M) | Time:00:00.19 | Rendering 25 / 64 samples

[2025-07-28T16:41:28.997Z] [DEBUG] [511ba2b2-cd5c-4040-83ac-e4dc2f026bd3] Blender Output: Fra:60 Mem:119.91M (Peak 151.55M) | Time:00:00.34 | Rendering 50 / 64 samples

[2025-07-28T16:41:29.086Z] [DEBUG] [511ba2b2-cd5c-4040-83ac-e4dc2f026bd3] Blender Output: Fra:60 Mem:119.91M (Peak 151.55M) | Time:00:00.43 | Rendering 64 / 64 samples

[2025-07-28T16:41:29.162Z] [DEBUG] [511ba2b2-cd5c-4040-83ac-e4dc2f026bd3] Blender Output: Append frame 60
Time: 00:00.51 (Saving: 00:00.03)


[2025-07-28T16:41:29.198Z] [DEBUG] [511ba2b2-cd5c-4040-83ac-e4dc2f026bd3] Blender Output: Fra:61 Mem:119.91M (Peak 151.55M) | Time:00:00.03 | Rendering 1 / 64 samples

[2025-07-28T16:41:29.356Z] [DEBUG] [511ba2b2-cd5c-4040-83ac-e4dc2f026bd3] Blender Output: Fra:61 Mem:119.91M (Peak 151.55M) | Time:00:00.19 | Rendering 25 / 64 samples

[2025-07-28T16:41:29.516Z] [DEBUG] [511ba2b2-cd5c-4040-83ac-e4dc2f026bd3] Blender Output: Fra:61 Mem:119.91M (Peak 151.55M) | Time:00:00.35 | Rendering 50 / 64 samples

[2025-07-28T16:41:29.606Z] [DEBUG] [511ba2b2-cd5c-4040-83ac-e4dc2f026bd3] Blender Output: Fra:61 Mem:119.91M (Peak 151.55M) | Time:00:00.44 | Rendering 64 / 64 samples

[2025-07-28T16:41:29.682Z] [DEBUG] [511ba2b2-cd5c-4040-83ac-e4dc2f026bd3] Blender Output: Append frame 61
Time: 00:00.52 (Saving: 00:00.03)


[2025-07-28T16:41:29.719Z] [DEBUG] [511ba2b2-cd5c-4040-83ac-e4dc2f026bd3] Blender Output: Fra:62 Mem:119.91M (Peak 151.55M) | Time:00:00.03 | Rendering 1 / 64 samples

[2025-07-28T16:41:29.877Z] [DEBUG] [511ba2b2-cd5c-4040-83ac-e4dc2f026bd3] Blender Output: Fra:62 Mem:119.91M (Peak 151.55M) | Time:00:00.19 | Rendering 25 / 64 samples

[2025-07-28T16:41:30.038Z] [DEBUG] [511ba2b2-cd5c-4040-83ac-e4dc2f026bd3] Blender Output: Fra:62 Mem:119.91M (Peak 151.55M) | Time:00:00.35 | Rendering 50 / 64 samples

[2025-07-28T16:41:30.129Z] [DEBUG] [511ba2b2-cd5c-4040-83ac-e4dc2f026bd3] Blender Output: Fra:62 Mem:119.91M (Peak 151.55M) | Time:00:00.44 | Rendering 64 / 64 samples

[2025-07-28T16:41:30.207Z] [DEBUG] [511ba2b2-cd5c-4040-83ac-e4dc2f026bd3] Blender Output: Append frame 62
Time: 00:00.52 (Saving: 00:00.03)


[2025-07-28T16:41:30.246Z] [DEBUG] [511ba2b2-cd5c-4040-83ac-e4dc2f026bd3] Blender Output: Fra:63 Mem:119.91M (Peak 151.55M) | Time:00:00.03 | Rendering 1 / 64 samples

[2025-07-28T16:41:30.398Z] [DEBUG] [511ba2b2-cd5c-4040-83ac-e4dc2f026bd3] Blender Output: Fra:63 Mem:119.91M (Peak 151.55M) | Time:00:00.19 | Rendering 25 / 64 samples

[2025-07-28T16:41:30.552Z] [DEBUG] [511ba2b2-cd5c-4040-83ac-e4dc2f026bd3] Blender Output: Fra:63 Mem:119.91M (Peak 151.55M) | Time:00:00.34 | Rendering 50 / 64 samples

[2025-07-28T16:41:30.639Z] [DEBUG] [511ba2b2-cd5c-4040-83ac-e4dc2f026bd3] Blender Output: Fra:63 Mem:119.91M (Peak 151.55M) | Time:00:00.43 | Rendering 64 / 64 samples

[2025-07-28T16:41:30.713Z] [DEBUG] [511ba2b2-cd5c-4040-83ac-e4dc2f026bd3] Blender Output: Append frame 63
Time: 00:00.50 (Saving: 00:00.03)


[2025-07-28T16:41:30.750Z] [DEBUG] [511ba2b2-cd5c-4040-83ac-e4dc2f026bd3] Blender Output: Fra:64 Mem:119.91M (Peak 151.55M) | Time:00:00.03 | Rendering 1 / 64 samples

[2025-07-28T16:41:30.902Z] [DEBUG] [511ba2b2-cd5c-4040-83ac-e4dc2f026bd3] Blender Output: Fra:64 Mem:119.91M (Peak 151.55M) | Time:00:00.18 | Rendering 25 / 64 samples

[2025-07-28T16:41:31.059Z] [DEBUG] [511ba2b2-cd5c-4040-83ac-e4dc2f026bd3] Blender Output: Fra:64 Mem:119.91M (Peak 151.55M) | Time:00:00.34 | Rendering 50 / 64 samples

[2025-07-28T16:41:31.148Z] [DEBUG] [511ba2b2-cd5c-4040-83ac-e4dc2f026bd3] Blender Output: Fra:64 Mem:119.91M (Peak 151.55M) | Time:00:00.43 | Rendering 64 / 64 samples

[2025-07-28T16:41:31.225Z] [DEBUG] [511ba2b2-cd5c-4040-83ac-e4dc2f026bd3] Blender Output: Append frame 64
Time: 00:00.51 (Saving: 00:00.03)


[2025-07-28T16:41:31.261Z] [DEBUG] [511ba2b2-cd5c-4040-83ac-e4dc2f026bd3] Blender Output: Fra:65 Mem:119.91M (Peak 151.55M) | Time:00:00.03 | Rendering 1 / 64 samples

[2025-07-28T16:41:31.412Z] [DEBUG] [511ba2b2-cd5c-4040-83ac-e4dc2f026bd3] Blender Output: Fra:65 Mem:119.91M (Peak 151.55M) | Time:00:00.18 | Rendering 25 / 64 samples

[2025-07-28T16:41:31.565Z] [DEBUG] [511ba2b2-cd5c-4040-83ac-e4dc2f026bd3] Blender Output: Fra:65 Mem:119.91M (Peak 151.55M) | Time:00:00.34 | Rendering 50 / 64 samples

[2025-07-28T16:41:31.652Z] [DEBUG] [511ba2b2-cd5c-4040-83ac-e4dc2f026bd3] Blender Output: Fra:65 Mem:119.91M (Peak 151.55M) | Time:00:00.42 | Rendering 64 / 64 samples

[2025-07-28T16:41:31.724Z] [DEBUG] [511ba2b2-cd5c-4040-83ac-e4dc2f026bd3] Blender Output: Append frame 65
Time: 00:00.49 (Saving: 00:00.03)


[2025-07-28T16:41:31.761Z] [DEBUG] [511ba2b2-cd5c-4040-83ac-e4dc2f026bd3] Blender Output: Fra:66 Mem:119.91M (Peak 151.55M) | Time:00:00.03 | Rendering 1 / 64 samples

[2025-07-28T16:41:31.913Z] [DEBUG] [511ba2b2-cd5c-4040-83ac-e4dc2f026bd3] Blender Output: Fra:66 Mem:119.91M (Peak 151.55M) | Time:00:00.18 | Rendering 25 / 64 samples

[2025-07-28T16:41:32.067Z] [DEBUG] [511ba2b2-cd5c-4040-83ac-e4dc2f026bd3] Blender Output: Fra:66 Mem:119.91M (Peak 151.55M) | Time:00:00.34 | Rendering 50 / 64 samples

[2025-07-28T16:41:32.152Z] [DEBUG] [511ba2b2-cd5c-4040-83ac-e4dc2f026bd3] Blender Output: Fra:66 Mem:119.91M (Peak 151.55M) | Time:00:00.42 | Rendering 64 / 64 samples

[2025-07-28T16:41:32.227Z] [DEBUG] [511ba2b2-cd5c-4040-83ac-e4dc2f026bd3] Blender Output: Append frame 66
Time: 00:00.50 (Saving: 00:00.03)


[2025-07-28T16:41:32.263Z] [DEBUG] [511ba2b2-cd5c-4040-83ac-e4dc2f026bd3] Blender Output: Fra:67 Mem:119.91M (Peak 151.55M) | Time:00:00.03 | Rendering 1 / 64 samples

[2025-07-28T16:41:32.414Z] [DEBUG] [511ba2b2-cd5c-4040-83ac-e4dc2f026bd3] Blender Output: Fra:67 Mem:119.91M (Peak 151.55M) | Time:00:00.18 | Rendering 25 / 64 samples

[2025-07-28T16:41:32.568Z] [DEBUG] [511ba2b2-cd5c-4040-83ac-e4dc2f026bd3] Blender Output: Fra:67 Mem:119.91M (Peak 151.55M) | Time:00:00.34 | Rendering 50 / 64 samples

[2025-07-28T16:41:32.655Z] [DEBUG] [511ba2b2-cd5c-4040-83ac-e4dc2f026bd3] Blender Output: Fra:67 Mem:119.91M (Peak 151.55M) | Time:00:00.42 | Rendering 64 / 64 samples

[2025-07-28T16:41:32.731Z] [DEBUG] [511ba2b2-cd5c-4040-83ac-e4dc2f026bd3] Blender Output: Append frame 67
Time: 00:00.50 (Saving: 00:00.03)


[2025-07-28T16:41:32.768Z] [DEBUG] [511ba2b2-cd5c-4040-83ac-e4dc2f026bd3] Blender Output: Fra:68 Mem:119.91M (Peak 151.55M) | Time:00:00.03 | Rendering 1 / 64 samples

[2025-07-28T16:41:32.919Z] [DEBUG] [511ba2b2-cd5c-4040-83ac-e4dc2f026bd3] Blender Output: Fra:68 Mem:119.91M (Peak 151.55M) | Time:00:00.18 | Rendering 25 / 64 samples

[2025-07-28T16:41:33.072Z] [DEBUG] [511ba2b2-cd5c-4040-83ac-e4dc2f026bd3] Blender Output: Fra:68 Mem:119.91M (Peak 151.55M) | Time:00:00.34 | Rendering 50 / 64 samples

[2025-07-28T16:41:33.160Z] [DEBUG] [511ba2b2-cd5c-4040-83ac-e4dc2f026bd3] Blender Output: Fra:68 Mem:119.91M (Peak 151.55M) | Time:00:00.42 | Rendering 64 / 64 samples

[2025-07-28T16:41:33.234Z] [DEBUG] [511ba2b2-cd5c-4040-83ac-e4dc2f026bd3] Blender Output: Append frame 68
Time: 00:00.50 (Saving: 00:00.03)


[2025-07-28T16:41:33.271Z] [DEBUG] [511ba2b2-cd5c-4040-83ac-e4dc2f026bd3] Blender Output: Fra:69 Mem:119.91M (Peak 151.55M) | Time:00:00.03 | Rendering 1 / 64 samples

[2025-07-28T16:41:33.425Z] [DEBUG] [511ba2b2-cd5c-4040-83ac-e4dc2f026bd3] Blender Output: Fra:69 Mem:119.91M (Peak 151.55M) | Time:00:00.19 | Rendering 25 / 64 samples

[2025-07-28T16:41:33.581Z] [DEBUG] [511ba2b2-cd5c-4040-83ac-e4dc2f026bd3] Blender Output: Fra:69 Mem:119.91M (Peak 151.55M) | Time:00:00.34 | Rendering 50 / 64 samples

[2025-07-28T16:41:33.668Z] [DEBUG] [511ba2b2-cd5c-4040-83ac-e4dc2f026bd3] Blender Output: Fra:69 Mem:119.91M (Peak 151.55M) | Time:00:00.43 | Rendering 64 / 64 samples

[2025-07-28T16:41:33.744Z] [DEBUG] [511ba2b2-cd5c-4040-83ac-e4dc2f026bd3] Blender Output: Append frame 69
Time: 00:00.50 (Saving: 00:00.03)


[2025-07-28T16:41:33.781Z] [DEBUG] [511ba2b2-cd5c-4040-83ac-e4dc2f026bd3] Blender Output: Fra:70 Mem:119.91M (Peak 151.55M) | Time:00:00.03 | Rendering 1 / 64 samples

[2025-07-28T16:41:33.930Z] [DEBUG] [511ba2b2-cd5c-4040-83ac-e4dc2f026bd3] Blender Output: Fra:70 Mem:119.91M (Peak 151.55M) | Time:00:00.18 | Rendering 25 / 64 samples

[2025-07-28T16:41:34.083Z] [DEBUG] [511ba2b2-cd5c-4040-83ac-e4dc2f026bd3] Blender Output: Fra:70 Mem:119.91M (Peak 151.55M) | Time:00:00.33 | Rendering 50 / 64 samples

[2025-07-28T16:41:34.169Z] [DEBUG] [511ba2b2-cd5c-4040-83ac-e4dc2f026bd3] Blender Output: Fra:70 Mem:119.91M (Peak 151.55M) | Time:00:00.42 | Rendering 64 / 64 samples

[2025-07-28T16:41:34.246Z] [DEBUG] [511ba2b2-cd5c-4040-83ac-e4dc2f026bd3] Blender Output: Append frame 70
Time: 00:00.50 (Saving: 00:00.03)


[2025-07-28T16:41:34.282Z] [DEBUG] [511ba2b2-cd5c-4040-83ac-e4dc2f026bd3] Blender Output: Fra:71 Mem:119.91M (Peak 151.55M) | Time:00:00.03 | Rendering 1 / 64 samples

[2025-07-28T16:41:34.432Z] [DEBUG] [511ba2b2-cd5c-4040-83ac-e4dc2f026bd3] Blender Output: Fra:71 Mem:119.91M (Peak 151.55M) | Time:00:00.18 | Rendering 25 / 64 samples

[2025-07-28T16:41:34.586Z] [DEBUG] [511ba2b2-cd5c-4040-83ac-e4dc2f026bd3] Blender Output: Fra:71 Mem:119.91M (Peak 151.55M) | Time:00:00.34 | Rendering 50 / 64 samples

[2025-07-28T16:41:34.671Z] [DEBUG] [511ba2b2-cd5c-4040-83ac-e4dc2f026bd3] Blender Output: Fra:71 Mem:119.91M (Peak 151.55M) | Time:00:00.42 | Rendering 64 / 64 samples

[2025-07-28T16:41:34.745Z] [DEBUG] [511ba2b2-cd5c-4040-83ac-e4dc2f026bd3] Blender Output: Append frame 71
Time: 00:00.49 (Saving: 00:00.03)


[2025-07-28T16:41:34.781Z] [DEBUG] [511ba2b2-cd5c-4040-83ac-e4dc2f026bd3] Blender Output: Fra:72 Mem:119.91M (Peak 151.55M) | Time:00:00.03 | Rendering 1 / 64 samples

[2025-07-28T16:41:34.935Z] [DEBUG] [511ba2b2-cd5c-4040-83ac-e4dc2f026bd3] Blender Output: Fra:72 Mem:119.91M (Peak 151.55M) | Time:00:00.18 | Rendering 25 / 64 samples

[2025-07-28T16:41:35.090Z] [DEBUG] [511ba2b2-cd5c-4040-83ac-e4dc2f026bd3] Blender Output: Fra:72 Mem:119.91M (Peak 151.55M) | Time:00:00.34 | Rendering 50 / 64 samples

[2025-07-28T16:41:35.178Z] [DEBUG] [511ba2b2-cd5c-4040-83ac-e4dc2f026bd3] Blender Output: Fra:72 Mem:119.91M (Peak 151.55M) | Time:00:00.43 | Rendering 64 / 64 samples

[2025-07-28T16:41:35.255Z] [DEBUG] [511ba2b2-cd5c-4040-83ac-e4dc2f026bd3] Blender Output: Append frame 72
Time: 00:00.51 (Saving: 00:00.03)


[2025-07-28T16:41:35.291Z] [DEBUG] [511ba2b2-cd5c-4040-83ac-e4dc2f026bd3] Blender Output: Fra:73 Mem:119.91M (Peak 151.55M) | Time:00:00.03 | Rendering 1 / 64 samples

[2025-07-28T16:41:35.444Z] [DEBUG] [511ba2b2-cd5c-4040-83ac-e4dc2f026bd3] Blender Output: Fra:73 Mem:119.91M (Peak 151.55M) | Time:00:00.18 | Rendering 25 / 64 samples

[2025-07-28T16:41:35.601Z] [DEBUG] [511ba2b2-cd5c-4040-83ac-e4dc2f026bd3] Blender Output: Fra:73 Mem:119.91M (Peak 151.55M) | Time:00:00.34 | Rendering 50 / 64 samples

[2025-07-28T16:41:35.688Z] [DEBUG] [511ba2b2-cd5c-4040-83ac-e4dc2f026bd3] Blender Output: Fra:73 Mem:119.91M (Peak 151.55M) | Time:00:00.43 | Rendering 64 / 64 samples

[2025-07-28T16:41:35.765Z] [DEBUG] [511ba2b2-cd5c-4040-83ac-e4dc2f026bd3] Blender Output: Append frame 73
Time: 00:00.51 (Saving: 00:00.03)


[2025-07-28T16:41:35.802Z] [DEBUG] [511ba2b2-cd5c-4040-83ac-e4dc2f026bd3] Blender Output: Fra:74 Mem:119.91M (Peak 151.55M) | Time:00:00.03 | Rendering 1 / 64 samples

[2025-07-28T16:41:35.955Z] [DEBUG] [511ba2b2-cd5c-4040-83ac-e4dc2f026bd3] Blender Output: Fra:74 Mem:119.91M (Peak 151.55M) | Time:00:00.18 | Rendering 25 / 64 samples

[2025-07-28T16:41:36.111Z] [DEBUG] [511ba2b2-cd5c-4040-83ac-e4dc2f026bd3] Blender Output: Fra:74 Mem:119.91M (Peak 151.55M) | Time:00:00.34 | Rendering 50 / 64 samples

[2025-07-28T16:41:36.199Z] [DEBUG] [511ba2b2-cd5c-4040-83ac-e4dc2f026bd3] Blender Output: Fra:74 Mem:119.91M (Peak 151.55M) | Time:00:00.43 | Rendering 64 / 64 samples

[2025-07-28T16:41:36.274Z] [DEBUG] [511ba2b2-cd5c-4040-83ac-e4dc2f026bd3] Blender Output: Append frame 74
Time: 00:00.50 (Saving: 00:00.03)


[2025-07-28T16:41:36.310Z] [DEBUG] [511ba2b2-cd5c-4040-83ac-e4dc2f026bd3] Blender Output: Fra:75 Mem:119.91M (Peak 151.55M) | Time:00:00.03 | Rendering 1 / 64 samples

[2025-07-28T16:41:36.465Z] [DEBUG] [511ba2b2-cd5c-4040-83ac-e4dc2f026bd3] Blender Output: Fra:75 Mem:119.91M (Peak 151.55M) | Time:00:00.19 | Rendering 25 / 64 samples

[2025-07-28T16:41:36.622Z] [DEBUG] [511ba2b2-cd5c-4040-83ac-e4dc2f026bd3] Blender Output: Fra:75 Mem:119.91M (Peak 151.55M) | Time:00:00.34 | Rendering 50 / 64 samples

[2025-07-28T16:41:36.710Z] [DEBUG] [511ba2b2-cd5c-4040-83ac-e4dc2f026bd3] Blender Output: Fra:75 Mem:119.91M (Peak 151.55M) | Time:00:00.43 | Rendering 64 / 64 samples

[2025-07-28T16:41:36.787Z] [DEBUG] [511ba2b2-cd5c-4040-83ac-e4dc2f026bd3] Blender Output: Append frame 75
Time: 00:00.51 (Saving: 00:00.03)


[2025-07-28T16:41:36.824Z] [DEBUG] [511ba2b2-cd5c-4040-83ac-e4dc2f026bd3] Blender Output: Fra:76 Mem:119.91M (Peak 151.55M) | Time:00:00.03 | Rendering 1 / 64 samples

[2025-07-28T16:41:36.975Z] [DEBUG] [511ba2b2-cd5c-4040-83ac-e4dc2f026bd3] Blender Output: Fra:76 Mem:119.91M (Peak 151.55M) | Time:00:00.18 | Rendering 25 / 64 samples

[2025-07-28T16:41:37.130Z] [DEBUG] [511ba2b2-cd5c-4040-83ac-e4dc2f026bd3] Blender Output: Fra:76 Mem:119.91M (Peak 151.55M) | Time:00:00.34 | Rendering 50 / 64 samples

[2025-07-28T16:41:37.218Z] [DEBUG] [511ba2b2-cd5c-4040-83ac-e4dc2f026bd3] Blender Output: Fra:76 Mem:119.91M (Peak 151.55M) | Time:00:00.43 | Rendering 64 / 64 samples

[2025-07-28T16:41:37.294Z] [DEBUG] [511ba2b2-cd5c-4040-83ac-e4dc2f026bd3] Blender Output: Append frame 76
Time: 00:00.50 (Saving: 00:00.03)


[2025-07-28T16:41:37.330Z] [DEBUG] [511ba2b2-cd5c-4040-83ac-e4dc2f026bd3] Blender Output: Fra:77 Mem:119.91M (Peak 151.55M) | Time:00:00.03 | Rendering 1 / 64 samples

[2025-07-28T16:41:37.482Z] [DEBUG] [511ba2b2-cd5c-4040-83ac-e4dc2f026bd3] Blender Output: Fra:77 Mem:119.91M (Peak 151.55M) | Time:00:00.18 | Rendering 25 / 64 samples

[2025-07-28T16:41:37.636Z] [DEBUG] [511ba2b2-cd5c-4040-83ac-e4dc2f026bd3] Blender Output: Fra:77 Mem:119.91M (Peak 151.55M) | Time:00:00.34 | Rendering 50 / 64 samples

[2025-07-28T16:41:37.723Z] [DEBUG] [511ba2b2-cd5c-4040-83ac-e4dc2f026bd3] Blender Output: Fra:77 Mem:119.91M (Peak 151.55M) | Time:00:00.42 | Rendering 64 / 64 samples

[2025-07-28T16:41:37.801Z] [DEBUG] [511ba2b2-cd5c-4040-83ac-e4dc2f026bd3] Blender Output: Append frame 77
Time: 00:00.50 (Saving: 00:00.03)


[2025-07-28T16:41:37.838Z] [DEBUG] [511ba2b2-cd5c-4040-83ac-e4dc2f026bd3] Blender Output: Fra:78 Mem:119.91M (Peak 151.55M) | Time:00:00.03 | Rendering 1 / 64 samples

[2025-07-28T16:41:37.990Z] [DEBUG] [511ba2b2-cd5c-4040-83ac-e4dc2f026bd3] Blender Output: Fra:78 Mem:119.91M (Peak 151.55M) | Time:00:00.18 | Rendering 25 / 64 samples

[2025-07-28T16:41:38.145Z] [DEBUG] [511ba2b2-cd5c-4040-83ac-e4dc2f026bd3] Blender Output: Fra:78 Mem:119.91M (Peak 151.55M) | Time:00:00.34 | Rendering 50 / 64 samples

[2025-07-28T16:41:38.233Z] [DEBUG] [511ba2b2-cd5c-4040-83ac-e4dc2f026bd3] Blender Output: Fra:78 Mem:119.91M (Peak 151.55M) | Time:00:00.43 | Rendering 64 / 64 samples

[2025-07-28T16:41:38.306Z] [DEBUG] [511ba2b2-cd5c-4040-83ac-e4dc2f026bd3] Blender Output: Append frame 78
Time: 00:00.50 (Saving: 00:00.03)


[2025-07-28T16:41:38.341Z] [DEBUG] [511ba2b2-cd5c-4040-83ac-e4dc2f026bd3] Blender Output: Fra:79 Mem:119.91M (Peak 151.55M) | Time:00:00.03 | Rendering 1 / 64 samples

[2025-07-28T16:41:38.492Z] [DEBUG] [511ba2b2-cd5c-4040-83ac-e4dc2f026bd3] Blender Output: Fra:79 Mem:119.91M (Peak 151.55M) | Time:00:00.18 | Rendering 25 / 64 samples

[2025-07-28T16:41:38.645Z] [DEBUG] [511ba2b2-cd5c-4040-83ac-e4dc2f026bd3] Blender Output: Fra:79 Mem:119.91M (Peak 151.55M) | Time:00:00.33 | Rendering 50 / 64 samples

[2025-07-28T16:41:38.731Z] [DEBUG] [511ba2b2-cd5c-4040-83ac-e4dc2f026bd3] Blender Output: Fra:79 Mem:119.91M (Peak 151.55M) | Time:00:00.42 | Rendering 64 / 64 samples

[2025-07-28T16:41:38.804Z] [DEBUG] [511ba2b2-cd5c-4040-83ac-e4dc2f026bd3] Blender Output: Append frame 79
Time: 00:00.49 (Saving: 00:00.03)


[2025-07-28T16:41:38.839Z] [DEBUG] [511ba2b2-cd5c-4040-83ac-e4dc2f026bd3] Blender Output: Fra:80 Mem:119.91M (Peak 151.55M) | Time:00:00.03 | Rendering 1 / 64 samples

[2025-07-28T16:41:38.990Z] [DEBUG] [511ba2b2-cd5c-4040-83ac-e4dc2f026bd3] Blender Output: Fra:80 Mem:119.91M (Peak 151.55M) | Time:00:00.18 | Rendering 25 / 64 samples

[2025-07-28T16:41:39.146Z] [DEBUG] [511ba2b2-cd5c-4040-83ac-e4dc2f026bd3] Blender Output: Fra:80 Mem:119.91M (Peak 151.55M) | Time:00:00.34 | Rendering 50 / 64 samples

[2025-07-28T16:41:39.233Z] [DEBUG] [511ba2b2-cd5c-4040-83ac-e4dc2f026bd3] Blender Output: Fra:80 Mem:119.91M (Peak 151.55M) | Time:00:00.42 | Rendering 64 / 64 samples

[2025-07-28T16:41:39.310Z] [DEBUG] [511ba2b2-cd5c-4040-83ac-e4dc2f026bd3] Blender Output: Append frame 80
Time: 00:00.50 (Saving: 00:00.03)


[2025-07-28T16:41:39.346Z] [DEBUG] [511ba2b2-cd5c-4040-83ac-e4dc2f026bd3] Blender Output: Fra:81 Mem:119.91M (Peak 151.55M) | Time:00:00.03 | Rendering 1 / 64 samples

[2025-07-28T16:41:39.497Z] [DEBUG] [511ba2b2-cd5c-4040-83ac-e4dc2f026bd3] Blender Output: Fra:81 Mem:119.91M (Peak 151.55M) | Time:00:00.18 | Rendering 25 / 64 samples

[2025-07-28T16:41:39.650Z] [DEBUG] [511ba2b2-cd5c-4040-83ac-e4dc2f026bd3] Blender Output: Fra:81 Mem:119.91M (Peak 151.55M) | Time:00:00.33 | Rendering 50 / 64 samples

[2025-07-28T16:41:39.735Z] [DEBUG] [511ba2b2-cd5c-4040-83ac-e4dc2f026bd3] Blender Output: Fra:81 Mem:119.91M (Peak 151.55M) | Time:00:00.42 | Rendering 64 / 64 samples

[2025-07-28T16:41:39.812Z] [DEBUG] [511ba2b2-cd5c-4040-83ac-e4dc2f026bd3] Blender Output: Append frame 81
Time: 00:00.50 (Saving: 00:00.03)


[2025-07-28T16:41:39.850Z] [DEBUG] [511ba2b2-cd5c-4040-83ac-e4dc2f026bd3] Blender Output: Fra:82 Mem:119.91M (Peak 151.55M) | Time:00:00.03 | Rendering 1 / 64 samples

[2025-07-28T16:41:40.001Z] [DEBUG] [511ba2b2-cd5c-4040-83ac-e4dc2f026bd3] Blender Output: Fra:82 Mem:119.91M (Peak 151.55M) | Time:00:00.18 | Rendering 25 / 64 samples

[2025-07-28T16:41:40.153Z] [DEBUG] [511ba2b2-cd5c-4040-83ac-e4dc2f026bd3] Blender Output: Fra:82 Mem:119.91M (Peak 151.55M) | Time:00:00.34 | Rendering 50 / 64 samples

[2025-07-28T16:41:40.239Z] [DEBUG] [511ba2b2-cd5c-4040-83ac-e4dc2f026bd3] Blender Output: Fra:82 Mem:119.91M (Peak 151.55M) | Time:00:00.42 | Rendering 64 / 64 samples

[2025-07-28T16:41:40.316Z] [DEBUG] [511ba2b2-cd5c-4040-83ac-e4dc2f026bd3] Blender Output: Append frame 82
Time: 00:00.50 (Saving: 00:00.03)


[2025-07-28T16:41:40.353Z] [DEBUG] [511ba2b2-cd5c-4040-83ac-e4dc2f026bd3] Blender Output: Fra:83 Mem:119.91M (Peak 151.55M) | Time:00:00.03 | Rendering 1 / 64 samples

[2025-07-28T16:41:40.502Z] [DEBUG] [511ba2b2-cd5c-4040-83ac-e4dc2f026bd3] Blender Output: Fra:83 Mem:119.91M (Peak 151.55M) | Time:00:00.18 | Rendering 25 / 64 samples

[2025-07-28T16:41:40.655Z] [DEBUG] [511ba2b2-cd5c-4040-83ac-e4dc2f026bd3] Blender Output: Fra:83 Mem:119.91M (Peak 151.55M) | Time:00:00.33 | Rendering 50 / 64 samples

[2025-07-28T16:41:40.742Z] [DEBUG] [511ba2b2-cd5c-4040-83ac-e4dc2f026bd3] Blender Output: Fra:83 Mem:119.91M (Peak 151.55M) | Time:00:00.42 | Rendering 64 / 64 samples

[2025-07-28T16:41:40.817Z] [DEBUG] [511ba2b2-cd5c-4040-83ac-e4dc2f026bd3] Blender Output: Append frame 83
Time: 00:00.50 (Saving: 00:00.03)


[2025-07-28T16:41:40.853Z] [DEBUG] [511ba2b2-cd5c-4040-83ac-e4dc2f026bd3] Blender Output: Fra:84 Mem:119.91M (Peak 151.55M) | Time:00:00.03 | Rendering 1 / 64 samples

[2025-07-28T16:41:41.004Z] [DEBUG] [511ba2b2-cd5c-4040-83ac-e4dc2f026bd3] Blender Output: Fra:84 Mem:119.91M (Peak 151.55M) | Time:00:00.18 | Rendering 25 / 64 samples

[2025-07-28T16:41:41.159Z] [DEBUG] [511ba2b2-cd5c-4040-83ac-e4dc2f026bd3] Blender Output: Fra:84 Mem:119.91M (Peak 151.55M) | Time:00:00.34 | Rendering 50 / 64 samples

[2025-07-28T16:41:41.244Z] [DEBUG] [511ba2b2-cd5c-4040-83ac-e4dc2f026bd3] Blender Output: Fra:84 Mem:119.91M (Peak 151.55M) | Time:00:00.42 | Rendering 64 / 64 samples

[2025-07-28T16:41:41.320Z] [DEBUG] [511ba2b2-cd5c-4040-83ac-e4dc2f026bd3] Blender Output: Append frame 84
Time: 00:00.50 (Saving: 00:00.03)


[2025-07-28T16:41:41.356Z] [DEBUG] [511ba2b2-cd5c-4040-83ac-e4dc2f026bd3] Blender Output: Fra:85 Mem:119.91M (Peak 151.55M) | Time:00:00.03 | Rendering 1 / 64 samples

[2025-07-28T16:41:41.507Z] [DEBUG] [511ba2b2-cd5c-4040-83ac-e4dc2f026bd3] Blender Output: Fra:85 Mem:119.91M (Peak 151.55M) | Time:00:00.18 | Rendering 25 / 64 samples

[2025-07-28T16:41:41.660Z] [DEBUG] [511ba2b2-cd5c-4040-83ac-e4dc2f026bd3] Blender Output: Fra:85 Mem:119.91M (Peak 151.55M) | Time:00:00.34 | Rendering 50 / 64 samples

[2025-07-28T16:41:41.746Z] [DEBUG] [511ba2b2-cd5c-4040-83ac-e4dc2f026bd3] Blender Output: Fra:85 Mem:119.91M (Peak 151.55M) | Time:00:00.42 | Rendering 64 / 64 samples

[2025-07-28T16:41:41.820Z] [DEBUG] [511ba2b2-cd5c-4040-83ac-e4dc2f026bd3] Blender Output: Append frame 85
Time: 00:00.50 (Saving: 00:00.03)


[2025-07-28T16:41:41.857Z] [DEBUG] [511ba2b2-cd5c-4040-83ac-e4dc2f026bd3] Blender Output: Fra:86 Mem:119.91M (Peak 151.55M) | Time:00:00.03 | Rendering 1 / 64 samples

[2025-07-28T16:41:42.008Z] [DEBUG] [511ba2b2-cd5c-4040-83ac-e4dc2f026bd3] Blender Output: Fra:86 Mem:119.91M (Peak 151.55M) | Time:00:00.18 | Rendering 25 / 64 samples

[2025-07-28T16:41:42.163Z] [DEBUG] [511ba2b2-cd5c-4040-83ac-e4dc2f026bd3] Blender Output: Fra:86 Mem:119.91M (Peak 151.55M) | Time:00:00.34 | Rendering 50 / 64 samples

[2025-07-28T16:41:42.250Z] [DEBUG] [511ba2b2-cd5c-4040-83ac-e4dc2f026bd3] Blender Output: Fra:86 Mem:119.91M (Peak 151.55M) | Time:00:00.42 | Rendering 64 / 64 samples

[2025-07-28T16:41:42.328Z] [DEBUG] [511ba2b2-cd5c-4040-83ac-e4dc2f026bd3] Blender Output: Append frame 86
Time: 00:00.50 (Saving: 00:00.03)


[2025-07-28T16:41:42.364Z] [DEBUG] [511ba2b2-cd5c-4040-83ac-e4dc2f026bd3] Blender Output: Fra:87 Mem:119.91M (Peak 151.55M) | Time:00:00.03 | Rendering 1 / 64 samples

[2025-07-28T16:41:42.522Z] [DEBUG] [511ba2b2-cd5c-4040-83ac-e4dc2f026bd3] Blender Output: Fra:87 Mem:119.91M (Peak 151.55M) | Time:00:00.19 | Rendering 25 / 64 samples

[2025-07-28T16:41:42.676Z] [DEBUG] [511ba2b2-cd5c-4040-83ac-e4dc2f026bd3] Blender Output: Fra:87 Mem:119.91M (Peak 151.55M) | Time:00:00.34 | Rendering 50 / 64 samples

[2025-07-28T16:41:42.762Z] [DEBUG] [511ba2b2-cd5c-4040-83ac-e4dc2f026bd3] Blender Output: Fra:87 Mem:119.91M (Peak 151.55M) | Time:00:00.43 | Rendering 64 / 64 samples

[2025-07-28T16:41:42.838Z] [DEBUG] [511ba2b2-cd5c-4040-83ac-e4dc2f026bd3] Blender Output: Append frame 87
Time: 00:00.51 (Saving: 00:00.03)


[2025-07-28T16:41:42.876Z] [DEBUG] [511ba2b2-cd5c-4040-83ac-e4dc2f026bd3] Blender Output: Fra:88 Mem:119.91M (Peak 151.55M) | Time:00:00.03 | Rendering 1 / 64 samples

[2025-07-28T16:41:43.029Z] [DEBUG] [511ba2b2-cd5c-4040-83ac-e4dc2f026bd3] Blender Output: Fra:88 Mem:119.91M (Peak 151.55M) | Time:00:00.19 | Rendering 25 / 64 samples

[2025-07-28T16:41:43.186Z] [DEBUG] [511ba2b2-cd5c-4040-83ac-e4dc2f026bd3] Blender Output: Fra:88 Mem:119.91M (Peak 151.55M) | Time:00:00.34 | Rendering 50 / 64 samples

[2025-07-28T16:41:43.273Z] [DEBUG] [511ba2b2-cd5c-4040-83ac-e4dc2f026bd3] Blender Output: Fra:88 Mem:119.91M (Peak 151.55M) | Time:00:00.43 | Rendering 64 / 64 samples

[2025-07-28T16:41:43.348Z] [DEBUG] [511ba2b2-cd5c-4040-83ac-e4dc2f026bd3] Blender Output: Append frame 88
Time: 00:00.50 (Saving: 00:00.03)


[2025-07-28T16:41:43.384Z] [DEBUG] [511ba2b2-cd5c-4040-83ac-e4dc2f026bd3] Blender Output: Fra:89 Mem:119.91M (Peak 151.55M) | Time:00:00.03 | Rendering 1 / 64 samples

[2025-07-28T16:41:43.536Z] [DEBUG] [511ba2b2-cd5c-4040-83ac-e4dc2f026bd3] Blender Output: Fra:89 Mem:119.91M (Peak 151.55M) | Time:00:00.18 | Rendering 25 / 64 samples

[2025-07-28T16:41:43.693Z] [DEBUG] [511ba2b2-cd5c-4040-83ac-e4dc2f026bd3] Blender Output: Fra:89 Mem:119.91M (Peak 151.55M) | Time:00:00.34 | Rendering 50 / 64 samples

[2025-07-28T16:41:43.780Z] [DEBUG] [511ba2b2-cd5c-4040-83ac-e4dc2f026bd3] Blender Output: Fra:89 Mem:119.91M (Peak 151.55M) | Time:00:00.43 | Rendering 64 / 64 samples

[2025-07-28T16:41:43.856Z] [DEBUG] [511ba2b2-cd5c-4040-83ac-e4dc2f026bd3] Blender Output: Append frame 89
Time: 00:00.50 (Saving: 00:00.03)


[2025-07-28T16:41:43.893Z] [DEBUG] [511ba2b2-cd5c-4040-83ac-e4dc2f026bd3] Blender Output: Fra:90 Mem:119.91M (Peak 151.55M) | Time:00:00.03 | Rendering 1 / 64 samples

[2025-07-28T16:41:44.046Z] [DEBUG] [511ba2b2-cd5c-4040-83ac-e4dc2f026bd3] Blender Output: Fra:90 Mem:119.91M (Peak 151.55M) | Time:00:00.18 | Rendering 25 / 64 samples

[2025-07-28T16:41:44.199Z] [DEBUG] [511ba2b2-cd5c-4040-83ac-e4dc2f026bd3] Blender Output: Fra:90 Mem:119.91M (Peak 151.55M) | Time:00:00.34 | Rendering 50 / 64 samples

[2025-07-28T16:41:44.286Z] [DEBUG] [511ba2b2-cd5c-4040-83ac-e4dc2f026bd3] Blender Output: Fra:90 Mem:119.91M (Peak 151.55M) | Time:00:00.42 | Rendering 64 / 64 samples

[2025-07-28T16:41:44.363Z] [DEBUG] [511ba2b2-cd5c-4040-83ac-e4dc2f026bd3] Blender Output: Append frame 90
Time: 00:00.50 (Saving: 00:00.03)


[2025-07-28T16:41:44.399Z] [DEBUG] [511ba2b2-cd5c-4040-83ac-e4dc2f026bd3] Blender Output: Fra:91 Mem:119.91M (Peak 151.55M) | Time:00:00.03 | Rendering 1 / 64 samples

[2025-07-28T16:41:44.550Z] [DEBUG] [511ba2b2-cd5c-4040-83ac-e4dc2f026bd3] Blender Output: Fra:91 Mem:119.91M (Peak 151.55M) | Time:00:00.18 | Rendering 25 / 64 samples

[2025-07-28T16:41:44.704Z] [DEBUG] [511ba2b2-cd5c-4040-83ac-e4dc2f026bd3] Blender Output: Fra:91 Mem:119.91M (Peak 151.55M) | Time:00:00.34 | Rendering 50 / 64 samples

[2025-07-28T16:41:44.790Z] [DEBUG] [511ba2b2-cd5c-4040-83ac-e4dc2f026bd3] Blender Output: Fra:91 Mem:119.91M (Peak 151.55M) | Time:00:00.42 | Rendering 64 / 64 samples

[2025-07-28T16:41:44.865Z] [DEBUG] [511ba2b2-cd5c-4040-83ac-e4dc2f026bd3] Blender Output: Append frame 91
Time: 00:00.50 (Saving: 00:00.03)


[2025-07-28T16:41:44.902Z] [DEBUG] [511ba2b2-cd5c-4040-83ac-e4dc2f026bd3] Blender Output: Fra:92 Mem:119.91M (Peak 151.55M) | Time:00:00.03 | Rendering 1 / 64 samples

[2025-07-28T16:41:45.055Z] [DEBUG] [511ba2b2-cd5c-4040-83ac-e4dc2f026bd3] Blender Output: Fra:92 Mem:119.91M (Peak 151.55M) | Time:00:00.18 | Rendering 25 / 64 samples

[2025-07-28T16:41:45.211Z] [DEBUG] [511ba2b2-cd5c-4040-83ac-e4dc2f026bd3] Blender Output: Fra:92 Mem:119.91M (Peak 151.55M) | Time:00:00.34 | Rendering 50 / 64 samples

[2025-07-28T16:41:45.298Z] [DEBUG] [511ba2b2-cd5c-4040-83ac-e4dc2f026bd3] Blender Output: Fra:92 Mem:119.91M (Peak 151.55M) | Time:00:00.43 | Rendering 64 / 64 samples

[2025-07-28T16:41:45.375Z] [DEBUG] [511ba2b2-cd5c-4040-83ac-e4dc2f026bd3] Blender Output: Append frame 92
Time: 00:00.51 (Saving: 00:00.03)


[2025-07-28T16:41:45.411Z] [DEBUG] [511ba2b2-cd5c-4040-83ac-e4dc2f026bd3] Blender Output: Fra:93 Mem:119.91M (Peak 151.55M) | Time:00:00.03 | Rendering 1 / 64 samples

[2025-07-28T16:41:45.563Z] [DEBUG] [511ba2b2-cd5c-4040-83ac-e4dc2f026bd3] Blender Output: Fra:93 Mem:119.91M (Peak 151.55M) | Time:00:00.18 | Rendering 25 / 64 samples

[2025-07-28T16:41:45.720Z] [DEBUG] [511ba2b2-cd5c-4040-83ac-e4dc2f026bd3] Blender Output: Fra:93 Mem:119.91M (Peak 151.55M) | Time:00:00.34 | Rendering 50 / 64 samples

[2025-07-28T16:41:45.807Z] [DEBUG] [511ba2b2-cd5c-4040-83ac-e4dc2f026bd3] Blender Output: Fra:93 Mem:119.91M (Peak 151.55M) | Time:00:00.43 | Rendering 64 / 64 samples

[2025-07-28T16:41:45.880Z] [DEBUG] [511ba2b2-cd5c-4040-83ac-e4dc2f026bd3] Blender Output: Append frame 93
Time: 00:00.50 (Saving: 00:00.03)


[2025-07-28T16:41:45.917Z] [DEBUG] [511ba2b2-cd5c-4040-83ac-e4dc2f026bd3] Blender Output: Fra:94 Mem:119.91M (Peak 151.55M) | Time:00:00.03 | Rendering 1 / 64 samples

[2025-07-28T16:41:46.069Z] [DEBUG] [511ba2b2-cd5c-4040-83ac-e4dc2f026bd3] Blender Output: Fra:94 Mem:119.91M (Peak 151.55M) | Time:00:00.18 | Rendering 25 / 64 samples

[2025-07-28T16:41:46.224Z] [DEBUG] [511ba2b2-cd5c-4040-83ac-e4dc2f026bd3] Blender Output: Fra:94 Mem:119.91M (Peak 151.55M) | Time:00:00.34 | Rendering 50 / 64 samples

[2025-07-28T16:41:46.310Z] [DEBUG] [511ba2b2-cd5c-4040-83ac-e4dc2f026bd3] Blender Output: Fra:94 Mem:119.91M (Peak 151.55M) | Time:00:00.43 | Rendering 64 / 64 samples

[2025-07-28T16:41:46.385Z] [DEBUG] [511ba2b2-cd5c-4040-83ac-e4dc2f026bd3] Blender Output: Append frame 94
Time: 00:00.50 (Saving: 00:00.03)


[2025-07-28T16:41:46.420Z] [DEBUG] [511ba2b2-cd5c-4040-83ac-e4dc2f026bd3] Blender Output: Fra:95 Mem:119.91M (Peak 151.55M) | Time:00:00.03 | Rendering 1 / 64 samples

[2025-07-28T16:41:46.571Z] [DEBUG] [511ba2b2-cd5c-4040-83ac-e4dc2f026bd3] Blender Output: Fra:95 Mem:119.91M (Peak 151.55M) | Time:00:00.18 | Rendering 25 / 64 samples

[2025-07-28T16:41:46.723Z] [DEBUG] [511ba2b2-cd5c-4040-83ac-e4dc2f026bd3] Blender Output: Fra:95 Mem:119.91M (Peak 151.55M) | Time:00:00.33 | Rendering 50 / 64 samples

[2025-07-28T16:41:46.808Z] [DEBUG] [511ba2b2-cd5c-4040-83ac-e4dc2f026bd3] Blender Output: Fra:95 Mem:119.91M (Peak 151.55M) | Time:00:00.42 | Rendering 64 / 64 samples

[2025-07-28T16:41:46.884Z] [DEBUG] [511ba2b2-cd5c-4040-83ac-e4dc2f026bd3] Blender Output: Append frame 95
Time: 00:00.49 (Saving: 00:00.03)


[2025-07-28T16:41:46.921Z] [DEBUG] [511ba2b2-cd5c-4040-83ac-e4dc2f026bd3] Blender Output: Fra:96 Mem:119.91M (Peak 151.55M) | Time:00:00.03 | Rendering 1 / 64 samples

[2025-07-28T16:41:47.071Z] [DEBUG] [511ba2b2-cd5c-4040-83ac-e4dc2f026bd3] Blender Output: Fra:96 Mem:119.91M (Peak 151.55M) | Time:00:00.18 | Rendering 25 / 64 samples

[2025-07-28T16:41:47.225Z] [DEBUG] [511ba2b2-cd5c-4040-83ac-e4dc2f026bd3] Blender Output: Fra:96 Mem:119.91M (Peak 151.55M) | Time:00:00.34 | Rendering 50 / 64 samples

[2025-07-28T16:41:47.309Z] [DEBUG] [511ba2b2-cd5c-4040-83ac-e4dc2f026bd3] Blender Output: Fra:96 Mem:119.91M (Peak 151.55M) | Time:00:00.42 | Rendering 64 / 64 samples

[2025-07-28T16:41:47.386Z] [DEBUG] [511ba2b2-cd5c-4040-83ac-e4dc2f026bd3] Blender Output: Append frame 96
Time: 00:00.50 (Saving: 00:00.03)


[2025-07-28T16:41:47.421Z] [DEBUG] [511ba2b2-cd5c-4040-83ac-e4dc2f026bd3] Blender Output: Fra:97 Mem:119.91M (Peak 151.55M) | Time:00:00.03 | Rendering 1 / 64 samples

[2025-07-28T16:41:47.571Z] [DEBUG] [511ba2b2-cd5c-4040-83ac-e4dc2f026bd3] Blender Output: Fra:97 Mem:119.91M (Peak 151.55M) | Time:00:00.18 | Rendering 25 / 64 samples

[2025-07-28T16:41:47.723Z] [DEBUG] [511ba2b2-cd5c-4040-83ac-e4dc2f026bd3] Blender Output: Fra:97 Mem:119.91M (Peak 151.55M) | Time:00:00.33 | Rendering 50 / 64 samples

[2025-07-28T16:41:47.808Z] [DEBUG] [511ba2b2-cd5c-4040-83ac-e4dc2f026bd3] Blender Output: Fra:97 Mem:119.91M (Peak 151.55M) | Time:00:00.42 | Rendering 64 / 64 samples

[2025-07-28T16:41:47.885Z] [DEBUG] [511ba2b2-cd5c-4040-83ac-e4dc2f026bd3] Blender Output: Append frame 97
Time: 00:00.49 (Saving: 00:00.03)


[2025-07-28T16:41:47.922Z] [DEBUG] [511ba2b2-cd5c-4040-83ac-e4dc2f026bd3] Blender Output: Fra:98 Mem:119.91M (Peak 151.55M) | Time:00:00.03 | Rendering 1 / 64 samples

[2025-07-28T16:41:48.074Z] [DEBUG] [511ba2b2-cd5c-4040-83ac-e4dc2f026bd3] Blender Output: Fra:98 Mem:119.91M (Peak 151.55M) | Time:00:00.18 | Rendering 25 / 64 samples

[2025-07-28T16:41:48.246Z] [DEBUG] [511ba2b2-cd5c-4040-83ac-e4dc2f026bd3] Blender Output: Fra:98 Mem:119.91M (Peak 151.55M) | Time:00:00.34 | Rendering 50 / 64 samples

[2025-07-28T16:41:48.314Z] [DEBUG] [511ba2b2-cd5c-4040-83ac-e4dc2f026bd3] Blender Output: Fra:98 Mem:119.91M (Peak 151.55M) | Time:00:00.42 | Rendering 64 / 64 samples

[2025-07-28T16:41:48.387Z] [DEBUG] [511ba2b2-cd5c-4040-83ac-e4dc2f026bd3] Blender Output: Append frame 98
Time: 00:00.50 (Saving: 00:00.03)


[2025-07-28T16:41:48.423Z] [DEBUG] [511ba2b2-cd5c-4040-83ac-e4dc2f026bd3] Blender Output: Fra:99 Mem:119.91M (Peak 151.55M) | Time:00:00.03 | Rendering 1 / 64 samples

[2025-07-28T16:41:48.574Z] [DEBUG] [511ba2b2-cd5c-4040-83ac-e4dc2f026bd3] Blender Output: Fra:99 Mem:119.91M (Peak 151.55M) | Time:00:00.18 | Rendering 25 / 64 samples

[2025-07-28T16:41:48.726Z] [DEBUG] [511ba2b2-cd5c-4040-83ac-e4dc2f026bd3] Blender Output: Fra:99 Mem:119.91M (Peak 151.55M) | Time:00:00.33 | Rendering 50 / 64 samples

[2025-07-28T16:41:48.811Z] [DEBUG] [511ba2b2-cd5c-4040-83ac-e4dc2f026bd3] Blender Output: Fra:99 Mem:119.91M (Peak 151.55M) | Time:00:00.42 | Rendering 64 / 64 samples

[2025-07-28T16:41:48.887Z] [DEBUG] [511ba2b2-cd5c-4040-83ac-e4dc2f026bd3] Blender Output: Append frame 99
Time: 00:00.50 (Saving: 00:00.03)


[2025-07-28T16:41:48.924Z] [DEBUG] [511ba2b2-cd5c-4040-83ac-e4dc2f026bd3] Blender Output: Fra:100 Mem:119.91M (Peak 151.55M) | Time:00:00.03 | Rendering 1 / 64 samples

[2025-07-28T16:41:49.080Z] [DEBUG] [511ba2b2-cd5c-4040-83ac-e4dc2f026bd3] Blender Output: Fra:100 Mem:119.91M (Peak 151.55M) | Time:00:00.19 | Rendering 25 / 64 samples

[2025-07-28T16:41:49.243Z] [DEBUG] [511ba2b2-cd5c-4040-83ac-e4dc2f026bd3] Blender Output: Fra:100 Mem:119.91M (Peak 151.55M) | Time:00:00.35 | Rendering 50 / 64 samples

[2025-07-28T16:41:49.334Z] [DEBUG] [511ba2b2-cd5c-4040-83ac-e4dc2f026bd3] Blender Output: Fra:100 Mem:119.91M (Peak 151.55M) | Time:00:00.44 | Rendering 64 / 64 samples

[2025-07-28T16:41:49.411Z] [DEBUG] [511ba2b2-cd5c-4040-83ac-e4dc2f026bd3] Blender Output: Append frame 100
Time: 00:00.52 (Saving: 00:00.03)


[2025-07-28T16:41:49.449Z] [DEBUG] [511ba2b2-cd5c-4040-83ac-e4dc2f026bd3] Blender Output: Fra:101 Mem:119.91M (Peak 151.55M) | Time:00:00.03 | Rendering 1 / 64 samples

[2025-07-28T16:41:49.610Z] [DEBUG] [511ba2b2-cd5c-4040-83ac-e4dc2f026bd3] Blender Output: Fra:101 Mem:119.91M (Peak 151.55M) | Time:00:00.19 | Rendering 25 / 64 samples

[2025-07-28T16:41:49.773Z] [DEBUG] [511ba2b2-cd5c-4040-83ac-e4dc2f026bd3] Blender Output: Fra:101 Mem:119.91M (Peak 151.55M) | Time:00:00.36 | Rendering 50 / 64 samples

[2025-07-28T16:41:49.860Z] [DEBUG] [511ba2b2-cd5c-4040-83ac-e4dc2f026bd3] Blender Output: Fra:101 Mem:119.91M (Peak 151.55M) | Time:00:00.44 | Rendering 64 / 64 samples

[2025-07-28T16:41:49.936Z] [DEBUG] [511ba2b2-cd5c-4040-83ac-e4dc2f026bd3] Blender Output: Append frame 101
Time: 00:00.52 (Saving: 00:00.03)


[2025-07-28T16:41:49.972Z] [DEBUG] [511ba2b2-cd5c-4040-83ac-e4dc2f026bd3] Blender Output: Fra:102 Mem:119.91M (Peak 151.55M) | Time:00:00.03 | Rendering 1 / 64 samples

[2025-07-28T16:41:50.127Z] [DEBUG] [511ba2b2-cd5c-4040-83ac-e4dc2f026bd3] Blender Output: Fra:102 Mem:119.91M (Peak 151.55M) | Time:00:00.19 | Rendering 25 / 64 samples

[2025-07-28T16:41:50.285Z] [DEBUG] [511ba2b2-cd5c-4040-83ac-e4dc2f026bd3] Blender Output: Fra:102 Mem:119.91M (Peak 151.55M) | Time:00:00.34 | Rendering 50 / 64 samples

[2025-07-28T16:41:50.374Z] [DEBUG] [511ba2b2-cd5c-4040-83ac-e4dc2f026bd3] Blender Output: Fra:102 Mem:119.91M (Peak 151.55M) | Time:00:00.43 | Rendering 64 / 64 samples

[2025-07-28T16:41:50.452Z] [DEBUG] [511ba2b2-cd5c-4040-83ac-e4dc2f026bd3] Blender Output: Append frame 102
Time: 00:00.51 (Saving: 00:00.03)


[2025-07-28T16:41:50.487Z] [DEBUG] [511ba2b2-cd5c-4040-83ac-e4dc2f026bd3] Blender Output: Fra:103 Mem:119.91M (Peak 151.55M) | Time:00:00.03 | Rendering 1 / 64 samples

[2025-07-28T16:41:50.638Z] [DEBUG] [511ba2b2-cd5c-4040-83ac-e4dc2f026bd3] Blender Output: Fra:103 Mem:119.91M (Peak 151.55M) | Time:00:00.18 | Rendering 25 / 64 samples

[2025-07-28T16:41:50.792Z] [DEBUG] [511ba2b2-cd5c-4040-83ac-e4dc2f026bd3] Blender Output: Fra:103 Mem:119.91M (Peak 151.55M) | Time:00:00.33 | Rendering 50 / 64 samples

[2025-07-28T16:41:50.877Z] [DEBUG] [511ba2b2-cd5c-4040-83ac-e4dc2f026bd3] Blender Output: Fra:103 Mem:119.91M (Peak 151.55M) | Time:00:00.42 | Rendering 64 / 64 samples

[2025-07-28T16:41:50.954Z] [DEBUG] [511ba2b2-cd5c-4040-83ac-e4dc2f026bd3] Blender Output: Append frame 103
Time: 00:00.50 (Saving: 00:00.03)


[2025-07-28T16:41:50.991Z] [DEBUG] [511ba2b2-cd5c-4040-83ac-e4dc2f026bd3] Blender Output: Fra:104 Mem:119.91M (Peak 151.55M) | Time:00:00.03 | Rendering 1 / 64 samples

[2025-07-28T16:41:51.146Z] [DEBUG] [511ba2b2-cd5c-4040-83ac-e4dc2f026bd3] Blender Output: Fra:104 Mem:119.91M (Peak 151.55M) | Time:00:00.19 | Rendering 25 / 64 samples

[2025-07-28T16:41:51.303Z] [DEBUG] [511ba2b2-cd5c-4040-83ac-e4dc2f026bd3] Blender Output: Fra:104 Mem:119.91M (Peak 151.55M) | Time:00:00.34 | Rendering 50 / 64 samples

[2025-07-28T16:41:51.390Z] [DEBUG] [511ba2b2-cd5c-4040-83ac-e4dc2f026bd3] Blender Output: Fra:104 Mem:119.91M (Peak 151.55M) | Time:00:00.43 | Rendering 64 / 64 samples

[2025-07-28T16:41:51.464Z] [DEBUG] [511ba2b2-cd5c-4040-83ac-e4dc2f026bd3] Blender Output: Append frame 104
Time: 00:00.50 (Saving: 00:00.03)


[2025-07-28T16:41:51.499Z] [DEBUG] [511ba2b2-cd5c-4040-83ac-e4dc2f026bd3] Blender Output: Fra:105 Mem:119.91M (Peak 151.55M) | Time:00:00.03 | Rendering 1 / 64 samples

[2025-07-28T16:41:51.649Z] [DEBUG] [511ba2b2-cd5c-4040-83ac-e4dc2f026bd3] Blender Output: Fra:105 Mem:119.91M (Peak 151.55M) | Time:00:00.18 | Rendering 25 / 64 samples

[2025-07-28T16:41:51.801Z] [DEBUG] [511ba2b2-cd5c-4040-83ac-e4dc2f026bd3] Blender Output: Fra:105 Mem:119.91M (Peak 151.55M) | Time:00:00.33 | Rendering 50 / 64 samples

[2025-07-28T16:41:51.886Z] [DEBUG] [511ba2b2-cd5c-4040-83ac-e4dc2f026bd3] Blender Output: Fra:105 Mem:119.91M (Peak 151.55M) | Time:00:00.42 | Rendering 64 / 64 samples

[2025-07-28T16:41:51.962Z] [DEBUG] [511ba2b2-cd5c-4040-83ac-e4dc2f026bd3] Blender Output: Append frame 105
Time: 00:00.49 (Saving: 00:00.03)


[2025-07-28T16:41:51.999Z] [DEBUG] [511ba2b2-cd5c-4040-83ac-e4dc2f026bd3] Blender Output: Fra:106 Mem:119.91M (Peak 151.55M) | Time:00:00.03 | Rendering 1 / 64 samples

[2025-07-28T16:41:52.157Z] [DEBUG] [511ba2b2-cd5c-4040-83ac-e4dc2f026bd3] Blender Output: Fra:106 Mem:119.91M (Peak 151.55M) | Time:00:00.19 | Rendering 25 / 64 samples

[2025-07-28T16:41:52.320Z] [DEBUG] [511ba2b2-cd5c-4040-83ac-e4dc2f026bd3] Blender Output: Fra:106 Mem:119.91M (Peak 151.55M) | Time:00:00.35 | Rendering 50 / 64 samples

[2025-07-28T16:41:52.412Z] [DEBUG] [511ba2b2-cd5c-4040-83ac-e4dc2f026bd3] Blender Output: Fra:106 Mem:119.91M (Peak 151.55M) | Time:00:00.44 | Rendering 64 / 64 samples

[2025-07-28T16:41:52.491Z] [DEBUG] [511ba2b2-cd5c-4040-83ac-e4dc2f026bd3] Blender Output: Append frame 106
Time: 00:00.52 (Saving: 00:00.03)


[2025-07-28T16:41:52.527Z] [DEBUG] [511ba2b2-cd5c-4040-83ac-e4dc2f026bd3] Blender Output: Fra:107 Mem:119.91M (Peak 151.55M) | Time:00:00.03 | Rendering 1 / 64 samples

[2025-07-28T16:41:52.679Z] [DEBUG] [511ba2b2-cd5c-4040-83ac-e4dc2f026bd3] Blender Output: Fra:107 Mem:119.91M (Peak 151.55M) | Time:00:00.18 | Rendering 25 / 64 samples

[2025-07-28T16:41:52.836Z] [DEBUG] [511ba2b2-cd5c-4040-83ac-e4dc2f026bd3] Blender Output: Fra:107 Mem:119.91M (Peak 151.55M) | Time:00:00.34 | Rendering 50 / 64 samples

[2025-07-28T16:41:52.924Z] [DEBUG] [511ba2b2-cd5c-4040-83ac-e4dc2f026bd3] Blender Output: Fra:107 Mem:119.91M (Peak 151.55M) | Time:00:00.43 | Rendering 64 / 64 samples

[2025-07-28T16:41:53.001Z] [DEBUG] [511ba2b2-cd5c-4040-83ac-e4dc2f026bd3] Blender Output: Append frame 107
Time: 00:00.51 (Saving: 00:00.03)


[2025-07-28T16:41:53.038Z] [DEBUG] [511ba2b2-cd5c-4040-83ac-e4dc2f026bd3] Blender Output: Fra:108 Mem:119.91M (Peak 151.55M) | Time:00:00.03 | Rendering 1 / 64 samples

[2025-07-28T16:41:53.190Z] [DEBUG] [511ba2b2-cd5c-4040-83ac-e4dc2f026bd3] Blender Output: Fra:108 Mem:119.91M (Peak 151.55M) | Time:00:00.18 | Rendering 25 / 64 samples

[2025-07-28T16:41:53.342Z] [DEBUG] [511ba2b2-cd5c-4040-83ac-e4dc2f026bd3] Blender Output: Fra:108 Mem:119.91M (Peak 151.55M) | Time:00:00.34 | Rendering 50 / 64 samples

[2025-07-28T16:41:53.427Z] [DEBUG] [511ba2b2-cd5c-4040-83ac-e4dc2f026bd3] Blender Output: Fra:108 Mem:119.91M (Peak 151.55M) | Time:00:00.42 | Rendering 64 / 64 samples

[2025-07-28T16:41:53.503Z] [DEBUG] [511ba2b2-cd5c-4040-83ac-e4dc2f026bd3] Blender Output: Append frame 108
Time: 00:00.50 (Saving: 00:00.03)


[2025-07-28T16:41:53.539Z] [DEBUG] [511ba2b2-cd5c-4040-83ac-e4dc2f026bd3] Blender Output: Fra:109 Mem:119.91M (Peak 151.55M) | Time:00:00.03 | Rendering 1 / 64 samples

[2025-07-28T16:41:53.692Z] [DEBUG] [511ba2b2-cd5c-4040-83ac-e4dc2f026bd3] Blender Output: Fra:109 Mem:119.91M (Peak 151.55M) | Time:00:00.18 | Rendering 25 / 64 samples

[2025-07-28T16:41:53.851Z] [DEBUG] [511ba2b2-cd5c-4040-83ac-e4dc2f026bd3] Blender Output: Fra:109 Mem:119.91M (Peak 151.55M) | Time:00:00.34 | Rendering 50 / 64 samples

[2025-07-28T16:41:53.937Z] [DEBUG] [511ba2b2-cd5c-4040-83ac-e4dc2f026bd3] Blender Output: Fra:109 Mem:119.91M (Peak 151.55M) | Time:00:00.43 | Rendering 64 / 64 samples

[2025-07-28T16:41:54.014Z] [DEBUG] [511ba2b2-cd5c-4040-83ac-e4dc2f026bd3] Blender Output: Append frame 109
Time: 00:00.51 (Saving: 00:00.03)


[2025-07-28T16:41:54.051Z] [DEBUG] [511ba2b2-cd5c-4040-83ac-e4dc2f026bd3] Blender Output: Fra:110 Mem:119.91M (Peak 151.55M) | Time:00:00.03 | Rendering 1 / 64 samples

[2025-07-28T16:41:54.201Z] [DEBUG] [511ba2b2-cd5c-4040-83ac-e4dc2f026bd3] Blender Output: Fra:110 Mem:119.91M (Peak 151.55M) | Time:00:00.18 | Rendering 25 / 64 samples

[2025-07-28T16:41:54.353Z] [DEBUG] [511ba2b2-cd5c-4040-83ac-e4dc2f026bd3] Blender Output: Fra:110 Mem:119.91M (Peak 151.55M) | Time:00:00.33 | Rendering 50 / 64 samples

[2025-07-28T16:41:54.438Z] [DEBUG] [511ba2b2-cd5c-4040-83ac-e4dc2f026bd3] Blender Output: Fra:110 Mem:119.91M (Peak 151.55M) | Time:00:00.42 | Rendering 64 / 64 samples

[2025-07-28T16:41:54.516Z] [DEBUG] [511ba2b2-cd5c-4040-83ac-e4dc2f026bd3] Blender Output: Append frame 110
Time: 00:00.50 (Saving: 00:00.03)


[2025-07-28T16:41:54.553Z] [DEBUG] [511ba2b2-cd5c-4040-83ac-e4dc2f026bd3] Blender Output: Fra:111 Mem:119.91M (Peak 151.55M) | Time:00:00.03 | Rendering 1 / 64 samples

[2025-07-28T16:41:54.705Z] [DEBUG] [511ba2b2-cd5c-4040-83ac-e4dc2f026bd3] Blender Output: Fra:111 Mem:119.91M (Peak 151.55M) | Time:00:00.18 | Rendering 25 / 64 samples

[2025-07-28T16:41:54.858Z] [DEBUG] [511ba2b2-cd5c-4040-83ac-e4dc2f026bd3] Blender Output: Fra:111 Mem:119.91M (Peak 151.55M) | Time:00:00.34 | Rendering 50 / 64 samples

[2025-07-28T16:41:54.944Z] [DEBUG] [511ba2b2-cd5c-4040-83ac-e4dc2f026bd3] Blender Output: Fra:111 Mem:119.91M (Peak 151.55M) | Time:00:00.42 | Rendering 64 / 64 samples

[2025-07-28T16:41:55.020Z] [DEBUG] [511ba2b2-cd5c-4040-83ac-e4dc2f026bd3] Blender Output: Append frame 111
Time: 00:00.50 (Saving: 00:00.03)


[2025-07-28T16:41:55.056Z] [DEBUG] [511ba2b2-cd5c-4040-83ac-e4dc2f026bd3] Blender Output: Fra:112 Mem:119.91M (Peak 151.55M) | Time:00:00.03 | Rendering 1 / 64 samples

[2025-07-28T16:41:55.209Z] [DEBUG] [511ba2b2-cd5c-4040-83ac-e4dc2f026bd3] Blender Output: Fra:112 Mem:119.91M (Peak 151.55M) | Time:00:00.18 | Rendering 25 / 64 samples

[2025-07-28T16:41:55.366Z] [DEBUG] [511ba2b2-cd5c-4040-83ac-e4dc2f026bd3] Blender Output: Fra:112 Mem:119.91M (Peak 151.55M) | Time:00:00.34 | Rendering 50 / 64 samples

[2025-07-28T16:41:55.450Z] [DEBUG] [511ba2b2-cd5c-4040-83ac-e4dc2f026bd3] Blender Output: Fra:112 Mem:119.91M (Peak 151.55M) | Time:00:00.43 | Rendering 64 / 64 samples

[2025-07-28T16:41:55.522Z] [DEBUG] [511ba2b2-cd5c-4040-83ac-e4dc2f026bd3] Blender Output: Append frame 112
Time: 00:00.50 (Saving: 00:00.03)


[2025-07-28T16:41:55.558Z] [DEBUG] [511ba2b2-cd5c-4040-83ac-e4dc2f026bd3] Blender Output: Fra:113 Mem:119.91M (Peak 151.55M) | Time:00:00.03 | Rendering 1 / 64 samples

[2025-07-28T16:41:55.708Z] [DEBUG] [511ba2b2-cd5c-4040-83ac-e4dc2f026bd3] Blender Output: Fra:113 Mem:119.91M (Peak 151.55M) | Time:00:00.18 | Rendering 25 / 64 samples

[2025-07-28T16:41:55.860Z] [DEBUG] [511ba2b2-cd5c-4040-83ac-e4dc2f026bd3] Blender Output: Fra:113 Mem:119.91M (Peak 151.55M) | Time:00:00.33 | Rendering 50 / 64 samples

[2025-07-28T16:41:55.946Z] [DEBUG] [511ba2b2-cd5c-4040-83ac-e4dc2f026bd3] Blender Output: Fra:113 Mem:119.91M (Peak 151.55M) | Time:00:00.42 | Rendering 64 / 64 samples

[2025-07-28T16:41:56.022Z] [DEBUG] [511ba2b2-cd5c-4040-83ac-e4dc2f026bd3] Blender Output: Append frame 113
Time: 00:00.49 (Saving: 00:00.03)


[2025-07-28T16:41:56.058Z] [DEBUG] [511ba2b2-cd5c-4040-83ac-e4dc2f026bd3] Blender Output: Fra:114 Mem:119.91M (Peak 151.55M) | Time:00:00.03 | Rendering 1 / 64 samples

[2025-07-28T16:41:56.210Z] [DEBUG] [511ba2b2-cd5c-4040-83ac-e4dc2f026bd3] Blender Output: Fra:114 Mem:119.91M (Peak 151.55M) | Time:00:00.18 | Rendering 25 / 64 samples

[2025-07-28T16:41:56.363Z] [DEBUG] [511ba2b2-cd5c-4040-83ac-e4dc2f026bd3] Blender Output: Fra:114 Mem:119.91M (Peak 151.55M) | Time:00:00.34 | Rendering 50 / 64 samples

[2025-07-28T16:41:56.449Z] [DEBUG] [511ba2b2-cd5c-4040-83ac-e4dc2f026bd3] Blender Output: Fra:114 Mem:119.91M (Peak 151.55M) | Time:00:00.42 | Rendering 64 / 64 samples

[2025-07-28T16:41:56.526Z] [DEBUG] [511ba2b2-cd5c-4040-83ac-e4dc2f026bd3] Blender Output: Append frame 114
Time: 00:00.50 (Saving: 00:00.03)


[2025-07-28T16:41:56.567Z] [DEBUG] [511ba2b2-cd5c-4040-83ac-e4dc2f026bd3] Blender Output: Fra:115 Mem:119.91M (Peak 151.55M) | Time:00:00.04 | Rendering 1 / 64 samples

[2025-07-28T16:41:56.725Z] [DEBUG] [511ba2b2-cd5c-4040-83ac-e4dc2f026bd3] Blender Output: Fra:115 Mem:119.91M (Peak 151.55M) | Time:00:00.19 | Rendering 25 / 64 samples

[2025-07-28T16:41:56.882Z] [DEBUG] [511ba2b2-cd5c-4040-83ac-e4dc2f026bd3] Blender Output: Fra:115 Mem:119.91M (Peak 151.55M) | Time:00:00.35 | Rendering 50 / 64 samples

[2025-07-28T16:41:56.969Z] [DEBUG] [511ba2b2-cd5c-4040-83ac-e4dc2f026bd3] Blender Output: Fra:115 Mem:119.91M (Peak 151.55M) | Time:00:00.44 | Rendering 64 / 64 samples

[2025-07-28T16:41:57.046Z] [DEBUG] [511ba2b2-cd5c-4040-83ac-e4dc2f026bd3] Blender Output: Append frame 115
Time: 00:00.51 (Saving: 00:00.03)


[2025-07-28T16:41:57.082Z] [DEBUG] [511ba2b2-cd5c-4040-83ac-e4dc2f026bd3] Blender Output: Fra:116 Mem:119.91M (Peak 151.55M) | Time:00:00.03 | Rendering 1 / 64 samples

[2025-07-28T16:41:57.235Z] [DEBUG] [511ba2b2-cd5c-4040-83ac-e4dc2f026bd3] Blender Output: Fra:116 Mem:119.91M (Peak 151.55M) | Time:00:00.18 | Rendering 25 / 64 samples

[2025-07-28T16:41:57.391Z] [DEBUG] [511ba2b2-cd5c-4040-83ac-e4dc2f026bd3] Blender Output: Fra:116 Mem:119.91M (Peak 151.55M) | Time:00:00.34 | Rendering 50 / 64 samples

[2025-07-28T16:41:57.478Z] [DEBUG] [511ba2b2-cd5c-4040-83ac-e4dc2f026bd3] Blender Output: Fra:116 Mem:119.91M (Peak 151.55M) | Time:00:00.43 | Rendering 64 / 64 samples

[2025-07-28T16:41:57.560Z] [DEBUG] [511ba2b2-cd5c-4040-83ac-e4dc2f026bd3] Blender Output: Append frame 116
Time: 00:00.51 (Saving: 00:00.03)


[2025-07-28T16:41:57.596Z] [DEBUG] [511ba2b2-cd5c-4040-83ac-e4dc2f026bd3] Blender Output: Fra:117 Mem:119.91M (Peak 151.55M) | Time:00:00.03 | Rendering 1 / 64 samples

[2025-07-28T16:41:57.749Z] [DEBUG] [511ba2b2-cd5c-4040-83ac-e4dc2f026bd3] Blender Output: Fra:117 Mem:119.91M (Peak 151.55M) | Time:00:00.18 | Rendering 25 / 64 samples

[2025-07-28T16:41:57.903Z] [DEBUG] [511ba2b2-cd5c-4040-83ac-e4dc2f026bd3] Blender Output: Fra:117 Mem:119.91M (Peak 151.55M) | Time:00:00.34 | Rendering 50 / 64 samples

[2025-07-28T16:41:57.990Z] [DEBUG] [511ba2b2-cd5c-4040-83ac-e4dc2f026bd3] Blender Output: Fra:117 Mem:119.91M (Peak 151.55M) | Time:00:00.43 | Rendering 64 / 64 samples

[2025-07-28T16:41:58.065Z] [DEBUG] [511ba2b2-cd5c-4040-83ac-e4dc2f026bd3] Blender Output: Append frame 117
Time: 00:00.50 (Saving: 00:00.03)


[2025-07-28T16:41:58.101Z] [DEBUG] [511ba2b2-cd5c-4040-83ac-e4dc2f026bd3] Blender Output: Fra:118 Mem:119.91M (Peak 151.55M) | Time:00:00.03 | Rendering 1 / 64 samples

[2025-07-28T16:41:58.255Z] [DEBUG] [511ba2b2-cd5c-4040-83ac-e4dc2f026bd3] Blender Output: Fra:118 Mem:119.91M (Peak 151.55M) | Time:00:00.19 | Rendering 25 / 64 samples

[2025-07-28T16:41:58.411Z] [DEBUG] [511ba2b2-cd5c-4040-83ac-e4dc2f026bd3] Blender Output: Fra:118 Mem:119.91M (Peak 151.55M) | Time:00:00.34 | Rendering 50 / 64 samples

[2025-07-28T16:41:58.498Z] [DEBUG] [511ba2b2-cd5c-4040-83ac-e4dc2f026bd3] Blender Output: Fra:118 Mem:119.91M (Peak 151.55M) | Time:00:00.43 | Rendering 64 / 64 samples

[2025-07-28T16:41:58.573Z] [DEBUG] [511ba2b2-cd5c-4040-83ac-e4dc2f026bd3] Blender Output: Append frame 118
Time: 00:00.50 (Saving: 00:00.03)


[2025-07-28T16:41:58.609Z] [DEBUG] [511ba2b2-cd5c-4040-83ac-e4dc2f026bd3] Blender Output: Fra:119 Mem:119.91M (Peak 151.55M) | Time:00:00.03 | Rendering 1 / 64 samples

[2025-07-28T16:41:58.763Z] [DEBUG] [511ba2b2-cd5c-4040-83ac-e4dc2f026bd3] Blender Output: Fra:119 Mem:119.91M (Peak 151.55M) | Time:00:00.19 | Rendering 25 / 64 samples

[2025-07-28T16:41:58.920Z] [DEBUG] [511ba2b2-cd5c-4040-83ac-e4dc2f026bd3] Blender Output: Fra:119 Mem:119.91M (Peak 151.55M) | Time:00:00.34 | Rendering 50 / 64 samples

[2025-07-28T16:41:59.007Z] [DEBUG] [511ba2b2-cd5c-4040-83ac-e4dc2f026bd3] Blender Output: Fra:119 Mem:119.91M (Peak 151.55M) | Time:00:00.43 | Rendering 64 / 64 samples

[2025-07-28T16:41:59.081Z] [DEBUG] [511ba2b2-cd5c-4040-83ac-e4dc2f026bd3] Blender Output: Append frame 119
Time: 00:00.50 (Saving: 00:00.03)


[2025-07-28T16:41:59.118Z] [DEBUG] [511ba2b2-cd5c-4040-83ac-e4dc2f026bd3] Blender Output: Fra:120 Mem:119.91M (Peak 151.55M) | Time:00:00.03 | Rendering 1 / 64 samples

[2025-07-28T16:41:59.273Z] [DEBUG] [511ba2b2-cd5c-4040-83ac-e4dc2f026bd3] Blender Output: Fra:120 Mem:119.91M (Peak 151.55M) | Time:00:00.19 | Rendering 25 / 64 samples

[2025-07-28T16:41:59.429Z] [DEBUG] [511ba2b2-cd5c-4040-83ac-e4dc2f026bd3] Blender Output: Fra:120 Mem:119.91M (Peak 151.55M) | Time:00:00.34 | Rendering 50 / 64 samples

[2025-07-28T16:41:59.515Z] [DEBUG] [511ba2b2-cd5c-4040-83ac-e4dc2f026bd3] Blender Output: Fra:120 Mem:119.91M (Peak 151.55M) | Time:00:00.43 | Rendering 64 / 64 samples

[2025-07-28T16:41:59.592Z] [DEBUG] [511ba2b2-cd5c-4040-83ac-e4dc2f026bd3] Blender Output: Append frame 120
Time: 00:00.51 (Saving: 00:00.03)


[2025-07-28T16:41:59.628Z] [DEBUG] [511ba2b2-cd5c-4040-83ac-e4dc2f026bd3] Blender Output: Fra:121 Mem:119.91M (Peak 151.55M) | Time:00:00.03 | Rendering 1 / 64 samples

[2025-07-28T16:41:59.779Z] [DEBUG] [511ba2b2-cd5c-4040-83ac-e4dc2f026bd3] Blender Output: Fra:121 Mem:119.91M (Peak 151.55M) | Time:00:00.18 | Rendering 25 / 64 samples

[2025-07-28T16:41:59.934Z] [DEBUG] [511ba2b2-cd5c-4040-83ac-e4dc2f026bd3] Blender Output: Fra:121 Mem:119.91M (Peak 151.55M) | Time:00:00.34 | Rendering 50 / 64 samples

[2025-07-28T16:42:00.019Z] [DEBUG] [511ba2b2-cd5c-4040-83ac-e4dc2f026bd3] Blender Output: Fra:121 Mem:119.91M (Peak 151.55M) | Time:00:00.42 | Rendering 64 / 64 samples

[2025-07-28T16:42:00.095Z] [DEBUG] [511ba2b2-cd5c-4040-83ac-e4dc2f026bd3] Blender Output: Append frame 121
Time: 00:00.50 (Saving: 00:00.03)


[2025-07-28T16:42:00.132Z] [DEBUG] [511ba2b2-cd5c-4040-83ac-e4dc2f026bd3] Blender Output: Fra:122 Mem:119.91M (Peak 151.55M) | Time:00:00.03 | Rendering 1 / 64 samples

[2025-07-28T16:42:00.285Z] [DEBUG] [511ba2b2-cd5c-4040-83ac-e4dc2f026bd3] Blender Output: Fra:122 Mem:119.91M (Peak 151.55M) | Time:00:00.19 | Rendering 25 / 64 samples

[2025-07-28T16:42:00.441Z] [DEBUG] [511ba2b2-cd5c-4040-83ac-e4dc2f026bd3] Blender Output: Fra:122 Mem:119.91M (Peak 151.55M) | Time:00:00.34 | Rendering 50 / 64 samples

[2025-07-28T16:42:00.529Z] [DEBUG] [511ba2b2-cd5c-4040-83ac-e4dc2f026bd3] Blender Output: Fra:122 Mem:119.91M (Peak 151.55M) | Time:00:00.43 | Rendering 64 / 64 samples

[2025-07-28T16:42:00.606Z] [DEBUG] [511ba2b2-cd5c-4040-83ac-e4dc2f026bd3] Blender Output: Append frame 122
Time: 00:00.51 (Saving: 00:00.03)


[2025-07-28T16:42:00.642Z] [DEBUG] [511ba2b2-cd5c-4040-83ac-e4dc2f026bd3] Blender Output: Fra:123 Mem:119.91M (Peak 151.55M) | Time:00:00.03 | Rendering 1 / 64 samples

[2025-07-28T16:42:00.793Z] [DEBUG] [511ba2b2-cd5c-4040-83ac-e4dc2f026bd3] Blender Output: Fra:123 Mem:119.91M (Peak 151.55M) | Time:00:00.18 | Rendering 25 / 64 samples

[2025-07-28T16:42:00.946Z] [DEBUG] [511ba2b2-cd5c-4040-83ac-e4dc2f026bd3] Blender Output: Fra:123 Mem:119.91M (Peak 151.55M) | Time:00:00.33 | Rendering 50 / 64 samples

[2025-07-28T16:42:01.031Z] [DEBUG] [511ba2b2-cd5c-4040-83ac-e4dc2f026bd3] Blender Output: Fra:123 Mem:119.91M (Peak 151.55M) | Time:00:00.42 | Rendering 64 / 64 samples

[2025-07-28T16:42:01.105Z] [DEBUG] [511ba2b2-cd5c-4040-83ac-e4dc2f026bd3] Blender Output: Append frame 123
Time: 00:00.49 (Saving: 00:00.03)


[2025-07-28T16:42:01.142Z] [DEBUG] [511ba2b2-cd5c-4040-83ac-e4dc2f026bd3] Blender Output: Fra:124 Mem:119.91M (Peak 151.55M) | Time:00:00.03 | Rendering 1 / 64 samples

[2025-07-28T16:42:01.292Z] [DEBUG] [511ba2b2-cd5c-4040-83ac-e4dc2f026bd3] Blender Output: Fra:124 Mem:119.91M (Peak 151.55M) | Time:00:00.18 | Rendering 25 / 64 samples

[2025-07-28T16:42:01.444Z] [DEBUG] [511ba2b2-cd5c-4040-83ac-e4dc2f026bd3] Blender Output: Fra:124 Mem:119.91M (Peak 151.55M) | Time:00:00.33 | Rendering 50 / 64 samples

[2025-07-28T16:42:01.529Z] [DEBUG] [511ba2b2-cd5c-4040-83ac-e4dc2f026bd3] Blender Output: Fra:124 Mem:119.91M (Peak 151.55M) | Time:00:00.42 | Rendering 64 / 64 samples

[2025-07-28T16:42:01.603Z] [DEBUG] [511ba2b2-cd5c-4040-83ac-e4dc2f026bd3] Blender Output: Append frame 124
Time: 00:00.49 (Saving: 00:00.03)


[2025-07-28T16:42:01.639Z] [DEBUG] [511ba2b2-cd5c-4040-83ac-e4dc2f026bd3] Blender Output: Fra:125 Mem:119.91M (Peak 151.55M) | Time:00:00.03 | Rendering 1 / 64 samples

[2025-07-28T16:42:01.788Z] [DEBUG] [511ba2b2-cd5c-4040-83ac-e4dc2f026bd3] Blender Output: Fra:125 Mem:119.91M (Peak 151.55M) | Time:00:00.18 | Rendering 25 / 64 samples

[2025-07-28T16:42:01.941Z] [DEBUG] [511ba2b2-cd5c-4040-83ac-e4dc2f026bd3] Blender Output: Fra:125 Mem:119.91M (Peak 151.55M) | Time:00:00.33 | Rendering 50 / 64 samples

[2025-07-28T16:42:02.027Z] [DEBUG] [511ba2b2-cd5c-4040-83ac-e4dc2f026bd3] Blender Output: Fra:125 Mem:119.91M (Peak 151.55M) | Time:00:00.42 | Rendering 64 / 64 samples

[2025-07-28T16:42:02.102Z] [DEBUG] [511ba2b2-cd5c-4040-83ac-e4dc2f026bd3] Blender Output: Append frame 125
Time: 00:00.49 (Saving: 00:00.03)


[2025-07-28T16:42:02.139Z] [DEBUG] [511ba2b2-cd5c-4040-83ac-e4dc2f026bd3] Blender Output: Fra:126 Mem:119.91M (Peak 151.55M) | Time:00:00.03 | Rendering 1 / 64 samples

[2025-07-28T16:42:02.289Z] [DEBUG] [511ba2b2-cd5c-4040-83ac-e4dc2f026bd3] Blender Output: Fra:126 Mem:119.91M (Peak 151.55M) | Time:00:00.18 | Rendering 25 / 64 samples

[2025-07-28T16:42:02.441Z] [DEBUG] [511ba2b2-cd5c-4040-83ac-e4dc2f026bd3] Blender Output: Fra:126 Mem:119.91M (Peak 151.55M) | Time:00:00.33 | Rendering 50 / 64 samples

[2025-07-28T16:42:02.525Z] [DEBUG] [511ba2b2-cd5c-4040-83ac-e4dc2f026bd3] Blender Output: Fra:126 Mem:119.91M (Peak 151.55M) | Time:00:00.42 | Rendering 64 / 64 samples

[2025-07-28T16:42:02.600Z] [DEBUG] [511ba2b2-cd5c-4040-83ac-e4dc2f026bd3] Blender Output: Append frame 126
Time: 00:00.49 (Saving: 00:00.03)


[2025-07-28T16:42:02.636Z] [DEBUG] [511ba2b2-cd5c-4040-83ac-e4dc2f026bd3] Blender Output: Fra:127 Mem:119.91M (Peak 151.55M) | Time:00:00.03 | Rendering 1 / 64 samples

[2025-07-28T16:42:02.785Z] [DEBUG] [511ba2b2-cd5c-4040-83ac-e4dc2f026bd3] Blender Output: Fra:127 Mem:119.91M (Peak 151.55M) | Time:00:00.18 | Rendering 25 / 64 samples

[2025-07-28T16:42:02.936Z] [DEBUG] [511ba2b2-cd5c-4040-83ac-e4dc2f026bd3] Blender Output: Fra:127 Mem:119.91M (Peak 151.55M) | Time:00:00.33 | Rendering 50 / 64 samples

[2025-07-28T16:42:03.020Z] [DEBUG] [511ba2b2-cd5c-4040-83ac-e4dc2f026bd3] Blender Output: Fra:127 Mem:119.91M (Peak 151.55M) | Time:00:00.41 | Rendering 64 / 64 samples

[2025-07-28T16:42:03.097Z] [DEBUG] [511ba2b2-cd5c-4040-83ac-e4dc2f026bd3] Blender Output: Append frame 127
Time: 00:00.49 (Saving: 00:00.03)


[2025-07-28T16:42:03.134Z] [DEBUG] [511ba2b2-cd5c-4040-83ac-e4dc2f026bd3] Blender Output: Fra:128 Mem:119.91M (Peak 151.55M) | Time:00:00.03 | Rendering 1 / 64 samples

[2025-07-28T16:42:03.284Z] [DEBUG] [511ba2b2-cd5c-4040-83ac-e4dc2f026bd3] Blender Output: Fra:128 Mem:119.91M (Peak 151.55M) | Time:00:00.18 | Rendering 25 / 64 samples

[2025-07-28T16:42:03.437Z] [DEBUG] [511ba2b2-cd5c-4040-83ac-e4dc2f026bd3] Blender Output: Fra:128 Mem:119.91M (Peak 151.55M) | Time:00:00.33 | Rendering 50 / 64 samples

[2025-07-28T16:42:03.522Z] [DEBUG] [511ba2b2-cd5c-4040-83ac-e4dc2f026bd3] Blender Output: Fra:128 Mem:119.91M (Peak 151.55M) | Time:00:00.42 | Rendering 64 / 64 samples

[2025-07-28T16:42:03.598Z] [DEBUG] [511ba2b2-cd5c-4040-83ac-e4dc2f026bd3] Blender Output: Append frame 128
Time: 00:00.50 (Saving: 00:00.03)


[2025-07-28T16:42:03.638Z] [DEBUG] [511ba2b2-cd5c-4040-83ac-e4dc2f026bd3] Blender Output: Fra:129 Mem:119.91M (Peak 151.55M) | Time:00:00.03 | Rendering 1 / 64 samples

[2025-07-28T16:42:03.789Z] [DEBUG] [511ba2b2-cd5c-4040-83ac-e4dc2f026bd3] Blender Output: Fra:129 Mem:119.91M (Peak 151.55M) | Time:00:00.19 | Rendering 25 / 64 samples

[2025-07-28T16:42:03.942Z] [DEBUG] [511ba2b2-cd5c-4040-83ac-e4dc2f026bd3] Blender Output: Fra:129 Mem:119.91M (Peak 151.55M) | Time:00:00.34 | Rendering 50 / 64 samples

[2025-07-28T16:42:04.029Z] [DEBUG] [511ba2b2-cd5c-4040-83ac-e4dc2f026bd3] Blender Output: Fra:129 Mem:119.91M (Peak 151.55M) | Time:00:00.43 | Rendering 64 / 64 samples

[2025-07-28T16:42:04.101Z] [DEBUG] [511ba2b2-cd5c-4040-83ac-e4dc2f026bd3] Blender Output: Append frame 129
Time: 00:00.50 (Saving: 00:00.03)


[2025-07-28T16:42:04.138Z] [DEBUG] [511ba2b2-cd5c-4040-83ac-e4dc2f026bd3] Blender Output: Fra:130 Mem:119.91M (Peak 151.55M) | Time:00:00.03 | Rendering 1 / 64 samples

[2025-07-28T16:42:04.290Z] [DEBUG] [511ba2b2-cd5c-4040-83ac-e4dc2f026bd3] Blender Output: Fra:130 Mem:119.91M (Peak 151.55M) | Time:00:00.18 | Rendering 25 / 64 samples

[2025-07-28T16:42:04.447Z] [DEBUG] [511ba2b2-cd5c-4040-83ac-e4dc2f026bd3] Blender Output: Fra:130 Mem:119.91M (Peak 151.55M) | Time:00:00.34 | Rendering 50 / 64 samples

[2025-07-28T16:42:04.533Z] [DEBUG] [511ba2b2-cd5c-4040-83ac-e4dc2f026bd3] Blender Output: Fra:130 Mem:119.91M (Peak 151.55M) | Time:00:00.43 | Rendering 64 / 64 samples

[2025-07-28T16:42:04.608Z] [DEBUG] [511ba2b2-cd5c-4040-83ac-e4dc2f026bd3] Blender Output: Append frame 130
Time: 00:00.50 (Saving: 00:00.03)


[2025-07-28T16:42:04.644Z] [DEBUG] [511ba2b2-cd5c-4040-83ac-e4dc2f026bd3] Blender Output: Fra:131 Mem:119.91M (Peak 151.55M) | Time:00:00.03 | Rendering 1 / 64 samples

[2025-07-28T16:42:04.803Z] [DEBUG] [511ba2b2-cd5c-4040-83ac-e4dc2f026bd3] Blender Output: Fra:131 Mem:119.91M (Peak 151.55M) | Time:00:00.19 | Rendering 25 / 64 samples

[2025-07-28T16:42:04.968Z] [DEBUG] [511ba2b2-cd5c-4040-83ac-e4dc2f026bd3] Blender Output: Fra:131 Mem:119.91M (Peak 151.55M) | Time:00:00.35 | Rendering 50 / 64 samples

[2025-07-28T16:42:05.055Z] [DEBUG] [511ba2b2-cd5c-4040-83ac-e4dc2f026bd3] Blender Output: Fra:131 Mem:119.91M (Peak 151.55M) | Time:00:00.44 | Rendering 64 / 64 samples

[2025-07-28T16:42:05.130Z] [DEBUG] [511ba2b2-cd5c-4040-83ac-e4dc2f026bd3] Blender Output: Append frame 131
Time: 00:00.52 (Saving: 00:00.03)


[2025-07-28T16:42:05.176Z] [DEBUG] [511ba2b2-cd5c-4040-83ac-e4dc2f026bd3] Blender Output: Fra:132 Mem:119.91M (Peak 151.55M) | Time:00:00.04 | Rendering 1 / 64 samples

[2025-07-28T16:42:05.331Z] [DEBUG] [511ba2b2-cd5c-4040-83ac-e4dc2f026bd3] Blender Output: Fra:132 Mem:119.91M (Peak 151.55M) | Time:00:00.20 | Rendering 25 / 64 samples

[2025-07-28T16:42:05.491Z] [DEBUG] [511ba2b2-cd5c-4040-83ac-e4dc2f026bd3] Blender Output: Fra:132 Mem:119.91M (Peak 151.55M) | Time:00:00.36 | Rendering 50 / 64 samples

[2025-07-28T16:42:05.580Z] [DEBUG] [511ba2b2-cd5c-4040-83ac-e4dc2f026bd3] Blender Output: Fra:132 Mem:119.91M (Peak 151.55M) | Time:00:00.45 | Rendering 64 / 64 samples

[2025-07-28T16:42:05.656Z] [DEBUG] [511ba2b2-cd5c-4040-83ac-e4dc2f026bd3] Blender Output: Append frame 132
Time: 00:00.52 (Saving: 00:00.03)


[2025-07-28T16:42:05.691Z] [DEBUG] [511ba2b2-cd5c-4040-83ac-e4dc2f026bd3] Blender Output: Fra:133 Mem:119.91M (Peak 151.55M) | Time:00:00.03 | Rendering 1 / 64 samples

[2025-07-28T16:42:05.845Z] [DEBUG] [511ba2b2-cd5c-4040-83ac-e4dc2f026bd3] Blender Output: Fra:133 Mem:119.91M (Peak 151.55M) | Time:00:00.18 | Rendering 25 / 64 samples

[2025-07-28T16:42:06.000Z] [DEBUG] [511ba2b2-cd5c-4040-83ac-e4dc2f026bd3] Blender Output: Fra:133 Mem:119.91M (Peak 151.55M) | Time:00:00.34 | Rendering 50 / 64 samples

[2025-07-28T16:42:06.086Z] [DEBUG] [511ba2b2-cd5c-4040-83ac-e4dc2f026bd3] Blender Output: Fra:133 Mem:119.91M (Peak 151.55M) | Time:00:00.43 | Rendering 64 / 64 samples

[2025-07-28T16:42:06.158Z] [DEBUG] [511ba2b2-cd5c-4040-83ac-e4dc2f026bd3] Blender Output: Append frame 133
Time: 00:00.50 (Saving: 00:00.03)


[2025-07-28T16:42:06.194Z] [DEBUG] [511ba2b2-cd5c-4040-83ac-e4dc2f026bd3] Blender Output: Fra:134 Mem:119.91M (Peak 151.55M) | Time:00:00.03 | Rendering 1 / 64 samples

[2025-07-28T16:42:06.347Z] [DEBUG] [511ba2b2-cd5c-4040-83ac-e4dc2f026bd3] Blender Output: Fra:134 Mem:119.91M (Peak 151.55M) | Time:00:00.18 | Rendering 25 / 64 samples

[2025-07-28T16:42:06.505Z] [DEBUG] [511ba2b2-cd5c-4040-83ac-e4dc2f026bd3] Blender Output: Fra:134 Mem:119.91M (Peak 151.55M) | Time:00:00.34 | Rendering 50 / 64 samples

[2025-07-28T16:42:06.592Z] [DEBUG] [511ba2b2-cd5c-4040-83ac-e4dc2f026bd3] Blender Output: Fra:134 Mem:119.91M (Peak 151.55M) | Time:00:00.43 | Rendering 64 / 64 samples

[2025-07-28T16:42:06.669Z] [DEBUG] [511ba2b2-cd5c-4040-83ac-e4dc2f026bd3] Blender Output: Append frame 134
Time: 00:00.51 (Saving: 00:00.03)


[2025-07-28T16:42:06.705Z] [DEBUG] [511ba2b2-cd5c-4040-83ac-e4dc2f026bd3] Blender Output: Fra:135 Mem:119.91M (Peak 151.55M) | Time:00:00.03 | Rendering 1 / 64 samples

[2025-07-28T16:42:06.857Z] [DEBUG] [511ba2b2-cd5c-4040-83ac-e4dc2f026bd3] Blender Output: Fra:135 Mem:119.91M (Peak 151.55M) | Time:00:00.18 | Rendering 25 / 64 samples

[2025-07-28T16:42:07.012Z] [DEBUG] [511ba2b2-cd5c-4040-83ac-e4dc2f026bd3] Blender Output: Fra:135 Mem:119.91M (Peak 151.55M) | Time:00:00.34 | Rendering 50 / 64 samples

[2025-07-28T16:42:07.099Z] [DEBUG] [511ba2b2-cd5c-4040-83ac-e4dc2f026bd3] Blender Output: Fra:135 Mem:119.91M (Peak 151.55M) | Time:00:00.43 | Rendering 64 / 64 samples

[2025-07-28T16:42:07.173Z] [DEBUG] [511ba2b2-cd5c-4040-83ac-e4dc2f026bd3] Blender Output: Append frame 135
Time: 00:00.50 (Saving: 00:00.03)


[2025-07-28T16:42:07.210Z] [DEBUG] [511ba2b2-cd5c-4040-83ac-e4dc2f026bd3] Blender Output: Fra:136 Mem:119.91M (Peak 151.55M) | Time:00:00.03 | Rendering 1 / 64 samples

[2025-07-28T16:42:07.361Z] [DEBUG] [511ba2b2-cd5c-4040-83ac-e4dc2f026bd3] Blender Output: Fra:136 Mem:119.91M (Peak 151.55M) | Time:00:00.18 | Rendering 25 / 64 samples

[2025-07-28T16:42:07.515Z] [DEBUG] [511ba2b2-cd5c-4040-83ac-e4dc2f026bd3] Blender Output: Fra:136 Mem:119.91M (Peak 151.55M) | Time:00:00.34 | Rendering 50 / 64 samples

[2025-07-28T16:42:07.600Z] [DEBUG] [511ba2b2-cd5c-4040-83ac-e4dc2f026bd3] Blender Output: Fra:136 Mem:119.91M (Peak 151.55M) | Time:00:00.42 | Rendering 64 / 64 samples

[2025-07-28T16:42:07.676Z] [DEBUG] [511ba2b2-cd5c-4040-83ac-e4dc2f026bd3] Blender Output: Append frame 136
Time: 00:00.50 (Saving: 00:00.03)


[2025-07-28T16:42:07.713Z] [DEBUG] [511ba2b2-cd5c-4040-83ac-e4dc2f026bd3] Blender Output: Fra:137 Mem:119.91M (Peak 151.55M) | Time:00:00.03 | Rendering 1 / 64 samples

[2025-07-28T16:42:07.862Z] [DEBUG] [511ba2b2-cd5c-4040-83ac-e4dc2f026bd3] Blender Output: Fra:137 Mem:119.91M (Peak 151.55M) | Time:00:00.18 | Rendering 25 / 64 samples

[2025-07-28T16:42:08.014Z] [DEBUG] [511ba2b2-cd5c-4040-83ac-e4dc2f026bd3] Blender Output: Fra:137 Mem:119.91M (Peak 151.55M) | Time:00:00.33 | Rendering 50 / 64 samples

[2025-07-28T16:42:08.102Z] [DEBUG] [511ba2b2-cd5c-4040-83ac-e4dc2f026bd3] Blender Output: Fra:137 Mem:119.91M (Peak 151.55M) | Time:00:00.42 | Rendering 64 / 64 samples

[2025-07-28T16:42:08.179Z] [DEBUG] [511ba2b2-cd5c-4040-83ac-e4dc2f026bd3] Blender Output: Append frame 137
Time: 00:00.50 (Saving: 00:00.03)


[2025-07-28T16:42:08.215Z] [DEBUG] [511ba2b2-cd5c-4040-83ac-e4dc2f026bd3] Blender Output: Fra:138 Mem:119.91M (Peak 151.55M) | Time:00:00.03 | Rendering 1 / 64 samples

[2025-07-28T16:42:08.365Z] [DEBUG] [511ba2b2-cd5c-4040-83ac-e4dc2f026bd3] Blender Output: Fra:138 Mem:119.91M (Peak 151.55M) | Time:00:00.18 | Rendering 25 / 64 samples

[2025-07-28T16:42:08.519Z] [DEBUG] [511ba2b2-cd5c-4040-83ac-e4dc2f026bd3] Blender Output: Fra:138 Mem:119.91M (Peak 151.55M) | Time:00:00.34 | Rendering 50 / 64 samples

[2025-07-28T16:42:08.605Z] [DEBUG] [511ba2b2-cd5c-4040-83ac-e4dc2f026bd3] Blender Output: Fra:138 Mem:119.91M (Peak 151.55M) | Time:00:00.42 | Rendering 64 / 64 samples

[2025-07-28T16:42:08.684Z] [DEBUG] [511ba2b2-cd5c-4040-83ac-e4dc2f026bd3] Blender Output: Append frame 138
Time: 00:00.50 (Saving: 00:00.03)


[2025-07-28T16:42:08.720Z] [DEBUG] [511ba2b2-cd5c-4040-83ac-e4dc2f026bd3] Blender Output: Fra:139 Mem:119.91M (Peak 151.55M) | Time:00:00.03 | Rendering 1 / 64 samples

[2025-07-28T16:42:08.871Z] [DEBUG] [511ba2b2-cd5c-4040-83ac-e4dc2f026bd3] Blender Output: Fra:139 Mem:119.91M (Peak 151.55M) | Time:00:00.18 | Rendering 25 / 64 samples

[2025-07-28T16:42:09.025Z] [DEBUG] [511ba2b2-cd5c-4040-83ac-e4dc2f026bd3] Blender Output: Fra:139 Mem:119.91M (Peak 151.55M) | Time:00:00.34 | Rendering 50 / 64 samples

[2025-07-28T16:42:09.111Z] [DEBUG] [511ba2b2-cd5c-4040-83ac-e4dc2f026bd3] Blender Output: Fra:139 Mem:119.91M (Peak 151.55M) | Time:00:00.42 | Rendering 64 / 64 samples

[2025-07-28T16:42:09.186Z] [DEBUG] [511ba2b2-cd5c-4040-83ac-e4dc2f026bd3] Blender Output: Append frame 139
Time: 00:00.50 (Saving: 00:00.03)


[2025-07-28T16:42:09.222Z] [DEBUG] [511ba2b2-cd5c-4040-83ac-e4dc2f026bd3] Blender Output: Fra:140 Mem:119.91M (Peak 151.55M) | Time:00:00.03 | Rendering 1 / 64 samples

[2025-07-28T16:42:09.371Z] [DEBUG] [511ba2b2-cd5c-4040-83ac-e4dc2f026bd3] Blender Output: Fra:140 Mem:119.91M (Peak 151.55M) | Time:00:00.18 | Rendering 25 / 64 samples

[2025-07-28T16:42:09.524Z] [DEBUG] [511ba2b2-cd5c-4040-83ac-e4dc2f026bd3] Blender Output: Fra:140 Mem:119.91M (Peak 151.55M) | Time:00:00.33 | Rendering 50 / 64 samples

[2025-07-28T16:42:09.610Z] [DEBUG] [511ba2b2-cd5c-4040-83ac-e4dc2f026bd3] Blender Output: Fra:140 Mem:119.91M (Peak 151.55M) | Time:00:00.42 | Rendering 64 / 64 samples

[2025-07-28T16:42:09.686Z] [DEBUG] [511ba2b2-cd5c-4040-83ac-e4dc2f026bd3] Blender Output: Append frame 140
Time: 00:00.49 (Saving: 00:00.03)


[2025-07-28T16:42:09.722Z] [DEBUG] [511ba2b2-cd5c-4040-83ac-e4dc2f026bd3] Blender Output: Fra:141 Mem:119.91M (Peak 151.55M) | Time:00:00.03 | Rendering 1 / 64 samples

[2025-07-28T16:42:09.874Z] [DEBUG] [511ba2b2-cd5c-4040-83ac-e4dc2f026bd3] Blender Output: Fra:141 Mem:119.91M (Peak 151.55M) | Time:00:00.18 | Rendering 25 / 64 samples

[2025-07-28T16:42:10.032Z] [DEBUG] [511ba2b2-cd5c-4040-83ac-e4dc2f026bd3] Blender Output: Fra:141 Mem:119.91M (Peak 151.55M) | Time:00:00.34 | Rendering 50 / 64 samples

[2025-07-28T16:42:10.118Z] [DEBUG] [511ba2b2-cd5c-4040-83ac-e4dc2f026bd3] Blender Output: Fra:141 Mem:119.91M (Peak 151.55M) | Time:00:00.43 | Rendering 64 / 64 samples

[2025-07-28T16:42:10.191Z] [DEBUG] [511ba2b2-cd5c-4040-83ac-e4dc2f026bd3] Blender Output: Append frame 141
Time: 00:00.50 (Saving: 00:00.03)


[2025-07-28T16:42:10.228Z] [DEBUG] [511ba2b2-cd5c-4040-83ac-e4dc2f026bd3] Blender Output: Fra:142 Mem:119.91M (Peak 151.55M) | Time:00:00.03 | Rendering 1 / 64 samples

[2025-07-28T16:42:10.379Z] [DEBUG] [511ba2b2-cd5c-4040-83ac-e4dc2f026bd3] Blender Output: Fra:142 Mem:119.91M (Peak 151.55M) | Time:00:00.18 | Rendering 25 / 64 samples

[2025-07-28T16:42:10.532Z] [DEBUG] [511ba2b2-cd5c-4040-83ac-e4dc2f026bd3] Blender Output: Fra:142 Mem:119.91M (Peak 151.55M) | Time:00:00.34 | Rendering 50 / 64 samples

[2025-07-28T16:42:10.616Z] [DEBUG] [511ba2b2-cd5c-4040-83ac-e4dc2f026bd3] Blender Output: Fra:142 Mem:119.91M (Peak 151.55M) | Time:00:00.42 | Rendering 64 / 64 samples

[2025-07-28T16:42:10.690Z] [DEBUG] [511ba2b2-cd5c-4040-83ac-e4dc2f026bd3] Blender Output: Append frame 142
Time: 00:00.49 (Saving: 00:00.03)


[2025-07-28T16:42:10.862Z] [DEBUG] [511ba2b2-cd5c-4040-83ac-e4dc2f026bd3] Blender Output: 🎯 V1.4.0.a.8.1 - HOTFIX BLENDER 4.5+ INICIADO
🛡️ BLINDAGEM: V1.4.0.a.7 sync perfeito preservado
🔧 HOTFIX: APIs compatíveis com Blender 4.5+ e EEVEE_NEXT
📂 Working directory: C:\Users\Denys Victoriano\Documents\GitHub\clone\zentraw\Zentraw\3d_visualizer\Blender
🐍 Python script: C:\Users\Denys Victoriano\Documents\GitHub\clone\zentraw\Zentraw\3d_visualizer\Blender\render_audio_visualizer_v1.4.0.a.8.1.py
🔍 Verificando existência dos arquivos...
✅ Todos os arquivos validados com sucesso
🎵 Áudio: C:\Users\Denys Victoriano\Documents\GitHub\clone\zentraw\Zentraw\3d_visualizer\uploads\1753720855050_audio.wav
🖼️ Imagem: C:\Users\Denys Victoriano\Documents\GitHub\clone\zentraw\Zentraw\3d_visualizer\uploads\1753720855054_image.png
📁 Output (absoluto): C:\Users\Denys Victoriano\Documents\GitHub\clone\zentraw\Zentraw\3d_visualizer\outputs\output_v1.4.0.a.8.mp4
⚙️ Config: C:\Users\Denys Victoriano\Documents\GitHub\clone\zentraw\Zentraw\3d_visualizer\temp\config_511ba2b2-cd5c-4040-83ac-e4dc2f026bd3.json
📊 CONFIGURAÇÕES APLICADAS V1.4.0.a.8.1 HOTFIX:
   🎬 Resolução: 1920x1080 (Full HD padrão)
   🎞️ FPS: 30
   🔍 Samples: 128
   ⚡ Engine: BLENDER_EEVEE_NEXT (Eevee Next padrão - Blender 4.5+)
   📊 Amplitude Multiplier: 3.0x (V1.4.0.a.7 BLINDADO)
   🌊 Suavização: 1
   🎧 Canais: mono
   📦 Escala Base: 1.0x
   📈 Escala Máxima: 5.0x
   🎯 Partículas: 64
   📏 Espaçamento: 1.2
🎬 Setting up scene...
🚀 Render engine: BLENDER_EEVEE_NEXT
📐 Resolução: 1920x1080
⚡ Eevee configurado para velocidade (samples: 64)
✅ Samples Eevee configurados
🔒 Definindo caminho de saída do render: C:\Users\Denys Victoriano\Documents\GitHub\clone\zentraw\Zentraw\3d_visualizer\outputs\output_v1.4.0.a.8.mp4
🎵 Carregando áudio...
🎵 Áudio carregado: 227324 samples, 48000Hz, 2 canais
⏱️ Duração: 4.74s, 142 frames @ 30fps
🎯 Criando sistema de cubos...
✅ 64 cubos criados
🎵 Animando baseado no áudio...
✅ Animação completa
🖼️ Adicionando imagem de fundo: C:\Users\Denys Victoriano\Documents\GitHub\clone\zentraw\Zentraw\3d_visualizer\uploads\1753720855054_image.png
🎵 Configurando áudio no sequencer...
🎬 Iniciando render...
📊 Engine: BLENDER_EEVEE_NEXT
📐 Resolução: 1920x1080
⏱️ Frames: 142
🎵 Com áudio: True
🎉 Render concluído com sucesso!
📂 Arquivos no diretório de saída (C:\Users\Denys Victoriano\Documents\GitHub\clone\zentraw\Zentraw\3d_visualizer\outputs):
 - output_v1.4.0.a.8.mp4
✅ Arquivo MP4 gerado: C:\Users\Denys Victoriano\Documents\GitHub\clone\zentraw\Zentraw\3d_visualizer\outputs\output_v1.4.0.a.8.mp4

[2025-07-28T16:42:11.108Z] [DEBUG] [511ba2b2-cd5c-4040-83ac-e4dc2f026bd3] Blender Output: 
Blender quit

[2025-07-28T16:42:11.159Z] [INFO] [511ba2b2-cd5c-4040-83ac-e4dc2f026bd3] Blender process finalizado com código: 0
[2025-07-28T16:42:11.160Z] [SUCCESS] [511ba2b2-cd5c-4040-83ac-e4dc2f026bd3] Render concluído: C:\Users\Denys Victoriano\Documents\GitHub\clone\zentraw\Zentraw\3d_visualizer\outputs\output_v1.4.0.a.8.mp4
[2025-07-28T17:09:39.388Z] [INFO] 🚀 Zentraw V1.4.0.a.8 Backend iniciado na porta 3004
[2025-07-28T17:09:39.390Z] [INFO] 🛡️ Sistema de blindagem V1.4.0.a.7 ativo
[2025-07-28T17:09:39.391Z] [INFO] ⚙️ Interface parametrizada completa disponível
[2025-07-28T17:09:39.391Z] [INFO] 📁 Diretórios: uploads=C:\Users\Denys Victoriano\Documents\GitHub\clone\zentraw\Zentraw\3d_visualizer\uploads, outputs=C:\Users\Denys Victoriano\Documents\GitHub\clone\zentraw\Zentraw\3d_visualizer\outputs, logs=C:\Users\Denys Victoriano\Documents\GitHub\clone\zentraw\Zentraw\3d_visualizer\logs
[2025-07-28T17:09:42.754Z] [INFO] Health check solicitado
[2025-07-28T17:09:56.732Z] [INFO] [46bf38a8-becf-41ca-ac7d-05eee5476705] Iniciando render parametrizado
[2025-07-28T17:09:56.732Z] [DEBUG] [46bf38a8-becf-41ca-ac7d-05eee5476705] 🔍 DEBUG - audioFile: {"fieldname":"audio","originalname":"sample_audio3.wav","encoding":"7bit","mimetype":"audio/wav","destination":"C:\\Users\\Denys Victoriano\\Documents\\GitHub\\clone\\zentraw\\Zentraw\\3d_visualizer\\uploads","filename":"1753722596727_audio.wav","path":"C:\\Users\\Denys Victoriano\\Documents\\GitHub\\clone\\zentraw\\Zentraw\\3d_visualizer\\uploads\\1753722596727_audio.wav","size":909502}
[2025-07-28T17:09:56.733Z] [DEBUG] [46bf38a8-becf-41ca-ac7d-05eee5476705] 🔍 DEBUG - imageFile: {"fieldname":"image","originalname":"sample_cover.jpg","encoding":"7bit","mimetype":"image/jpeg","destination":"C:\\Users\\Denys Victoriano\\Documents\\GitHub\\clone\\zentraw\\Zentraw\\3d_visualizer\\uploads","filename":"1753722596730_image.jpg","path":"C:\\Users\\Denys Victoriano\\Documents\\GitHub\\clone\\zentraw\\Zentraw\\3d_visualizer\\uploads\\1753722596730_image.jpg","size":362360}
[2025-07-28T17:09:56.838Z] [INFO] [46bf38a8-becf-41ca-ac7d-05eee5476705] Executando Blender: C:\Program Files\Blender Foundation\Blender 4.5\blender.exe C:\Users\Denys Victoriano\Documents\GitHub\clone\zentraw\Zentraw\3d_visualizer\Blender\template.blend --background --python C:\Users\Denys Victoriano\Documents\GitHub\clone\zentraw\Zentraw\3d_visualizer\Blender\render_audio_visualizer_v1.4.0.a.8.1.py -- C:\Users\Denys Victoriano\Documents\GitHub\clone\zentraw\Zentraw\3d_visualizer\uploads\1753722596727_audio.wav C:\Users\Denys Victoriano\Documents\GitHub\clone\zentraw\Zentraw\3d_visualizer\uploads\1753722596730_image.jpg C:\Users\Denys Victoriano\Documents\GitHub\clone\zentraw\Zentraw\3d_visualizer\outputs\output_v1.4.0.a.8.mp4 C:\Users\Denys Victoriano\Documents\GitHub\clone\zentraw\Zentraw\3d_visualizer\temp\config_46bf38a8-becf-41ca-ac7d-05eee5476705.json
[2025-07-28T17:10:02.799Z] [DEBUG] [46bf38a8-becf-41ca-ac7d-05eee5476705] Blender Output: Blender 4.5.0 (hash 8cb6b388974a built 2025-07-15 01:36:24)
Read blend: "C:\Users\Denys Victoriano\Documents\GitHub\clone\zentraw\Zentraw\3d_visualizer\Blender\template.blend"

[2025-07-28T17:10:02.830Z] [DEBUG] [46bf38a8-becf-41ca-ac7d-05eee5476705] Blender Output: 🎯 V1.4.0.a.8.1 - HOTFIX BLENDER 4.5+ INICIADO
🛡️ BLINDAGEM: V1.4.0.a.7 sync perfeito preservado
🔧 HOTFIX: APIs compatíveis com Blender 4.5+ e EEVEE_NEXT
📂 Working directory: C:\Users\Denys Victoriano\Documents\GitHub\clone\zentraw\Zentraw\3d_visualizer\Blender
🐍 Python script: C:\Users\Denys Victoriano\Documents\GitHub\clone\zentraw\Zentraw\3d_visualizer\Blender\render_audio_visualizer_v1.4.0.a.8.1.py
🔍 Verificando existência dos arquivos...
✅ Todos os arquivos validados com sucesso
🎵 Áudio: C:\Users\Denys Victoriano\Documents\GitHub\clone\zentraw\Zentraw\3d_visualizer\uploads\1753722596727_audio.wav
🖼️ Imagem: C:\Users\Denys Victoriano\Documents\GitHub\clone\zentraw\Zentraw\3d_visualizer\uploads\1753722596730_image.jpg
📁 Output (absoluto): C:\Users\Denys Victoriano\Documents\GitHub\clone\zentraw\Zentraw\3d_visualizer\outputs\output_v1.4.0.a.8.mp4
⚙️ Config: C:\Users\Denys Victoriano\Documents\GitHub\clone\zentraw\Zentraw\3d_visualizer\temp\config_46bf38a8-becf-41ca-ac7d-05eee5476705.json
📊 CONFIGURAÇÕES APLICADAS V1.4.0.a.8.1 HOTFIX:
   🎬 Resolução: 1920x1080 (Full HD padrão)
   🎞️ FPS: 30
   🔍 Samples: 128
   ⚡ Engine: BLENDER_EEVEE_NEXT (Eevee Next padrão - Blender 4.5+)
   📊 Amplitude Multiplier: 3.0x (V1.4.0.a.7 BLINDADO)
   🌊 Suavização: 1
   🎧 Canais: mono
   📦 Escala Base: 1.0x
   📈 Escala Máxima: 5.0x
   🎯 Partículas: 64
   📏 Espaçamento: 1.2
🎬 Setting up scene...
🚀 Render engine: BLENDER_EEVEE_NEXT
📐 Resolução: 1920x1080
⚡ Eevee configurado para velocidade (samples: 64)
✅ Samples Eevee configurados
🔒 Definindo caminho de saída do render: C:\Users\Denys Victoriano\Documents\GitHub\clone\zentraw\Zentraw\3d_visualizer\outputs\output_v1.4.0.a.8.mp4
🎵 Carregando áudio...
🎵 Áudio carregado: 227324 samples, 48000Hz, 2 canais
⏱️ Duração: 4.74s, 142 frames @ 30fps
🎯 Criando sistema de cubos...
✅ 64 cubos criados
🎵 Animando baseado no áudio...
✅ Animação completa
🖼️ Adicionando imagem de fundo: C:\Users\Denys Victoriano\Documents\GitHub\clone\zentraw\Zentraw\3d_visualizer\uploads\1753722596730_image.jpg
🎵 Configurando áudio no sequencer...
🎬 Iniciando render...
📊 Engine: BLENDER_EEVEE_NEXT
📐 Resolução: 1920x1080
⏱️ Frames: 142
🎵 Com áudio: True
Error: Could not open file for writing
❌ Erro durante render: Error: Could not open file for writing


[2025-07-28T17:10:02.971Z] [INFO] [46bf38a8-becf-41ca-ac7d-05eee5476705] Blender process finalizado com código: 1
[2025-07-28T17:10:02.972Z] [ERROR] [46bf38a8-becf-41ca-ac7d-05eee5476705] Render falhou com código: 1
[2025-07-28T18:14:37.333Z] [INFO] 🚀 Zentraw V1.4.0.a.8 Backend iniciado na porta 3004
[2025-07-28T18:14:37.335Z] [INFO] 🛡️ Sistema de blindagem V1.4.0.a.7 ativo
[2025-07-28T18:14:37.335Z] [INFO] ⚙️ Interface parametrizada completa disponível
[2025-07-28T18:14:37.336Z] [INFO] 📁 Diretórios: uploads=C:\Users\Denys Victoriano\Documents\GitHub\clone\zentraw\Zentraw\3d_visualizer\uploads, outputs=C:\Users\Denys Victoriano\Documents\GitHub\clone\zentraw\Zentraw\3d_visualizer\outputs, logs=C:\Users\Denys Victoriano\Documents\GitHub\clone\zentraw\Zentraw\3d_visualizer\logs
[2025-07-28T18:14:47.178Z] [INFO] Health check solicitado
[2025-07-28T18:15:01.282Z] [INFO] [b3956020-4720-4fdb-8e87-669f42c88115] Iniciando render parametrizado
[2025-07-28T18:15:01.283Z] [DEBUG] [b3956020-4720-4fdb-8e87-669f42c88115] 🔍 DEBUG - audioFile: {"fieldname":"audio","originalname":"sample_audio3.wav","encoding":"7bit","mimetype":"audio/wav","destination":"C:\\Users\\Denys Victoriano\\Documents\\GitHub\\clone\\zentraw\\Zentraw\\3d_visualizer\\uploads","filename":"1753726501254_audio.wav","path":"C:\\Users\\Denys Victoriano\\Documents\\GitHub\\clone\\zentraw\\Zentraw\\3d_visualizer\\uploads\\1753726501254_audio.wav","size":909502}
[2025-07-28T18:15:01.283Z] [DEBUG] [b3956020-4720-4fdb-8e87-669f42c88115] 🔍 DEBUG - imageFile: {"fieldname":"image","originalname":"cover_spotify.png","encoding":"7bit","mimetype":"image/png","destination":"C:\\Users\\Denys Victoriano\\Documents\\GitHub\\clone\\zentraw\\Zentraw\\3d_visualizer\\uploads","filename":"1753726501257_image.png","path":"C:\\Users\\Denys Victoriano\\Documents\\GitHub\\clone\\zentraw\\Zentraw\\3d_visualizer\\uploads\\1753726501257_image.png","size":6594976}
[2025-07-28T18:15:01.388Z] [INFO] [b3956020-4720-4fdb-8e87-669f42c88115] Executando Blender: C:\Program Files\Blender Foundation\Blender 4.5\blender.exe C:\Users\Denys Victoriano\Documents\GitHub\clone\zentraw\Zentraw\3d_visualizer\Blender\template.blend --background --python C:\Users\Denys Victoriano\Documents\GitHub\clone\zentraw\Zentraw\3d_visualizer\Blender\render_audio_visualizer_v1.4.0.a.8.1.py -- C:\Users\Denys Victoriano\Documents\GitHub\clone\zentraw\Zentraw\3d_visualizer\uploads\1753726501254_audio.wav C:\Users\Denys Victoriano\Documents\GitHub\clone\zentraw\Zentraw\3d_visualizer\uploads\1753726501257_image.png C:\Users\Denys Victoriano\Documents\GitHub\clone\zentraw\Zentraw\3d_visualizer\outputs\output_v1.4.0.a.8.mp4 C:\Users\Denys Victoriano\Documents\GitHub\clone\zentraw\Zentraw\3d_visualizer\temp\config_b3956020-4720-4fdb-8e87-669f42c88115.json
[2025-07-28T18:15:05.040Z] [DEBUG] [b3956020-4720-4fdb-8e87-669f42c88115] Blender Output: Blender 4.5.0 (hash 8cb6b388974a built 2025-07-15 01:36:24)
Read blend: "C:\Users\Denys Victoriano\Documents\GitHub\clone\zentraw\Zentraw\3d_visualizer\Blender\template.blend"
Fra:1 Mem:119.40M (Peak 132.71M) | Time:00:00.69 | Rendering 1 / 64 samples

[2025-07-28T18:15:05.183Z] [DEBUG] [b3956020-4720-4fdb-8e87-669f42c88115] Blender Output: Fra:1 Mem:119.72M (Peak 132.71M) | Time:00:00.84 | Rendering 25 / 64 samples

[2025-07-28T18:15:05.322Z] [DEBUG] [b3956020-4720-4fdb-8e87-669f42c88115] Blender Output: Fra:1 Mem:119.72M (Peak 132.71M) | Time:00:00.98 | Rendering 50 / 64 samples

[2025-07-28T18:15:05.397Z] [DEBUG] [b3956020-4720-4fdb-8e87-669f42c88115] Blender Output: Fra:1 Mem:119.72M (Peak 132.71M) | Time:00:01.05 | Rendering 64 / 64 samples

[2025-07-28T18:15:05.678Z] [DEBUG] [b3956020-4720-4fdb-8e87-669f42c88115] Blender Output: Append frame 1
Time: 00:01.33 (Saving: 00:00.23)


[2025-07-28T18:15:05.731Z] [DEBUG] [b3956020-4720-4fdb-8e87-669f42c88115] Blender Output: Fra:2 Mem:119.86M (Peak 151.36M) | Time:00:00.05 | Rendering 1 / 64 samples

[2025-07-28T18:15:05.881Z] [DEBUG] [b3956020-4720-4fdb-8e87-669f42c88115] Blender Output: Fra:2 Mem:119.91M (Peak 151.36M) | Time:00:00.20 | Rendering 25 / 64 samples

[2025-07-28T18:15:06.036Z] [DEBUG] [b3956020-4720-4fdb-8e87-669f42c88115] Blender Output: Fra:2 Mem:119.91M (Peak 151.36M) | Time:00:00.35 | Rendering 50 / 64 samples

[2025-07-28T18:15:06.123Z] [DEBUG] [b3956020-4720-4fdb-8e87-669f42c88115] Blender Output: Fra:2 Mem:119.91M (Peak 151.36M) | Time:00:00.44 | Rendering 64 / 64 samples

[2025-07-28T18:15:06.220Z] [DEBUG] [b3956020-4720-4fdb-8e87-669f42c88115] Blender Output: Append frame 2
Time: 00:00.54 (Saving: 00:00.04)


[2025-07-28T18:15:06.255Z] [DEBUG] [b3956020-4720-4fdb-8e87-669f42c88115] Blender Output: Fra:3 Mem:119.91M (Peak 151.55M) | Time:00:00.03 | Rendering 1 / 64 samples

[2025-07-28T18:15:06.407Z] [DEBUG] [b3956020-4720-4fdb-8e87-669f42c88115] Blender Output: Fra:3 Mem:119.91M (Peak 151.55M) | Time:00:00.18 | Rendering 25 / 64 samples

[2025-07-28T18:15:06.561Z] [DEBUG] [b3956020-4720-4fdb-8e87-669f42c88115] Blender Output: Fra:3 Mem:119.91M (Peak 151.55M) | Time:00:00.34 | Rendering 50 / 64 samples

[2025-07-28T18:15:06.648Z] [DEBUG] [b3956020-4720-4fdb-8e87-669f42c88115] Blender Output: Fra:3 Mem:119.91M (Peak 151.55M) | Time:00:00.42 | Rendering 64 / 64 samples

[2025-07-28T18:15:06.729Z] [DEBUG] [b3956020-4720-4fdb-8e87-669f42c88115] Blender Output: Append frame 3
Time: 00:00.50 (Saving: 00:00.03)


[2025-07-28T18:15:06.766Z] [DEBUG] [b3956020-4720-4fdb-8e87-669f42c88115] Blender Output: Fra:4 Mem:119.91M (Peak 151.55M) | Time:00:00.03 | Rendering 1 / 64 samples

[2025-07-28T18:15:06.918Z] [DEBUG] [b3956020-4720-4fdb-8e87-669f42c88115] Blender Output: Fra:4 Mem:119.91M (Peak 151.55M) | Time:00:00.18 | Rendering 25 / 64 samples

[2025-07-28T18:15:07.071Z] [DEBUG] [b3956020-4720-4fdb-8e87-669f42c88115] Blender Output: Fra:4 Mem:119.91M (Peak 151.55M) | Time:00:00.34 | Rendering 50 / 64 samples

[2025-07-28T18:15:07.158Z] [DEBUG] [b3956020-4720-4fdb-8e87-669f42c88115] Blender Output: Fra:4 Mem:119.91M (Peak 151.55M) | Time:00:00.42 | Rendering 64 / 64 samples

[2025-07-28T18:15:07.236Z] [DEBUG] [b3956020-4720-4fdb-8e87-669f42c88115] Blender Output: Append frame 4
Time: 00:00.50 (Saving: 00:00.03)


[2025-07-28T18:15:07.272Z] [DEBUG] [b3956020-4720-4fdb-8e87-669f42c88115] Blender Output: Fra:5 Mem:119.91M (Peak 151.55M) | Time:00:00.03 | Rendering 1 / 64 samples

[2025-07-28T18:15:07.425Z] [DEBUG] [b3956020-4720-4fdb-8e87-669f42c88115] Blender Output: Fra:5 Mem:119.91M (Peak 151.55M) | Time:00:00.18 | Rendering 25 / 64 samples

[2025-07-28T18:15:07.580Z] [DEBUG] [b3956020-4720-4fdb-8e87-669f42c88115] Blender Output: Fra:5 Mem:119.91M (Peak 151.55M) | Time:00:00.34 | Rendering 50 / 64 samples

[2025-07-28T18:15:07.666Z] [DEBUG] [b3956020-4720-4fdb-8e87-669f42c88115] Blender Output: Fra:5 Mem:119.91M (Peak 151.55M) | Time:00:00.43 | Rendering 64 / 64 samples

[2025-07-28T18:15:07.744Z] [DEBUG] [b3956020-4720-4fdb-8e87-669f42c88115] Blender Output: Append frame 5
Time: 00:00.50 (Saving: 00:00.03)


[2025-07-28T18:15:07.781Z] [DEBUG] [b3956020-4720-4fdb-8e87-669f42c88115] Blender Output: Fra:6 Mem:119.91M (Peak 151.55M) | Time:00:00.03 | Rendering 1 / 64 samples

[2025-07-28T18:15:07.933Z] [DEBUG] [b3956020-4720-4fdb-8e87-669f42c88115] Blender Output: Fra:6 Mem:119.91M (Peak 151.55M) | Time:00:00.18 | Rendering 25 / 64 samples

[2025-07-28T18:15:08.086Z] [DEBUG] [b3956020-4720-4fdb-8e87-669f42c88115] Blender Output: Fra:6 Mem:119.91M (Peak 151.55M) | Time:00:00.34 | Rendering 50 / 64 samples

[2025-07-28T18:15:08.172Z] [DEBUG] [b3956020-4720-4fdb-8e87-669f42c88115] Blender Output: Fra:6 Mem:119.91M (Peak 151.55M) | Time:00:00.42 | Rendering 64 / 64 samples

[2025-07-28T18:15:08.250Z] [DEBUG] [b3956020-4720-4fdb-8e87-669f42c88115] Blender Output: Append frame 6
Time: 00:00.50 (Saving: 00:00.03)


[2025-07-28T18:15:08.286Z] [DEBUG] [b3956020-4720-4fdb-8e87-669f42c88115] Blender Output: Fra:7 Mem:119.91M (Peak 151.55M) | Time:00:00.03 | Rendering 1 / 64 samples

[2025-07-28T18:15:08.437Z] [DEBUG] [b3956020-4720-4fdb-8e87-669f42c88115] Blender Output: Fra:7 Mem:119.91M (Peak 151.55M) | Time:00:00.18 | Rendering 25 / 64 samples

[2025-07-28T18:15:08.591Z] [DEBUG] [b3956020-4720-4fdb-8e87-669f42c88115] Blender Output: Fra:7 Mem:119.91M (Peak 151.55M) | Time:00:00.34 | Rendering 50 / 64 samples

[2025-07-28T18:15:08.677Z] [DEBUG] [b3956020-4720-4fdb-8e87-669f42c88115] Blender Output: Fra:7 Mem:119.91M (Peak 151.55M) | Time:00:00.42 | Rendering 64 / 64 samples

[2025-07-28T18:15:08.754Z] [DEBUG] [b3956020-4720-4fdb-8e87-669f42c88115] Blender Output: Append frame 7
Time: 00:00.50 (Saving: 00:00.03)


[2025-07-28T18:15:08.791Z] [DEBUG] [b3956020-4720-4fdb-8e87-669f42c88115] Blender Output: Fra:8 Mem:119.91M (Peak 151.55M) | Time:00:00.03 | Rendering 1 / 64 samples

[2025-07-28T18:15:08.947Z] [DEBUG] [b3956020-4720-4fdb-8e87-669f42c88115] Blender Output: Fra:8 Mem:119.91M (Peak 151.55M) | Time:00:00.19 | Rendering 25 / 64 samples

[2025-07-28T18:15:09.106Z] [DEBUG] [b3956020-4720-4fdb-8e87-669f42c88115] Blender Output: Fra:8 Mem:119.91M (Peak 151.55M) | Time:00:00.35 | Rendering 50 / 64 samples

[2025-07-28T18:15:09.195Z] [DEBUG] [b3956020-4720-4fdb-8e87-669f42c88115] Blender Output: Fra:8 Mem:119.91M (Peak 151.55M) | Time:00:00.44 | Rendering 64 / 64 samples

[2025-07-28T18:15:09.274Z] [DEBUG] [b3956020-4720-4fdb-8e87-669f42c88115] Blender Output: Append frame 8
Time: 00:00.51 (Saving: 00:00.03)


[2025-07-28T18:15:09.314Z] [DEBUG] [b3956020-4720-4fdb-8e87-669f42c88115] Blender Output: Fra:9 Mem:119.91M (Peak 151.55M) | Time:00:00.04 | Rendering 1 / 64 samples

[2025-07-28T18:15:09.474Z] [DEBUG] [b3956020-4720-4fdb-8e87-669f42c88115] Blender Output: Fra:9 Mem:119.91M (Peak 151.55M) | Time:00:00.19 | Rendering 25 / 64 samples

[2025-07-28T18:15:09.633Z] [DEBUG] [b3956020-4720-4fdb-8e87-669f42c88115] Blender Output: Fra:9 Mem:119.91M (Peak 151.55M) | Time:00:00.35 | Rendering 50 / 64 samples

[2025-07-28T18:15:09.726Z] [DEBUG] [b3956020-4720-4fdb-8e87-669f42c88115] Blender Output: Fra:9 Mem:119.91M (Peak 151.55M) | Time:00:00.45 | Rendering 64 / 64 samples

[2025-07-28T18:15:09.803Z] [DEBUG] [b3956020-4720-4fdb-8e87-669f42c88115] Blender Output: Append frame 9
Time: 00:00.52 (Saving: 00:00.03)


[2025-07-28T18:15:09.839Z] [DEBUG] [b3956020-4720-4fdb-8e87-669f42c88115] Blender Output: Fra:10 Mem:119.91M (Peak 151.55M) | Time:00:00.03 | Rendering 1 / 64 samples

[2025-07-28T18:15:09.992Z] [DEBUG] [b3956020-4720-4fdb-8e87-669f42c88115] Blender Output: Fra:10 Mem:119.91M (Peak 151.55M) | Time:00:00.18 | Rendering 25 / 64 samples

[2025-07-28T18:15:10.146Z] [DEBUG] [b3956020-4720-4fdb-8e87-669f42c88115] Blender Output: Fra:10 Mem:119.91M (Peak 151.55M) | Time:00:00.34 | Rendering 50 / 64 samples

[2025-07-28T18:15:10.233Z] [DEBUG] [b3956020-4720-4fdb-8e87-669f42c88115] Blender Output: Fra:10 Mem:119.91M (Peak 151.55M) | Time:00:00.43 | Rendering 64 / 64 samples

[2025-07-28T18:15:10.315Z] [DEBUG] [b3956020-4720-4fdb-8e87-669f42c88115] Blender Output: Append frame 10
Time: 00:00.51 (Saving: 00:00.03)


[2025-07-28T18:15:10.351Z] [DEBUG] [b3956020-4720-4fdb-8e87-669f42c88115] Blender Output: Fra:11 Mem:119.91M (Peak 151.55M) | Time:00:00.03 | Rendering 1 / 64 samples

[2025-07-28T18:15:10.504Z] [DEBUG] [b3956020-4720-4fdb-8e87-669f42c88115] Blender Output: Fra:11 Mem:119.91M (Peak 151.55M) | Time:00:00.18 | Rendering 25 / 64 samples

[2025-07-28T18:15:10.658Z] [DEBUG] [b3956020-4720-4fdb-8e87-669f42c88115] Blender Output: Fra:11 Mem:119.91M (Peak 151.55M) | Time:00:00.34 | Rendering 50 / 64 samples

[2025-07-28T18:15:10.744Z] [DEBUG] [b3956020-4720-4fdb-8e87-669f42c88115] Blender Output: Fra:11 Mem:119.91M (Peak 151.55M) | Time:00:00.42 | Rendering 64 / 64 samples

[2025-07-28T18:15:10.823Z] [DEBUG] [b3956020-4720-4fdb-8e87-669f42c88115] Blender Output: Append frame 11
Time: 00:00.50 (Saving: 00:00.03)


[2025-07-28T18:15:10.859Z] [DEBUG] [b3956020-4720-4fdb-8e87-669f42c88115] Blender Output: Fra:12 Mem:119.91M (Peak 151.55M) | Time:00:00.03 | Rendering 1 / 64 samples

[2025-07-28T18:15:11.012Z] [DEBUG] [b3956020-4720-4fdb-8e87-669f42c88115] Blender Output: Fra:12 Mem:119.91M (Peak 151.55M) | Time:00:00.18 | Rendering 25 / 64 samples

[2025-07-28T18:15:11.167Z] [DEBUG] [b3956020-4720-4fdb-8e87-669f42c88115] Blender Output: Fra:12 Mem:119.91M (Peak 151.55M) | Time:00:00.34 | Rendering 50 / 64 samples

[2025-07-28T18:15:11.254Z] [DEBUG] [b3956020-4720-4fdb-8e87-669f42c88115] Blender Output: Fra:12 Mem:119.91M (Peak 151.55M) | Time:00:00.43 | Rendering 64 / 64 samples

[2025-07-28T18:15:11.332Z] [DEBUG] [b3956020-4720-4fdb-8e87-669f42c88115] Blender Output: Append frame 12
Time: 00:00.50 (Saving: 00:00.03)


[2025-07-28T18:15:11.369Z] [DEBUG] [b3956020-4720-4fdb-8e87-669f42c88115] Blender Output: Fra:13 Mem:119.91M (Peak 151.55M) | Time:00:00.03 | Rendering 1 / 64 samples

[2025-07-28T18:15:11.520Z] [DEBUG] [b3956020-4720-4fdb-8e87-669f42c88115] Blender Output: Fra:13 Mem:119.91M (Peak 151.55M) | Time:00:00.18 | Rendering 25 / 64 samples

[2025-07-28T18:15:11.673Z] [DEBUG] [b3956020-4720-4fdb-8e87-669f42c88115] Blender Output: Fra:13 Mem:119.91M (Peak 151.55M) | Time:00:00.34 | Rendering 50 / 64 samples

[2025-07-28T18:15:11.760Z] [DEBUG] [b3956020-4720-4fdb-8e87-669f42c88115] Blender Output: Fra:13 Mem:119.91M (Peak 151.55M) | Time:00:00.42 | Rendering 64 / 64 samples

[2025-07-28T18:15:11.836Z] [DEBUG] [b3956020-4720-4fdb-8e87-669f42c88115] Blender Output: Append frame 13
Time: 00:00.50 (Saving: 00:00.03)


[2025-07-28T18:15:11.872Z] [DEBUG] [b3956020-4720-4fdb-8e87-669f42c88115] Blender Output: Fra:14 Mem:119.91M (Peak 151.55M) | Time:00:00.03 | Rendering 1 / 64 samples

[2025-07-28T18:15:12.023Z] [DEBUG] [b3956020-4720-4fdb-8e87-669f42c88115] Blender Output: Fra:14 Mem:119.91M (Peak 151.55M) | Time:00:00.18 | Rendering 25 / 64 samples

[2025-07-28T18:15:12.177Z] [DEBUG] [b3956020-4720-4fdb-8e87-669f42c88115] Blender Output: Fra:14 Mem:119.91M (Peak 151.55M) | Time:00:00.34 | Rendering 50 / 64 samples

[2025-07-28T18:15:12.262Z] [DEBUG] [b3956020-4720-4fdb-8e87-669f42c88115] Blender Output: Fra:14 Mem:119.91M (Peak 151.55M) | Time:00:00.42 | Rendering 64 / 64 samples

[2025-07-28T18:15:12.341Z] [DEBUG] [b3956020-4720-4fdb-8e87-669f42c88115] Blender Output: Append frame 14
Time: 00:00.50 (Saving: 00:00.03)


[2025-07-28T18:15:12.376Z] [DEBUG] [b3956020-4720-4fdb-8e87-669f42c88115] Blender Output: Fra:15 Mem:119.91M (Peak 151.55M) | Time:00:00.03 | Rendering 1 / 64 samples

[2025-07-28T18:15:12.532Z] [DEBUG] [b3956020-4720-4fdb-8e87-669f42c88115] Blender Output: Fra:15 Mem:119.91M (Peak 151.55M) | Time:00:00.19 | Rendering 25 / 64 samples

[2025-07-28T18:15:12.691Z] [DEBUG] [b3956020-4720-4fdb-8e87-669f42c88115] Blender Output: Fra:15 Mem:119.91M (Peak 151.55M) | Time:00:00.34 | Rendering 50 / 64 samples

[2025-07-28T18:15:12.780Z] [DEBUG] [b3956020-4720-4fdb-8e87-669f42c88115] Blender Output: Fra:15 Mem:119.91M (Peak 151.55M) | Time:00:00.43 | Rendering 64 / 64 samples

[2025-07-28T18:15:12.858Z] [DEBUG] [b3956020-4720-4fdb-8e87-669f42c88115] Blender Output: Append frame 15
Time: 00:00.51 (Saving: 00:00.03)


[2025-07-28T18:15:12.894Z] [DEBUG] [b3956020-4720-4fdb-8e87-669f42c88115] Blender Output: Fra:16 Mem:119.91M (Peak 151.55M) | Time:00:00.03 | Rendering 1 / 64 samples

[2025-07-28T18:15:13.045Z] [DEBUG] [b3956020-4720-4fdb-8e87-669f42c88115] Blender Output: Fra:16 Mem:119.91M (Peak 151.55M) | Time:00:00.18 | Rendering 25 / 64 samples

[2025-07-28T18:15:13.200Z] [DEBUG] [b3956020-4720-4fdb-8e87-669f42c88115] Blender Output: Fra:16 Mem:119.91M (Peak 151.55M) | Time:00:00.34 | Rendering 50 / 64 samples

[2025-07-28T18:15:13.287Z] [DEBUG] [b3956020-4720-4fdb-8e87-669f42c88115] Blender Output: Fra:16 Mem:119.91M (Peak 151.55M) | Time:00:00.42 | Rendering 64 / 64 samples

[2025-07-28T18:15:13.366Z] [DEBUG] [b3956020-4720-4fdb-8e87-669f42c88115] Blender Output: Append frame 16
Time: 00:00.50 (Saving: 00:00.03)


[2025-07-28T18:15:13.402Z] [DEBUG] [b3956020-4720-4fdb-8e87-669f42c88115] Blender Output: Fra:17 Mem:119.91M (Peak 151.55M) | Time:00:00.03 | Rendering 1 / 64 samples

[2025-07-28T18:15:13.555Z] [DEBUG] [b3956020-4720-4fdb-8e87-669f42c88115] Blender Output: Fra:17 Mem:119.91M (Peak 151.55M) | Time:00:00.18 | Rendering 25 / 64 samples

[2025-07-28T18:15:13.710Z] [DEBUG] [b3956020-4720-4fdb-8e87-669f42c88115] Blender Output: Fra:17 Mem:119.91M (Peak 151.55M) | Time:00:00.34 | Rendering 50 / 64 samples

[2025-07-28T18:15:13.797Z] [DEBUG] [b3956020-4720-4fdb-8e87-669f42c88115] Blender Output: Fra:17 Mem:119.91M (Peak 151.55M) | Time:00:00.43 | Rendering 64 / 64 samples

[2025-07-28T18:15:13.876Z] [DEBUG] [b3956020-4720-4fdb-8e87-669f42c88115] Blender Output: Append frame 17
Time: 00:00.50 (Saving: 00:00.03)


[2025-07-28T18:15:13.915Z] [DEBUG] [b3956020-4720-4fdb-8e87-669f42c88115] Blender Output: Fra:18 Mem:119.91M (Peak 151.55M) | Time:00:00.03 | Rendering 1 / 64 samples

[2025-07-28T18:15:14.067Z] [DEBUG] [b3956020-4720-4fdb-8e87-669f42c88115] Blender Output: Fra:18 Mem:119.91M (Peak 151.55M) | Time:00:00.19 | Rendering 25 / 64 samples

[2025-07-28T18:15:14.221Z] [DEBUG] [b3956020-4720-4fdb-8e87-669f42c88115] Blender Output: Fra:18 Mem:119.91M (Peak 151.55M) | Time:00:00.34 | Rendering 50 / 64 samples

[2025-07-28T18:15:14.306Z] [DEBUG] [b3956020-4720-4fdb-8e87-669f42c88115] Blender Output: Fra:18 Mem:119.91M (Peak 151.55M) | Time:00:00.43 | Rendering 64 / 64 samples

[2025-07-28T18:15:14.383Z] [DEBUG] [b3956020-4720-4fdb-8e87-669f42c88115] Blender Output: Append frame 18
Time: 00:00.50 (Saving: 00:00.03)


[2025-07-28T18:15:14.418Z] [DEBUG] [b3956020-4720-4fdb-8e87-669f42c88115] Blender Output: Fra:19 Mem:119.91M (Peak 151.55M) | Time:00:00.03 | Rendering 1 / 64 samples

[2025-07-28T18:15:14.569Z] [DEBUG] [b3956020-4720-4fdb-8e87-669f42c88115] Blender Output: Fra:19 Mem:119.91M (Peak 151.55M) | Time:00:00.18 | Rendering 25 / 64 samples

[2025-07-28T18:15:14.723Z] [DEBUG] [b3956020-4720-4fdb-8e87-669f42c88115] Blender Output: Fra:19 Mem:119.91M (Peak 151.55M) | Time:00:00.34 | Rendering 50 / 64 samples

[2025-07-28T18:15:14.809Z] [DEBUG] [b3956020-4720-4fdb-8e87-669f42c88115] Blender Output: Fra:19 Mem:119.91M (Peak 151.55M) | Time:00:00.42 | Rendering 64 / 64 samples

[2025-07-28T18:15:14.885Z] [DEBUG] [b3956020-4720-4fdb-8e87-669f42c88115] Blender Output: Append frame 19
Time: 00:00.50 (Saving: 00:00.03)


[2025-07-28T18:15:14.921Z] [DEBUG] [b3956020-4720-4fdb-8e87-669f42c88115] Blender Output: Fra:20 Mem:119.91M (Peak 151.55M) | Time:00:00.03 | Rendering 1 / 64 samples

[2025-07-28T18:15:15.071Z] [DEBUG] [b3956020-4720-4fdb-8e87-669f42c88115] Blender Output: Fra:20 Mem:119.91M (Peak 151.55M) | Time:00:00.18 | Rendering 25 / 64 samples

[2025-07-28T18:15:15.225Z] [DEBUG] [b3956020-4720-4fdb-8e87-669f42c88115] Blender Output: Fra:20 Mem:119.91M (Peak 151.55M) | Time:00:00.33 | Rendering 50 / 64 samples

[2025-07-28T18:15:15.310Z] [DEBUG] [b3956020-4720-4fdb-8e87-669f42c88115] Blender Output: Fra:20 Mem:119.91M (Peak 151.55M) | Time:00:00.42 | Rendering 64 / 64 samples

[2025-07-28T18:15:15.387Z] [DEBUG] [b3956020-4720-4fdb-8e87-669f42c88115] Blender Output: Append frame 20
Time: 00:00.50 (Saving: 00:00.03)


[2025-07-28T18:15:15.424Z] [DEBUG] [b3956020-4720-4fdb-8e87-669f42c88115] Blender Output: Fra:21 Mem:119.91M (Peak 151.55M) | Time:00:00.03 | Rendering 1 / 64 samples

[2025-07-28T18:15:15.573Z] [DEBUG] [b3956020-4720-4fdb-8e87-669f42c88115] Blender Output: Fra:21 Mem:119.91M (Peak 151.55M) | Time:00:00.18 | Rendering 25 / 64 samples

[2025-07-28T18:15:15.725Z] [DEBUG] [b3956020-4720-4fdb-8e87-669f42c88115] Blender Output: Fra:21 Mem:119.91M (Peak 151.55M) | Time:00:00.33 | Rendering 50 / 64 samples

[2025-07-28T18:15:15.811Z] [DEBUG] [b3956020-4720-4fdb-8e87-669f42c88115] Blender Output: Fra:21 Mem:119.91M (Peak 151.55M) | Time:00:00.42 | Rendering 64 / 64 samples

[2025-07-28T18:15:15.888Z] [DEBUG] [b3956020-4720-4fdb-8e87-669f42c88115] Blender Output: Append frame 21
Time: 00:00.50 (Saving: 00:00.03)


[2025-07-28T18:15:15.923Z] [DEBUG] [b3956020-4720-4fdb-8e87-669f42c88115] Blender Output: Fra:22 Mem:119.91M (Peak 151.55M) | Time:00:00.03 | Rendering 1 / 64 samples

[2025-07-28T18:15:16.073Z] [DEBUG] [b3956020-4720-4fdb-8e87-669f42c88115] Blender Output: Fra:22 Mem:119.91M (Peak 151.55M) | Time:00:00.18 | Rendering 25 / 64 samples

[2025-07-28T18:15:16.225Z] [DEBUG] [b3956020-4720-4fdb-8e87-669f42c88115] Blender Output: Fra:22 Mem:119.91M (Peak 151.55M) | Time:00:00.33 | Rendering 50 / 64 samples

[2025-07-28T18:15:16.310Z] [DEBUG] [b3956020-4720-4fdb-8e87-669f42c88115] Blender Output: Fra:22 Mem:119.91M (Peak 151.55M) | Time:00:00.42 | Rendering 64 / 64 samples

[2025-07-28T18:15:16.390Z] [DEBUG] [b3956020-4720-4fdb-8e87-669f42c88115] Blender Output: Append frame 22
Time: 00:00.50 (Saving: 00:00.03)


[2025-07-28T18:15:16.425Z] [DEBUG] [b3956020-4720-4fdb-8e87-669f42c88115] Blender Output: Fra:23 Mem:119.91M (Peak 151.55M) | Time:00:00.03 | Rendering 1 / 64 samples

[2025-07-28T18:15:16.577Z] [DEBUG] [b3956020-4720-4fdb-8e87-669f42c88115] Blender Output: Fra:23 Mem:119.91M (Peak 151.55M) | Time:00:00.18 | Rendering 25 / 64 samples

[2025-07-28T18:15:16.732Z] [DEBUG] [b3956020-4720-4fdb-8e87-669f42c88115] Blender Output: Fra:23 Mem:119.91M (Peak 151.55M) | Time:00:00.34 | Rendering 50 / 64 samples

[2025-07-28T18:15:16.819Z] [DEBUG] [b3956020-4720-4fdb-8e87-669f42c88115] Blender Output: Fra:23 Mem:119.91M (Peak 151.55M) | Time:00:00.42 | Rendering 64 / 64 samples

[2025-07-28T18:15:16.895Z] [DEBUG] [b3956020-4720-4fdb-8e87-669f42c88115] Blender Output: Append frame 23
Time: 00:00.50 (Saving: 00:00.03)


[2025-07-28T18:15:16.931Z] [DEBUG] [b3956020-4720-4fdb-8e87-669f42c88115] Blender Output: Fra:24 Mem:119.91M (Peak 151.55M) | Time:00:00.03 | Rendering 1 / 64 samples

[2025-07-28T18:15:17.081Z] [DEBUG] [b3956020-4720-4fdb-8e87-669f42c88115] Blender Output: Fra:24 Mem:119.91M (Peak 151.55M) | Time:00:00.18 | Rendering 25 / 64 samples

[2025-07-28T18:15:17.234Z] [DEBUG] [b3956020-4720-4fdb-8e87-669f42c88115] Blender Output: Fra:24 Mem:119.91M (Peak 151.55M) | Time:00:00.33 | Rendering 50 / 64 samples

[2025-07-28T18:15:17.323Z] [DEBUG] [b3956020-4720-4fdb-8e87-669f42c88115] Blender Output: Fra:24 Mem:119.91M (Peak 151.55M) | Time:00:00.42 | Rendering 64 / 64 samples

[2025-07-28T18:15:17.399Z] [DEBUG] [b3956020-4720-4fdb-8e87-669f42c88115] Blender Output: Append frame 24
Time: 00:00.50 (Saving: 00:00.03)


[2025-07-28T18:15:17.436Z] [DEBUG] [b3956020-4720-4fdb-8e87-669f42c88115] Blender Output: Fra:25 Mem:119.91M (Peak 151.55M) | Time:00:00.03 | Rendering 1 / 64 samples

[2025-07-28T18:15:17.589Z] [DEBUG] [b3956020-4720-4fdb-8e87-669f42c88115] Blender Output: Fra:25 Mem:119.91M (Peak 151.55M) | Time:00:00.18 | Rendering 25 / 64 samples

[2025-07-28T18:15:17.743Z] [DEBUG] [b3956020-4720-4fdb-8e87-669f42c88115] Blender Output: Fra:25 Mem:119.91M (Peak 151.55M) | Time:00:00.34 | Rendering 50 / 64 samples

[2025-07-28T18:15:17.829Z] [DEBUG] [b3956020-4720-4fdb-8e87-669f42c88115] Blender Output: Fra:25 Mem:119.91M (Peak 151.55M) | Time:00:00.42 | Rendering 64 / 64 samples

[2025-07-28T18:15:17.907Z] [DEBUG] [b3956020-4720-4fdb-8e87-669f42c88115] Blender Output: Append frame 25
Time: 00:00.50 (Saving: 00:00.03)


[2025-07-28T18:15:17.942Z] [DEBUG] [b3956020-4720-4fdb-8e87-669f42c88115] Blender Output: Fra:26 Mem:119.91M (Peak 151.55M) | Time:00:00.03 | Rendering 1 / 64 samples

[2025-07-28T18:15:18.095Z] [DEBUG] [b3956020-4720-4fdb-8e87-669f42c88115] Blender Output: Fra:26 Mem:119.91M (Peak 151.55M) | Time:00:00.18 | Rendering 25 / 64 samples

[2025-07-28T18:15:18.250Z] [DEBUG] [b3956020-4720-4fdb-8e87-669f42c88115] Blender Output: Fra:26 Mem:119.91M (Peak 151.55M) | Time:00:00.34 | Rendering 50 / 64 samples

[2025-07-28T18:15:18.337Z] [DEBUG] [b3956020-4720-4fdb-8e87-669f42c88115] Blender Output: Fra:26 Mem:119.91M (Peak 151.55M) | Time:00:00.42 | Rendering 64 / 64 samples

[2025-07-28T18:15:18.416Z] [DEBUG] [b3956020-4720-4fdb-8e87-669f42c88115] Blender Output: Append frame 26
Time: 00:00.50 (Saving: 00:00.03)


[2025-07-28T18:15:18.453Z] [DEBUG] [b3956020-4720-4fdb-8e87-669f42c88115] Blender Output: Fra:27 Mem:119.91M (Peak 151.55M) | Time:00:00.03 | Rendering 1 / 64 samples

[2025-07-28T18:15:18.605Z] [DEBUG] [b3956020-4720-4fdb-8e87-669f42c88115] Blender Output: Fra:27 Mem:119.91M (Peak 151.55M) | Time:00:00.18 | Rendering 25 / 64 samples

[2025-07-28T18:15:18.759Z] [DEBUG] [b3956020-4720-4fdb-8e87-669f42c88115] Blender Output: Fra:27 Mem:119.91M (Peak 151.55M) | Time:00:00.34 | Rendering 50 / 64 samples

[2025-07-28T18:15:18.845Z] [DEBUG] [b3956020-4720-4fdb-8e87-669f42c88115] Blender Output: Fra:27 Mem:119.91M (Peak 151.55M) | Time:00:00.42 | Rendering 64 / 64 samples

[2025-07-28T18:15:18.923Z] [DEBUG] [b3956020-4720-4fdb-8e87-669f42c88115] Blender Output: Append frame 27
Time: 00:00.50 (Saving: 00:00.03)


[2025-07-28T18:15:18.960Z] [DEBUG] [b3956020-4720-4fdb-8e87-669f42c88115] Blender Output: Fra:28 Mem:119.91M (Peak 151.55M) | Time:00:00.03 | Rendering 1 / 64 samples

[2025-07-28T18:15:19.110Z] [DEBUG] [b3956020-4720-4fdb-8e87-669f42c88115] Blender Output: Fra:28 Mem:119.91M (Peak 151.55M) | Time:00:00.18 | Rendering 25 / 64 samples

[2025-07-28T18:15:19.266Z] [DEBUG] [b3956020-4720-4fdb-8e87-669f42c88115] Blender Output: Fra:28 Mem:119.91M (Peak 151.55M) | Time:00:00.34 | Rendering 50 / 64 samples

[2025-07-28T18:15:19.355Z] [DEBUG] [b3956020-4720-4fdb-8e87-669f42c88115] Blender Output: Fra:28 Mem:119.91M (Peak 151.55M) | Time:00:00.43 | Rendering 64 / 64 samples

[2025-07-28T18:15:19.435Z] [DEBUG] [b3956020-4720-4fdb-8e87-669f42c88115] Blender Output: Append frame 28
Time: 00:00.51 (Saving: 00:00.03)


[2025-07-28T18:15:19.472Z] [DEBUG] [b3956020-4720-4fdb-8e87-669f42c88115] Blender Output: Fra:29 Mem:119.91M (Peak 151.55M) | Time:00:00.03 | Rendering 1 / 64 samples

[2025-07-28T18:15:19.625Z] [DEBUG] [b3956020-4720-4fdb-8e87-669f42c88115] Blender Output: Fra:29 Mem:119.91M (Peak 151.55M) | Time:00:00.18 | Rendering 25 / 64 samples

[2025-07-28T18:15:19.778Z] [DEBUG] [b3956020-4720-4fdb-8e87-669f42c88115] Blender Output: Fra:29 Mem:119.91M (Peak 151.55M) | Time:00:00.34 | Rendering 50 / 64 samples

[2025-07-28T18:15:19.864Z] [DEBUG] [b3956020-4720-4fdb-8e87-669f42c88115] Blender Output: Fra:29 Mem:119.91M (Peak 151.55M) | Time:00:00.42 | Rendering 64 / 64 samples

[2025-07-28T18:15:19.942Z] [DEBUG] [b3956020-4720-4fdb-8e87-669f42c88115] Blender Output: Append frame 29
Time: 00:00.50 (Saving: 00:00.03)


[2025-07-28T18:15:19.979Z] [DEBUG] [b3956020-4720-4fdb-8e87-669f42c88115] Blender Output: Fra:30 Mem:119.91M (Peak 151.55M) | Time:00:00.03 | Rendering 1 / 64 samples

[2025-07-28T18:15:20.131Z] [DEBUG] [b3956020-4720-4fdb-8e87-669f42c88115] Blender Output: Fra:30 Mem:119.91M (Peak 151.55M) | Time:00:00.18 | Rendering 25 / 64 samples

[2025-07-28T18:15:20.286Z] [DEBUG] [b3956020-4720-4fdb-8e87-669f42c88115] Blender Output: Fra:30 Mem:119.91M (Peak 151.55M) | Time:00:00.34 | Rendering 50 / 64 samples

[2025-07-28T18:15:20.373Z] [DEBUG] [b3956020-4720-4fdb-8e87-669f42c88115] Blender Output: Fra:30 Mem:119.91M (Peak 151.55M) | Time:00:00.43 | Rendering 64 / 64 samples

[2025-07-28T18:15:20.452Z] [DEBUG] [b3956020-4720-4fdb-8e87-669f42c88115] Blender Output: Append frame 30
Time: 00:00.51 (Saving: 00:00.03)


[2025-07-28T18:15:20.488Z] [DEBUG] [b3956020-4720-4fdb-8e87-669f42c88115] Blender Output: Fra:31 Mem:119.91M (Peak 151.55M) | Time:00:00.03 | Rendering 1 / 64 samples

[2025-07-28T18:15:20.642Z] [DEBUG] [b3956020-4720-4fdb-8e87-669f42c88115] Blender Output: Fra:31 Mem:119.91M (Peak 151.55M) | Time:00:00.18 | Rendering 25 / 64 samples

[2025-07-28T18:15:20.799Z] [DEBUG] [b3956020-4720-4fdb-8e87-669f42c88115] Blender Output: Fra:31 Mem:119.91M (Peak 151.55M) | Time:00:00.34 | Rendering 50 / 64 samples

[2025-07-28T18:15:20.888Z] [DEBUG] [b3956020-4720-4fdb-8e87-669f42c88115] Blender Output: Fra:31 Mem:119.91M (Peak 151.55M) | Time:00:00.43 | Rendering 64 / 64 samples

[2025-07-28T18:15:20.966Z] [DEBUG] [b3956020-4720-4fdb-8e87-669f42c88115] Blender Output: Append frame 31
Time: 00:00.51 (Saving: 00:00.03)


[2025-07-28T18:15:21.002Z] [DEBUG] [b3956020-4720-4fdb-8e87-669f42c88115] Blender Output: Fra:32 Mem:119.91M (Peak 151.55M) | Time:00:00.03 | Rendering 1 / 64 samples

[2025-07-28T18:15:21.158Z] [DEBUG] [b3956020-4720-4fdb-8e87-669f42c88115] Blender Output: Fra:32 Mem:119.91M (Peak 151.55M) | Time:00:00.19 | Rendering 25 / 64 samples

[2025-07-28T18:15:21.317Z] [DEBUG] [b3956020-4720-4fdb-8e87-669f42c88115] Blender Output: Fra:32 Mem:119.91M (Peak 151.55M) | Time:00:00.35 | Rendering 50 / 64 samples

[2025-07-28T18:15:21.405Z] [DEBUG] [b3956020-4720-4fdb-8e87-669f42c88115] Blender Output: Fra:32 Mem:119.91M (Peak 151.55M) | Time:00:00.43 | Rendering 64 / 64 samples

[2025-07-28T18:15:21.483Z] [DEBUG] [b3956020-4720-4fdb-8e87-669f42c88115] Blender Output: Append frame 32
Time: 00:00.51 (Saving: 00:00.03)


[2025-07-28T18:15:21.518Z] [DEBUG] [b3956020-4720-4fdb-8e87-669f42c88115] Blender Output: Fra:33 Mem:119.91M (Peak 151.55M) | Time:00:00.03 | Rendering 1 / 64 samples

[2025-07-28T18:15:21.670Z] [DEBUG] [b3956020-4720-4fdb-8e87-669f42c88115] Blender Output: Fra:33 Mem:119.91M (Peak 151.55M) | Time:00:00.18 | Rendering 25 / 64 samples

[2025-07-28T18:15:21.827Z] [DEBUG] [b3956020-4720-4fdb-8e87-669f42c88115] Blender Output: Fra:33 Mem:119.91M (Peak 151.55M) | Time:00:00.34 | Rendering 50 / 64 samples

[2025-07-28T18:15:21.917Z] [DEBUG] [b3956020-4720-4fdb-8e87-669f42c88115] Blender Output: Fra:33 Mem:119.91M (Peak 151.55M) | Time:00:00.43 | Rendering 64 / 64 samples

[2025-07-28T18:15:21.995Z] [DEBUG] [b3956020-4720-4fdb-8e87-669f42c88115] Blender Output: Append frame 33
Time: 00:00.51 (Saving: 00:00.03)


[2025-07-28T18:15:22.031Z] [DEBUG] [b3956020-4720-4fdb-8e87-669f42c88115] Blender Output: Fra:34 Mem:119.91M (Peak 151.55M) | Time:00:00.03 | Rendering 1 / 64 samples

[2025-07-28T18:15:22.183Z] [DEBUG] [b3956020-4720-4fdb-8e87-669f42c88115] Blender Output: Fra:34 Mem:119.91M (Peak 151.55M) | Time:00:00.18 | Rendering 25 / 64 samples

[2025-07-28T18:15:22.339Z] [DEBUG] [b3956020-4720-4fdb-8e87-669f42c88115] Blender Output: Fra:34 Mem:119.91M (Peak 151.55M) | Time:00:00.34 | Rendering 50 / 64 samples

[2025-07-28T18:15:22.426Z] [DEBUG] [b3956020-4720-4fdb-8e87-669f42c88115] Blender Output: Fra:34 Mem:119.91M (Peak 151.55M) | Time:00:00.43 | Rendering 64 / 64 samples

[2025-07-28T18:15:22.505Z] [DEBUG] [b3956020-4720-4fdb-8e87-669f42c88115] Blender Output: Append frame 34
Time: 00:00.51 (Saving: 00:00.03)


[2025-07-28T18:15:22.541Z] [DEBUG] [b3956020-4720-4fdb-8e87-669f42c88115] Blender Output: Fra:35 Mem:119.91M (Peak 151.55M) | Time:00:00.03 | Rendering 1 / 64 samples

[2025-07-28T18:15:22.696Z] [DEBUG] [b3956020-4720-4fdb-8e87-669f42c88115] Blender Output: Fra:35 Mem:119.91M (Peak 151.55M) | Time:00:00.19 | Rendering 25 / 64 samples

[2025-07-28T18:15:22.854Z] [DEBUG] [b3956020-4720-4fdb-8e87-669f42c88115] Blender Output: Fra:35 Mem:119.91M (Peak 151.55M) | Time:00:00.34 | Rendering 50 / 64 samples

[2025-07-28T18:15:22.942Z] [DEBUG] [b3956020-4720-4fdb-8e87-669f42c88115] Blender Output: Fra:35 Mem:119.91M (Peak 151.55M) | Time:00:00.43 | Rendering 64 / 64 samples

[2025-07-28T18:15:23.020Z] [DEBUG] [b3956020-4720-4fdb-8e87-669f42c88115] Blender Output: Append frame 35
Time: 00:00.51 (Saving: 00:00.03)


[2025-07-28T18:15:23.056Z] [DEBUG] [b3956020-4720-4fdb-8e87-669f42c88115] Blender Output: Fra:36 Mem:119.91M (Peak 151.55M) | Time:00:00.03 | Rendering 1 / 64 samples

[2025-07-28T18:15:23.208Z] [DEBUG] [b3956020-4720-4fdb-8e87-669f42c88115] Blender Output: Fra:36 Mem:119.91M (Peak 151.55M) | Time:00:00.18 | Rendering 25 / 64 samples

[2025-07-28T18:15:23.365Z] [DEBUG] [b3956020-4720-4fdb-8e87-669f42c88115] Blender Output: Fra:36 Mem:119.91M (Peak 151.55M) | Time:00:00.34 | Rendering 50 / 64 samples

[2025-07-28T18:15:23.452Z] [DEBUG] [b3956020-4720-4fdb-8e87-669f42c88115] Blender Output: Fra:36 Mem:119.91M (Peak 151.55M) | Time:00:00.43 | Rendering 64 / 64 samples

[2025-07-28T18:15:23.527Z] [DEBUG] [b3956020-4720-4fdb-8e87-669f42c88115] Blender Output: Append frame 36
Time: 00:00.50 (Saving: 00:00.03)


[2025-07-28T18:15:23.564Z] [DEBUG] [b3956020-4720-4fdb-8e87-669f42c88115] Blender Output: Fra:37 Mem:119.91M (Peak 151.55M) | Time:00:00.03 | Rendering 1 / 64 samples

[2025-07-28T18:15:23.721Z] [DEBUG] [b3956020-4720-4fdb-8e87-669f42c88115] Blender Output: Fra:37 Mem:119.91M (Peak 151.55M) | Time:00:00.19 | Rendering 25 / 64 samples

[2025-07-28T18:15:23.882Z] [DEBUG] [b3956020-4720-4fdb-8e87-669f42c88115] Blender Output: Fra:37 Mem:119.91M (Peak 151.55M) | Time:00:00.35 | Rendering 50 / 64 samples

[2025-07-28T18:15:23.972Z] [DEBUG] [b3956020-4720-4fdb-8e87-669f42c88115] Blender Output: Fra:37 Mem:119.91M (Peak 151.55M) | Time:00:00.44 | Rendering 64 / 64 samples

[2025-07-28T18:15:24.048Z] [DEBUG] [b3956020-4720-4fdb-8e87-669f42c88115] Blender Output: Append frame 37
Time: 00:00.52 (Saving: 00:00.03)


[2025-07-28T18:15:24.085Z] [DEBUG] [b3956020-4720-4fdb-8e87-669f42c88115] Blender Output: Fra:38 Mem:119.91M (Peak 151.55M) | Time:00:00.03 | Rendering 1 / 64 samples

[2025-07-28T18:15:24.238Z] [DEBUG] [b3956020-4720-4fdb-8e87-669f42c88115] Blender Output: Fra:38 Mem:119.91M (Peak 151.55M) | Time:00:00.18 | Rendering 25 / 64 samples

[2025-07-28T18:15:24.393Z] [DEBUG] [b3956020-4720-4fdb-8e87-669f42c88115] Blender Output: Fra:38 Mem:119.91M (Peak 151.55M) | Time:00:00.34 | Rendering 50 / 64 samples

[2025-07-28T18:15:24.481Z] [DEBUG] [b3956020-4720-4fdb-8e87-669f42c88115] Blender Output: Fra:38 Mem:119.91M (Peak 151.55M) | Time:00:00.43 | Rendering 64 / 64 samples

[2025-07-28T18:15:24.557Z] [DEBUG] [b3956020-4720-4fdb-8e87-669f42c88115] Blender Output: Append frame 38
Time: 00:00.50 (Saving: 00:00.03)


[2025-07-28T18:15:24.594Z] [DEBUG] [b3956020-4720-4fdb-8e87-669f42c88115] Blender Output: Fra:39 Mem:119.91M (Peak 151.55M) | Time:00:00.03 | Rendering 1 / 64 samples

[2025-07-28T18:15:24.748Z] [DEBUG] [b3956020-4720-4fdb-8e87-669f42c88115] Blender Output: Fra:39 Mem:119.91M (Peak 151.55M) | Time:00:00.19 | Rendering 25 / 64 samples

[2025-07-28T18:15:24.903Z] [DEBUG] [b3956020-4720-4fdb-8e87-669f42c88115] Blender Output: Fra:39 Mem:119.91M (Peak 151.55M) | Time:00:00.34 | Rendering 50 / 64 samples

[2025-07-28T18:15:24.990Z] [DEBUG] [b3956020-4720-4fdb-8e87-669f42c88115] Blender Output: Fra:39 Mem:119.91M (Peak 151.55M) | Time:00:00.43 | Rendering 64 / 64 samples

[2025-07-28T18:15:25.069Z] [DEBUG] [b3956020-4720-4fdb-8e87-669f42c88115] Blender Output: Append frame 39
Time: 00:00.51 (Saving: 00:00.03)


[2025-07-28T18:15:25.105Z] [DEBUG] [b3956020-4720-4fdb-8e87-669f42c88115] Blender Output: Fra:40 Mem:119.91M (Peak 151.55M) | Time:00:00.03 | Rendering 1 / 64 samples

[2025-07-28T18:15:25.256Z] [DEBUG] [b3956020-4720-4fdb-8e87-669f42c88115] Blender Output: Fra:40 Mem:119.91M (Peak 151.55M) | Time:00:00.18 | Rendering 25 / 64 samples

[2025-07-28T18:15:25.413Z] [DEBUG] [b3956020-4720-4fdb-8e87-669f42c88115] Blender Output: Fra:40 Mem:119.91M (Peak 151.55M) | Time:00:00.34 | Rendering 50 / 64 samples

[2025-07-28T18:15:25.499Z] [DEBUG] [b3956020-4720-4fdb-8e87-669f42c88115] Blender Output: Fra:40 Mem:119.91M (Peak 151.55M) | Time:00:00.43 | Rendering 64 / 64 samples

[2025-07-28T18:15:25.577Z] [DEBUG] [b3956020-4720-4fdb-8e87-669f42c88115] Blender Output: Append frame 40
Time: 00:00.50 (Saving: 00:00.03)


[2025-07-28T18:15:25.613Z] [DEBUG] [b3956020-4720-4fdb-8e87-669f42c88115] Blender Output: Fra:41 Mem:119.91M (Peak 151.55M) | Time:00:00.03 | Rendering 1 / 64 samples

[2025-07-28T18:15:25.767Z] [DEBUG] [b3956020-4720-4fdb-8e87-669f42c88115] Blender Output: Fra:41 Mem:119.91M (Peak 151.55M) | Time:00:00.18 | Rendering 25 / 64 samples

[2025-07-28T18:15:25.922Z] [DEBUG] [b3956020-4720-4fdb-8e87-669f42c88115] Blender Output: Fra:41 Mem:119.91M (Peak 151.55M) | Time:00:00.34 | Rendering 50 / 64 samples

[2025-07-28T18:15:26.009Z] [DEBUG] [b3956020-4720-4fdb-8e87-669f42c88115] Blender Output: Fra:41 Mem:119.91M (Peak 151.55M) | Time:00:00.43 | Rendering 64 / 64 samples

[2025-07-28T18:15:26.086Z] [DEBUG] [b3956020-4720-4fdb-8e87-669f42c88115] Blender Output: Append frame 41
Time: 00:00.50 (Saving: 00:00.03)


[2025-07-28T18:15:26.123Z] [DEBUG] [b3956020-4720-4fdb-8e87-669f42c88115] Blender Output: Fra:42 Mem:119.91M (Peak 151.55M) | Time:00:00.03 | Rendering 1 / 64 samples

[2025-07-28T18:15:26.275Z] [DEBUG] [b3956020-4720-4fdb-8e87-669f42c88115] Blender Output: Fra:42 Mem:119.91M (Peak 151.55M) | Time:00:00.18 | Rendering 25 / 64 samples

[2025-07-28T18:15:26.429Z] [DEBUG] [b3956020-4720-4fdb-8e87-669f42c88115] Blender Output: Fra:42 Mem:119.91M (Peak 151.55M) | Time:00:00.34 | Rendering 50 / 64 samples

[2025-07-28T18:15:26.517Z] [DEBUG] [b3956020-4720-4fdb-8e87-669f42c88115] Blender Output: Fra:42 Mem:119.91M (Peak 151.55M) | Time:00:00.43 | Rendering 64 / 64 samples

[2025-07-28T18:15:26.597Z] [DEBUG] [b3956020-4720-4fdb-8e87-669f42c88115] Blender Output: Append frame 42
Time: 00:00.51 (Saving: 00:00.03)


[2025-07-28T18:15:26.633Z] [DEBUG] [b3956020-4720-4fdb-8e87-669f42c88115] Blender Output: Fra:43 Mem:119.91M (Peak 151.55M) | Time:00:00.03 | Rendering 1 / 64 samples

[2025-07-28T18:15:26.785Z] [DEBUG] [b3956020-4720-4fdb-8e87-669f42c88115] Blender Output: Fra:43 Mem:119.91M (Peak 151.55M) | Time:00:00.18 | Rendering 25 / 64 samples

[2025-07-28T18:15:26.938Z] [DEBUG] [b3956020-4720-4fdb-8e87-669f42c88115] Blender Output: Fra:43 Mem:119.91M (Peak 151.55M) | Time:00:00.34 | Rendering 50 / 64 samples

[2025-07-28T18:15:27.025Z] [DEBUG] [b3956020-4720-4fdb-8e87-669f42c88115] Blender Output: Fra:43 Mem:119.91M (Peak 151.55M) | Time:00:00.42 | Rendering 64 / 64 samples

[2025-07-28T18:15:27.103Z] [DEBUG] [b3956020-4720-4fdb-8e87-669f42c88115] Blender Output: Append frame 43
Time: 00:00.50 (Saving: 00:00.03)


[2025-07-28T18:15:27.141Z] [DEBUG] [b3956020-4720-4fdb-8e87-669f42c88115] Blender Output: Fra:44 Mem:119.91M (Peak 151.55M) | Time:00:00.03 | Rendering 1 / 64 samples

[2025-07-28T18:15:27.294Z] [DEBUG] [b3956020-4720-4fdb-8e87-669f42c88115] Blender Output: Fra:44 Mem:119.91M (Peak 151.55M) | Time:00:00.19 | Rendering 25 / 64 samples

[2025-07-28T18:15:27.451Z] [DEBUG] [b3956020-4720-4fdb-8e87-669f42c88115] Blender Output: Fra:44 Mem:119.91M (Peak 151.55M) | Time:00:00.34 | Rendering 50 / 64 samples

[2025-07-28T18:15:27.538Z] [DEBUG] [b3956020-4720-4fdb-8e87-669f42c88115] Blender Output: Fra:44 Mem:119.91M (Peak 151.55M) | Time:00:00.43 | Rendering 64 / 64 samples

[2025-07-28T18:15:27.615Z] [DEBUG] [b3956020-4720-4fdb-8e87-669f42c88115] Blender Output: Append frame 44
Time: 00:00.51 (Saving: 00:00.03)


[2025-07-28T18:15:27.650Z] [DEBUG] [b3956020-4720-4fdb-8e87-669f42c88115] Blender Output: Fra:45 Mem:119.91M (Peak 151.55M) | Time:00:00.03 | Rendering 1 / 64 samples

[2025-07-28T18:15:27.803Z] [DEBUG] [b3956020-4720-4fdb-8e87-669f42c88115] Blender Output: Fra:45 Mem:119.91M (Peak 151.55M) | Time:00:00.18 | Rendering 25 / 64 samples

[2025-07-28T18:15:27.959Z] [DEBUG] [b3956020-4720-4fdb-8e87-669f42c88115] Blender Output: Fra:45 Mem:119.91M (Peak 151.55M) | Time:00:00.34 | Rendering 50 / 64 samples

[2025-07-28T18:15:28.046Z] [DEBUG] [b3956020-4720-4fdb-8e87-669f42c88115] Blender Output: Fra:45 Mem:119.91M (Peak 151.55M) | Time:00:00.43 | Rendering 64 / 64 samples

[2025-07-28T18:15:28.123Z] [DEBUG] [b3956020-4720-4fdb-8e87-669f42c88115] Blender Output: Append frame 45
Time: 00:00.50 (Saving: 00:00.03)


[2025-07-28T18:15:28.161Z] [DEBUG] [b3956020-4720-4fdb-8e87-669f42c88115] Blender Output: Fra:46 Mem:119.91M (Peak 151.55M) | Time:00:00.03 | Rendering 1 / 64 samples

[2025-07-28T18:15:28.313Z] [DEBUG] [b3956020-4720-4fdb-8e87-669f42c88115] Blender Output: Fra:46 Mem:119.91M (Peak 151.55M) | Time:00:00.18 | Rendering 25 / 64 samples

[2025-07-28T18:15:28.469Z] [DEBUG] [b3956020-4720-4fdb-8e87-669f42c88115] Blender Output: Fra:46 Mem:119.91M (Peak 151.55M) | Time:00:00.34 | Rendering 50 / 64 samples

[2025-07-28T18:15:28.557Z] [DEBUG] [b3956020-4720-4fdb-8e87-669f42c88115] Blender Output: Fra:46 Mem:119.91M (Peak 151.55M) | Time:00:00.43 | Rendering 64 / 64 samples

[2025-07-28T18:15:28.634Z] [DEBUG] [b3956020-4720-4fdb-8e87-669f42c88115] Blender Output: Append frame 46
Time: 00:00.51 (Saving: 00:00.03)


[2025-07-28T18:15:28.671Z] [DEBUG] [b3956020-4720-4fdb-8e87-669f42c88115] Blender Output: Fra:47 Mem:119.91M (Peak 151.55M) | Time:00:00.03 | Rendering 1 / 64 samples

[2025-07-28T18:15:28.826Z] [DEBUG] [b3956020-4720-4fdb-8e87-669f42c88115] Blender Output: Fra:47 Mem:119.91M (Peak 151.55M) | Time:00:00.19 | Rendering 25 / 64 samples

[2025-07-28T18:15:28.985Z] [DEBUG] [b3956020-4720-4fdb-8e87-669f42c88115] Blender Output: Fra:47 Mem:119.91M (Peak 151.55M) | Time:00:00.35 | Rendering 50 / 64 samples

[2025-07-28T18:15:29.073Z] [DEBUG] [b3956020-4720-4fdb-8e87-669f42c88115] Blender Output: Fra:47 Mem:119.91M (Peak 151.55M) | Time:00:00.43 | Rendering 64 / 64 samples

[2025-07-28T18:15:29.152Z] [DEBUG] [b3956020-4720-4fdb-8e87-669f42c88115] Blender Output: Append frame 47
Time: 00:00.51 (Saving: 00:00.03)


[2025-07-28T18:15:29.189Z] [DEBUG] [b3956020-4720-4fdb-8e87-669f42c88115] Blender Output: Fra:48 Mem:119.91M (Peak 151.55M) | Time:00:00.03 | Rendering 1 / 64 samples

[2025-07-28T18:15:29.343Z] [DEBUG] [b3956020-4720-4fdb-8e87-669f42c88115] Blender Output: Fra:48 Mem:119.91M (Peak 151.55M) | Time:00:00.19 | Rendering 25 / 64 samples

[2025-07-28T18:15:29.499Z] [DEBUG] [b3956020-4720-4fdb-8e87-669f42c88115] Blender Output: Fra:48 Mem:119.91M (Peak 151.55M) | Time:00:00.34 | Rendering 50 / 64 samples

[2025-07-28T18:15:29.587Z] [DEBUG] [b3956020-4720-4fdb-8e87-669f42c88115] Blender Output: Fra:48 Mem:119.91M (Peak 151.55M) | Time:00:00.43 | Rendering 64 / 64 samples

[2025-07-28T18:15:29.667Z] [DEBUG] [b3956020-4720-4fdb-8e87-669f42c88115] Blender Output: Append frame 48
Time: 00:00.51 (Saving: 00:00.03)


[2025-07-28T18:15:29.704Z] [DEBUG] [b3956020-4720-4fdb-8e87-669f42c88115] Blender Output: Fra:49 Mem:119.91M (Peak 151.55M) | Time:00:00.03 | Rendering 1 / 64 samples

[2025-07-28T18:15:29.857Z] [DEBUG] [b3956020-4720-4fdb-8e87-669f42c88115] Blender Output: Fra:49 Mem:119.91M (Peak 151.55M) | Time:00:00.19 | Rendering 25 / 64 samples

[2025-07-28T18:15:30.013Z] [DEBUG] [b3956020-4720-4fdb-8e87-669f42c88115] Blender Output: Fra:49 Mem:119.91M (Peak 151.55M) | Time:00:00.34 | Rendering 50 / 64 samples

[2025-07-28T18:15:30.101Z] [DEBUG] [b3956020-4720-4fdb-8e87-669f42c88115] Blender Output: Fra:49 Mem:119.91M (Peak 151.55M) | Time:00:00.43 | Rendering 64 / 64 samples

[2025-07-28T18:15:30.178Z] [DEBUG] [b3956020-4720-4fdb-8e87-669f42c88115] Blender Output: Append frame 49
Time: 00:00.51 (Saving: 00:00.03)


[2025-07-28T18:15:30.215Z] [DEBUG] [b3956020-4720-4fdb-8e87-669f42c88115] Blender Output: Fra:50 Mem:119.91M (Peak 151.55M) | Time:00:00.03 | Rendering 1 / 64 samples

[2025-07-28T18:15:30.366Z] [DEBUG] [b3956020-4720-4fdb-8e87-669f42c88115] Blender Output: Fra:50 Mem:119.91M (Peak 151.55M) | Time:00:00.18 | Rendering 25 / 64 samples

[2025-07-28T18:15:30.520Z] [DEBUG] [b3956020-4720-4fdb-8e87-669f42c88115] Blender Output: Fra:50 Mem:119.91M (Peak 151.55M) | Time:00:00.34 | Rendering 50 / 64 samples

[2025-07-28T18:15:30.606Z] [DEBUG] [b3956020-4720-4fdb-8e87-669f42c88115] Blender Output: Fra:50 Mem:119.91M (Peak 151.55M) | Time:00:00.42 | Rendering 64 / 64 samples

[2025-07-28T18:15:30.683Z] [DEBUG] [b3956020-4720-4fdb-8e87-669f42c88115] Blender Output: Append frame 50
Time: 00:00.50 (Saving: 00:00.03)


[2025-07-28T18:15:30.720Z] [DEBUG] [b3956020-4720-4fdb-8e87-669f42c88115] Blender Output: Fra:51 Mem:119.91M (Peak 151.55M) | Time:00:00.03 | Rendering 1 / 64 samples

[2025-07-28T18:15:30.876Z] [DEBUG] [b3956020-4720-4fdb-8e87-669f42c88115] Blender Output: Fra:51 Mem:119.91M (Peak 151.55M) | Time:00:00.19 | Rendering 25 / 64 samples

[2025-07-28T18:15:31.034Z] [DEBUG] [b3956020-4720-4fdb-8e87-669f42c88115] Blender Output: Fra:51 Mem:119.91M (Peak 151.55M) | Time:00:00.35 | Rendering 50 / 64 samples

[2025-07-28T18:15:31.123Z] [DEBUG] [b3956020-4720-4fdb-8e87-669f42c88115] Blender Output: Fra:51 Mem:119.91M (Peak 151.55M) | Time:00:00.44 | Rendering 64 / 64 samples

[2025-07-28T18:15:31.200Z] [DEBUG] [b3956020-4720-4fdb-8e87-669f42c88115] Blender Output: Append frame 51
Time: 00:00.51 (Saving: 00:00.03)


[2025-07-28T18:15:31.236Z] [DEBUG] [b3956020-4720-4fdb-8e87-669f42c88115] Blender Output: Fra:52 Mem:119.91M (Peak 151.55M) | Time:00:00.03 | Rendering 1 / 64 samples

[2025-07-28T18:15:31.388Z] [DEBUG] [b3956020-4720-4fdb-8e87-669f42c88115] Blender Output: Fra:52 Mem:119.91M (Peak 151.55M) | Time:00:00.18 | Rendering 25 / 64 samples

[2025-07-28T18:15:31.544Z] [DEBUG] [b3956020-4720-4fdb-8e87-669f42c88115] Blender Output: Fra:52 Mem:119.91M (Peak 151.55M) | Time:00:00.34 | Rendering 50 / 64 samples

[2025-07-28T18:15:31.631Z] [DEBUG] [b3956020-4720-4fdb-8e87-669f42c88115] Blender Output: Fra:52 Mem:119.91M (Peak 151.55M) | Time:00:00.43 | Rendering 64 / 64 samples

[2025-07-28T18:15:31.711Z] [DEBUG] [b3956020-4720-4fdb-8e87-669f42c88115] Blender Output: Append frame 52
Time: 00:00.51 (Saving: 00:00.03)


[2025-07-28T18:15:31.751Z] [DEBUG] [b3956020-4720-4fdb-8e87-669f42c88115] Blender Output: Fra:53 Mem:119.91M (Peak 151.55M) | Time:00:00.04 | Rendering 1 / 64 samples

[2025-07-28T18:15:31.902Z] [DEBUG] [b3956020-4720-4fdb-8e87-669f42c88115] Blender Output: Fra:53 Mem:119.91M (Peak 151.55M) | Time:00:00.19 | Rendering 25 / 64 samples

[2025-07-28T18:15:32.056Z] [DEBUG] [b3956020-4720-4fdb-8e87-669f42c88115] Blender Output: Fra:53 Mem:119.91M (Peak 151.55M) | Time:00:00.34 | Rendering 50 / 64 samples

[2025-07-28T18:15:32.144Z] [DEBUG] [b3956020-4720-4fdb-8e87-669f42c88115] Blender Output: Fra:53 Mem:119.91M (Peak 151.55M) | Time:00:00.43 | Rendering 64 / 64 samples

[2025-07-28T18:15:32.221Z] [DEBUG] [b3956020-4720-4fdb-8e87-669f42c88115] Blender Output: Append frame 53
Time: 00:00.50 (Saving: 00:00.03)


[2025-07-28T18:15:32.258Z] [DEBUG] [b3956020-4720-4fdb-8e87-669f42c88115] Blender Output: Fra:54 Mem:119.91M (Peak 151.55M) | Time:00:00.03 | Rendering 1 / 64 samples

[2025-07-28T18:15:32.414Z] [DEBUG] [b3956020-4720-4fdb-8e87-669f42c88115] Blender Output: Fra:54 Mem:119.91M (Peak 151.55M) | Time:00:00.19 | Rendering 25 / 64 samples

[2025-07-28T18:15:32.572Z] [DEBUG] [b3956020-4720-4fdb-8e87-669f42c88115] Blender Output: Fra:54 Mem:119.91M (Peak 151.55M) | Time:00:00.35 | Rendering 50 / 64 samples

[2025-07-28T18:15:32.661Z] [DEBUG] [b3956020-4720-4fdb-8e87-669f42c88115] Blender Output: Fra:54 Mem:119.91M (Peak 151.55M) | Time:00:00.44 | Rendering 64 / 64 samples

[2025-07-28T18:15:32.740Z] [DEBUG] [b3956020-4720-4fdb-8e87-669f42c88115] Blender Output: Append frame 54
Time: 00:00.51 (Saving: 00:00.03)


[2025-07-28T18:15:32.775Z] [DEBUG] [b3956020-4720-4fdb-8e87-669f42c88115] Blender Output: Fra:55 Mem:119.91M (Peak 151.55M) | Time:00:00.03 | Rendering 1 / 64 samples

[2025-07-28T18:15:32.926Z] [DEBUG] [b3956020-4720-4fdb-8e87-669f42c88115] Blender Output: Fra:55 Mem:119.91M (Peak 151.55M) | Time:00:00.18 | Rendering 25 / 64 samples

[2025-07-28T18:15:33.081Z] [DEBUG] [b3956020-4720-4fdb-8e87-669f42c88115] Blender Output: Fra:55 Mem:119.91M (Peak 151.55M) | Time:00:00.34 | Rendering 50 / 64 samples

[2025-07-28T18:15:33.167Z] [DEBUG] [b3956020-4720-4fdb-8e87-669f42c88115] Blender Output: Fra:55 Mem:119.91M (Peak 151.55M) | Time:00:00.42 | Rendering 64 / 64 samples

[2025-07-28T18:15:33.244Z] [DEBUG] [b3956020-4720-4fdb-8e87-669f42c88115] Blender Output: Append frame 55
Time: 00:00.50 (Saving: 00:00.03)


[2025-07-28T18:15:33.280Z] [DEBUG] [b3956020-4720-4fdb-8e87-669f42c88115] Blender Output: Fra:56 Mem:119.91M (Peak 151.55M) | Time:00:00.03 | Rendering 1 / 64 samples

[2025-07-28T18:15:33.437Z] [DEBUG] [b3956020-4720-4fdb-8e87-669f42c88115] Blender Output: Fra:56 Mem:119.91M (Peak 151.55M) | Time:00:00.19 | Rendering 25 / 64 samples

[2025-07-28T18:15:33.595Z] [DEBUG] [b3956020-4720-4fdb-8e87-669f42c88115] Blender Output: Fra:56 Mem:119.91M (Peak 151.55M) | Time:00:00.35 | Rendering 50 / 64 samples

[2025-07-28T18:15:33.683Z] [DEBUG] [b3956020-4720-4fdb-8e87-669f42c88115] Blender Output: Fra:56 Mem:119.91M (Peak 151.55M) | Time:00:00.43 | Rendering 64 / 64 samples

[2025-07-28T18:15:33.757Z] [DEBUG] [b3956020-4720-4fdb-8e87-669f42c88115] Blender Output: Append frame 56
Time: 00:00.51 (Saving: 00:00.03)


[2025-07-28T18:15:33.793Z] [DEBUG] [b3956020-4720-4fdb-8e87-669f42c88115] Blender Output: Fra:57 Mem:119.91M (Peak 151.55M) | Time:00:00.03 | Rendering 1 / 64 samples

[2025-07-28T18:15:33.944Z] [DEBUG] [b3956020-4720-4fdb-8e87-669f42c88115] Blender Output: Fra:57 Mem:119.91M (Peak 151.55M) | Time:00:00.18 | Rendering 25 / 64 samples

[2025-07-28T18:15:34.097Z] [DEBUG] [b3956020-4720-4fdb-8e87-669f42c88115] Blender Output: Fra:57 Mem:119.91M (Peak 151.55M) | Time:00:00.33 | Rendering 50 / 64 samples

[2025-07-28T18:15:34.182Z] [DEBUG] [b3956020-4720-4fdb-8e87-669f42c88115] Blender Output: Fra:57 Mem:119.91M (Peak 151.55M) | Time:00:00.42 | Rendering 64 / 64 samples

[2025-07-28T18:15:34.259Z] [DEBUG] [b3956020-4720-4fdb-8e87-669f42c88115] Blender Output: Append frame 57
Time: 00:00.50 (Saving: 00:00.03)


[2025-07-28T18:15:34.296Z] [DEBUG] [b3956020-4720-4fdb-8e87-669f42c88115] Blender Output: Fra:58 Mem:119.91M (Peak 151.55M) | Time:00:00.03 | Rendering 1 / 64 samples

[2025-07-28T18:15:34.448Z] [DEBUG] [b3956020-4720-4fdb-8e87-669f42c88115] Blender Output: Fra:58 Mem:119.91M (Peak 151.55M) | Time:00:00.18 | Rendering 25 / 64 samples

[2025-07-28T18:15:34.603Z] [DEBUG] [b3956020-4720-4fdb-8e87-669f42c88115] Blender Output: Fra:58 Mem:119.91M (Peak 151.55M) | Time:00:00.34 | Rendering 50 / 64 samples

[2025-07-28T18:15:34.689Z] [DEBUG] [b3956020-4720-4fdb-8e87-669f42c88115] Blender Output: Fra:58 Mem:119.91M (Peak 151.55M) | Time:00:00.43 | Rendering 64 / 64 samples

[2025-07-28T18:15:34.766Z] [DEBUG] [b3956020-4720-4fdb-8e87-669f42c88115] Blender Output: Append frame 58
Time: 00:00.50 (Saving: 00:00.03)


[2025-07-28T18:15:34.801Z] [DEBUG] [b3956020-4720-4fdb-8e87-669f42c88115] Blender Output: Fra:59 Mem:119.91M (Peak 151.55M) | Time:00:00.03 | Rendering 1 / 64 samples

[2025-07-28T18:15:34.958Z] [DEBUG] [b3956020-4720-4fdb-8e87-669f42c88115] Blender Output: Fra:59 Mem:119.91M (Peak 151.55M) | Time:00:00.19 | Rendering 25 / 64 samples

[2025-07-28T18:15:35.118Z] [DEBUG] [b3956020-4720-4fdb-8e87-669f42c88115] Blender Output: Fra:59 Mem:119.91M (Peak 151.55M) | Time:00:00.35 | Rendering 50 / 64 samples

[2025-07-28T18:15:35.207Z] [DEBUG] [b3956020-4720-4fdb-8e87-669f42c88115] Blender Output: Fra:59 Mem:119.91M (Peak 151.55M) | Time:00:00.44 | Rendering 64 / 64 samples

[2025-07-28T18:15:35.284Z] [DEBUG] [b3956020-4720-4fdb-8e87-669f42c88115] Blender Output: Append frame 59
Time: 00:00.51 (Saving: 00:00.03)


[2025-07-28T18:15:35.321Z] [DEBUG] [b3956020-4720-4fdb-8e87-669f42c88115] Blender Output: Fra:60 Mem:119.91M (Peak 151.55M) | Time:00:00.03 | Rendering 1 / 64 samples

[2025-07-28T18:15:35.476Z] [DEBUG] [b3956020-4720-4fdb-8e87-669f42c88115] Blender Output: Fra:60 Mem:119.91M (Peak 151.55M) | Time:00:00.19 | Rendering 25 / 64 samples

[2025-07-28T18:15:35.634Z] [DEBUG] [b3956020-4720-4fdb-8e87-669f42c88115] Blender Output: Fra:60 Mem:119.91M (Peak 151.55M) | Time:00:00.35 | Rendering 50 / 64 samples

[2025-07-28T18:15:35.723Z] [DEBUG] [b3956020-4720-4fdb-8e87-669f42c88115] Blender Output: Fra:60 Mem:119.91M (Peak 151.55M) | Time:00:00.43 | Rendering 64 / 64 samples

[2025-07-28T18:15:35.800Z] [DEBUG] [b3956020-4720-4fdb-8e87-669f42c88115] Blender Output: Append frame 60
Time: 00:00.51 (Saving: 00:00.03)


[2025-07-28T18:15:35.836Z] [DEBUG] [b3956020-4720-4fdb-8e87-669f42c88115] Blender Output: Fra:61 Mem:119.91M (Peak 151.55M) | Time:00:00.03 | Rendering 1 / 64 samples

[2025-07-28T18:15:35.993Z] [DEBUG] [b3956020-4720-4fdb-8e87-669f42c88115] Blender Output: Fra:61 Mem:119.91M (Peak 151.55M) | Time:00:00.19 | Rendering 25 / 64 samples

[2025-07-28T18:15:36.154Z] [DEBUG] [b3956020-4720-4fdb-8e87-669f42c88115] Blender Output: Fra:61 Mem:119.91M (Peak 151.55M) | Time:00:00.35 | Rendering 50 / 64 samples

[2025-07-28T18:15:36.244Z] [DEBUG] [b3956020-4720-4fdb-8e87-669f42c88115] Blender Output: Fra:61 Mem:119.91M (Peak 151.55M) | Time:00:00.44 | Rendering 64 / 64 samples

[2025-07-28T18:15:36.317Z] [DEBUG] [b3956020-4720-4fdb-8e87-669f42c88115] Blender Output: Append frame 61
Time: 00:00.51 (Saving: 00:00.03)


[2025-07-28T18:15:36.354Z] [DEBUG] [b3956020-4720-4fdb-8e87-669f42c88115] Blender Output: Fra:62 Mem:119.91M (Peak 151.55M) | Time:00:00.03 | Rendering 1 / 64 samples

[2025-07-28T18:15:36.514Z] [DEBUG] [b3956020-4720-4fdb-8e87-669f42c88115] Blender Output: Fra:62 Mem:119.91M (Peak 151.55M) | Time:00:00.19 | Rendering 25 / 64 samples

[2025-07-28T18:15:36.677Z] [DEBUG] [b3956020-4720-4fdb-8e87-669f42c88115] Blender Output: Fra:62 Mem:119.91M (Peak 151.55M) | Time:00:00.35 | Rendering 50 / 64 samples

[2025-07-28T18:15:36.769Z] [DEBUG] [b3956020-4720-4fdb-8e87-669f42c88115] Blender Output: Fra:62 Mem:119.91M (Peak 151.55M) | Time:00:00.45 | Rendering 64 / 64 samples

[2025-07-28T18:15:36.845Z] [DEBUG] [b3956020-4720-4fdb-8e87-669f42c88115] Blender Output: Append frame 62
Time: 00:00.52 (Saving: 00:00.03)


[2025-07-28T18:15:36.906Z] [DEBUG] [b3956020-4720-4fdb-8e87-669f42c88115] Blender Output: Fra:63 Mem:119.91M (Peak 151.55M) | Time:00:00.06 | Rendering 1 / 64 samples

[2025-07-28T18:15:37.058Z] [DEBUG] [b3956020-4720-4fdb-8e87-669f42c88115] Blender Output: Fra:63 Mem:119.91M (Peak 151.55M) | Time:00:00.21 | Rendering 25 / 64 samples

[2025-07-28T18:15:37.213Z] [DEBUG] [b3956020-4720-4fdb-8e87-669f42c88115] Blender Output: Fra:63 Mem:119.91M (Peak 151.55M) | Time:00:00.36 | Rendering 50 / 64 samples

[2025-07-28T18:15:37.301Z] [DEBUG] [b3956020-4720-4fdb-8e87-669f42c88115] Blender Output: Fra:63 Mem:119.91M (Peak 151.55M) | Time:00:00.45 | Rendering 64 / 64 samples

[2025-07-28T18:15:37.380Z] [DEBUG] [b3956020-4720-4fdb-8e87-669f42c88115] Blender Output: Append frame 63
Time: 00:00.53 (Saving: 00:00.03)


[2025-07-28T18:15:37.417Z] [DEBUG] [b3956020-4720-4fdb-8e87-669f42c88115] Blender Output: Fra:64 Mem:119.91M (Peak 151.55M) | Time:00:00.03 | Rendering 1 / 64 samples

[2025-07-28T18:15:37.570Z] [DEBUG] [b3956020-4720-4fdb-8e87-669f42c88115] Blender Output: Fra:64 Mem:119.91M (Peak 151.55M) | Time:00:00.18 | Rendering 25 / 64 samples

[2025-07-28T18:15:37.727Z] [DEBUG] [b3956020-4720-4fdb-8e87-669f42c88115] Blender Output: Fra:64 Mem:119.91M (Peak 151.55M) | Time:00:00.34 | Rendering 50 / 64 samples

[2025-07-28T18:15:37.815Z] [DEBUG] [b3956020-4720-4fdb-8e87-669f42c88115] Blender Output: Fra:64 Mem:119.91M (Peak 151.55M) | Time:00:00.43 | Rendering 64 / 64 samples

[2025-07-28T18:15:37.892Z] [DEBUG] [b3956020-4720-4fdb-8e87-669f42c88115] Blender Output: Append frame 64
Time: 00:00.51 (Saving: 00:00.03)


[2025-07-28T18:15:37.929Z] [DEBUG] [b3956020-4720-4fdb-8e87-669f42c88115] Blender Output: Fra:65 Mem:119.91M (Peak 151.55M) | Time:00:00.03 | Rendering 1 / 64 samples

[2025-07-28T18:15:38.081Z] [DEBUG] [b3956020-4720-4fdb-8e87-669f42c88115] Blender Output: Fra:65 Mem:119.91M (Peak 151.55M) | Time:00:00.18 | Rendering 25 / 64 samples

[2025-07-28T18:15:38.235Z] [DEBUG] [b3956020-4720-4fdb-8e87-669f42c88115] Blender Output: Fra:65 Mem:119.91M (Peak 151.55M) | Time:00:00.34 | Rendering 50 / 64 samples

[2025-07-28T18:15:38.322Z] [DEBUG] [b3956020-4720-4fdb-8e87-669f42c88115] Blender Output: Fra:65 Mem:119.91M (Peak 151.55M) | Time:00:00.43 | Rendering 64 / 64 samples

[2025-07-28T18:15:38.395Z] [DEBUG] [b3956020-4720-4fdb-8e87-669f42c88115] Blender Output: Append frame 65
Time: 00:00.50 (Saving: 00:00.03)


[2025-07-28T18:15:38.431Z] [DEBUG] [b3956020-4720-4fdb-8e87-669f42c88115] Blender Output: Fra:66 Mem:119.91M (Peak 151.55M) | Time:00:00.03 | Rendering 1 / 64 samples

[2025-07-28T18:15:38.583Z] [DEBUG] [b3956020-4720-4fdb-8e87-669f42c88115] Blender Output: Fra:66 Mem:119.91M (Peak 151.55M) | Time:00:00.18 | Rendering 25 / 64 samples

[2025-07-28T18:15:38.737Z] [DEBUG] [b3956020-4720-4fdb-8e87-669f42c88115] Blender Output: Fra:66 Mem:119.91M (Peak 151.55M) | Time:00:00.34 | Rendering 50 / 64 samples

[2025-07-28T18:15:38.825Z] [DEBUG] [b3956020-4720-4fdb-8e87-669f42c88115] Blender Output: Fra:66 Mem:119.91M (Peak 151.55M) | Time:00:00.42 | Rendering 64 / 64 samples

[2025-07-28T18:15:38.902Z] [DEBUG] [b3956020-4720-4fdb-8e87-669f42c88115] Blender Output: Append frame 66
Time: 00:00.50 (Saving: 00:00.03)


[2025-07-28T18:15:38.938Z] [DEBUG] [b3956020-4720-4fdb-8e87-669f42c88115] Blender Output: Fra:67 Mem:119.91M (Peak 151.55M) | Time:00:00.03 | Rendering 1 / 64 samples

[2025-07-28T18:15:39.093Z] [DEBUG] [b3956020-4720-4fdb-8e87-669f42c88115] Blender Output: Fra:67 Mem:119.91M (Peak 151.55M) | Time:00:00.19 | Rendering 25 / 64 samples

[2025-07-28T18:15:39.253Z] [DEBUG] [b3956020-4720-4fdb-8e87-669f42c88115] Blender Output: Fra:67 Mem:119.91M (Peak 151.55M) | Time:00:00.35 | Rendering 50 / 64 samples

[2025-07-28T18:15:39.340Z] [DEBUG] [b3956020-4720-4fdb-8e87-669f42c88115] Blender Output: Fra:67 Mem:119.91M (Peak 151.55M) | Time:00:00.43 | Rendering 64 / 64 samples

[2025-07-28T18:15:39.418Z] [DEBUG] [b3956020-4720-4fdb-8e87-669f42c88115] Blender Output: Append frame 67
Time: 00:00.51 (Saving: 00:00.03)


[2025-07-28T18:15:39.454Z] [DEBUG] [b3956020-4720-4fdb-8e87-669f42c88115] Blender Output: Fra:68 Mem:119.91M (Peak 151.55M) | Time:00:00.03 | Rendering 1 / 64 samples

[2025-07-28T18:15:39.607Z] [DEBUG] [b3956020-4720-4fdb-8e87-669f42c88115] Blender Output: Fra:68 Mem:119.91M (Peak 151.55M) | Time:00:00.18 | Rendering 25 / 64 samples

[2025-07-28T18:15:39.761Z] [DEBUG] [b3956020-4720-4fdb-8e87-669f42c88115] Blender Output: Fra:68 Mem:119.91M (Peak 151.55M) | Time:00:00.34 | Rendering 50 / 64 samples

[2025-07-28T18:15:39.848Z] [DEBUG] [b3956020-4720-4fdb-8e87-669f42c88115] Blender Output: Fra:68 Mem:119.91M (Peak 151.55M) | Time:00:00.43 | Rendering 64 / 64 samples

[2025-07-28T18:15:39.922Z] [DEBUG] [b3956020-4720-4fdb-8e87-669f42c88115] Blender Output: Append frame 68
Time: 00:00.50 (Saving: 00:00.03)


[2025-07-28T18:15:39.958Z] [DEBUG] [b3956020-4720-4fdb-8e87-669f42c88115] Blender Output: Fra:69 Mem:119.91M (Peak 151.55M) | Time:00:00.03 | Rendering 1 / 64 samples

[2025-07-28T18:15:40.115Z] [DEBUG] [b3956020-4720-4fdb-8e87-669f42c88115] Blender Output: Fra:69 Mem:119.91M (Peak 151.55M) | Time:00:00.19 | Rendering 25 / 64 samples

[2025-07-28T18:15:40.272Z] [DEBUG] [b3956020-4720-4fdb-8e87-669f42c88115] Blender Output: Fra:69 Mem:119.91M (Peak 151.55M) | Time:00:00.35 | Rendering 50 / 64 samples

[2025-07-28T18:15:40.361Z] [DEBUG] [b3956020-4720-4fdb-8e87-669f42c88115] Blender Output: Fra:69 Mem:119.91M (Peak 151.55M) | Time:00:00.43 | Rendering 64 / 64 samples

[2025-07-28T18:15:40.439Z] [DEBUG] [b3956020-4720-4fdb-8e87-669f42c88115] Blender Output: Append frame 69
Time: 00:00.51 (Saving: 00:00.03)


[2025-07-28T18:15:40.476Z] [DEBUG] [b3956020-4720-4fdb-8e87-669f42c88115] Blender Output: Fra:70 Mem:119.91M (Peak 151.55M) | Time:00:00.03 | Rendering 1 / 64 samples

[2025-07-28T18:15:40.627Z] [DEBUG] [b3956020-4720-4fdb-8e87-669f42c88115] Blender Output: Fra:70 Mem:119.91M (Peak 151.55M) | Time:00:00.18 | Rendering 25 / 64 samples

[2025-07-28T18:15:40.780Z] [DEBUG] [b3956020-4720-4fdb-8e87-669f42c88115] Blender Output: Fra:70 Mem:119.91M (Peak 151.55M) | Time:00:00.34 | Rendering 50 / 64 samples

[2025-07-28T18:15:40.867Z] [DEBUG] [b3956020-4720-4fdb-8e87-669f42c88115] Blender Output: Fra:70 Mem:119.91M (Peak 151.55M) | Time:00:00.42 | Rendering 64 / 64 samples

[2025-07-28T18:15:40.944Z] [DEBUG] [b3956020-4720-4fdb-8e87-669f42c88115] Blender Output: Append frame 70
Time: 00:00.50 (Saving: 00:00.03)


[2025-07-28T18:15:40.980Z] [DEBUG] [b3956020-4720-4fdb-8e87-669f42c88115] Blender Output: Fra:71 Mem:119.91M (Peak 151.55M) | Time:00:00.03 | Rendering 1 / 64 samples

[2025-07-28T18:15:41.131Z] [DEBUG] [b3956020-4720-4fdb-8e87-669f42c88115] Blender Output: Fra:71 Mem:119.91M (Peak 151.55M) | Time:00:00.18 | Rendering 25 / 64 samples

[2025-07-28T18:15:41.285Z] [DEBUG] [b3956020-4720-4fdb-8e87-669f42c88115] Blender Output: Fra:71 Mem:119.91M (Peak 151.55M) | Time:00:00.34 | Rendering 50 / 64 samples

[2025-07-28T18:15:41.374Z] [DEBUG] [b3956020-4720-4fdb-8e87-669f42c88115] Blender Output: Fra:71 Mem:119.91M (Peak 151.55M) | Time:00:00.42 | Rendering 64 / 64 samples

[2025-07-28T18:15:41.452Z] [DEBUG] [b3956020-4720-4fdb-8e87-669f42c88115] Blender Output: Append frame 71
Time: 00:00.50 (Saving: 00:00.03)


[2025-07-28T18:15:41.489Z] [DEBUG] [b3956020-4720-4fdb-8e87-669f42c88115] Blender Output: Fra:72 Mem:119.91M (Peak 151.55M) | Time:00:00.03 | Rendering 1 / 64 samples

[2025-07-28T18:15:41.641Z] [DEBUG] [b3956020-4720-4fdb-8e87-669f42c88115] Blender Output: Fra:72 Mem:119.91M (Peak 151.55M) | Time:00:00.18 | Rendering 25 / 64 samples

[2025-07-28T18:15:41.798Z] [DEBUG] [b3956020-4720-4fdb-8e87-669f42c88115] Blender Output: Fra:72 Mem:119.91M (Peak 151.55M) | Time:00:00.34 | Rendering 50 / 64 samples

[2025-07-28T18:15:41.886Z] [DEBUG] [b3956020-4720-4fdb-8e87-669f42c88115] Blender Output: Fra:72 Mem:119.91M (Peak 151.55M) | Time:00:00.43 | Rendering 64 / 64 samples

[2025-07-28T18:15:41.964Z] [DEBUG] [b3956020-4720-4fdb-8e87-669f42c88115] Blender Output: Append frame 72
Time: 00:00.51 (Saving: 00:00.03)


[2025-07-28T18:15:42.000Z] [DEBUG] [b3956020-4720-4fdb-8e87-669f42c88115] Blender Output: Fra:73 Mem:119.91M (Peak 151.55M) | Time:00:00.03 | Rendering 1 / 64 samples

[2025-07-28T18:15:42.154Z] [DEBUG] [b3956020-4720-4fdb-8e87-669f42c88115] Blender Output: Fra:73 Mem:119.91M (Peak 151.55M) | Time:00:00.18 | Rendering 25 / 64 samples

[2025-07-28T18:15:42.310Z] [DEBUG] [b3956020-4720-4fdb-8e87-669f42c88115] Blender Output: Fra:73 Mem:119.91M (Peak 151.55M) | Time:00:00.34 | Rendering 50 / 64 samples

[2025-07-28T18:15:42.399Z] [DEBUG] [b3956020-4720-4fdb-8e87-669f42c88115] Blender Output: Fra:73 Mem:119.91M (Peak 151.55M) | Time:00:00.43 | Rendering 64 / 64 samples

[2025-07-28T18:15:42.477Z] [DEBUG] [b3956020-4720-4fdb-8e87-669f42c88115] Blender Output: Append frame 73
Time: 00:00.51 (Saving: 00:00.03)


[2025-07-28T18:15:42.514Z] [DEBUG] [b3956020-4720-4fdb-8e87-669f42c88115] Blender Output: Fra:74 Mem:119.91M (Peak 151.55M) | Time:00:00.03 | Rendering 1 / 64 samples

[2025-07-28T18:15:42.667Z] [DEBUG] [b3956020-4720-4fdb-8e87-669f42c88115] Blender Output: Fra:74 Mem:119.91M (Peak 151.55M) | Time:00:00.18 | Rendering 25 / 64 samples

[2025-07-28T18:15:42.824Z] [DEBUG] [b3956020-4720-4fdb-8e87-669f42c88115] Blender Output: Fra:74 Mem:119.91M (Peak 151.55M) | Time:00:00.34 | Rendering 50 / 64 samples

[2025-07-28T18:15:42.911Z] [DEBUG] [b3956020-4720-4fdb-8e87-669f42c88115] Blender Output: Fra:74 Mem:119.91M (Peak 151.55M) | Time:00:00.43 | Rendering 64 / 64 samples

[2025-07-28T18:15:42.985Z] [DEBUG] [b3956020-4720-4fdb-8e87-669f42c88115] Blender Output: Append frame 74
Time: 00:00.50 (Saving: 00:00.03)


[2025-07-28T18:15:43.022Z] [DEBUG] [b3956020-4720-4fdb-8e87-669f42c88115] Blender Output: Fra:75 Mem:119.91M (Peak 151.55M) | Time:00:00.03 | Rendering 1 / 64 samples

[2025-07-28T18:15:43.175Z] [DEBUG] [b3956020-4720-4fdb-8e87-669f42c88115] Blender Output: Fra:75 Mem:119.91M (Peak 151.55M) | Time:00:00.18 | Rendering 25 / 64 samples

[2025-07-28T18:15:43.334Z] [DEBUG] [b3956020-4720-4fdb-8e87-669f42c88115] Blender Output: Fra:75 Mem:119.91M (Peak 151.55M) | Time:00:00.34 | Rendering 50 / 64 samples

[2025-07-28T18:15:43.422Z] [DEBUG] [b3956020-4720-4fdb-8e87-669f42c88115] Blender Output: Fra:75 Mem:119.91M (Peak 151.55M) | Time:00:00.43 | Rendering 64 / 64 samples

[2025-07-28T18:15:43.499Z] [DEBUG] [b3956020-4720-4fdb-8e87-669f42c88115] Blender Output: Append frame 75
Time: 00:00.51 (Saving: 00:00.03)


[2025-07-28T18:15:43.537Z] [DEBUG] [b3956020-4720-4fdb-8e87-669f42c88115] Blender Output: Fra:76 Mem:119.91M (Peak 151.55M) | Time:00:00.03 | Rendering 1 / 64 samples

[2025-07-28T18:15:43.690Z] [DEBUG] [b3956020-4720-4fdb-8e87-669f42c88115] Blender Output: Fra:76 Mem:119.91M (Peak 151.55M) | Time:00:00.19 | Rendering 25 / 64 samples

[2025-07-28T18:15:43.846Z] [DEBUG] [b3956020-4720-4fdb-8e87-669f42c88115] Blender Output: Fra:76 Mem:119.91M (Peak 151.55M) | Time:00:00.34 | Rendering 50 / 64 samples

[2025-07-28T18:15:43.934Z] [DEBUG] [b3956020-4720-4fdb-8e87-669f42c88115] Blender Output: Fra:76 Mem:119.91M (Peak 151.55M) | Time:00:00.43 | Rendering 64 / 64 samples

[2025-07-28T18:15:44.012Z] [DEBUG] [b3956020-4720-4fdb-8e87-669f42c88115] Blender Output: Append frame 76
Time: 00:00.51 (Saving: 00:00.03)


[2025-07-28T18:15:44.048Z] [DEBUG] [b3956020-4720-4fdb-8e87-669f42c88115] Blender Output: Fra:77 Mem:119.91M (Peak 151.55M) | Time:00:00.03 | Rendering 1 / 64 samples

[2025-07-28T18:15:44.201Z] [DEBUG] [b3956020-4720-4fdb-8e87-669f42c88115] Blender Output: Fra:77 Mem:119.91M (Peak 151.55M) | Time:00:00.18 | Rendering 25 / 64 samples

[2025-07-28T18:15:44.356Z] [DEBUG] [b3956020-4720-4fdb-8e87-669f42c88115] Blender Output: Fra:77 Mem:119.91M (Peak 151.55M) | Time:00:00.34 | Rendering 50 / 64 samples

[2025-07-28T18:15:44.443Z] [DEBUG] [b3956020-4720-4fdb-8e87-669f42c88115] Blender Output: Fra:77 Mem:119.91M (Peak 151.55M) | Time:00:00.43 | Rendering 64 / 64 samples

[2025-07-28T18:15:44.516Z] [DEBUG] [b3956020-4720-4fdb-8e87-669f42c88115] Blender Output: Append frame 77
Time: 00:00.50 (Saving: 00:00.03)


[2025-07-28T18:15:44.553Z] [DEBUG] [b3956020-4720-4fdb-8e87-669f42c88115] Blender Output: Fra:78 Mem:119.91M (Peak 151.55M) | Time:00:00.03 | Rendering 1 / 64 samples

[2025-07-28T18:15:44.706Z] [DEBUG] [b3956020-4720-4fdb-8e87-669f42c88115] Blender Output: Fra:78 Mem:119.91M (Peak 151.55M) | Time:00:00.18 | Rendering 25 / 64 samples

[2025-07-28T18:15:44.861Z] [DEBUG] [b3956020-4720-4fdb-8e87-669f42c88115] Blender Output: Fra:78 Mem:119.91M (Peak 151.55M) | Time:00:00.34 | Rendering 50 / 64 samples

[2025-07-28T18:15:44.948Z] [DEBUG] [b3956020-4720-4fdb-8e87-669f42c88115] Blender Output: Fra:78 Mem:119.91M (Peak 151.55M) | Time:00:00.43 | Rendering 64 / 64 samples

[2025-07-28T18:15:45.023Z] [DEBUG] [b3956020-4720-4fdb-8e87-669f42c88115] Blender Output: Append frame 78
Time: 00:00.50 (Saving: 00:00.03)


[2025-07-28T18:15:45.059Z] [DEBUG] [b3956020-4720-4fdb-8e87-669f42c88115] Blender Output: Fra:79 Mem:119.91M (Peak 151.55M) | Time:00:00.03 | Rendering 1 / 64 samples

[2025-07-28T18:15:45.211Z] [DEBUG] [b3956020-4720-4fdb-8e87-669f42c88115] Blender Output: Fra:79 Mem:119.91M (Peak 151.55M) | Time:00:00.18 | Rendering 25 / 64 samples

[2025-07-28T18:15:45.368Z] [DEBUG] [b3956020-4720-4fdb-8e87-669f42c88115] Blender Output: Fra:79 Mem:119.91M (Peak 151.55M) | Time:00:00.34 | Rendering 50 / 64 samples

[2025-07-28T18:15:45.455Z] [DEBUG] [b3956020-4720-4fdb-8e87-669f42c88115] Blender Output: Fra:79 Mem:119.91M (Peak 151.55M) | Time:00:00.43 | Rendering 64 / 64 samples

[2025-07-28T18:15:45.532Z] [DEBUG] [b3956020-4720-4fdb-8e87-669f42c88115] Blender Output: Append frame 79
Time: 00:00.50 (Saving: 00:00.03)


[2025-07-28T18:15:45.569Z] [DEBUG] [b3956020-4720-4fdb-8e87-669f42c88115] Blender Output: Fra:80 Mem:119.91M (Peak 151.55M) | Time:00:00.03 | Rendering 1 / 64 samples

[2025-07-28T18:15:45.721Z] [DEBUG] [b3956020-4720-4fdb-8e87-669f42c88115] Blender Output: Fra:80 Mem:119.91M (Peak 151.55M) | Time:00:00.18 | Rendering 25 / 64 samples

[2025-07-28T18:15:45.876Z] [DEBUG] [b3956020-4720-4fdb-8e87-669f42c88115] Blender Output: Fra:80 Mem:119.91M (Peak 151.55M) | Time:00:00.34 | Rendering 50 / 64 samples

[2025-07-28T18:15:45.962Z] [DEBUG] [b3956020-4720-4fdb-8e87-669f42c88115] Blender Output: Fra:80 Mem:119.91M (Peak 151.55M) | Time:00:00.42 | Rendering 64 / 64 samples

[2025-07-28T18:15:46.040Z] [DEBUG] [b3956020-4720-4fdb-8e87-669f42c88115] Blender Output: Append frame 80
Time: 00:00.50 (Saving: 00:00.03)


[2025-07-28T18:15:46.077Z] [DEBUG] [b3956020-4720-4fdb-8e87-669f42c88115] Blender Output: Fra:81 Mem:119.91M (Peak 151.55M) | Time:00:00.03 | Rendering 1 / 64 samples

[2025-07-28T18:15:46.228Z] [DEBUG] [b3956020-4720-4fdb-8e87-669f42c88115] Blender Output: Fra:81 Mem:119.91M (Peak 151.55M) | Time:00:00.18 | Rendering 25 / 64 samples

[2025-07-28T18:15:46.382Z] [DEBUG] [b3956020-4720-4fdb-8e87-669f42c88115] Blender Output: Fra:81 Mem:119.91M (Peak 151.55M) | Time:00:00.34 | Rendering 50 / 64 samples

[2025-07-28T18:15:46.469Z] [DEBUG] [b3956020-4720-4fdb-8e87-669f42c88115] Blender Output: Fra:81 Mem:119.91M (Peak 151.55M) | Time:00:00.42 | Rendering 64 / 64 samples

[2025-07-28T18:15:46.547Z] [DEBUG] [b3956020-4720-4fdb-8e87-669f42c88115] Blender Output: Append frame 81
Time: 00:00.50 (Saving: 00:00.03)


[2025-07-28T18:15:46.583Z] [DEBUG] [b3956020-4720-4fdb-8e87-669f42c88115] Blender Output: Fra:82 Mem:119.91M (Peak 151.55M) | Time:00:00.03 | Rendering 1 / 64 samples

[2025-07-28T18:15:46.734Z] [DEBUG] [b3956020-4720-4fdb-8e87-669f42c88115] Blender Output: Fra:82 Mem:119.91M (Peak 151.55M) | Time:00:00.18 | Rendering 25 / 64 samples

[2025-07-28T18:15:46.888Z] [DEBUG] [b3956020-4720-4fdb-8e87-669f42c88115] Blender Output: Fra:82 Mem:119.91M (Peak 151.55M) | Time:00:00.34 | Rendering 50 / 64 samples

[2025-07-28T18:15:46.974Z] [DEBUG] [b3956020-4720-4fdb-8e87-669f42c88115] Blender Output: Fra:82 Mem:119.91M (Peak 151.55M) | Time:00:00.42 | Rendering 64 / 64 samples

[2025-07-28T18:15:47.051Z] [DEBUG] [b3956020-4720-4fdb-8e87-669f42c88115] Blender Output: Append frame 82
Time: 00:00.50 (Saving: 00:00.03)


[2025-07-28T18:15:47.088Z] [DEBUG] [b3956020-4720-4fdb-8e87-669f42c88115] Blender Output: Fra:83 Mem:119.91M (Peak 151.55M) | Time:00:00.03 | Rendering 1 / 64 samples

[2025-07-28T18:15:47.239Z] [DEBUG] [b3956020-4720-4fdb-8e87-669f42c88115] Blender Output: Fra:83 Mem:119.91M (Peak 151.55M) | Time:00:00.18 | Rendering 25 / 64 samples

[2025-07-28T18:15:47.393Z] [DEBUG] [b3956020-4720-4fdb-8e87-669f42c88115] Blender Output: Fra:83 Mem:119.91M (Peak 151.55M) | Time:00:00.34 | Rendering 50 / 64 samples

[2025-07-28T18:15:47.481Z] [DEBUG] [b3956020-4720-4fdb-8e87-669f42c88115] Blender Output: Fra:83 Mem:119.91M (Peak 151.55M) | Time:00:00.42 | Rendering 64 / 64 samples

[2025-07-28T18:15:47.555Z] [DEBUG] [b3956020-4720-4fdb-8e87-669f42c88115] Blender Output: Append frame 83
Time: 00:00.50 (Saving: 00:00.03)


[2025-07-28T18:15:47.591Z] [DEBUG] [b3956020-4720-4fdb-8e87-669f42c88115] Blender Output: Fra:84 Mem:119.91M (Peak 151.55M) | Time:00:00.03 | Rendering 1 / 64 samples

[2025-07-28T18:15:47.742Z] [DEBUG] [b3956020-4720-4fdb-8e87-669f42c88115] Blender Output: Fra:84 Mem:119.91M (Peak 151.55M) | Time:00:00.18 | Rendering 25 / 64 samples

[2025-07-28T18:15:47.896Z] [DEBUG] [b3956020-4720-4fdb-8e87-669f42c88115] Blender Output: Fra:84 Mem:119.91M (Peak 151.55M) | Time:00:00.34 | Rendering 50 / 64 samples

[2025-07-28T18:15:47.983Z] [DEBUG] [b3956020-4720-4fdb-8e87-669f42c88115] Blender Output: Fra:84 Mem:119.91M (Peak 151.55M) | Time:00:00.42 | Rendering 64 / 64 samples

[2025-07-28T18:15:48.060Z] [DEBUG] [b3956020-4720-4fdb-8e87-669f42c88115] Blender Output: Append frame 84
Time: 00:00.50 (Saving: 00:00.03)


[2025-07-28T18:15:48.096Z] [DEBUG] [b3956020-4720-4fdb-8e87-669f42c88115] Blender Output: Fra:85 Mem:119.91M (Peak 151.55M) | Time:00:00.03 | Rendering 1 / 64 samples

[2025-07-28T18:15:48.247Z] [DEBUG] [b3956020-4720-4fdb-8e87-669f42c88115] Blender Output: Fra:85 Mem:119.91M (Peak 151.55M) | Time:00:00.18 | Rendering 25 / 64 samples

[2025-07-28T18:15:48.401Z] [DEBUG] [b3956020-4720-4fdb-8e87-669f42c88115] Blender Output: Fra:85 Mem:119.91M (Peak 151.55M) | Time:00:00.34 | Rendering 50 / 64 samples

[2025-07-28T18:15:48.489Z] [DEBUG] [b3956020-4720-4fdb-8e87-669f42c88115] Blender Output: Fra:85 Mem:119.91M (Peak 151.55M) | Time:00:00.42 | Rendering 64 / 64 samples

[2025-07-28T18:15:48.566Z] [DEBUG] [b3956020-4720-4fdb-8e87-669f42c88115] Blender Output: Append frame 85
Time: 00:00.50 (Saving: 00:00.03)


[2025-07-28T18:15:48.602Z] [DEBUG] [b3956020-4720-4fdb-8e87-669f42c88115] Blender Output: Fra:86 Mem:119.91M (Peak 151.55M) | Time:00:00.03 | Rendering 1 / 64 samples

[2025-07-28T18:15:48.753Z] [DEBUG] [b3956020-4720-4fdb-8e87-669f42c88115] Blender Output: Fra:86 Mem:119.91M (Peak 151.55M) | Time:00:00.18 | Rendering 25 / 64 samples

[2025-07-28T18:15:48.908Z] [DEBUG] [b3956020-4720-4fdb-8e87-669f42c88115] Blender Output: Fra:86 Mem:119.91M (Peak 151.55M) | Time:00:00.34 | Rendering 50 / 64 samples

[2025-07-28T18:15:48.996Z] [DEBUG] [b3956020-4720-4fdb-8e87-669f42c88115] Blender Output: Fra:86 Mem:119.91M (Peak 151.55M) | Time:00:00.43 | Rendering 64 / 64 samples

[2025-07-28T18:15:49.074Z] [DEBUG] [b3956020-4720-4fdb-8e87-669f42c88115] Blender Output: Append frame 86
Time: 00:00.50 (Saving: 00:00.03)


[2025-07-28T18:15:49.110Z] [DEBUG] [b3956020-4720-4fdb-8e87-669f42c88115] Blender Output: Fra:87 Mem:119.91M (Peak 151.55M) | Time:00:00.03 | Rendering 1 / 64 samples

[2025-07-28T18:15:49.263Z] [DEBUG] [b3956020-4720-4fdb-8e87-669f42c88115] Blender Output: Fra:87 Mem:119.91M (Peak 151.55M) | Time:00:00.18 | Rendering 25 / 64 samples

[2025-07-28T18:15:49.421Z] [DEBUG] [b3956020-4720-4fdb-8e87-669f42c88115] Blender Output: Fra:87 Mem:119.91M (Peak 151.55M) | Time:00:00.34 | Rendering 50 / 64 samples

[2025-07-28T18:15:49.509Z] [DEBUG] [b3956020-4720-4fdb-8e87-669f42c88115] Blender Output: Fra:87 Mem:119.91M (Peak 151.55M) | Time:00:00.43 | Rendering 64 / 64 samples

[2025-07-28T18:15:49.586Z] [DEBUG] [b3956020-4720-4fdb-8e87-669f42c88115] Blender Output: Append frame 87
Time: 00:00.51 (Saving: 00:00.03)


[2025-07-28T18:15:49.623Z] [DEBUG] [b3956020-4720-4fdb-8e87-669f42c88115] Blender Output: Fra:88 Mem:119.91M (Peak 151.55M) | Time:00:00.03 | Rendering 1 / 64 samples

[2025-07-28T18:15:49.777Z] [DEBUG] [b3956020-4720-4fdb-8e87-669f42c88115] Blender Output: Fra:88 Mem:119.91M (Peak 151.55M) | Time:00:00.19 | Rendering 25 / 64 samples

[2025-07-28T18:15:49.934Z] [DEBUG] [b3956020-4720-4fdb-8e87-669f42c88115] Blender Output: Fra:88 Mem:119.91M (Peak 151.55M) | Time:00:00.34 | Rendering 50 / 64 samples

[2025-07-28T18:15:50.023Z] [DEBUG] [b3956020-4720-4fdb-8e87-669f42c88115] Blender Output: Fra:88 Mem:119.91M (Peak 151.55M) | Time:00:00.43 | Rendering 64 / 64 samples

[2025-07-28T18:15:50.097Z] [DEBUG] [b3956020-4720-4fdb-8e87-669f42c88115] Blender Output: Append frame 88
Time: 00:00.51 (Saving: 00:00.03)


[2025-07-28T18:15:50.133Z] [DEBUG] [b3956020-4720-4fdb-8e87-669f42c88115] Blender Output: Fra:89 Mem:119.91M (Peak 151.55M) | Time:00:00.03 | Rendering 1 / 64 samples

[2025-07-28T18:15:50.288Z] [DEBUG] [b3956020-4720-4fdb-8e87-669f42c88115] Blender Output: Fra:89 Mem:119.91M (Peak 151.55M) | Time:00:00.19 | Rendering 25 / 64 samples

[2025-07-28T18:15:50.446Z] [DEBUG] [b3956020-4720-4fdb-8e87-669f42c88115] Blender Output: Fra:89 Mem:119.91M (Peak 151.55M) | Time:00:00.34 | Rendering 50 / 64 samples

[2025-07-28T18:15:50.536Z] [DEBUG] [b3956020-4720-4fdb-8e87-669f42c88115] Blender Output: Fra:89 Mem:119.91M (Peak 151.55M) | Time:00:00.43 | Rendering 64 / 64 samples

[2025-07-28T18:15:50.614Z] [DEBUG] [b3956020-4720-4fdb-8e87-669f42c88115] Blender Output: Append frame 89
Time: 00:00.51 (Saving: 00:00.03)


[2025-07-28T18:15:50.650Z] [DEBUG] [b3956020-4720-4fdb-8e87-669f42c88115] Blender Output: Fra:90 Mem:119.91M (Peak 151.55M) | Time:00:00.03 | Rendering 1 / 64 samples

[2025-07-28T18:15:50.804Z] [DEBUG] [b3956020-4720-4fdb-8e87-669f42c88115] Blender Output: Fra:90 Mem:119.91M (Peak 151.55M) | Time:00:00.18 | Rendering 25 / 64 samples

[2025-07-28T18:15:50.958Z] [DEBUG] [b3956020-4720-4fdb-8e87-669f42c88115] Blender Output: Fra:90 Mem:119.91M (Peak 151.55M) | Time:00:00.34 | Rendering 50 / 64 samples

[2025-07-28T18:15:51.045Z] [DEBUG] [b3956020-4720-4fdb-8e87-669f42c88115] Blender Output: Fra:90 Mem:119.91M (Peak 151.55M) | Time:00:00.43 | Rendering 64 / 64 samples

[2025-07-28T18:15:51.119Z] [DEBUG] [b3956020-4720-4fdb-8e87-669f42c88115] Blender Output: Append frame 90
Time: 00:00.50 (Saving: 00:00.03)


[2025-07-28T18:15:51.155Z] [DEBUG] [b3956020-4720-4fdb-8e87-669f42c88115] Blender Output: Fra:91 Mem:119.91M (Peak 151.55M) | Time:00:00.03 | Rendering 1 / 64 samples

[2025-07-28T18:15:51.308Z] [DEBUG] [b3956020-4720-4fdb-8e87-669f42c88115] Blender Output: Fra:91 Mem:119.91M (Peak 151.55M) | Time:00:00.18 | Rendering 25 / 64 samples

[2025-07-28T18:15:51.465Z] [DEBUG] [b3956020-4720-4fdb-8e87-669f42c88115] Blender Output: Fra:91 Mem:119.91M (Peak 151.55M) | Time:00:00.34 | Rendering 50 / 64 samples

[2025-07-28T18:15:51.552Z] [DEBUG] [b3956020-4720-4fdb-8e87-669f42c88115] Blender Output: Fra:91 Mem:119.91M (Peak 151.55M) | Time:00:00.43 | Rendering 64 / 64 samples

[2025-07-28T18:15:51.629Z] [DEBUG] [b3956020-4720-4fdb-8e87-669f42c88115] Blender Output: Append frame 91
Time: 00:00.50 (Saving: 00:00.03)


[2025-07-28T18:15:51.666Z] [DEBUG] [b3956020-4720-4fdb-8e87-669f42c88115] Blender Output: Fra:92 Mem:119.91M (Peak 151.55M) | Time:00:00.03 | Rendering 1 / 64 samples

[2025-07-28T18:15:51.818Z] [DEBUG] [b3956020-4720-4fdb-8e87-669f42c88115] Blender Output: Fra:92 Mem:119.91M (Peak 151.55M) | Time:00:00.18 | Rendering 25 / 64 samples

[2025-07-28T18:15:51.974Z] [DEBUG] [b3956020-4720-4fdb-8e87-669f42c88115] Blender Output: Fra:92 Mem:119.91M (Peak 151.55M) | Time:00:00.34 | Rendering 50 / 64 samples

[2025-07-28T18:15:52.062Z] [DEBUG] [b3956020-4720-4fdb-8e87-669f42c88115] Blender Output: Fra:92 Mem:119.91M (Peak 151.55M) | Time:00:00.43 | Rendering 64 / 64 samples

[2025-07-28T18:15:52.139Z] [DEBUG] [b3956020-4720-4fdb-8e87-669f42c88115] Blender Output: Append frame 92
Time: 00:00.51 (Saving: 00:00.03)


[2025-07-28T18:15:52.175Z] [DEBUG] [b3956020-4720-4fdb-8e87-669f42c88115] Blender Output: Fra:93 Mem:119.91M (Peak 151.55M) | Time:00:00.03 | Rendering 1 / 64 samples

[2025-07-28T18:15:52.327Z] [DEBUG] [b3956020-4720-4fdb-8e87-669f42c88115] Blender Output: Fra:93 Mem:119.91M (Peak 151.55M) | Time:00:00.18 | Rendering 25 / 64 samples

[2025-07-28T18:15:52.484Z] [DEBUG] [b3956020-4720-4fdb-8e87-669f42c88115] Blender Output: Fra:93 Mem:119.91M (Peak 151.55M) | Time:00:00.34 | Rendering 50 / 64 samples

[2025-07-28T18:15:52.571Z] [DEBUG] [b3956020-4720-4fdb-8e87-669f42c88115] Blender Output: Fra:93 Mem:119.91M (Peak 151.55M) | Time:00:00.43 | Rendering 64 / 64 samples

[2025-07-28T18:15:52.646Z] [DEBUG] [b3956020-4720-4fdb-8e87-669f42c88115] Blender Output: Append frame 93
Time: 00:00.50 (Saving: 00:00.03)


[2025-07-28T18:15:52.682Z] [DEBUG] [b3956020-4720-4fdb-8e87-669f42c88115] Blender Output: Fra:94 Mem:119.91M (Peak 151.55M) | Time:00:00.03 | Rendering 1 / 64 samples

[2025-07-28T18:15:52.832Z] [DEBUG] [b3956020-4720-4fdb-8e87-669f42c88115] Blender Output: Fra:94 Mem:119.91M (Peak 151.55M) | Time:00:00.18 | Rendering 25 / 64 samples

[2025-07-28T18:15:52.989Z] [DEBUG] [b3956020-4720-4fdb-8e87-669f42c88115] Blender Output: Fra:94 Mem:119.91M (Peak 151.55M) | Time:00:00.34 | Rendering 50 / 64 samples

[2025-07-28T18:15:53.076Z] [DEBUG] [b3956020-4720-4fdb-8e87-669f42c88115] Blender Output: Fra:94 Mem:119.91M (Peak 151.55M) | Time:00:00.43 | Rendering 64 / 64 samples

[2025-07-28T18:15:53.153Z] [DEBUG] [b3956020-4720-4fdb-8e87-669f42c88115] Blender Output: Append frame 94
Time: 00:00.50 (Saving: 00:00.03)


[2025-07-28T18:15:53.188Z] [DEBUG] [b3956020-4720-4fdb-8e87-669f42c88115] Blender Output: Fra:95 Mem:119.91M (Peak 151.55M) | Time:00:00.03 | Rendering 1 / 64 samples

[2025-07-28T18:15:53.341Z] [DEBUG] [b3956020-4720-4fdb-8e87-669f42c88115] Blender Output: Fra:95 Mem:119.91M (Peak 151.55M) | Time:00:00.18 | Rendering 25 / 64 samples

[2025-07-28T18:15:53.496Z] [DEBUG] [b3956020-4720-4fdb-8e87-669f42c88115] Blender Output: Fra:95 Mem:119.91M (Peak 151.55M) | Time:00:00.34 | Rendering 50 / 64 samples

[2025-07-28T18:15:53.583Z] [DEBUG] [b3956020-4720-4fdb-8e87-669f42c88115] Blender Output: Fra:95 Mem:119.91M (Peak 151.55M) | Time:00:00.42 | Rendering 64 / 64 samples

[2025-07-28T18:15:53.656Z] [DEBUG] [b3956020-4720-4fdb-8e87-669f42c88115] Blender Output: Append frame 95
Time: 00:00.50 (Saving: 00:00.03)


[2025-07-28T18:15:53.693Z] [DEBUG] [b3956020-4720-4fdb-8e87-669f42c88115] Blender Output: Fra:96 Mem:119.91M (Peak 151.55M) | Time:00:00.03 | Rendering 1 / 64 samples

[2025-07-28T18:15:53.844Z] [DEBUG] [b3956020-4720-4fdb-8e87-669f42c88115] Blender Output: Fra:96 Mem:119.91M (Peak 151.55M) | Time:00:00.18 | Rendering 25 / 64 samples

[2025-07-28T18:15:53.998Z] [DEBUG] [b3956020-4720-4fdb-8e87-669f42c88115] Blender Output: Fra:96 Mem:119.91M (Peak 151.55M) | Time:00:00.34 | Rendering 50 / 64 samples

[2025-07-28T18:15:54.084Z] [DEBUG] [b3956020-4720-4fdb-8e87-669f42c88115] Blender Output: Fra:96 Mem:119.91M (Peak 151.55M) | Time:00:00.42 | Rendering 64 / 64 samples

[2025-07-28T18:15:54.161Z] [DEBUG] [b3956020-4720-4fdb-8e87-669f42c88115] Blender Output: Append frame 96
Time: 00:00.50 (Saving: 00:00.03)


[2025-07-28T18:15:54.197Z] [DEBUG] [b3956020-4720-4fdb-8e87-669f42c88115] Blender Output: Fra:97 Mem:119.91M (Peak 151.55M) | Time:00:00.03 | Rendering 1 / 64 samples

[2025-07-28T18:15:54.348Z] [DEBUG] [b3956020-4720-4fdb-8e87-669f42c88115] Blender Output: Fra:97 Mem:119.91M (Peak 151.55M) | Time:00:00.18 | Rendering 25 / 64 samples

[2025-07-28T18:15:54.503Z] [DEBUG] [b3956020-4720-4fdb-8e87-669f42c88115] Blender Output: Fra:97 Mem:119.91M (Peak 151.55M) | Time:00:00.34 | Rendering 50 / 64 samples

[2025-07-28T18:15:54.590Z] [DEBUG] [b3956020-4720-4fdb-8e87-669f42c88115] Blender Output: Fra:97 Mem:119.91M (Peak 151.55M) | Time:00:00.42 | Rendering 64 / 64 samples

[2025-07-28T18:15:54.666Z] [DEBUG] [b3956020-4720-4fdb-8e87-669f42c88115] Blender Output: Append frame 97
Time: 00:00.50 (Saving: 00:00.03)


[2025-07-28T18:15:54.704Z] [DEBUG] [b3956020-4720-4fdb-8e87-669f42c88115] Blender Output: Fra:98 Mem:119.91M (Peak 151.55M) | Time:00:00.03 | Rendering 1 / 64 samples

[2025-07-28T18:15:54.856Z] [DEBUG] [b3956020-4720-4fdb-8e87-669f42c88115] Blender Output: Fra:98 Mem:119.91M (Peak 151.55M) | Time:00:00.19 | Rendering 25 / 64 samples

[2025-07-28T18:15:55.011Z] [DEBUG] [b3956020-4720-4fdb-8e87-669f42c88115] Blender Output: Fra:98 Mem:119.91M (Peak 151.55M) | Time:00:00.34 | Rendering 50 / 64 samples

[2025-07-28T18:15:55.097Z] [DEBUG] [b3956020-4720-4fdb-8e87-669f42c88115] Blender Output: Fra:98 Mem:119.91M (Peak 151.55M) | Time:00:00.43 | Rendering 64 / 64 samples

[2025-07-28T18:15:55.176Z] [DEBUG] [b3956020-4720-4fdb-8e87-669f42c88115] Blender Output: Append frame 98
Time: 00:00.50 (Saving: 00:00.03)


[2025-07-28T18:15:55.211Z] [DEBUG] [b3956020-4720-4fdb-8e87-669f42c88115] Blender Output: Fra:99 Mem:119.91M (Peak 151.55M) | Time:00:00.03 | Rendering 1 / 64 samples

[2025-07-28T18:15:55.363Z] [DEBUG] [b3956020-4720-4fdb-8e87-669f42c88115] Blender Output: Fra:99 Mem:119.91M (Peak 151.55M) | Time:00:00.18 | Rendering 25 / 64 samples

[2025-07-28T18:15:55.517Z] [DEBUG] [b3956020-4720-4fdb-8e87-669f42c88115] Blender Output: Fra:99 Mem:119.91M (Peak 151.55M) | Time:00:00.34 | Rendering 50 / 64 samples

[2025-07-28T18:15:55.603Z] [DEBUG] [b3956020-4720-4fdb-8e87-669f42c88115] Blender Output: Fra:99 Mem:119.91M (Peak 151.55M) | Time:00:00.42 | Rendering 64 / 64 samples

[2025-07-28T18:15:55.680Z] [DEBUG] [b3956020-4720-4fdb-8e87-669f42c88115] Blender Output: Append frame 99
Time: 00:00.50 (Saving: 00:00.03)


[2025-07-28T18:15:55.717Z] [DEBUG] [b3956020-4720-4fdb-8e87-669f42c88115] Blender Output: Fra:100 Mem:119.91M (Peak 151.55M) | Time:00:00.03 | Rendering 1 / 64 samples

[2025-07-28T18:15:55.874Z] [DEBUG] [b3956020-4720-4fdb-8e87-669f42c88115] Blender Output: Fra:100 Mem:119.91M (Peak 151.55M) | Time:00:00.19 | Rendering 25 / 64 samples

[2025-07-28T18:15:56.036Z] [DEBUG] [b3956020-4720-4fdb-8e87-669f42c88115] Blender Output: Fra:100 Mem:119.91M (Peak 151.55M) | Time:00:00.35 | Rendering 50 / 64 samples

[2025-07-28T18:15:56.125Z] [DEBUG] [b3956020-4720-4fdb-8e87-669f42c88115] Blender Output: Fra:100 Mem:119.91M (Peak 151.55M) | Time:00:00.44 | Rendering 64 / 64 samples

[2025-07-28T18:15:56.202Z] [DEBUG] [b3956020-4720-4fdb-8e87-669f42c88115] Blender Output: Append frame 100
Time: 00:00.52 (Saving: 00:00.03)


[2025-07-28T18:15:56.238Z] [DEBUG] [b3956020-4720-4fdb-8e87-669f42c88115] Blender Output: Fra:101 Mem:119.91M (Peak 151.55M) | Time:00:00.03 | Rendering 1 / 64 samples

[2025-07-28T18:15:56.393Z] [DEBUG] [b3956020-4720-4fdb-8e87-669f42c88115] Blender Output: Fra:101 Mem:119.91M (Peak 151.55M) | Time:00:00.19 | Rendering 25 / 64 samples

[2025-07-28T18:15:56.550Z] [DEBUG] [b3956020-4720-4fdb-8e87-669f42c88115] Blender Output: Fra:101 Mem:119.91M (Peak 151.55M) | Time:00:00.34 | Rendering 50 / 64 samples

[2025-07-28T18:15:56.639Z] [DEBUG] [b3956020-4720-4fdb-8e87-669f42c88115] Blender Output: Fra:101 Mem:119.91M (Peak 151.55M) | Time:00:00.43 | Rendering 64 / 64 samples

[2025-07-28T18:15:56.715Z] [DEBUG] [b3956020-4720-4fdb-8e87-669f42c88115] Blender Output: Append frame 101
Time: 00:00.51 (Saving: 00:00.03)


[2025-07-28T18:15:56.752Z] [DEBUG] [b3956020-4720-4fdb-8e87-669f42c88115] Blender Output: Fra:102 Mem:119.91M (Peak 151.55M) | Time:00:00.03 | Rendering 1 / 64 samples

[2025-07-28T18:15:56.905Z] [DEBUG] [b3956020-4720-4fdb-8e87-669f42c88115] Blender Output: Fra:102 Mem:119.91M (Peak 151.55M) | Time:00:00.19 | Rendering 25 / 64 samples

[2025-07-28T18:15:57.062Z] [DEBUG] [b3956020-4720-4fdb-8e87-669f42c88115] Blender Output: Fra:102 Mem:119.91M (Peak 151.55M) | Time:00:00.34 | Rendering 50 / 64 samples

[2025-07-28T18:15:57.150Z] [DEBUG] [b3956020-4720-4fdb-8e87-669f42c88115] Blender Output: Fra:102 Mem:119.91M (Peak 151.55M) | Time:00:00.43 | Rendering 64 / 64 samples

[2025-07-28T18:15:57.227Z] [DEBUG] [b3956020-4720-4fdb-8e87-669f42c88115] Blender Output: Append frame 102
Time: 00:00.51 (Saving: 00:00.03)


[2025-07-28T18:15:57.264Z] [DEBUG] [b3956020-4720-4fdb-8e87-669f42c88115] Blender Output: Fra:103 Mem:119.91M (Peak 151.55M) | Time:00:00.03 | Rendering 1 / 64 samples

[2025-07-28T18:15:57.418Z] [DEBUG] [b3956020-4720-4fdb-8e87-669f42c88115] Blender Output: Fra:103 Mem:119.91M (Peak 151.55M) | Time:00:00.19 | Rendering 25 / 64 samples

[2025-07-28T18:15:57.574Z] [DEBUG] [b3956020-4720-4fdb-8e87-669f42c88115] Blender Output: Fra:103 Mem:119.91M (Peak 151.55M) | Time:00:00.34 | Rendering 50 / 64 samples

[2025-07-28T18:15:57.662Z] [DEBUG] [b3956020-4720-4fdb-8e87-669f42c88115] Blender Output: Fra:103 Mem:119.91M (Peak 151.55M) | Time:00:00.43 | Rendering 64 / 64 samples

[2025-07-28T18:15:57.739Z] [DEBUG] [b3956020-4720-4fdb-8e87-669f42c88115] Blender Output: Append frame 103
Time: 00:00.51 (Saving: 00:00.03)


[2025-07-28T18:15:57.776Z] [DEBUG] [b3956020-4720-4fdb-8e87-669f42c88115] Blender Output: Fra:104 Mem:119.91M (Peak 151.55M) | Time:00:00.03 | Rendering 1 / 64 samples

[2025-07-28T18:15:57.932Z] [DEBUG] [b3956020-4720-4fdb-8e87-669f42c88115] Blender Output: Fra:104 Mem:119.91M (Peak 151.55M) | Time:00:00.19 | Rendering 25 / 64 samples

[2025-07-28T18:15:58.090Z] [DEBUG] [b3956020-4720-4fdb-8e87-669f42c88115] Blender Output: Fra:104 Mem:119.91M (Peak 151.55M) | Time:00:00.35 | Rendering 50 / 64 samples

[2025-07-28T18:15:58.179Z] [DEBUG] [b3956020-4720-4fdb-8e87-669f42c88115] Blender Output: Fra:104 Mem:119.91M (Peak 151.55M) | Time:00:00.44 | Rendering 64 / 64 samples

[2025-07-28T18:15:58.254Z] [DEBUG] [b3956020-4720-4fdb-8e87-669f42c88115] Blender Output: Append frame 104
Time: 00:00.51 (Saving: 00:00.03)


[2025-07-28T18:15:58.291Z] [DEBUG] [b3956020-4720-4fdb-8e87-669f42c88115] Blender Output: Fra:105 Mem:119.91M (Peak 151.55M) | Time:00:00.03 | Rendering 1 / 64 samples

[2025-07-28T18:15:58.442Z] [DEBUG] [b3956020-4720-4fdb-8e87-669f42c88115] Blender Output: Fra:105 Mem:119.91M (Peak 151.55M) | Time:00:00.18 | Rendering 25 / 64 samples

[2025-07-28T18:15:58.598Z] [DEBUG] [b3956020-4720-4fdb-8e87-669f42c88115] Blender Output: Fra:105 Mem:119.91M (Peak 151.55M) | Time:00:00.34 | Rendering 50 / 64 samples

[2025-07-28T18:15:58.685Z] [DEBUG] [b3956020-4720-4fdb-8e87-669f42c88115] Blender Output: Fra:105 Mem:119.91M (Peak 151.55M) | Time:00:00.43 | Rendering 64 / 64 samples

[2025-07-28T18:15:58.764Z] [DEBUG] [b3956020-4720-4fdb-8e87-669f42c88115] Blender Output: Append frame 105
Time: 00:00.50 (Saving: 00:00.03)


[2025-07-28T18:15:58.801Z] [DEBUG] [b3956020-4720-4fdb-8e87-669f42c88115] Blender Output: Fra:106 Mem:119.91M (Peak 151.55M) | Time:00:00.03 | Rendering 1 / 64 samples

[2025-07-28T18:15:58.959Z] [DEBUG] [b3956020-4720-4fdb-8e87-669f42c88115] Blender Output: Fra:106 Mem:119.91M (Peak 151.55M) | Time:00:00.19 | Rendering 25 / 64 samples

[2025-07-28T18:15:59.122Z] [DEBUG] [b3956020-4720-4fdb-8e87-669f42c88115] Blender Output: Fra:106 Mem:119.91M (Peak 151.55M) | Time:00:00.35 | Rendering 50 / 64 samples

[2025-07-28T18:15:59.212Z] [DEBUG] [b3956020-4720-4fdb-8e87-669f42c88115] Blender Output: Fra:106 Mem:119.91M (Peak 151.55M) | Time:00:00.44 | Rendering 64 / 64 samples

[2025-07-28T18:15:59.289Z] [DEBUG] [b3956020-4720-4fdb-8e87-669f42c88115] Blender Output: Append frame 106
Time: 00:00.52 (Saving: 00:00.03)


[2025-07-28T18:15:59.325Z] [DEBUG] [b3956020-4720-4fdb-8e87-669f42c88115] Blender Output: Fra:107 Mem:119.91M (Peak 151.55M) | Time:00:00.03 | Rendering 1 / 64 samples

[2025-07-28T18:15:59.477Z] [DEBUG] [b3956020-4720-4fdb-8e87-669f42c88115] Blender Output: Fra:107 Mem:119.91M (Peak 151.55M) | Time:00:00.18 | Rendering 25 / 64 samples

[2025-07-28T18:15:59.633Z] [DEBUG] [b3956020-4720-4fdb-8e87-669f42c88115] Blender Output: Fra:107 Mem:119.91M (Peak 151.55M) | Time:00:00.34 | Rendering 50 / 64 samples

[2025-07-28T18:15:59.720Z] [DEBUG] [b3956020-4720-4fdb-8e87-669f42c88115] Blender Output: Fra:107 Mem:119.91M (Peak 151.55M) | Time:00:00.43 | Rendering 64 / 64 samples

[2025-07-28T18:15:59.794Z] [DEBUG] [b3956020-4720-4fdb-8e87-669f42c88115] Blender Output: Append frame 107
Time: 00:00.50 (Saving: 00:00.03)


[2025-07-28T18:15:59.830Z] [DEBUG] [b3956020-4720-4fdb-8e87-669f42c88115] Blender Output: Fra:108 Mem:119.91M (Peak 151.55M) | Time:00:00.03 | Rendering 1 / 64 samples

[2025-07-28T18:15:59.982Z] [DEBUG] [b3956020-4720-4fdb-8e87-669f42c88115] Blender Output: Fra:108 Mem:119.91M (Peak 151.55M) | Time:00:00.18 | Rendering 25 / 64 samples

[2025-07-28T18:16:00.136Z] [DEBUG] [b3956020-4720-4fdb-8e87-669f42c88115] Blender Output: Fra:108 Mem:119.91M (Peak 151.55M) | Time:00:00.34 | Rendering 50 / 64 samples

[2025-07-28T18:16:00.222Z] [DEBUG] [b3956020-4720-4fdb-8e87-669f42c88115] Blender Output: Fra:108 Mem:119.91M (Peak 151.55M) | Time:00:00.42 | Rendering 64 / 64 samples

[2025-07-28T18:16:00.298Z] [DEBUG] [b3956020-4720-4fdb-8e87-669f42c88115] Blender Output: Append frame 108
Time: 00:00.50 (Saving: 00:00.03)


[2025-07-28T18:16:00.335Z] [DEBUG] [b3956020-4720-4fdb-8e87-669f42c88115] Blender Output: Fra:109 Mem:119.91M (Peak 151.55M) | Time:00:00.03 | Rendering 1 / 64 samples

[2025-07-28T18:16:00.491Z] [DEBUG] [b3956020-4720-4fdb-8e87-669f42c88115] Blender Output: Fra:109 Mem:119.91M (Peak 151.55M) | Time:00:00.19 | Rendering 25 / 64 samples

[2025-07-28T18:16:00.649Z] [DEBUG] [b3956020-4720-4fdb-8e87-669f42c88115] Blender Output: Fra:109 Mem:119.91M (Peak 151.55M) | Time:00:00.35 | Rendering 50 / 64 samples

[2025-07-28T18:16:00.738Z] [DEBUG] [b3956020-4720-4fdb-8e87-669f42c88115] Blender Output: Fra:109 Mem:119.91M (Peak 151.55M) | Time:00:00.43 | Rendering 64 / 64 samples

[2025-07-28T18:16:00.815Z] [DEBUG] [b3956020-4720-4fdb-8e87-669f42c88115] Blender Output: Append frame 109
Time: 00:00.51 (Saving: 00:00.03)


[2025-07-28T18:16:00.851Z] [DEBUG] [b3956020-4720-4fdb-8e87-669f42c88115] Blender Output: Fra:110 Mem:119.91M (Peak 151.55M) | Time:00:00.03 | Rendering 1 / 64 samples

[2025-07-28T18:16:01.002Z] [DEBUG] [b3956020-4720-4fdb-8e87-669f42c88115] Blender Output: Fra:110 Mem:119.91M (Peak 151.55M) | Time:00:00.18 | Rendering 25 / 64 samples

[2025-07-28T18:16:01.157Z] [DEBUG] [b3956020-4720-4fdb-8e87-669f42c88115] Blender Output: Fra:110 Mem:119.91M (Peak 151.55M) | Time:00:00.34 | Rendering 50 / 64 samples

[2025-07-28T18:16:01.244Z] [DEBUG] [b3956020-4720-4fdb-8e87-669f42c88115] Blender Output: Fra:110 Mem:119.91M (Peak 151.55M) | Time:00:00.42 | Rendering 64 / 64 samples

[2025-07-28T18:16:01.321Z] [DEBUG] [b3956020-4720-4fdb-8e87-669f42c88115] Blender Output: Append frame 110
Time: 00:00.50 (Saving: 00:00.03)


[2025-07-28T18:16:01.358Z] [DEBUG] [b3956020-4720-4fdb-8e87-669f42c88115] Blender Output: Fra:111 Mem:119.91M (Peak 151.55M) | Time:00:00.03 | Rendering 1 / 64 samples

[2025-07-28T18:16:01.511Z] [DEBUG] [b3956020-4720-4fdb-8e87-669f42c88115] Blender Output: Fra:111 Mem:119.91M (Peak 151.55M) | Time:00:00.18 | Rendering 25 / 64 samples

[2025-07-28T18:16:01.666Z] [DEBUG] [b3956020-4720-4fdb-8e87-669f42c88115] Blender Output: Fra:111 Mem:119.91M (Peak 151.55M) | Time:00:00.34 | Rendering 50 / 64 samples

[2025-07-28T18:16:01.751Z] [DEBUG] [b3956020-4720-4fdb-8e87-669f42c88115] Blender Output: Fra:111 Mem:119.91M (Peak 151.55M) | Time:00:00.43 | Rendering 64 / 64 samples

[2025-07-28T18:16:01.828Z] [DEBUG] [b3956020-4720-4fdb-8e87-669f42c88115] Blender Output: Append frame 111
Time: 00:00.50 (Saving: 00:00.03)


[2025-07-28T18:16:01.864Z] [DEBUG] [b3956020-4720-4fdb-8e87-669f42c88115] Blender Output: Fra:112 Mem:119.91M (Peak 151.55M) | Time:00:00.03 | Rendering 1 / 64 samples

[2025-07-28T18:16:02.015Z] [DEBUG] [b3956020-4720-4fdb-8e87-669f42c88115] Blender Output: Fra:112 Mem:119.91M (Peak 151.55M) | Time:00:00.18 | Rendering 25 / 64 samples

[2025-07-28T18:16:02.170Z] [DEBUG] [b3956020-4720-4fdb-8e87-669f42c88115] Blender Output: Fra:112 Mem:119.91M (Peak 151.55M) | Time:00:00.34 | Rendering 50 / 64 samples

[2025-07-28T18:16:02.260Z] [DEBUG] [b3956020-4720-4fdb-8e87-669f42c88115] Blender Output: Fra:112 Mem:119.91M (Peak 151.55M) | Time:00:00.43 | Rendering 64 / 64 samples

[2025-07-28T18:16:02.336Z] [DEBUG] [b3956020-4720-4fdb-8e87-669f42c88115] Blender Output: Append frame 112
Time: 00:00.50 (Saving: 00:00.03)


[2025-07-28T18:16:02.373Z] [DEBUG] [b3956020-4720-4fdb-8e87-669f42c88115] Blender Output: Fra:113 Mem:119.91M (Peak 151.55M) | Time:00:00.03 | Rendering 1 / 64 samples

[2025-07-28T18:16:02.528Z] [DEBUG] [b3956020-4720-4fdb-8e87-669f42c88115] Blender Output: Fra:113 Mem:119.91M (Peak 151.55M) | Time:00:00.19 | Rendering 25 / 64 samples

[2025-07-28T18:16:02.684Z] [DEBUG] [b3956020-4720-4fdb-8e87-669f42c88115] Blender Output: Fra:113 Mem:119.91M (Peak 151.55M) | Time:00:00.34 | Rendering 50 / 64 samples

[2025-07-28T18:16:02.770Z] [DEBUG] [b3956020-4720-4fdb-8e87-669f42c88115] Blender Output: Fra:113 Mem:119.91M (Peak 151.55M) | Time:00:00.43 | Rendering 64 / 64 samples

[2025-07-28T18:16:02.844Z] [DEBUG] [b3956020-4720-4fdb-8e87-669f42c88115] Blender Output: Append frame 113
Time: 00:00.50 (Saving: 00:00.03)


[2025-07-28T18:16:02.881Z] [DEBUG] [b3956020-4720-4fdb-8e87-669f42c88115] Blender Output: Fra:114 Mem:119.91M (Peak 151.55M) | Time:00:00.03 | Rendering 1 / 64 samples

[2025-07-28T18:16:03.033Z] [DEBUG] [b3956020-4720-4fdb-8e87-669f42c88115] Blender Output: Fra:114 Mem:119.91M (Peak 151.55M) | Time:00:00.18 | Rendering 25 / 64 samples

[2025-07-28T18:16:03.188Z] [DEBUG] [b3956020-4720-4fdb-8e87-669f42c88115] Blender Output: Fra:114 Mem:119.91M (Peak 151.55M) | Time:00:00.34 | Rendering 50 / 64 samples

[2025-07-28T18:16:03.275Z] [DEBUG] [b3956020-4720-4fdb-8e87-669f42c88115] Blender Output: Fra:114 Mem:119.91M (Peak 151.55M) | Time:00:00.43 | Rendering 64 / 64 samples

[2025-07-28T18:16:03.353Z] [DEBUG] [b3956020-4720-4fdb-8e87-669f42c88115] Blender Output: Append frame 114
Time: 00:00.50 (Saving: 00:00.03)


[2025-07-28T18:16:03.394Z] [DEBUG] [b3956020-4720-4fdb-8e87-669f42c88115] Blender Output: Fra:115 Mem:119.91M (Peak 151.55M) | Time:00:00.04 | Rendering 1 / 64 samples

[2025-07-28T18:16:03.552Z] [DEBUG] [b3956020-4720-4fdb-8e87-669f42c88115] Blender Output: Fra:115 Mem:119.91M (Peak 151.55M) | Time:00:00.19 | Rendering 25 / 64 samples

[2025-07-28T18:16:03.709Z] [DEBUG] [b3956020-4720-4fdb-8e87-669f42c88115] Blender Output: Fra:115 Mem:119.91M (Peak 151.55M) | Time:00:00.35 | Rendering 50 / 64 samples

[2025-07-28T18:16:03.796Z] [DEBUG] [b3956020-4720-4fdb-8e87-669f42c88115] Blender Output: Fra:115 Mem:119.91M (Peak 151.55M) | Time:00:00.44 | Rendering 64 / 64 samples

[2025-07-28T18:16:03.872Z] [DEBUG] [b3956020-4720-4fdb-8e87-669f42c88115] Blender Output: Append frame 115
Time: 00:00.51 (Saving: 00:00.03)


[2025-07-28T18:16:03.909Z] [DEBUG] [b3956020-4720-4fdb-8e87-669f42c88115] Blender Output: Fra:116 Mem:119.91M (Peak 151.55M) | Time:00:00.03 | Rendering 1 / 64 samples

[2025-07-28T18:16:04.061Z] [DEBUG] [b3956020-4720-4fdb-8e87-669f42c88115] Blender Output: Fra:116 Mem:119.91M (Peak 151.55M) | Time:00:00.18 | Rendering 25 / 64 samples

[2025-07-28T18:16:04.217Z] [DEBUG] [b3956020-4720-4fdb-8e87-669f42c88115] Blender Output: Fra:116 Mem:119.91M (Peak 151.55M) | Time:00:00.34 | Rendering 50 / 64 samples

[2025-07-28T18:16:04.303Z] [DEBUG] [b3956020-4720-4fdb-8e87-669f42c88115] Blender Output: Fra:116 Mem:119.91M (Peak 151.55M) | Time:00:00.43 | Rendering 64 / 64 samples

[2025-07-28T18:16:04.382Z] [DEBUG] [b3956020-4720-4fdb-8e87-669f42c88115] Blender Output: Append frame 116
Time: 00:00.51 (Saving: 00:00.03)


[2025-07-28T18:16:04.418Z] [DEBUG] [b3956020-4720-4fdb-8e87-669f42c88115] Blender Output: Fra:117 Mem:119.91M (Peak 151.55M) | Time:00:00.03 | Rendering 1 / 64 samples

[2025-07-28T18:16:04.571Z] [DEBUG] [b3956020-4720-4fdb-8e87-669f42c88115] Blender Output: Fra:117 Mem:119.91M (Peak 151.55M) | Time:00:00.18 | Rendering 25 / 64 samples

[2025-07-28T18:16:04.727Z] [DEBUG] [b3956020-4720-4fdb-8e87-669f42c88115] Blender Output: Fra:117 Mem:119.91M (Peak 151.55M) | Time:00:00.34 | Rendering 50 / 64 samples

[2025-07-28T18:16:04.814Z] [DEBUG] [b3956020-4720-4fdb-8e87-669f42c88115] Blender Output: Fra:117 Mem:119.91M (Peak 151.55M) | Time:00:00.43 | Rendering 64 / 64 samples

[2025-07-28T18:16:04.891Z] [DEBUG] [b3956020-4720-4fdb-8e87-669f42c88115] Blender Output: Append frame 117
Time: 00:00.50 (Saving: 00:00.03)


[2025-07-28T18:16:04.927Z] [DEBUG] [b3956020-4720-4fdb-8e87-669f42c88115] Blender Output: Fra:118 Mem:119.91M (Peak 151.55M) | Time:00:00.03 | Rendering 1 / 64 samples

[2025-07-28T18:16:05.080Z] [DEBUG] [b3956020-4720-4fdb-8e87-669f42c88115] Blender Output: Fra:118 Mem:119.91M (Peak 151.55M) | Time:00:00.18 | Rendering 25 / 64 samples

[2025-07-28T18:16:05.236Z] [DEBUG] [b3956020-4720-4fdb-8e87-669f42c88115] Blender Output: Fra:118 Mem:119.91M (Peak 151.55M) | Time:00:00.34 | Rendering 50 / 64 samples

[2025-07-28T18:16:05.324Z] [DEBUG] [b3956020-4720-4fdb-8e87-669f42c88115] Blender Output: Fra:118 Mem:119.91M (Peak 151.55M) | Time:00:00.43 | Rendering 64 / 64 samples

[2025-07-28T18:16:05.401Z] [DEBUG] [b3956020-4720-4fdb-8e87-669f42c88115] Blender Output: Append frame 118
Time: 00:00.50 (Saving: 00:00.03)


[2025-07-28T18:16:05.437Z] [DEBUG] [b3956020-4720-4fdb-8e87-669f42c88115] Blender Output: Fra:119 Mem:119.91M (Peak 151.55M) | Time:00:00.03 | Rendering 1 / 64 samples

[2025-07-28T18:16:05.592Z] [DEBUG] [b3956020-4720-4fdb-8e87-669f42c88115] Blender Output: Fra:119 Mem:119.91M (Peak 151.55M) | Time:00:00.19 | Rendering 25 / 64 samples

[2025-07-28T18:16:05.750Z] [DEBUG] [b3956020-4720-4fdb-8e87-669f42c88115] Blender Output: Fra:119 Mem:119.91M (Peak 151.55M) | Time:00:00.34 | Rendering 50 / 64 samples

[2025-07-28T18:16:05.837Z] [DEBUG] [b3956020-4720-4fdb-8e87-669f42c88115] Blender Output: Fra:119 Mem:119.91M (Peak 151.55M) | Time:00:00.43 | Rendering 64 / 64 samples

[2025-07-28T18:16:05.914Z] [DEBUG] [b3956020-4720-4fdb-8e87-669f42c88115] Blender Output: Append frame 119
Time: 00:00.51 (Saving: 00:00.03)


[2025-07-28T18:16:05.951Z] [DEBUG] [b3956020-4720-4fdb-8e87-669f42c88115] Blender Output: Fra:120 Mem:119.91M (Peak 151.55M) | Time:00:00.03 | Rendering 1 / 64 samples

[2025-07-28T18:16:06.103Z] [DEBUG] [b3956020-4720-4fdb-8e87-669f42c88115] Blender Output: Fra:120 Mem:119.91M (Peak 151.55M) | Time:00:00.18 | Rendering 25 / 64 samples

[2025-07-28T18:16:06.258Z] [DEBUG] [b3956020-4720-4fdb-8e87-669f42c88115] Blender Output: Fra:120 Mem:119.91M (Peak 151.55M) | Time:00:00.34 | Rendering 50 / 64 samples

[2025-07-28T18:16:06.346Z] [DEBUG] [b3956020-4720-4fdb-8e87-669f42c88115] Blender Output: Fra:120 Mem:119.91M (Peak 151.55M) | Time:00:00.43 | Rendering 64 / 64 samples

[2025-07-28T18:16:06.423Z] [DEBUG] [b3956020-4720-4fdb-8e87-669f42c88115] Blender Output: Append frame 120
Time: 00:00.50 (Saving: 00:00.03)


[2025-07-28T18:16:06.459Z] [DEBUG] [b3956020-4720-4fdb-8e87-669f42c88115] Blender Output: Fra:121 Mem:119.91M (Peak 151.55M) | Time:00:00.03 | Rendering 1 / 64 samples

[2025-07-28T18:16:06.611Z] [DEBUG] [b3956020-4720-4fdb-8e87-669f42c88115] Blender Output: Fra:121 Mem:119.91M (Peak 151.55M) | Time:00:00.18 | Rendering 25 / 64 samples

[2025-07-28T18:16:06.765Z] [DEBUG] [b3956020-4720-4fdb-8e87-669f42c88115] Blender Output: Fra:121 Mem:119.91M (Peak 151.55M) | Time:00:00.34 | Rendering 50 / 64 samples

[2025-07-28T18:16:06.852Z] [DEBUG] [b3956020-4720-4fdb-8e87-669f42c88115] Blender Output: Fra:121 Mem:119.91M (Peak 151.55M) | Time:00:00.42 | Rendering 64 / 64 samples

[2025-07-28T18:16:06.929Z] [DEBUG] [b3956020-4720-4fdb-8e87-669f42c88115] Blender Output: Append frame 121
Time: 00:00.50 (Saving: 00:00.03)


[2025-07-28T18:16:06.965Z] [DEBUG] [b3956020-4720-4fdb-8e87-669f42c88115] Blender Output: Fra:122 Mem:119.91M (Peak 151.55M) | Time:00:00.03 | Rendering 1 / 64 samples

[2025-07-28T18:16:07.117Z] [DEBUG] [b3956020-4720-4fdb-8e87-669f42c88115] Blender Output: Fra:122 Mem:119.91M (Peak 151.55M) | Time:00:00.18 | Rendering 25 / 64 samples

[2025-07-28T18:16:07.271Z] [DEBUG] [b3956020-4720-4fdb-8e87-669f42c88115] Blender Output: Fra:122 Mem:119.91M (Peak 151.55M) | Time:00:00.34 | Rendering 50 / 64 samples

[2025-07-28T18:16:07.360Z] [DEBUG] [b3956020-4720-4fdb-8e87-669f42c88115] Blender Output: Fra:122 Mem:119.91M (Peak 151.55M) | Time:00:00.43 | Rendering 64 / 64 samples

[2025-07-28T18:16:07.437Z] [DEBUG] [b3956020-4720-4fdb-8e87-669f42c88115] Blender Output: Append frame 122
Time: 00:00.50 (Saving: 00:00.03)


[2025-07-28T18:16:07.473Z] [DEBUG] [b3956020-4720-4fdb-8e87-669f42c88115] Blender Output: Fra:123 Mem:119.91M (Peak 151.55M) | Time:00:00.03 | Rendering 1 / 64 samples

[2025-07-28T18:16:07.624Z] [DEBUG] [b3956020-4720-4fdb-8e87-669f42c88115] Blender Output: Fra:123 Mem:119.91M (Peak 151.55M) | Time:00:00.18 | Rendering 25 / 64 samples

[2025-07-28T18:16:07.777Z] [DEBUG] [b3956020-4720-4fdb-8e87-669f42c88115] Blender Output: Fra:123 Mem:119.91M (Peak 151.55M) | Time:00:00.34 | Rendering 50 / 64 samples

[2025-07-28T18:16:07.863Z] [DEBUG] [b3956020-4720-4fdb-8e87-669f42c88115] Blender Output: Fra:123 Mem:119.91M (Peak 151.55M) | Time:00:00.42 | Rendering 64 / 64 samples

[2025-07-28T18:16:07.939Z] [DEBUG] [b3956020-4720-4fdb-8e87-669f42c88115] Blender Output: Append frame 123
Time: 00:00.50 (Saving: 00:00.03)


[2025-07-28T18:16:07.977Z] [DEBUG] [b3956020-4720-4fdb-8e87-669f42c88115] Blender Output: Fra:124 Mem:119.91M (Peak 151.55M) | Time:00:00.03 | Rendering 1 / 64 samples

[2025-07-28T18:16:08.126Z] [DEBUG] [b3956020-4720-4fdb-8e87-669f42c88115] Blender Output: Fra:124 Mem:119.91M (Peak 151.55M) | Time:00:00.18 | Rendering 25 / 64 samples

[2025-07-28T18:16:08.277Z] [DEBUG] [b3956020-4720-4fdb-8e87-669f42c88115] Blender Output: Fra:124 Mem:119.91M (Peak 151.55M) | Time:00:00.33 | Rendering 50 / 64 samples

[2025-07-28T18:16:08.362Z] [DEBUG] [b3956020-4720-4fdb-8e87-669f42c88115] Blender Output: Fra:124 Mem:119.91M (Peak 151.55M) | Time:00:00.42 | Rendering 64 / 64 samples

[2025-07-28T18:16:08.437Z] [DEBUG] [b3956020-4720-4fdb-8e87-669f42c88115] Blender Output: Append frame 124
Time: 00:00.49 (Saving: 00:00.03)


[2025-07-28T18:16:08.474Z] [DEBUG] [b3956020-4720-4fdb-8e87-669f42c88115] Blender Output: Fra:125 Mem:119.91M (Peak 151.55M) | Time:00:00.03 | Rendering 1 / 64 samples

[2025-07-28T18:16:08.623Z] [DEBUG] [b3956020-4720-4fdb-8e87-669f42c88115] Blender Output: Fra:125 Mem:119.91M (Peak 151.55M) | Time:00:00.18 | Rendering 25 / 64 samples

[2025-07-28T18:16:08.774Z] [DEBUG] [b3956020-4720-4fdb-8e87-669f42c88115] Blender Output: Fra:125 Mem:119.91M (Peak 151.55M) | Time:00:00.33 | Rendering 50 / 64 samples

[2025-07-28T18:16:08.860Z] [DEBUG] [b3956020-4720-4fdb-8e87-669f42c88115] Blender Output: Fra:125 Mem:119.91M (Peak 151.55M) | Time:00:00.42 | Rendering 64 / 64 samples

[2025-07-28T18:16:08.938Z] [DEBUG] [b3956020-4720-4fdb-8e87-669f42c88115] Blender Output: Append frame 125
Time: 00:00.50 (Saving: 00:00.03)


[2025-07-28T18:16:08.975Z] [DEBUG] [b3956020-4720-4fdb-8e87-669f42c88115] Blender Output: Fra:126 Mem:119.91M (Peak 151.55M) | Time:00:00.03 | Rendering 1 / 64 samples

[2025-07-28T18:16:09.130Z] [DEBUG] [b3956020-4720-4fdb-8e87-669f42c88115] Blender Output: Fra:126 Mem:119.91M (Peak 151.55M) | Time:00:00.19 | Rendering 25 / 64 samples

[2025-07-28T18:16:09.287Z] [DEBUG] [b3956020-4720-4fdb-8e87-669f42c88115] Blender Output: Fra:126 Mem:119.91M (Peak 151.55M) | Time:00:00.34 | Rendering 50 / 64 samples

[2025-07-28T18:16:09.373Z] [DEBUG] [b3956020-4720-4fdb-8e87-669f42c88115] Blender Output: Fra:126 Mem:119.91M (Peak 151.55M) | Time:00:00.43 | Rendering 64 / 64 samples

[2025-07-28T18:16:09.448Z] [DEBUG] [b3956020-4720-4fdb-8e87-669f42c88115] Blender Output: Append frame 126
Time: 00:00.51 (Saving: 00:00.03)


[2025-07-28T18:16:09.485Z] [DEBUG] [b3956020-4720-4fdb-8e87-669f42c88115] Blender Output: Fra:127 Mem:119.91M (Peak 151.55M) | Time:00:00.03 | Rendering 1 / 64 samples

[2025-07-28T18:16:09.635Z] [DEBUG] [b3956020-4720-4fdb-8e87-669f42c88115] Blender Output: Fra:127 Mem:119.91M (Peak 151.55M) | Time:00:00.18 | Rendering 25 / 64 samples

[2025-07-28T18:16:09.788Z] [DEBUG] [b3956020-4720-4fdb-8e87-669f42c88115] Blender Output: Fra:127 Mem:119.91M (Peak 151.55M) | Time:00:00.33 | Rendering 50 / 64 samples

[2025-07-28T18:16:09.874Z] [DEBUG] [b3956020-4720-4fdb-8e87-669f42c88115] Blender Output: Fra:127 Mem:119.91M (Peak 151.55M) | Time:00:00.42 | Rendering 64 / 64 samples

[2025-07-28T18:16:09.950Z] [DEBUG] [b3956020-4720-4fdb-8e87-669f42c88115] Blender Output: Append frame 127
Time: 00:00.50 (Saving: 00:00.03)


[2025-07-28T18:16:09.986Z] [DEBUG] [b3956020-4720-4fdb-8e87-669f42c88115] Blender Output: Fra:128 Mem:119.91M (Peak 151.55M) | Time:00:00.03 | Rendering 1 / 64 samples

[2025-07-28T18:16:10.138Z] [DEBUG] [b3956020-4720-4fdb-8e87-669f42c88115] Blender Output: Fra:128 Mem:119.91M (Peak 151.55M) | Time:00:00.18 | Rendering 25 / 64 samples

[2025-07-28T18:16:10.293Z] [DEBUG] [b3956020-4720-4fdb-8e87-669f42c88115] Blender Output: Fra:128 Mem:119.91M (Peak 151.55M) | Time:00:00.34 | Rendering 50 / 64 samples

[2025-07-28T18:16:10.380Z] [DEBUG] [b3956020-4720-4fdb-8e87-669f42c88115] Blender Output: Fra:128 Mem:119.91M (Peak 151.55M) | Time:00:00.43 | Rendering 64 / 64 samples

[2025-07-28T18:16:10.456Z] [DEBUG] [b3956020-4720-4fdb-8e87-669f42c88115] Blender Output: Append frame 128
Time: 00:00.50 (Saving: 00:00.03)


[2025-07-28T18:16:10.492Z] [DEBUG] [b3956020-4720-4fdb-8e87-669f42c88115] Blender Output: Fra:129 Mem:119.91M (Peak 151.55M) | Time:00:00.03 | Rendering 1 / 64 samples

[2025-07-28T18:16:10.645Z] [DEBUG] [b3956020-4720-4fdb-8e87-669f42c88115] Blender Output: Fra:129 Mem:119.91M (Peak 151.55M) | Time:00:00.18 | Rendering 25 / 64 samples

[2025-07-28T18:16:10.798Z] [DEBUG] [b3956020-4720-4fdb-8e87-669f42c88115] Blender Output: Fra:129 Mem:119.91M (Peak 151.55M) | Time:00:00.34 | Rendering 50 / 64 samples

[2025-07-28T18:16:10.886Z] [DEBUG] [b3956020-4720-4fdb-8e87-669f42c88115] Blender Output: Fra:129 Mem:119.91M (Peak 151.55M) | Time:00:00.43 | Rendering 64 / 64 samples

[2025-07-28T18:16:10.962Z] [DEBUG] [b3956020-4720-4fdb-8e87-669f42c88115] Blender Output: Append frame 129
Time: 00:00.50 (Saving: 00:00.03)


[2025-07-28T18:16:10.999Z] [DEBUG] [b3956020-4720-4fdb-8e87-669f42c88115] Blender Output: Fra:130 Mem:119.91M (Peak 151.55M) | Time:00:00.03 | Rendering 1 / 64 samples

[2025-07-28T18:16:11.152Z] [DEBUG] [b3956020-4720-4fdb-8e87-669f42c88115] Blender Output: Fra:130 Mem:119.91M (Peak 151.55M) | Time:00:00.18 | Rendering 25 / 64 samples

[2025-07-28T18:16:11.309Z] [DEBUG] [b3956020-4720-4fdb-8e87-669f42c88115] Blender Output: Fra:130 Mem:119.91M (Peak 151.55M) | Time:00:00.34 | Rendering 50 / 64 samples

[2025-07-28T18:16:11.395Z] [DEBUG] [b3956020-4720-4fdb-8e87-669f42c88115] Blender Output: Fra:130 Mem:119.91M (Peak 151.55M) | Time:00:00.43 | Rendering 64 / 64 samples

[2025-07-28T18:16:11.469Z] [DEBUG] [b3956020-4720-4fdb-8e87-669f42c88115] Blender Output: Append frame 130
Time: 00:00.50 (Saving: 00:00.03)


[2025-07-28T18:16:11.505Z] [DEBUG] [b3956020-4720-4fdb-8e87-669f42c88115] Blender Output: Fra:131 Mem:119.91M (Peak 151.55M) | Time:00:00.03 | Rendering 1 / 64 samples

[2025-07-28T18:16:11.661Z] [DEBUG] [b3956020-4720-4fdb-8e87-669f42c88115] Blender Output: Fra:131 Mem:119.91M (Peak 151.55M) | Time:00:00.19 | Rendering 25 / 64 samples

[2025-07-28T18:16:11.817Z] [DEBUG] [b3956020-4720-4fdb-8e87-669f42c88115] Blender Output: Fra:131 Mem:119.91M (Peak 151.55M) | Time:00:00.34 | Rendering 50 / 64 samples

[2025-07-28T18:16:11.904Z] [DEBUG] [b3956020-4720-4fdb-8e87-669f42c88115] Blender Output: Fra:131 Mem:119.91M (Peak 151.55M) | Time:00:00.43 | Rendering 64 / 64 samples

[2025-07-28T18:16:11.979Z] [DEBUG] [b3956020-4720-4fdb-8e87-669f42c88115] Blender Output: Append frame 131
Time: 00:00.50 (Saving: 00:00.03)


[2025-07-28T18:16:12.024Z] [DEBUG] [b3956020-4720-4fdb-8e87-669f42c88115] Blender Output: Fra:132 Mem:119.91M (Peak 151.55M) | Time:00:00.04 | Rendering 1 / 64 samples

[2025-07-28T18:16:12.179Z] [DEBUG] [b3956020-4720-4fdb-8e87-669f42c88115] Blender Output: Fra:132 Mem:119.91M (Peak 151.55M) | Time:00:00.19 | Rendering 25 / 64 samples

[2025-07-28T18:16:12.336Z] [DEBUG] [b3956020-4720-4fdb-8e87-669f42c88115] Blender Output: Fra:132 Mem:119.91M (Peak 151.55M) | Time:00:00.35 | Rendering 50 / 64 samples

[2025-07-28T18:16:12.425Z] [DEBUG] [b3956020-4720-4fdb-8e87-669f42c88115] Blender Output: Fra:132 Mem:119.91M (Peak 151.55M) | Time:00:00.44 | Rendering 64 / 64 samples

[2025-07-28T18:16:12.501Z] [DEBUG] [b3956020-4720-4fdb-8e87-669f42c88115] Blender Output: Append frame 132
Time: 00:00.52 (Saving: 00:00.03)


[2025-07-28T18:16:12.538Z] [DEBUG] [b3956020-4720-4fdb-8e87-669f42c88115] Blender Output: Fra:133 Mem:119.91M (Peak 151.55M) | Time:00:00.03 | Rendering 1 / 64 samples

[2025-07-28T18:16:12.692Z] [DEBUG] [b3956020-4720-4fdb-8e87-669f42c88115] Blender Output: Fra:133 Mem:119.91M (Peak 151.55M) | Time:00:00.19 | Rendering 25 / 64 samples

[2025-07-28T18:16:12.848Z] [DEBUG] [b3956020-4720-4fdb-8e87-669f42c88115] Blender Output: Fra:133 Mem:119.91M (Peak 151.55M) | Time:00:00.34 | Rendering 50 / 64 samples

[2025-07-28T18:16:12.935Z] [DEBUG] [b3956020-4720-4fdb-8e87-669f42c88115] Blender Output: Fra:133 Mem:119.91M (Peak 151.55M) | Time:00:00.43 | Rendering 64 / 64 samples

[2025-07-28T18:16:13.011Z] [DEBUG] [b3956020-4720-4fdb-8e87-669f42c88115] Blender Output: Append frame 133
Time: 00:00.50 (Saving: 00:00.03)


[2025-07-28T18:16:13.048Z] [DEBUG] [b3956020-4720-4fdb-8e87-669f42c88115] Blender Output: Fra:134 Mem:119.91M (Peak 151.55M) | Time:00:00.03 | Rendering 1 / 64 samples

[2025-07-28T18:16:13.200Z] [DEBUG] [b3956020-4720-4fdb-8e87-669f42c88115] Blender Output: Fra:134 Mem:119.91M (Peak 151.55M) | Time:00:00.18 | Rendering 25 / 64 samples

[2025-07-28T18:16:13.358Z] [DEBUG] [b3956020-4720-4fdb-8e87-669f42c88115] Blender Output: Fra:134 Mem:119.91M (Peak 151.55M) | Time:00:00.34 | Rendering 50 / 64 samples

[2025-07-28T18:16:13.445Z] [DEBUG] [b3956020-4720-4fdb-8e87-669f42c88115] Blender Output: Fra:134 Mem:119.91M (Peak 151.55M) | Time:00:00.43 | Rendering 64 / 64 samples

[2025-07-28T18:16:13.521Z] [DEBUG] [b3956020-4720-4fdb-8e87-669f42c88115] Blender Output: Append frame 134
Time: 00:00.51 (Saving: 00:00.03)


[2025-07-28T18:16:13.557Z] [DEBUG] [b3956020-4720-4fdb-8e87-669f42c88115] Blender Output: Fra:135 Mem:119.91M (Peak 151.55M) | Time:00:00.03 | Rendering 1 / 64 samples

[2025-07-28T18:16:13.711Z] [DEBUG] [b3956020-4720-4fdb-8e87-669f42c88115] Blender Output: Fra:135 Mem:119.91M (Peak 151.55M) | Time:00:00.18 | Rendering 25 / 64 samples

[2025-07-28T18:16:13.867Z] [DEBUG] [b3956020-4720-4fdb-8e87-669f42c88115] Blender Output: Fra:135 Mem:119.91M (Peak 151.55M) | Time:00:00.34 | Rendering 50 / 64 samples

[2025-07-28T18:16:13.955Z] [DEBUG] [b3956020-4720-4fdb-8e87-669f42c88115] Blender Output: Fra:135 Mem:119.91M (Peak 151.55M) | Time:00:00.43 | Rendering 64 / 64 samples

[2025-07-28T18:16:14.030Z] [DEBUG] [b3956020-4720-4fdb-8e87-669f42c88115] Blender Output: Append frame 135
Time: 00:00.50 (Saving: 00:00.03)


[2025-07-28T18:16:14.066Z] [DEBUG] [b3956020-4720-4fdb-8e87-669f42c88115] Blender Output: Fra:136 Mem:119.91M (Peak 151.55M) | Time:00:00.03 | Rendering 1 / 64 samples

[2025-07-28T18:16:14.218Z] [DEBUG] [b3956020-4720-4fdb-8e87-669f42c88115] Blender Output: Fra:136 Mem:119.91M (Peak 151.55M) | Time:00:00.18 | Rendering 25 / 64 samples

[2025-07-28T18:16:14.371Z] [DEBUG] [b3956020-4720-4fdb-8e87-669f42c88115] Blender Output: Fra:136 Mem:119.91M (Peak 151.55M) | Time:00:00.34 | Rendering 50 / 64 samples

[2025-07-28T18:16:14.457Z] [DEBUG] [b3956020-4720-4fdb-8e87-669f42c88115] Blender Output: Fra:136 Mem:119.91M (Peak 151.55M) | Time:00:00.42 | Rendering 64 / 64 samples

[2025-07-28T18:16:14.532Z] [DEBUG] [b3956020-4720-4fdb-8e87-669f42c88115] Blender Output: Append frame 136
Time: 00:00.50 (Saving: 00:00.03)


[2025-07-28T18:16:14.568Z] [DEBUG] [b3956020-4720-4fdb-8e87-669f42c88115] Blender Output: Fra:137 Mem:119.91M (Peak 151.55M) | Time:00:00.03 | Rendering 1 / 64 samples

[2025-07-28T18:16:14.718Z] [DEBUG] [b3956020-4720-4fdb-8e87-669f42c88115] Blender Output: Fra:137 Mem:119.91M (Peak 151.55M) | Time:00:00.18 | Rendering 25 / 64 samples

[2025-07-28T18:16:14.871Z] [DEBUG] [b3956020-4720-4fdb-8e87-669f42c88115] Blender Output: Fra:137 Mem:119.91M (Peak 151.55M) | Time:00:00.33 | Rendering 50 / 64 samples

[2025-07-28T18:16:14.958Z] [DEBUG] [b3956020-4720-4fdb-8e87-669f42c88115] Blender Output: Fra:137 Mem:119.91M (Peak 151.55M) | Time:00:00.42 | Rendering 64 / 64 samples

[2025-07-28T18:16:15.033Z] [DEBUG] [b3956020-4720-4fdb-8e87-669f42c88115] Blender Output: Append frame 137
Time: 00:00.50 (Saving: 00:00.03)


[2025-07-28T18:16:15.069Z] [DEBUG] [b3956020-4720-4fdb-8e87-669f42c88115] Blender Output: Fra:138 Mem:119.91M (Peak 151.55M) | Time:00:00.03 | Rendering 1 / 64 samples

[2025-07-28T18:16:15.220Z] [DEBUG] [b3956020-4720-4fdb-8e87-669f42c88115] Blender Output: Fra:138 Mem:119.91M (Peak 151.55M) | Time:00:00.18 | Rendering 25 / 64 samples

[2025-07-28T18:16:15.375Z] [DEBUG] [b3956020-4720-4fdb-8e87-669f42c88115] Blender Output: Fra:138 Mem:119.91M (Peak 151.55M) | Time:00:00.34 | Rendering 50 / 64 samples

[2025-07-28T18:16:15.462Z] [DEBUG] [b3956020-4720-4fdb-8e87-669f42c88115] Blender Output: Fra:138 Mem:119.91M (Peak 151.55M) | Time:00:00.42 | Rendering 64 / 64 samples

[2025-07-28T18:16:15.540Z] [DEBUG] [b3956020-4720-4fdb-8e87-669f42c88115] Blender Output: Append frame 138
Time: 00:00.50 (Saving: 00:00.03)


[2025-07-28T18:16:15.576Z] [DEBUG] [b3956020-4720-4fdb-8e87-669f42c88115] Blender Output: Fra:139 Mem:119.91M (Peak 151.55M) | Time:00:00.03 | Rendering 1 / 64 samples

[2025-07-28T18:16:15.727Z] [DEBUG] [b3956020-4720-4fdb-8e87-669f42c88115] Blender Output: Fra:139 Mem:119.91M (Peak 151.55M) | Time:00:00.18 | Rendering 25 / 64 samples

[2025-07-28T18:16:15.879Z] [DEBUG] [b3956020-4720-4fdb-8e87-669f42c88115] Blender Output: Fra:139 Mem:119.91M (Peak 151.55M) | Time:00:00.33 | Rendering 50 / 64 samples

[2025-07-28T18:16:15.964Z] [DEBUG] [b3956020-4720-4fdb-8e87-669f42c88115] Blender Output: Fra:139 Mem:119.91M (Peak 151.55M) | Time:00:00.42 | Rendering 64 / 64 samples

[2025-07-28T18:16:16.040Z] [DEBUG] [b3956020-4720-4fdb-8e87-669f42c88115] Blender Output: Append frame 139
Time: 00:00.50 (Saving: 00:00.03)


[2025-07-28T18:16:16.077Z] [DEBUG] [b3956020-4720-4fdb-8e87-669f42c88115] Blender Output: Fra:140 Mem:119.91M (Peak 151.55M) | Time:00:00.03 | Rendering 1 / 64 samples

[2025-07-28T18:16:16.228Z] [DEBUG] [b3956020-4720-4fdb-8e87-669f42c88115] Blender Output: Fra:140 Mem:119.91M (Peak 151.55M) | Time:00:00.18 | Rendering 25 / 64 samples

[2025-07-28T18:16:16.380Z] [DEBUG] [b3956020-4720-4fdb-8e87-669f42c88115] Blender Output: Fra:140 Mem:119.91M (Peak 151.55M) | Time:00:00.33 | Rendering 50 / 64 samples

[2025-07-28T18:16:16.466Z] [DEBUG] [b3956020-4720-4fdb-8e87-669f42c88115] Blender Output: Fra:140 Mem:119.91M (Peak 151.55M) | Time:00:00.42 | Rendering 64 / 64 samples

[2025-07-28T18:16:16.543Z] [DEBUG] [b3956020-4720-4fdb-8e87-669f42c88115] Blender Output: Append frame 140
Time: 00:00.50 (Saving: 00:00.03)


[2025-07-28T18:16:16.580Z] [DEBUG] [b3956020-4720-4fdb-8e87-669f42c88115] Blender Output: Fra:141 Mem:119.91M (Peak 151.55M) | Time:00:00.03 | Rendering 1 / 64 samples

[2025-07-28T18:16:16.731Z] [DEBUG] [b3956020-4720-4fdb-8e87-669f42c88115] Blender Output: Fra:141 Mem:119.91M (Peak 151.55M) | Time:00:00.18 | Rendering 25 / 64 samples

[2025-07-28T18:16:16.884Z] [DEBUG] [b3956020-4720-4fdb-8e87-669f42c88115] Blender Output: Fra:141 Mem:119.91M (Peak 151.55M) | Time:00:00.34 | Rendering 50 / 64 samples

[2025-07-28T18:16:16.970Z] [DEBUG] [b3956020-4720-4fdb-8e87-669f42c88115] Blender Output: Fra:141 Mem:119.91M (Peak 151.55M) | Time:00:00.42 | Rendering 64 / 64 samples

[2025-07-28T18:16:17.045Z] [DEBUG] [b3956020-4720-4fdb-8e87-669f42c88115] Blender Output: Append frame 141
Time: 00:00.50 (Saving: 00:00.03)


[2025-07-28T18:16:17.083Z] [DEBUG] [b3956020-4720-4fdb-8e87-669f42c88115] Blender Output: Fra:142 Mem:119.91M (Peak 151.55M) | Time:00:00.03 | Rendering 1 / 64 samples

[2025-07-28T18:16:17.233Z] [DEBUG] [b3956020-4720-4fdb-8e87-669f42c88115] Blender Output: Fra:142 Mem:119.91M (Peak 151.55M) | Time:00:00.18 | Rendering 25 / 64 samples

[2025-07-28T18:16:17.388Z] [DEBUG] [b3956020-4720-4fdb-8e87-669f42c88115] Blender Output: Fra:142 Mem:119.91M (Peak 151.55M) | Time:00:00.34 | Rendering 50 / 64 samples

[2025-07-28T18:16:17.474Z] [DEBUG] [b3956020-4720-4fdb-8e87-669f42c88115] Blender Output: Fra:142 Mem:119.91M (Peak 151.55M) | Time:00:00.42 | Rendering 64 / 64 samples

[2025-07-28T18:16:17.550Z] [DEBUG] [b3956020-4720-4fdb-8e87-669f42c88115] Blender Output: Append frame 142
Time: 00:00.50 (Saving: 00:00.03)


[2025-07-28T18:16:17.721Z] [DEBUG] [b3956020-4720-4fdb-8e87-669f42c88115] Blender Output: 🎯 V1.4.0.a.8.1 - HOTFIX BLENDER 4.5+ INICIADO
🛡️ BLINDAGEM: V1.4.0.a.7 sync perfeito preservado
🔧 HOTFIX: APIs compatíveis com Blender 4.5+ e EEVEE_NEXT
📂 Working directory: C:\Users\Denys Victoriano\Documents\GitHub\clone\zentraw\Zentraw\3d_visualizer\Blender
🐍 Python script: C:\Users\Denys Victoriano\Documents\GitHub\clone\zentraw\Zentraw\3d_visualizer\Blender\render_audio_visualizer_v1.4.0.a.8.1.py
🔍 Verificando existência dos arquivos...
✅ Todos os arquivos validados com sucesso
🎵 Áudio: C:\Users\Denys Victoriano\Documents\GitHub\clone\zentraw\Zentraw\3d_visualizer\uploads\1753726501254_audio.wav
🖼️ Imagem: C:\Users\Denys Victoriano\Documents\GitHub\clone\zentraw\Zentraw\3d_visualizer\uploads\1753726501257_image.png
📁 Output (absoluto): C:\Users\Denys Victoriano\Documents\GitHub\clone\zentraw\Zentraw\3d_visualizer\outputs\output_v1.4.0.a.8.mp4
⚙️ Config: C:\Users\Denys Victoriano\Documents\GitHub\clone\zentraw\Zentraw\3d_visualizer\temp\config_b3956020-4720-4fdb-8e87-669f42c88115.json
📊 CONFIGURAÇÕES APLICADAS V1.4.0.a.8.1 HOTFIX:
   🎬 Resolução: 1920x1080 (Full HD padrão)
   🎞️ FPS: 30
   🔍 Samples: 128
   ⚡ Engine: BLENDER_EEVEE_NEXT (Eevee Next padrão - Blender 4.5+)
   📊 Amplitude Multiplier: 3.0x (V1.4.0.a.7 BLINDADO)
   🌊 Suavização: 1
   🎧 Canais: mono
   📦 Escala Base: 1.0x
   📈 Escala Máxima: 5.0x
   🎯 Partículas: 64
   📏 Espaçamento: 1.2
🎬 Setting up scene...
🚀 Render engine: BLENDER_EEVEE_NEXT
📐 Resolução: 1920x1080
⚡ Eevee configurado para velocidade (samples: 64)
✅ Samples Eevee configurados
🔒 Definindo caminho de saída do render: C:\Users\Denys Victoriano\Documents\GitHub\clone\zentraw\Zentraw\3d_visualizer\outputs\output_v1.4.0.a.8.mp4
🎵 Carregando áudio...
🎵 Áudio carregado: 227324 samples, 48000Hz, 2 canais
⏱️ Duração: 4.74s, 142 frames @ 30fps
🎯 Criando sistema de cubos...
✅ 64 cubos criados
🎵 Animando baseado no áudio...
✅ Animação completa
🖼️ Adicionando imagem de fundo: C:\Users\Denys Victoriano\Documents\GitHub\clone\zentraw\Zentraw\3d_visualizer\uploads\1753726501257_image.png
🎵 Configurando áudio no sequencer...
🎬 Iniciando render...
📊 Engine: BLENDER_EEVEE_NEXT
📐 Resolução: 1920x1080
⏱️ Frames: 142
🎵 Com áudio: True
🎉 Render concluído com sucesso!
📂 Arquivos no diretório de saída (C:\Users\Denys Victoriano\Documents\GitHub\clone\zentraw\Zentraw\3d_visualizer\outputs):
 - output_v1.4.0.a.8.mp4
✅ Arquivo MP4 gerado: C:\Users\Denys Victoriano\Documents\GitHub\clone\zentraw\Zentraw\3d_visualizer\outputs\output_v1.4.0.a.8.mp4

[2025-07-28T18:16:17.997Z] [DEBUG] [b3956020-4720-4fdb-8e87-669f42c88115] Blender Output: 
Blender quit

[2025-07-28T18:16:18.048Z] [INFO] [b3956020-4720-4fdb-8e87-669f42c88115] Blender process finalizado com código: 0
[2025-07-28T18:16:18.049Z] [SUCCESS] [b3956020-4720-4fdb-8e87-669f42c88115] Render concluído: C:\Users\Denys Victoriano\Documents\GitHub\clone\zentraw\Zentraw\3d_visualizer\outputs\output_v1.4.0.a.8.mp4
[2025-07-28T18:50:26.438Z] [INFO] 🚀 Zentraw V1.4.0.a.8 Backend iniciado na porta 3004
[2025-07-28T18:50:26.440Z] [INFO] 🛡️ Sistema de blindagem V1.4.0.a.7 ativo
[2025-07-28T18:50:26.440Z] [INFO] ⚙️ Interface parametrizada completa disponível
[2025-07-28T18:50:26.441Z] [INFO] 📁 Diretórios: uploads=C:\Users\Denys Victoriano\Documents\GitHub\clone\zentraw\Zentraw\3d_visualizer\uploads, outputs=C:\Users\Denys Victoriano\Documents\GitHub\clone\zentraw\Zentraw\3d_visualizer\outputs, logs=C:\Users\Denys Victoriano\Documents\GitHub\clone\zentraw\Zentraw\3d_visualizer\logs
[2025-07-28T18:50:32.220Z] [INFO] Health check solicitado
[2025-07-28T18:50:43.306Z] [INFO] [eef6c3bf-f34e-4c4e-a268-d2a88a34d87b] Iniciando render parametrizado
[2025-07-28T18:50:43.307Z] [DEBUG] [eef6c3bf-f34e-4c4e-a268-d2a88a34d87b] 🔍 DEBUG - audioFile: {"fieldname":"audio","originalname":"sample_audio3.wav","encoding":"7bit","mimetype":"audio/wav","destination":"C:\\Users\\Denys Victoriano\\Documents\\GitHub\\clone\\zentraw\\Zentraw\\3d_visualizer\\uploads","filename":"1753728643301_audio.wav","path":"C:\\Users\\Denys Victoriano\\Documents\\GitHub\\clone\\zentraw\\Zentraw\\3d_visualizer\\uploads\\1753728643301_audio.wav","size":909502}
[2025-07-28T18:50:43.308Z] [DEBUG] [eef6c3bf-f34e-4c4e-a268-d2a88a34d87b] 🔍 DEBUG - imageFile: {"fieldname":"image","originalname":"sample_cover.jpg","encoding":"7bit","mimetype":"image/jpeg","destination":"C:\\Users\\Denys Victoriano\\Documents\\GitHub\\clone\\zentraw\\Zentraw\\3d_visualizer\\uploads","filename":"1753728643304_image.jpg","path":"C:\\Users\\Denys Victoriano\\Documents\\GitHub\\clone\\zentraw\\Zentraw\\3d_visualizer\\uploads\\1753728643304_image.jpg","size":362360}
[2025-07-28T18:50:43.412Z] [ERROR] [eef6c3bf-f34e-4c4e-a268-d2a88a34d87b] Erro ao executar render: The "path" argument must be of type string. Received undefined
[2025-07-28T18:54:07.923Z] [INFO] 🚀 Zentraw V1.4.0.a.8 Backend iniciado na porta 3004
[2025-07-28T18:54:07.925Z] [INFO] 🛡️ Sistema de blindagem V1.4.0.a.7 ativo
[2025-07-28T18:54:07.925Z] [INFO] ⚙️ Interface parametrizada completa disponível
[2025-07-28T18:54:07.926Z] [INFO] 📁 Diretórios: uploads=C:\Users\Denys Victoriano\Documents\GitHub\clone\zentraw\Zentraw\3d_visualizer\uploads, outputs=C:\Users\Denys Victoriano\Documents\GitHub\clone\zentraw\Zentraw\3d_visualizer\outputs, logs=C:\Users\Denys Victoriano\Documents\GitHub\clone\zentraw\Zentraw\3d_visualizer\logs
[2025-07-28T18:54:13.958Z] [INFO] Health check solicitado
[2025-07-28T18:54:26.333Z] [INFO] [9adfd5e5-7f46-47bd-b0e4-3d02df256ce7] Iniciando render parametrizado
[2025-07-28T18:54:26.334Z] [DEBUG] [9adfd5e5-7f46-47bd-b0e4-3d02df256ce7] 🔍 DEBUG - audioFile: {"fieldname":"audio","originalname":"sample_audio3.wav","encoding":"7bit","mimetype":"audio/wav","destination":"C:\\Users\\Denys Victoriano\\Documents\\GitHub\\clone\\zentraw\\Zentraw\\3d_visualizer\\uploads","filename":"1753728866326_audio.wav","path":"C:\\Users\\Denys Victoriano\\Documents\\GitHub\\clone\\zentraw\\Zentraw\\3d_visualizer\\uploads\\1753728866326_audio.wav","size":909502}
[2025-07-28T18:54:26.334Z] [DEBUG] [9adfd5e5-7f46-47bd-b0e4-3d02df256ce7] 🔍 DEBUG - imageFile: {"fieldname":"image","originalname":"sample_cover.jpg","encoding":"7bit","mimetype":"image/jpeg","destination":"C:\\Users\\Denys Victoriano\\Documents\\GitHub\\clone\\zentraw\\Zentraw\\3d_visualizer\\uploads","filename":"1753728866331_image.jpg","path":"C:\\Users\\Denys Victoriano\\Documents\\GitHub\\clone\\zentraw\\Zentraw\\3d_visualizer\\uploads\\1753728866331_image.jpg","size":362360}
[2025-07-28T18:54:26.448Z] [ERROR] [9adfd5e5-7f46-47bd-b0e4-3d02df256ce7] Erro ao executar render: The "path" argument must be of type string. Received undefined
[2025-07-28T18:54:35.353Z] [INFO] Health check solicitado
[2025-07-28T18:54:46.238Z] [INFO] [9ab247c6-0c0a-439b-8ce4-11d7764993bf] Iniciando render parametrizado
[2025-07-28T18:54:46.239Z] [DEBUG] [9ab247c6-0c0a-439b-8ce4-11d7764993bf] 🔍 DEBUG - audioFile: {"fieldname":"audio","originalname":"sample_audio3.wav","encoding":"7bit","mimetype":"audio/wav","destination":"C:\\Users\\Denys Victoriano\\Documents\\GitHub\\clone\\zentraw\\Zentraw\\3d_visualizer\\uploads","filename":"1753728886198_audio.wav","path":"C:\\Users\\Denys Victoriano\\Documents\\GitHub\\clone\\zentraw\\Zentraw\\3d_visualizer\\uploads\\1753728886198_audio.wav","size":909502}
[2025-07-28T18:54:46.240Z] [DEBUG] [9ab247c6-0c0a-439b-8ce4-11d7764993bf] 🔍 DEBUG - imageFile: {"fieldname":"image","originalname":"cover_spotify.png","encoding":"7bit","mimetype":"image/png","destination":"C:\\Users\\Denys Victoriano\\Documents\\GitHub\\clone\\zentraw\\Zentraw\\3d_visualizer\\uploads","filename":"1753728886203_image.png","path":"C:\\Users\\Denys Victoriano\\Documents\\GitHub\\clone\\zentraw\\Zentraw\\3d_visualizer\\uploads\\1753728886203_image.png","size":6594976}
[2025-07-28T18:54:46.354Z] [ERROR] [9ab247c6-0c0a-439b-8ce4-11d7764993bf] Erro ao executar render: The "path" argument must be of type string. Received undefined
[2025-07-28T18:56:26.797Z] [INFO] 🚀 Zentraw V1.4.0.a.8 Backend iniciado na porta 3004
[2025-07-28T18:56:26.799Z] [INFO] 🛡️ Sistema de blindagem V1.4.0.a.7 ativo
[2025-07-28T18:56:26.800Z] [INFO] ⚙️ Interface parametrizada completa disponível
[2025-07-28T18:56:26.800Z] [INFO] 📁 Diretórios: uploads=C:\Users\Denys Victoriano\Documents\GitHub\clone\zentraw\Zentraw\3d_visualizer\uploads, outputs=C:\Users\Denys Victoriano\Documents\GitHub\clone\zentraw\Zentraw\3d_visualizer\outputs, logs=C:\Users\Denys Victoriano\Documents\GitHub\clone\zentraw\Zentraw\3d_visualizer\logs
[2025-07-28T18:57:40.777Z] [INFO] Health check solicitado
[2025-07-28T19:04:28.375Z] [INFO] Health check solicitado
[2025-07-28T19:04:40.331Z] [INFO] [30c14385-ca48-4083-b9f9-edf64b64bfe4] Iniciando render parametrizado
[2025-07-28T19:04:40.332Z] [DEBUG] [30c14385-ca48-4083-b9f9-edf64b64bfe4] 🔍 DEBUG - audioFile: {"fieldname":"audio","originalname":"sample_audio3.wav","encoding":"7bit","mimetype":"audio/wav","destination":"C:\\Users\\Denys Victoriano\\Documents\\GitHub\\clone\\zentraw\\Zentraw\\3d_visualizer\\uploads","filename":"1753729480325_audio.wav","path":"C:\\Users\\Denys Victoriano\\Documents\\GitHub\\clone\\zentraw\\Zentraw\\3d_visualizer\\uploads\\1753729480325_audio.wav","size":909502}
[2025-07-28T19:04:40.333Z] [DEBUG] [30c14385-ca48-4083-b9f9-edf64b64bfe4] 🔍 DEBUG - imageFile: {"fieldname":"image","originalname":"sample_cover.jpg","encoding":"7bit","mimetype":"image/jpeg","destination":"C:\\Users\\Denys Victoriano\\Documents\\GitHub\\clone\\zentraw\\Zentraw\\3d_visualizer\\uploads","filename":"1753729480329_image.jpg","path":"C:\\Users\\Denys Victoriano\\Documents\\GitHub\\clone\\zentraw\\Zentraw\\3d_visualizer\\uploads\\1753729480329_image.jpg","size":362360}
[2025-07-28T19:04:40.438Z] [ERROR] [30c14385-ca48-4083-b9f9-edf64b64bfe4] Erro ao executar render: The "path" argument must be of type string. Received undefined
[2025-07-28T19:04:54.489Z] [INFO] Health check solicitado
[2025-07-28T19:05:10.556Z] [INFO] [bf27e0a5-fa9e-4a03-8c1b-27e63e06d780] Iniciando render parametrizado
[2025-07-28T19:05:10.556Z] [DEBUG] [bf27e0a5-fa9e-4a03-8c1b-27e63e06d780] 🔍 DEBUG - audioFile: {"fieldname":"audio","originalname":"sample_audio3.wav","encoding":"7bit","mimetype":"audio/wav","destination":"C:\\Users\\Denys Victoriano\\Documents\\GitHub\\clone\\zentraw\\Zentraw\\3d_visualizer\\uploads","filename":"1753729510548_audio.wav","path":"C:\\Users\\Denys Victoriano\\Documents\\GitHub\\clone\\zentraw\\Zentraw\\3d_visualizer\\uploads\\1753729510548_audio.wav","size":909502}
[2025-07-28T19:05:10.557Z] [DEBUG] [bf27e0a5-fa9e-4a03-8c1b-27e63e06d780] 🔍 DEBUG - imageFile: {"fieldname":"image","originalname":"sample_cover.jpg","encoding":"7bit","mimetype":"image/jpeg","destination":"C:\\Users\\Denys Victoriano\\Documents\\GitHub\\clone\\zentraw\\Zentraw\\3d_visualizer\\uploads","filename":"1753729510553_image.jpg","path":"C:\\Users\\Denys Victoriano\\Documents\\GitHub\\clone\\zentraw\\Zentraw\\3d_visualizer\\uploads\\1753729510553_image.jpg","size":362360}
[2025-07-28T19:05:10.662Z] [ERROR] [bf27e0a5-fa9e-4a03-8c1b-27e63e06d780] Erro ao executar render: The "path" argument must be of type string. Received undefined
[2025-07-28T19:08:21.275Z] [INFO] Health check solicitado
[2025-07-28T19:08:58.907Z] [INFO] [e07dda05-8e33-45bc-a736-8c7f0c3c2aa5] Iniciando render parametrizado
[2025-07-28T19:08:58.908Z] [DEBUG] [e07dda05-8e33-45bc-a736-8c7f0c3c2aa5] 🔍 DEBUG - audioFile: {"fieldname":"audio","originalname":"sample_audio3.wav","encoding":"7bit","mimetype":"audio/wav","destination":"C:\\Users\\Denys Victoriano\\Documents\\GitHub\\clone\\zentraw\\Zentraw\\3d_visualizer\\uploads","filename":"1753729738900_audio.wav","path":"C:\\Users\\Denys Victoriano\\Documents\\GitHub\\clone\\zentraw\\Zentraw\\3d_visualizer\\uploads\\1753729738900_audio.wav","size":909502}
[2025-07-28T19:08:58.909Z] [DEBUG] [e07dda05-8e33-45bc-a736-8c7f0c3c2aa5] 🔍 DEBUG - imageFile: {"fieldname":"image","originalname":"sample_cover.jpg","encoding":"7bit","mimetype":"image/jpeg","destination":"C:\\Users\\Denys Victoriano\\Documents\\GitHub\\clone\\zentraw\\Zentraw\\3d_visualizer\\uploads","filename":"1753729738905_image.jpg","path":"C:\\Users\\Denys Victoriano\\Documents\\GitHub\\clone\\zentraw\\Zentraw\\3d_visualizer\\uploads\\1753729738905_image.jpg","size":362360}
[2025-07-28T19:08:59.020Z] [ERROR] [e07dda05-8e33-45bc-a736-8c7f0c3c2aa5] Erro ao executar render: The "path" argument must be of type string. Received undefined
[2025-07-28T19:27:10.361Z] [INFO] 🚀 Zentraw V1.4.0.a.8.2 Backend iniciado na porta 3004
[2025-07-28T19:27:10.363Z] [INFO] 🛡️ Sistema de blindagem V1.4.0.a.7 ativo
[2025-07-28T19:27:10.363Z] [INFO] ⚙️ Interface parametrizada completa disponível
[2025-07-28T19:27:10.364Z] [INFO] 🔧 Script padrão: V1.4.0.a.8.2 (CYCLES + Timestamp)
[2025-07-28T19:27:10.364Z] [INFO] 📁 Diretórios: uploads=C:\Users\Denys Victoriano\Documents\GitHub\clone\zentraw\Zentraw\3d_visualizer\uploads, outputs=C:\Users\Denys Victoriano\Documents\GitHub\clone\zentraw\Zentraw\3d_visualizer\outputs, logs=C:\Users\Denys Victoriano\Documents\GitHub\clone\zentraw\Zentraw\3d_visualizer\logs
[2025-07-28T19:29:12.649Z] [INFO] 🚀 Zentraw V1.4.0.a.8.2 Backend iniciado na porta 3004
[2025-07-28T19:29:12.651Z] [INFO] 🛡️ Sistema de blindagem V1.4.0.a.7 ativo
[2025-07-28T19:29:12.651Z] [INFO] ⚙️ Interface parametrizada completa disponível
[2025-07-28T19:29:12.652Z] [INFO] 🔧 Script padrão: V1.4.0.a.8.2 (CYCLES + Timestamp)
[2025-07-28T19:29:12.652Z] [INFO] 📁 Diretórios: uploads=C:\Users\Denys Victoriano\Documents\GitHub\clone\zentraw\Zentraw\3d_visualizer\uploads, outputs=C:\Users\Denys Victoriano\Documents\GitHub\clone\zentraw\Zentraw\3d_visualizer\outputs, logs=C:\Users\Denys Victoriano\Documents\GitHub\clone\zentraw\Zentraw\3d_visualizer\logs
[2025-07-28T19:29:27.218Z] [INFO] Health check solicitado
[2025-07-28T19:29:39.158Z] [INFO] [1436003e-8f60-4411-a58a-2196fbe52bf4] Iniciando render parametrizado
[2025-07-28T19:29:39.159Z] [DEBUG] [1436003e-8f60-4411-a58a-2196fbe52bf4] 🔍 DEBUG - audioFile: {"fieldname":"audio","originalname":"sample_audio3.wav","encoding":"7bit","mimetype":"audio/wav","destination":"C:\\Users\\Denys Victoriano\\Documents\\GitHub\\clone\\zentraw\\Zentraw\\3d_visualizer\\uploads","filename":"1753730979154_audio.wav","path":"C:\\Users\\Denys Victoriano\\Documents\\GitHub\\clone\\zentraw\\Zentraw\\3d_visualizer\\uploads\\1753730979154_audio.wav","size":909502}
[2025-07-28T19:29:39.160Z] [DEBUG] [1436003e-8f60-4411-a58a-2196fbe52bf4] 🔍 DEBUG - imageFile: {"fieldname":"image","originalname":"sample_cover.jpg","encoding":"7bit","mimetype":"image/jpeg","destination":"C:\\Users\\Denys Victoriano\\Documents\\GitHub\\clone\\zentraw\\Zentraw\\3d_visualizer\\uploads","filename":"1753730979157_image.jpg","path":"C:\\Users\\Denys Victoriano\\Documents\\GitHub\\clone\\zentraw\\Zentraw\\3d_visualizer\\uploads\\1753730979157_image.jpg","size":362360}
[2025-07-28T19:29:39.271Z] [ERROR] [1436003e-8f60-4411-a58a-2196fbe52bf4] Erro ao executar render: The "path" argument must be of type string. Received undefined
[2025-07-28T19:33:02.232Z] [INFO] 🚀 Zentraw V1.4.0.a.8.2 Backend iniciado na porta 3004
[2025-07-28T19:33:02.234Z] [INFO] 🛡️ Sistema de blindagem V1.4.0.a.7 ativo
[2025-07-28T19:33:02.235Z] [INFO] ⚙️ Interface parametrizada completa disponível
[2025-07-28T19:33:02.235Z] [INFO] 🔧 Script padrão: V1.4.0.a.8.2 (CYCLES + Timestamp)
[2025-07-28T19:33:02.236Z] [INFO] 📁 Diretórios: uploads=C:\Users\Denys Victoriano\Documents\GitHub\clone\zentraw\Zentraw\3d_visualizer\uploads, outputs=C:\Users\Denys Victoriano\Documents\GitHub\clone\zentraw\Zentraw\3d_visualizer\outputs, logs=C:\Users\Denys Victoriano\Documents\GitHub\clone\zentraw\Zentraw\3d_visualizer\logs
[2025-07-28T19:33:34.108Z] [INFO] Health check solicitado
[2025-07-28T19:35:37.254Z] [INFO] 🚀 Zentraw V1.4.0.a.8.2 Backend iniciado na porta 3004
[2025-07-28T19:35:37.256Z] [INFO] 🛡️ Sistema de blindagem V1.4.0.a.7 ativo
[2025-07-28T19:35:37.256Z] [INFO] ⚙️ Interface parametrizada completa disponível
[2025-07-28T19:35:37.257Z] [INFO] 🔧 Script padrão: V1.4.0.a.8.2 (CYCLES + Timestamp)
[2025-07-28T19:35:37.257Z] [INFO] 📁 Diretórios: uploads=C:\Users\Denys Victoriano\Documents\GitHub\clone\zentraw\Zentraw\3d_visualizer\uploads, outputs=C:\Users\Denys Victoriano\Documents\GitHub\clone\zentraw\Zentraw\3d_visualizer\outputs, logs=C:\Users\Denys Victoriano\Documents\GitHub\clone\zentraw\Zentraw\3d_visualizer\logs
[2025-07-28T19:37:07.500Z] [INFO] Health check solicitado
[2025-07-28T19:37:26.017Z] [INFO] [dcfaa93c-dae6-4ce1-a73f-02489848b9ed] Iniciando render parametrizado
[2025-07-28T19:37:26.017Z] [DEBUG] [dcfaa93c-dae6-4ce1-a73f-02489848b9ed] 🔍 DEBUG - audioFile: {"fieldname":"audio","originalname":"sample_audio3.wav","encoding":"7bit","mimetype":"audio/wav","destination":"C:\\Users\\Denys Victoriano\\Documents\\GitHub\\clone\\zentraw\\Zentraw\\3d_visualizer\\uploads","filename":"1753731446011_audio.wav","path":"C:\\Users\\Denys Victoriano\\Documents\\GitHub\\clone\\zentraw\\Zentraw\\3d_visualizer\\uploads\\1753731446011_audio.wav","size":909502}
[2025-07-28T19:37:26.018Z] [DEBUG] [dcfaa93c-dae6-4ce1-a73f-02489848b9ed] 🔍 DEBUG - imageFile: {"fieldname":"image","originalname":"sample_cover.jpg","encoding":"7bit","mimetype":"image/jpeg","destination":"C:\\Users\\Denys Victoriano\\Documents\\GitHub\\clone\\zentraw\\Zentraw\\3d_visualizer\\uploads","filename":"1753731446015_image.jpg","path":"C:\\Users\\Denys Victoriano\\Documents\\GitHub\\clone\\zentraw\\Zentraw\\3d_visualizer\\uploads\\1753731446015_image.jpg","size":362360}
[2025-07-28T19:37:26.129Z] [ERROR] [dcfaa93c-dae6-4ce1-a73f-02489848b9ed] Erro ao executar render: The "path" argument must be of type string. Received undefined
[2025-07-28T19:40:12.403Z] [INFO] Health check solicitado
[2025-07-28T19:41:31.283Z] [INFO] 🚀 Zentraw V1.4.0.a.8.2 Backend iniciado na porta 3005
[2025-07-28T19:41:31.285Z] [INFO] 🛡️ Sistema de blindagem V1.4.0.a.7 ativo
[2025-07-28T19:41:31.286Z] [INFO] ⚙️ Interface parametrizada completa disponível
[2025-07-28T19:41:31.286Z] [INFO] 🔧 Script padrão: V1.4.0.a.8.2 (CYCLES + Timestamp)
[2025-07-28T19:41:31.287Z] [INFO] 📁 Diretórios: uploads=C:\Users\Denys Victoriano\Documents\GitHub\clone\zentraw\Zentraw\3d_visualizer\uploads, outputs=C:\Users\Denys Victoriano\Documents\GitHub\clone\zentraw\Zentraw\3d_visualizer\outputs, logs=C:\Users\Denys Victoriano\Documents\GitHub\clone\zentraw\Zentraw\3d_visualizer\logs
[2025-07-28T19:41:42.274Z] [INFO] Health check solicitado
[2025-07-28T19:41:54.685Z] [INFO] Health check solicitado
[2025-07-28T19:42:15.194Z] [INFO] Health check solicitado
[2025-07-28T19:42:25.913Z] [INFO] [af3b3dc5-db56-4d97-86a5-2a1c52f25d33] Iniciando render parametrizado
[2025-07-28T19:42:25.914Z] [DEBUG] [af3b3dc5-db56-4d97-86a5-2a1c52f25d33] 🔍 DEBUG - audioFile: {"fieldname":"audio","originalname":"sample_audio3.wav","encoding":"7bit","mimetype":"audio/wav","destination":"C:\\Users\\Denys Victoriano\\Documents\\GitHub\\clone\\zentraw\\Zentraw\\3d_visualizer\\uploads","filename":"1753731745907_audio.wav","path":"C:\\Users\\Denys Victoriano\\Documents\\GitHub\\clone\\zentraw\\Zentraw\\3d_visualizer\\uploads\\1753731745907_audio.wav","size":909502}
[2025-07-28T19:42:25.915Z] [DEBUG] [af3b3dc5-db56-4d97-86a5-2a1c52f25d33] 🔍 DEBUG - imageFile: {"fieldname":"image","originalname":"sample_cover.jpg","encoding":"7bit","mimetype":"image/jpeg","destination":"C:\\Users\\Denys Victoriano\\Documents\\GitHub\\clone\\zentraw\\Zentraw\\3d_visualizer\\uploads","filename":"1753731745911_image.jpg","path":"C:\\Users\\Denys Victoriano\\Documents\\GitHub\\clone\\zentraw\\Zentraw\\3d_visualizer\\uploads\\1753731745911_image.jpg","size":362360}
[2025-07-28T19:42:26.032Z] [ERROR] [af3b3dc5-db56-4d97-86a5-2a1c52f25d33] Erro ao executar render: The "path" argument must be of type string. Received undefined
[2025-07-28T19:43:23.615Z] [INFO] Health check solicitado
[2025-07-28T19:43:34.284Z] [INFO] [c290ca14-0ea6-4fac-8860-312570b26c76] Iniciando render parametrizado
[2025-07-28T19:43:34.285Z] [DEBUG] [c290ca14-0ea6-4fac-8860-312570b26c76] 🔍 DEBUG - audioFile: {"fieldname":"audio","originalname":"sample_audio3.wav","encoding":"7bit","mimetype":"audio/wav","destination":"C:\\Users\\Denys Victoriano\\Documents\\GitHub\\clone\\zentraw\\Zentraw\\3d_visualizer\\uploads","filename":"1753731814268_audio.wav","path":"C:\\Users\\Denys Victoriano\\Documents\\GitHub\\clone\\zentraw\\Zentraw\\3d_visualizer\\uploads\\1753731814268_audio.wav","size":909502}
[2025-07-28T19:43:34.286Z] [DEBUG] [c290ca14-0ea6-4fac-8860-312570b26c76] 🔍 DEBUG - imageFile: {"fieldname":"image","originalname":"sample_cover.jpg","encoding":"7bit","mimetype":"image/jpeg","destination":"C:\\Users\\Denys Victoriano\\Documents\\GitHub\\clone\\zentraw\\Zentraw\\3d_visualizer\\uploads","filename":"1753731814277_image.jpg","path":"C:\\Users\\Denys Victoriano\\Documents\\GitHub\\clone\\zentraw\\Zentraw\\3d_visualizer\\uploads\\1753731814277_image.jpg","size":362360}
[2025-07-28T19:43:34.401Z] [INFO] [c290ca14-0ea6-4fac-8860-312570b26c76] Executando Blender: C:\Program Files\Blender Foundation\Blender 4.5\blender.exe C:\Users\Denys Victoriano\Documents\GitHub\clone\zentraw\Zentraw\3d_visualizer\Blender\template.blend --background --python C:\Users\Denys Victoriano\Documents\GitHub\clone\zentraw\Zentraw\3d_visualizer\Blender\render_audio_visualizer_v1.4.0.a.8.2.py -- C:\Users\Denys Victoriano\Documents\GitHub\clone\zentraw\Zentraw\3d_visualizer\uploads\1753731814268_audio.wav C:\Users\Denys Victoriano\Documents\GitHub\clone\zentraw\Zentraw\3d_visualizer\uploads\1753731814277_image.jpg C:\Users\Denys Victoriano\Documents\GitHub\clone\zentraw\Zentraw\3d_visualizer\outputs\output_v1.4.0.a.8.mp4 C:\Users\Denys Victoriano\Documents\GitHub\clone\zentraw\Zentraw\3d_visualizer\temp\config_c290ca14-0ea6-4fac-8860-312570b26c76.json
[2025-07-28T19:43:37.758Z] [DEBUG] [c290ca14-0ea6-4fac-8860-312570b26c76] Blender Output: Blender 4.5.0 (hash 8cb6b388974a built 2025-07-15 01:36:24)
Read blend: "C:\Users\Denys Victoriano\Documents\GitHub\clone\zentraw\Zentraw\3d_visualizer\Blender\template.blend"
Fra:1 Mem:118.68M (Peak 131.29M) | Time:00:00.50 | Rendering 1 / 64 samples

[2025-07-28T19:43:37.904Z] [DEBUG] [c290ca14-0ea6-4fac-8860-312570b26c76] Blender Output: Fra:1 Mem:119.01M (Peak 131.29M) | Time:00:00.65 | Rendering 25 / 64 samples

[2025-07-28T19:43:38.050Z] [DEBUG] [c290ca14-0ea6-4fac-8860-312570b26c76] Blender Output: Fra:1 Mem:119.01M (Peak 131.29M) | Time:00:00.80 | Rendering 50 / 64 samples

[2025-07-28T19:43:38.124Z] [DEBUG] [c290ca14-0ea6-4fac-8860-312570b26c76] Blender Output: Fra:1 Mem:119.01M (Peak 131.29M) | Time:00:00.87 | Rendering 64 / 64 samples

[2025-07-28T19:43:38.389Z] [DEBUG] [c290ca14-0ea6-4fac-8860-312570b26c76] Blender Output: Append frame 1
Time: 00:01.14 (Saving: 00:00.22)


[2025-07-28T19:43:38.435Z] [DEBUG] [c290ca14-0ea6-4fac-8860-312570b26c76] Blender Output: Fra:2 Mem:119.15M (Peak 150.65M) | Time:00:00.04 | Rendering 1 / 64 samples

[2025-07-28T19:43:38.587Z] [DEBUG] [c290ca14-0ea6-4fac-8860-312570b26c76] Blender Output: Fra:2 Mem:119.20M (Peak 150.65M) | Time:00:00.19 | Rendering 25 / 64 samples

[2025-07-28T19:43:38.741Z] [DEBUG] [c290ca14-0ea6-4fac-8860-312570b26c76] Blender Output: Fra:2 Mem:119.20M (Peak 150.65M) | Time:00:00.35 | Rendering 50 / 64 samples

[2025-07-28T19:43:38.830Z] [DEBUG] [c290ca14-0ea6-4fac-8860-312570b26c76] Blender Output: Fra:2 Mem:119.20M (Peak 150.65M) | Time:00:00.44 | Rendering 64 / 64 samples

[2025-07-28T19:43:38.914Z] [DEBUG] [c290ca14-0ea6-4fac-8860-312570b26c76] Blender Output: Append frame 2
Time: 00:00.52 (Saving: 00:00.03)


[2025-07-28T19:43:38.949Z] [DEBUG] [c290ca14-0ea6-4fac-8860-312570b26c76] Blender Output: Fra:3 Mem:119.20M (Peak 150.84M) | Time:00:00.03 | Rendering 1 / 64 samples

[2025-07-28T19:43:39.101Z] [DEBUG] [c290ca14-0ea6-4fac-8860-312570b26c76] Blender Output: Fra:3 Mem:119.20M (Peak 150.84M) | Time:00:00.18 | Rendering 25 / 64 samples

[2025-07-28T19:43:39.257Z] [DEBUG] [c290ca14-0ea6-4fac-8860-312570b26c76] Blender Output: Fra:3 Mem:119.20M (Peak 150.84M) | Time:00:00.34 | Rendering 50 / 64 samples

[2025-07-28T19:43:39.345Z] [DEBUG] [c290ca14-0ea6-4fac-8860-312570b26c76] Blender Output: Fra:3 Mem:119.20M (Peak 150.84M) | Time:00:00.43 | Rendering 64 / 64 samples

[2025-07-28T19:43:39.423Z] [DEBUG] [c290ca14-0ea6-4fac-8860-312570b26c76] Blender Output: Append frame 3
Time: 00:00.50 (Saving: 00:00.03)


[2025-07-28T19:43:39.460Z] [DEBUG] [c290ca14-0ea6-4fac-8860-312570b26c76] Blender Output: Fra:4 Mem:119.20M (Peak 150.84M) | Time:00:00.03 | Rendering 1 / 64 samples

[2025-07-28T19:43:39.611Z] [DEBUG] [c290ca14-0ea6-4fac-8860-312570b26c76] Blender Output: Fra:4 Mem:119.20M (Peak 150.84M) | Time:00:00.18 | Rendering 25 / 64 samples

[2025-07-28T19:43:39.766Z] [DEBUG] [c290ca14-0ea6-4fac-8860-312570b26c76] Blender Output: Fra:4 Mem:119.20M (Peak 150.84M) | Time:00:00.34 | Rendering 50 / 64 samples

[2025-07-28T19:43:39.855Z] [DEBUG] [c290ca14-0ea6-4fac-8860-312570b26c76] Blender Output: Fra:4 Mem:119.20M (Peak 150.84M) | Time:00:00.43 | Rendering 64 / 64 samples

[2025-07-28T19:43:39.935Z] [DEBUG] [c290ca14-0ea6-4fac-8860-312570b26c76] Blender Output: Append frame 4
Time: 00:00.51 (Saving: 00:00.03)


[2025-07-28T19:43:39.971Z] [DEBUG] [c290ca14-0ea6-4fac-8860-312570b26c76] Blender Output: Fra:5 Mem:119.20M (Peak 150.84M) | Time:00:00.03 | Rendering 1 / 64 samples

[2025-07-28T19:43:40.124Z] [DEBUG] [c290ca14-0ea6-4fac-8860-312570b26c76] Blender Output: Fra:5 Mem:119.20M (Peak 150.84M) | Time:00:00.18 | Rendering 25 / 64 samples

[2025-07-28T19:43:40.279Z] [DEBUG] [c290ca14-0ea6-4fac-8860-312570b26c76] Blender Output: Fra:5 Mem:119.20M (Peak 150.84M) | Time:00:00.34 | Rendering 50 / 64 samples

[2025-07-28T19:43:40.368Z] [DEBUG] [c290ca14-0ea6-4fac-8860-312570b26c76] Blender Output: Fra:5 Mem:119.20M (Peak 150.84M) | Time:00:00.43 | Rendering 64 / 64 samples

[2025-07-28T19:43:40.445Z] [DEBUG] [c290ca14-0ea6-4fac-8860-312570b26c76] Blender Output: Append frame 5
Time: 00:00.50 (Saving: 00:00.03)


[2025-07-28T19:43:40.482Z] [DEBUG] [c290ca14-0ea6-4fac-8860-312570b26c76] Blender Output: Fra:6 Mem:119.20M (Peak 150.84M) | Time:00:00.03 | Rendering 1 / 64 samples

[2025-07-28T19:43:40.634Z] [DEBUG] [c290ca14-0ea6-4fac-8860-312570b26c76] Blender Output: Fra:6 Mem:119.20M (Peak 150.84M) | Time:00:00.18 | Rendering 25 / 64 samples

[2025-07-28T19:43:40.789Z] [DEBUG] [c290ca14-0ea6-4fac-8860-312570b26c76] Blender Output: Fra:6 Mem:119.20M (Peak 150.84M) | Time:00:00.34 | Rendering 50 / 64 samples

[2025-07-28T19:43:40.877Z] [DEBUG] [c290ca14-0ea6-4fac-8860-312570b26c76] Blender Output: Fra:6 Mem:119.20M (Peak 150.84M) | Time:00:00.43 | Rendering 64 / 64 samples

[2025-07-28T19:43:40.956Z] [DEBUG] [c290ca14-0ea6-4fac-8860-312570b26c76] Blender Output: Append frame 6
Time: 00:00.51 (Saving: 00:00.03)


[2025-07-28T19:43:40.992Z] [DEBUG] [c290ca14-0ea6-4fac-8860-312570b26c76] Blender Output: Fra:7 Mem:119.20M (Peak 150.84M) | Time:00:00.03 | Rendering 1 / 64 samples

[2025-07-28T19:43:41.144Z] [DEBUG] [c290ca14-0ea6-4fac-8860-312570b26c76] Blender Output: Fra:7 Mem:119.20M (Peak 150.84M) | Time:00:00.18 | Rendering 25 / 64 samples

[2025-07-28T19:43:41.299Z] [DEBUG] [c290ca14-0ea6-4fac-8860-312570b26c76] Blender Output: Fra:7 Mem:119.20M (Peak 150.84M) | Time:00:00.34 | Rendering 50 / 64 samples

[2025-07-28T19:43:41.385Z] [DEBUG] [c290ca14-0ea6-4fac-8860-312570b26c76] Blender Output: Fra:7 Mem:119.20M (Peak 150.84M) | Time:00:00.42 | Rendering 64 / 64 samples

[2025-07-28T19:43:41.460Z] [DEBUG] [c290ca14-0ea6-4fac-8860-312570b26c76] Blender Output: Append frame 7
Time: 00:00.50 (Saving: 00:00.03)


[2025-07-28T19:43:41.496Z] [DEBUG] [c290ca14-0ea6-4fac-8860-312570b26c76] Blender Output: Fra:8 Mem:119.20M (Peak 150.84M) | Time:00:00.03 | Rendering 1 / 64 samples

[2025-07-28T19:43:41.652Z] [DEBUG] [c290ca14-0ea6-4fac-8860-312570b26c76] Blender Output: Fra:8 Mem:119.20M (Peak 150.84M) | Time:00:00.19 | Rendering 25 / 64 samples

[2025-07-28T19:43:41.810Z] [DEBUG] [c290ca14-0ea6-4fac-8860-312570b26c76] Blender Output: Fra:8 Mem:119.20M (Peak 150.84M) | Time:00:00.35 | Rendering 50 / 64 samples

[2025-07-28T19:43:41.901Z] [DEBUG] [c290ca14-0ea6-4fac-8860-312570b26c76] Blender Output: Fra:8 Mem:119.20M (Peak 150.84M) | Time:00:00.44 | Rendering 64 / 64 samples

[2025-07-28T19:43:41.980Z] [DEBUG] [c290ca14-0ea6-4fac-8860-312570b26c76] Blender Output: Append frame 8
Time: 00:00.51 (Saving: 00:00.03)


[2025-07-28T19:43:42.021Z] [DEBUG] [c290ca14-0ea6-4fac-8860-312570b26c76] Blender Output: Fra:9 Mem:119.20M (Peak 150.84M) | Time:00:00.04 | Rendering 1 / 64 samples

[2025-07-28T19:43:42.181Z] [DEBUG] [c290ca14-0ea6-4fac-8860-312570b26c76] Blender Output: Fra:9 Mem:119.20M (Peak 150.84M) | Time:00:00.20 | Rendering 25 / 64 samples

[2025-07-28T19:43:42.343Z] [DEBUG] [c290ca14-0ea6-4fac-8860-312570b26c76] Blender Output: Fra:9 Mem:119.20M (Peak 150.84M) | Time:00:00.36 | Rendering 50 / 64 samples

[2025-07-28T19:43:42.433Z] [DEBUG] [c290ca14-0ea6-4fac-8860-312570b26c76] Blender Output: Fra:9 Mem:119.20M (Peak 150.84M) | Time:00:00.45 | Rendering 64 / 64 samples

[2025-07-28T19:43:42.512Z] [DEBUG] [c290ca14-0ea6-4fac-8860-312570b26c76] Blender Output: Append frame 9
Time: 00:00.53 (Saving: 00:00.03)


[2025-07-28T19:43:42.549Z] [DEBUG] [c290ca14-0ea6-4fac-8860-312570b26c76] Blender Output: Fra:10 Mem:119.20M (Peak 150.84M) | Time:00:00.03 | Rendering 1 / 64 samples

[2025-07-28T19:43:42.700Z] [DEBUG] [c290ca14-0ea6-4fac-8860-312570b26c76] Blender Output: Fra:10 Mem:119.20M (Peak 150.84M) | Time:00:00.18 | Rendering 25 / 64 samples

[2025-07-28T19:43:42.856Z] [DEBUG] [c290ca14-0ea6-4fac-8860-312570b26c76] Blender Output: Fra:10 Mem:119.20M (Peak 150.84M) | Time:00:00.34 | Rendering 50 / 64 samples

[2025-07-28T19:43:42.944Z] [DEBUG] [c290ca14-0ea6-4fac-8860-312570b26c76] Blender Output: Fra:10 Mem:119.20M (Peak 150.84M) | Time:00:00.43 | Rendering 64 / 64 samples

[2025-07-28T19:43:43.029Z] [DEBUG] [c290ca14-0ea6-4fac-8860-312570b26c76] Blender Output: Append frame 10
Time: 00:00.51 (Saving: 00:00.03)


[2025-07-28T19:43:43.071Z] [DEBUG] [c290ca14-0ea6-4fac-8860-312570b26c76] Blender Output: Fra:11 Mem:119.20M (Peak 150.84M) | Time:00:00.04 | Rendering 1 / 64 samples

[2025-07-28T19:43:43.226Z] [DEBUG] [c290ca14-0ea6-4fac-8860-312570b26c76] Blender Output: Fra:11 Mem:119.20M (Peak 150.84M) | Time:00:00.19 | Rendering 25 / 64 samples

[2025-07-28T19:43:43.381Z] [DEBUG] [c290ca14-0ea6-4fac-8860-312570b26c76] Blender Output: Fra:11 Mem:119.20M (Peak 150.84M) | Time:00:00.35 | Rendering 50 / 64 samples

[2025-07-28T19:43:43.469Z] [DEBUG] [c290ca14-0ea6-4fac-8860-312570b26c76] Blender Output: Fra:11 Mem:119.20M (Peak 150.84M) | Time:00:00.44 | Rendering 64 / 64 samples

[2025-07-28T19:43:43.546Z] [DEBUG] [c290ca14-0ea6-4fac-8860-312570b26c76] Blender Output: Append frame 11
Time: 00:00.51 (Saving: 00:00.03)


[2025-07-28T19:43:43.583Z] [DEBUG] [c290ca14-0ea6-4fac-8860-312570b26c76] Blender Output: Fra:12 Mem:119.20M (Peak 150.84M) | Time:00:00.03 | Rendering 1 / 64 samples

[2025-07-28T19:43:43.737Z] [DEBUG] [c290ca14-0ea6-4fac-8860-312570b26c76] Blender Output: Fra:12 Mem:119.20M (Peak 150.84M) | Time:00:00.19 | Rendering 25 / 64 samples

[2025-07-28T19:43:43.893Z] [DEBUG] [c290ca14-0ea6-4fac-8860-312570b26c76] Blender Output: Fra:12 Mem:119.20M (Peak 150.84M) | Time:00:00.34 | Rendering 50 / 64 samples

[2025-07-28T19:43:43.980Z] [DEBUG] [c290ca14-0ea6-4fac-8860-312570b26c76] Blender Output: Fra:12 Mem:119.20M (Peak 150.84M) | Time:00:00.43 | Rendering 64 / 64 samples

[2025-07-28T19:43:44.063Z] [DEBUG] [c290ca14-0ea6-4fac-8860-312570b26c76] Blender Output: Append frame 12
Time: 00:00.51 (Saving: 00:00.03)


[2025-07-28T19:43:44.099Z] [DEBUG] [c290ca14-0ea6-4fac-8860-312570b26c76] Blender Output: Fra:13 Mem:119.20M (Peak 150.84M) | Time:00:00.03 | Rendering 1 / 64 samples

[2025-07-28T19:43:44.251Z] [DEBUG] [c290ca14-0ea6-4fac-8860-312570b26c76] Blender Output: Fra:13 Mem:119.20M (Peak 150.84M) | Time:00:00.18 | Rendering 25 / 64 samples

[2025-07-28T19:43:44.406Z] [DEBUG] [c290ca14-0ea6-4fac-8860-312570b26c76] Blender Output: Fra:13 Mem:119.20M (Peak 150.84M) | Time:00:00.34 | Rendering 50 / 64 samples

[2025-07-28T19:43:44.494Z] [DEBUG] [c290ca14-0ea6-4fac-8860-312570b26c76] Blender Output: Fra:13 Mem:119.20M (Peak 150.84M) | Time:00:00.43 | Rendering 64 / 64 samples

[2025-07-28T19:43:44.573Z] [DEBUG] [c290ca14-0ea6-4fac-8860-312570b26c76] Blender Output: Append frame 13
Time: 00:00.50 (Saving: 00:00.03)


[2025-07-28T19:43:44.609Z] [DEBUG] [c290ca14-0ea6-4fac-8860-312570b26c76] Blender Output: Fra:14 Mem:119.20M (Peak 150.84M) | Time:00:00.03 | Rendering 1 / 64 samples

[2025-07-28T19:43:44.761Z] [DEBUG] [c290ca14-0ea6-4fac-8860-312570b26c76] Blender Output: Fra:14 Mem:119.20M (Peak 150.84M) | Time:00:00.18 | Rendering 25 / 64 samples

[2025-07-28T19:43:44.914Z] [DEBUG] [c290ca14-0ea6-4fac-8860-312570b26c76] Blender Output: Fra:14 Mem:119.20M (Peak 150.84M) | Time:00:00.34 | Rendering 50 / 64 samples

[2025-07-28T19:43:45.002Z] [DEBUG] [c290ca14-0ea6-4fac-8860-312570b26c76] Blender Output: Fra:14 Mem:119.20M (Peak 150.84M) | Time:00:00.42 | Rendering 64 / 64 samples

[2025-07-28T19:43:45.079Z] [DEBUG] [c290ca14-0ea6-4fac-8860-312570b26c76] Blender Output: Append frame 14
Time: 00:00.50 (Saving: 00:00.03)


[2025-07-28T19:43:45.115Z] [DEBUG] [c290ca14-0ea6-4fac-8860-312570b26c76] Blender Output: Fra:15 Mem:119.20M (Peak 150.84M) | Time:00:00.03 | Rendering 1 / 64 samples

[2025-07-28T19:43:45.274Z] [DEBUG] [c290ca14-0ea6-4fac-8860-312570b26c76] Blender Output: Fra:15 Mem:119.20M (Peak 150.84M) | Time:00:00.19 | Rendering 25 / 64 samples

[2025-07-28T19:43:45.434Z] [DEBUG] [c290ca14-0ea6-4fac-8860-312570b26c76] Blender Output: Fra:15 Mem:119.20M (Peak 150.84M) | Time:00:00.35 | Rendering 50 / 64 samples

[2025-07-28T19:43:45.524Z] [DEBUG] [c290ca14-0ea6-4fac-8860-312570b26c76] Blender Output: Fra:15 Mem:119.20M (Peak 150.84M) | Time:00:00.44 | Rendering 64 / 64 samples

[2025-07-28T19:43:45.603Z] [DEBUG] [c290ca14-0ea6-4fac-8860-312570b26c76] Blender Output: Append frame 15
Time: 00:00.52 (Saving: 00:00.03)


[2025-07-28T19:43:45.639Z] [DEBUG] [c290ca14-0ea6-4fac-8860-312570b26c76] Blender Output: Fra:16 Mem:119.20M (Peak 150.84M) | Time:00:00.03 | Rendering 1 / 64 samples

[2025-07-28T19:43:45.791Z] [DEBUG] [c290ca14-0ea6-4fac-8860-312570b26c76] Blender Output: Fra:16 Mem:119.20M (Peak 150.84M) | Time:00:00.18 | Rendering 25 / 64 samples

[2025-07-28T19:43:45.946Z] [DEBUG] [c290ca14-0ea6-4fac-8860-312570b26c76] Blender Output: Fra:16 Mem:119.20M (Peak 150.84M) | Time:00:00.34 | Rendering 50 / 64 samples

[2025-07-28T19:43:46.034Z] [DEBUG] [c290ca14-0ea6-4fac-8860-312570b26c76] Blender Output: Fra:16 Mem:119.20M (Peak 150.84M) | Time:00:00.43 | Rendering 64 / 64 samples

[2025-07-28T19:43:46.112Z] [DEBUG] [c290ca14-0ea6-4fac-8860-312570b26c76] Blender Output: Append frame 16
Time: 00:00.50 (Saving: 00:00.03)


[2025-07-28T19:43:46.148Z] [DEBUG] [c290ca14-0ea6-4fac-8860-312570b26c76] Blender Output: Fra:17 Mem:119.20M (Peak 150.84M) | Time:00:00.03 | Rendering 1 / 64 samples

[2025-07-28T19:43:46.300Z] [DEBUG] [c290ca14-0ea6-4fac-8860-312570b26c76] Blender Output: Fra:17 Mem:119.20M (Peak 150.84M) | Time:00:00.18 | Rendering 25 / 64 samples

[2025-07-28T19:43:46.456Z] [DEBUG] [c290ca14-0ea6-4fac-8860-312570b26c76] Blender Output: Fra:17 Mem:119.20M (Peak 150.84M) | Time:00:00.34 | Rendering 50 / 64 samples

[2025-07-28T19:43:46.543Z] [DEBUG] [c290ca14-0ea6-4fac-8860-312570b26c76] Blender Output: Fra:17 Mem:119.20M (Peak 150.84M) | Time:00:00.43 | Rendering 64 / 64 samples

[2025-07-28T19:43:46.620Z] [DEBUG] [c290ca14-0ea6-4fac-8860-312570b26c76] Blender Output: Append frame 17
Time: 00:00.50 (Saving: 00:00.03)


[2025-07-28T19:43:46.657Z] [DEBUG] [c290ca14-0ea6-4fac-8860-312570b26c76] Blender Output: Fra:18 Mem:119.20M (Peak 150.84M) | Time:00:00.03 | Rendering 1 / 64 samples

[2025-07-28T19:43:46.810Z] [DEBUG] [c290ca14-0ea6-4fac-8860-312570b26c76] Blender Output: Fra:18 Mem:119.20M (Peak 150.84M) | Time:00:00.18 | Rendering 25 / 64 samples

[2025-07-28T19:43:46.965Z] [DEBUG] [c290ca14-0ea6-4fac-8860-312570b26c76] Blender Output: Fra:18 Mem:119.20M (Peak 150.84M) | Time:00:00.34 | Rendering 50 / 64 samples

[2025-07-28T19:43:47.052Z] [DEBUG] [c290ca14-0ea6-4fac-8860-312570b26c76] Blender Output: Fra:18 Mem:119.20M (Peak 150.84M) | Time:00:00.43 | Rendering 64 / 64 samples

[2025-07-28T19:43:47.131Z] [DEBUG] [c290ca14-0ea6-4fac-8860-312570b26c76] Blender Output: Append frame 18
Time: 00:00.51 (Saving: 00:00.03)


[2025-07-28T19:43:47.168Z] [DEBUG] [c290ca14-0ea6-4fac-8860-312570b26c76] Blender Output: Fra:19 Mem:119.20M (Peak 150.84M) | Time:00:00.03 | Rendering 1 / 64 samples

[2025-07-28T19:43:47.322Z] [DEBUG] [c290ca14-0ea6-4fac-8860-312570b26c76] Blender Output: Fra:19 Mem:119.20M (Peak 150.84M) | Time:00:00.19 | Rendering 25 / 64 samples

[2025-07-28T19:43:47.478Z] [DEBUG] [c290ca14-0ea6-4fac-8860-312570b26c76] Blender Output: Fra:19 Mem:119.20M (Peak 150.84M) | Time:00:00.34 | Rendering 50 / 64 samples

[2025-07-28T19:43:47.567Z] [DEBUG] [c290ca14-0ea6-4fac-8860-312570b26c76] Blender Output: Fra:19 Mem:119.20M (Peak 150.84M) | Time:00:00.43 | Rendering 64 / 64 samples

[2025-07-28T19:43:47.642Z] [DEBUG] [c290ca14-0ea6-4fac-8860-312570b26c76] Blender Output: Append frame 19
Time: 00:00.51 (Saving: 00:00.03)


[2025-07-28T19:43:47.679Z] [DEBUG] [c290ca14-0ea6-4fac-8860-312570b26c76] Blender Output: Fra:20 Mem:119.20M (Peak 150.84M) | Time:00:00.03 | Rendering 1 / 64 samples

[2025-07-28T19:43:47.830Z] [DEBUG] [c290ca14-0ea6-4fac-8860-312570b26c76] Blender Output: Fra:20 Mem:119.20M (Peak 150.84M) | Time:00:00.18 | Rendering 25 / 64 samples

[2025-07-28T19:43:47.984Z] [DEBUG] [c290ca14-0ea6-4fac-8860-312570b26c76] Blender Output: Fra:20 Mem:119.20M (Peak 150.84M) | Time:00:00.34 | Rendering 50 / 64 samples

[2025-07-28T19:43:48.071Z] [DEBUG] [c290ca14-0ea6-4fac-8860-312570b26c76] Blender Output: Fra:20 Mem:119.20M (Peak 150.84M) | Time:00:00.42 | Rendering 64 / 64 samples

[2025-07-28T19:43:48.148Z] [DEBUG] [c290ca14-0ea6-4fac-8860-312570b26c76] Blender Output: Append frame 20
Time: 00:00.50 (Saving: 00:00.03)


[2025-07-28T19:43:48.184Z] [DEBUG] [c290ca14-0ea6-4fac-8860-312570b26c76] Blender Output: Fra:21 Mem:119.20M (Peak 150.84M) | Time:00:00.03 | Rendering 1 / 64 samples

[2025-07-28T19:43:48.337Z] [DEBUG] [c290ca14-0ea6-4fac-8860-312570b26c76] Blender Output: Fra:21 Mem:119.20M (Peak 150.84M) | Time:00:00.18 | Rendering 25 / 64 samples

[2025-07-28T19:43:48.491Z] [DEBUG] [c290ca14-0ea6-4fac-8860-312570b26c76] Blender Output: Fra:21 Mem:119.20M (Peak 150.84M) | Time:00:00.34 | Rendering 50 / 64 samples

[2025-07-28T19:43:48.579Z] [DEBUG] [c290ca14-0ea6-4fac-8860-312570b26c76] Blender Output: Fra:21 Mem:119.20M (Peak 150.84M) | Time:00:00.43 | Rendering 64 / 64 samples

[2025-07-28T19:43:48.658Z] [DEBUG] [c290ca14-0ea6-4fac-8860-312570b26c76] Blender Output: Append frame 21
Time: 00:00.50 (Saving: 00:00.03)


[2025-07-28T19:43:48.694Z] [DEBUG] [c290ca14-0ea6-4fac-8860-312570b26c76] Blender Output: Fra:22 Mem:119.20M (Peak 150.84M) | Time:00:00.03 | Rendering 1 / 64 samples

[2025-07-28T19:43:48.847Z] [DEBUG] [c290ca14-0ea6-4fac-8860-312570b26c76] Blender Output: Fra:22 Mem:119.20M (Peak 150.84M) | Time:00:00.18 | Rendering 25 / 64 samples

[2025-07-28T19:43:49.001Z] [DEBUG] [c290ca14-0ea6-4fac-8860-312570b26c76] Blender Output: Fra:22 Mem:119.20M (Peak 150.84M) | Time:00:00.34 | Rendering 50 / 64 samples

[2025-07-28T19:43:49.089Z] [DEBUG] [c290ca14-0ea6-4fac-8860-312570b26c76] Blender Output: Fra:22 Mem:119.20M (Peak 150.84M) | Time:00:00.43 | Rendering 64 / 64 samples

[2025-07-28T19:43:49.168Z] [DEBUG] [c290ca14-0ea6-4fac-8860-312570b26c76] Blender Output: Append frame 22
Time: 00:00.50 (Saving: 00:00.03)


[2025-07-28T19:43:49.204Z] [DEBUG] [c290ca14-0ea6-4fac-8860-312570b26c76] Blender Output: Fra:23 Mem:119.20M (Peak 150.84M) | Time:00:00.03 | Rendering 1 / 64 samples

[2025-07-28T19:43:49.357Z] [DEBUG] [c290ca14-0ea6-4fac-8860-312570b26c76] Blender Output: Fra:23 Mem:119.20M (Peak 150.84M) | Time:00:00.18 | Rendering 25 / 64 samples

[2025-07-28T19:43:49.514Z] [DEBUG] [c290ca14-0ea6-4fac-8860-312570b26c76] Blender Output: Fra:23 Mem:119.20M (Peak 150.84M) | Time:00:00.34 | Rendering 50 / 64 samples

[2025-07-28T19:43:49.602Z] [DEBUG] [c290ca14-0ea6-4fac-8860-312570b26c76] Blender Output: Fra:23 Mem:119.20M (Peak 150.84M) | Time:00:00.43 | Rendering 64 / 64 samples

[2025-07-28T19:43:49.682Z] [DEBUG] [c290ca14-0ea6-4fac-8860-312570b26c76] Blender Output: Append frame 23
Time: 00:00.51 (Saving: 00:00.03)


[2025-07-28T19:43:49.719Z] [DEBUG] [c290ca14-0ea6-4fac-8860-312570b26c76] Blender Output: Fra:24 Mem:119.20M (Peak 150.84M) | Time:00:00.03 | Rendering 1 / 64 samples

[2025-07-28T19:43:49.872Z] [DEBUG] [c290ca14-0ea6-4fac-8860-312570b26c76] Blender Output: Fra:24 Mem:119.20M (Peak 150.84M) | Time:00:00.19 | Rendering 25 / 64 samples

[2025-07-28T19:43:50.028Z] [DEBUG] [c290ca14-0ea6-4fac-8860-312570b26c76] Blender Output: Fra:24 Mem:119.20M (Peak 150.84M) | Time:00:00.34 | Rendering 50 / 64 samples

[2025-07-28T19:43:50.115Z] [DEBUG] [c290ca14-0ea6-4fac-8860-312570b26c76] Blender Output: Fra:24 Mem:119.20M (Peak 150.84M) | Time:00:00.43 | Rendering 64 / 64 samples

[2025-07-28T19:43:50.194Z] [DEBUG] [c290ca14-0ea6-4fac-8860-312570b26c76] Blender Output: Append frame 24
Time: 00:00.51 (Saving: 00:00.03)


[2025-07-28T19:43:50.230Z] [DEBUG] [c290ca14-0ea6-4fac-8860-312570b26c76] Blender Output: Fra:25 Mem:119.20M (Peak 150.84M) | Time:00:00.03 | Rendering 1 / 64 samples

[2025-07-28T19:43:50.384Z] [DEBUG] [c290ca14-0ea6-4fac-8860-312570b26c76] Blender Output: Fra:25 Mem:119.20M (Peak 150.84M) | Time:00:00.19 | Rendering 25 / 64 samples

[2025-07-28T19:43:50.541Z] [DEBUG] [c290ca14-0ea6-4fac-8860-312570b26c76] Blender Output: Fra:25 Mem:119.20M (Peak 150.84M) | Time:00:00.34 | Rendering 50 / 64 samples

[2025-07-28T19:43:50.628Z] [DEBUG] [c290ca14-0ea6-4fac-8860-312570b26c76] Blender Output: Fra:25 Mem:119.20M (Peak 150.84M) | Time:00:00.43 | Rendering 64 / 64 samples

[2025-07-28T19:43:50.705Z] [DEBUG] [c290ca14-0ea6-4fac-8860-312570b26c76] Blender Output: Append frame 25
Time: 00:00.51 (Saving: 00:00.03)


[2025-07-28T19:43:50.742Z] [DEBUG] [c290ca14-0ea6-4fac-8860-312570b26c76] Blender Output: Fra:26 Mem:119.20M (Peak 150.84M) | Time:00:00.03 | Rendering 1 / 64 samples

[2025-07-28T19:43:50.895Z] [DEBUG] [c290ca14-0ea6-4fac-8860-312570b26c76] Blender Output: Fra:26 Mem:119.20M (Peak 150.84M) | Time:00:00.18 | Rendering 25 / 64 samples

[2025-07-28T19:43:51.050Z] [DEBUG] [c290ca14-0ea6-4fac-8860-312570b26c76] Blender Output: Fra:26 Mem:119.20M (Peak 150.84M) | Time:00:00.34 | Rendering 50 / 64 samples

[2025-07-28T19:43:51.138Z] [DEBUG] [c290ca14-0ea6-4fac-8860-312570b26c76] Blender Output: Fra:26 Mem:119.20M (Peak 150.84M) | Time:00:00.43 | Rendering 64 / 64 samples

[2025-07-28T19:43:51.217Z] [DEBUG] [c290ca14-0ea6-4fac-8860-312570b26c76] Blender Output: Append frame 26
Time: 00:00.51 (Saving: 00:00.03)


[2025-07-28T19:43:51.253Z] [DEBUG] [c290ca14-0ea6-4fac-8860-312570b26c76] Blender Output: Fra:27 Mem:119.20M (Peak 150.84M) | Time:00:00.03 | Rendering 1 / 64 samples

[2025-07-28T19:43:51.407Z] [DEBUG] [c290ca14-0ea6-4fac-8860-312570b26c76] Blender Output: Fra:27 Mem:119.20M (Peak 150.84M) | Time:00:00.19 | Rendering 25 / 64 samples

[2025-07-28T19:43:51.564Z] [DEBUG] [c290ca14-0ea6-4fac-8860-312570b26c76] Blender Output: Fra:27 Mem:119.20M (Peak 150.84M) | Time:00:00.34 | Rendering 50 / 64 samples

[2025-07-28T19:43:51.651Z] [DEBUG] [c290ca14-0ea6-4fac-8860-312570b26c76] Blender Output: Fra:27 Mem:119.20M (Peak 150.84M) | Time:00:00.43 | Rendering 64 / 64 samples

[2025-07-28T19:43:51.728Z] [DEBUG] [c290ca14-0ea6-4fac-8860-312570b26c76] Blender Output: Append frame 27
Time: 00:00.51 (Saving: 00:00.03)


[2025-07-28T19:43:51.766Z] [DEBUG] [c290ca14-0ea6-4fac-8860-312570b26c76] Blender Output: Fra:28 Mem:119.20M (Peak 150.84M) | Time:00:00.03 | Rendering 1 / 64 samples

[2025-07-28T19:43:51.918Z] [DEBUG] [c290ca14-0ea6-4fac-8860-312570b26c76] Blender Output: Fra:28 Mem:119.20M (Peak 150.84M) | Time:00:00.18 | Rendering 25 / 64 samples

[2025-07-28T19:43:52.073Z] [DEBUG] [c290ca14-0ea6-4fac-8860-312570b26c76] Blender Output: Fra:28 Mem:119.20M (Peak 150.84M) | Time:00:00.34 | Rendering 50 / 64 samples

[2025-07-28T19:43:52.160Z] [DEBUG] [c290ca14-0ea6-4fac-8860-312570b26c76] Blender Output: Fra:28 Mem:119.20M (Peak 150.84M) | Time:00:00.43 | Rendering 64 / 64 samples

[2025-07-28T19:43:52.235Z] [DEBUG] [c290ca14-0ea6-4fac-8860-312570b26c76] Blender Output: Append frame 28
Time: 00:00.50 (Saving: 00:00.03)


[2025-07-28T19:43:52.272Z] [DEBUG] [c290ca14-0ea6-4fac-8860-312570b26c76] Blender Output: Fra:29 Mem:119.20M (Peak 150.84M) | Time:00:00.03 | Rendering 1 / 64 samples

[2025-07-28T19:43:52.426Z] [DEBUG] [c290ca14-0ea6-4fac-8860-312570b26c76] Blender Output: Fra:29 Mem:119.20M (Peak 150.84M) | Time:00:00.19 | Rendering 25 / 64 samples

[2025-07-28T19:43:52.580Z] [DEBUG] [c290ca14-0ea6-4fac-8860-312570b26c76] Blender Output: Fra:29 Mem:119.20M (Peak 150.84M) | Time:00:00.34 | Rendering 50 / 64 samples

[2025-07-28T19:43:52.666Z] [DEBUG] [c290ca14-0ea6-4fac-8860-312570b26c76] Blender Output: Fra:29 Mem:119.20M (Peak 150.84M) | Time:00:00.43 | Rendering 64 / 64 samples

[2025-07-28T19:43:52.742Z] [DEBUG] [c290ca14-0ea6-4fac-8860-312570b26c76] Blender Output: Append frame 29
Time: 00:00.50 (Saving: 00:00.03)


[2025-07-28T19:43:52.778Z] [DEBUG] [c290ca14-0ea6-4fac-8860-312570b26c76] Blender Output: Fra:30 Mem:119.20M (Peak 150.84M) | Time:00:00.03 | Rendering 1 / 64 samples

[2025-07-28T19:43:52.931Z] [DEBUG] [c290ca14-0ea6-4fac-8860-312570b26c76] Blender Output: Fra:30 Mem:119.20M (Peak 150.84M) | Time:00:00.18 | Rendering 25 / 64 samples

[2025-07-28T19:43:53.090Z] [DEBUG] [c290ca14-0ea6-4fac-8860-312570b26c76] Blender Output: Fra:30 Mem:119.20M (Peak 150.84M) | Time:00:00.34 | Rendering 50 / 64 samples

[2025-07-28T19:43:53.182Z] [DEBUG] [c290ca14-0ea6-4fac-8860-312570b26c76] Blender Output: Fra:30 Mem:119.20M (Peak 150.84M) | Time:00:00.44 | Rendering 64 / 64 samples

[2025-07-28T19:43:53.260Z] [DEBUG] [c290ca14-0ea6-4fac-8860-312570b26c76] Blender Output: Append frame 30
Time: 00:00.51 (Saving: 00:00.03)


[2025-07-28T19:43:53.296Z] [DEBUG] [c290ca14-0ea6-4fac-8860-312570b26c76] Blender Output: Fra:31 Mem:119.20M (Peak 150.84M) | Time:00:00.03 | Rendering 1 / 64 samples

[2025-07-28T19:43:53.449Z] [DEBUG] [c290ca14-0ea6-4fac-8860-312570b26c76] Blender Output: Fra:31 Mem:119.20M (Peak 150.84M) | Time:00:00.18 | Rendering 25 / 64 samples

[2025-07-28T19:43:53.609Z] [DEBUG] [c290ca14-0ea6-4fac-8860-312570b26c76] Blender Output: Fra:31 Mem:119.20M (Peak 150.84M) | Time:00:00.34 | Rendering 50 / 64 samples

[2025-07-28T19:43:53.696Z] [DEBUG] [c290ca14-0ea6-4fac-8860-312570b26c76] Blender Output: Fra:31 Mem:119.20M (Peak 150.84M) | Time:00:00.43 | Rendering 64 / 64 samples

[2025-07-28T19:43:53.776Z] [DEBUG] [c290ca14-0ea6-4fac-8860-312570b26c76] Blender Output: Append frame 31
Time: 00:00.51 (Saving: 00:00.03)


[2025-07-28T19:43:53.813Z] [DEBUG] [c290ca14-0ea6-4fac-8860-312570b26c76] Blender Output: Fra:32 Mem:119.20M (Peak 150.84M) | Time:00:00.03 | Rendering 1 / 64 samples

[2025-07-28T19:43:53.969Z] [DEBUG] [c290ca14-0ea6-4fac-8860-312570b26c76] Blender Output: Fra:32 Mem:119.20M (Peak 150.84M) | Time:00:00.19 | Rendering 25 / 64 samples

[2025-07-28T19:43:54.126Z] [DEBUG] [c290ca14-0ea6-4fac-8860-312570b26c76] Blender Output: Fra:32 Mem:119.20M (Peak 150.84M) | Time:00:00.34 | Rendering 50 / 64 samples

[2025-07-28T19:43:54.214Z] [DEBUG] [c290ca14-0ea6-4fac-8860-312570b26c76] Blender Output: Fra:32 Mem:119.20M (Peak 150.84M) | Time:00:00.43 | Rendering 64 / 64 samples

[2025-07-28T19:43:54.293Z] [DEBUG] [c290ca14-0ea6-4fac-8860-312570b26c76] Blender Output: Append frame 32
Time: 00:00.51 (Saving: 00:00.03)


[2025-07-28T19:43:54.329Z] [DEBUG] [c290ca14-0ea6-4fac-8860-312570b26c76] Blender Output: Fra:33 Mem:119.20M (Peak 150.84M) | Time:00:00.03 | Rendering 1 / 64 samples

[2025-07-28T19:43:54.483Z] [DEBUG] [c290ca14-0ea6-4fac-8860-312570b26c76] Blender Output: Fra:33 Mem:119.20M (Peak 150.84M) | Time:00:00.18 | Rendering 25 / 64 samples

[2025-07-28T19:43:54.638Z] [DEBUG] [c290ca14-0ea6-4fac-8860-312570b26c76] Blender Output: Fra:33 Mem:119.20M (Peak 150.84M) | Time:00:00.34 | Rendering 50 / 64 samples

[2025-07-28T19:43:54.725Z] [DEBUG] [c290ca14-0ea6-4fac-8860-312570b26c76] Blender Output: Fra:33 Mem:119.20M (Peak 150.84M) | Time:00:00.43 | Rendering 64 / 64 samples

[2025-07-28T19:43:54.803Z] [DEBUG] [c290ca14-0ea6-4fac-8860-312570b26c76] Blender Output: Append frame 33
Time: 00:00.50 (Saving: 00:00.03)


[2025-07-28T19:43:54.839Z] [DEBUG] [c290ca14-0ea6-4fac-8860-312570b26c76] Blender Output: Fra:34 Mem:119.20M (Peak 150.84M) | Time:00:00.03 | Rendering 1 / 64 samples

[2025-07-28T19:43:54.990Z] [DEBUG] [c290ca14-0ea6-4fac-8860-312570b26c76] Blender Output: Fra:34 Mem:119.20M (Peak 150.84M) | Time:00:00.18 | Rendering 25 / 64 samples

[2025-07-28T19:43:55.143Z] [DEBUG] [c290ca14-0ea6-4fac-8860-312570b26c76] Blender Output: Fra:34 Mem:119.20M (Peak 150.84M) | Time:00:00.34 | Rendering 50 / 64 samples

[2025-07-28T19:43:55.229Z] [DEBUG] [c290ca14-0ea6-4fac-8860-312570b26c76] Blender Output: Fra:34 Mem:119.20M (Peak 150.84M) | Time:00:00.42 | Rendering 64 / 64 samples

[2025-07-28T19:43:55.308Z] [DEBUG] [c290ca14-0ea6-4fac-8860-312570b26c76] Blender Output: Append frame 34
Time: 00:00.50 (Saving: 00:00.03)


[2025-07-28T19:43:55.344Z] [DEBUG] [c290ca14-0ea6-4fac-8860-312570b26c76] Blender Output: Fra:35 Mem:119.20M (Peak 150.84M) | Time:00:00.03 | Rendering 1 / 64 samples

[2025-07-28T19:43:55.496Z] [DEBUG] [c290ca14-0ea6-4fac-8860-312570b26c76] Blender Output: Fra:35 Mem:119.20M (Peak 150.84M) | Time:00:00.18 | Rendering 25 / 64 samples

[2025-07-28T19:43:55.651Z] [DEBUG] [c290ca14-0ea6-4fac-8860-312570b26c76] Blender Output: Fra:35 Mem:119.20M (Peak 150.84M) | Time:00:00.34 | Rendering 50 / 64 samples

[2025-07-28T19:43:55.738Z] [DEBUG] [c290ca14-0ea6-4fac-8860-312570b26c76] Blender Output: Fra:35 Mem:119.20M (Peak 150.84M) | Time:00:00.43 | Rendering 64 / 64 samples

[2025-07-28T19:43:55.813Z] [DEBUG] [c290ca14-0ea6-4fac-8860-312570b26c76] Blender Output: Append frame 35
Time: 00:00.50 (Saving: 00:00.03)


[2025-07-28T19:43:55.849Z] [DEBUG] [c290ca14-0ea6-4fac-8860-312570b26c76] Blender Output: Fra:36 Mem:119.20M (Peak 150.84M) | Time:00:00.03 | Rendering 1 / 64 samples

[2025-07-28T19:43:55.999Z] [DEBUG] [c290ca14-0ea6-4fac-8860-312570b26c76] Blender Output: Fra:36 Mem:119.20M (Peak 150.84M) | Time:00:00.18 | Rendering 25 / 64 samples

[2025-07-28T19:43:56.153Z] [DEBUG] [c290ca14-0ea6-4fac-8860-312570b26c76] Blender Output: Fra:36 Mem:119.20M (Peak 150.84M) | Time:00:00.34 | Rendering 50 / 64 samples

[2025-07-28T19:43:56.240Z] [DEBUG] [c290ca14-0ea6-4fac-8860-312570b26c76] Blender Output: Fra:36 Mem:119.20M (Peak 150.84M) | Time:00:00.42 | Rendering 64 / 64 samples

[2025-07-28T19:43:56.318Z] [DEBUG] [c290ca14-0ea6-4fac-8860-312570b26c76] Blender Output: Append frame 36
Time: 00:00.50 (Saving: 00:00.03)


[2025-07-28T19:43:56.354Z] [DEBUG] [c290ca14-0ea6-4fac-8860-312570b26c76] Blender Output: Fra:37 Mem:119.20M (Peak 150.84M) | Time:00:00.03 | Rendering 1 / 64 samples

[2025-07-28T19:43:56.509Z] [DEBUG] [c290ca14-0ea6-4fac-8860-312570b26c76] Blender Output: Fra:37 Mem:119.20M (Peak 150.84M) | Time:00:00.19 | Rendering 25 / 64 samples

[2025-07-28T19:43:56.667Z] [DEBUG] [c290ca14-0ea6-4fac-8860-312570b26c76] Blender Output: Fra:37 Mem:119.20M (Peak 150.84M) | Time:00:00.34 | Rendering 50 / 64 samples

[2025-07-28T19:43:56.755Z] [DEBUG] [c290ca14-0ea6-4fac-8860-312570b26c76] Blender Output: Fra:37 Mem:119.20M (Peak 150.84M) | Time:00:00.43 | Rendering 64 / 64 samples

[2025-07-28T19:43:56.835Z] [DEBUG] [c290ca14-0ea6-4fac-8860-312570b26c76] Blender Output: Append frame 37
Time: 00:00.51 (Saving: 00:00.03)


[2025-07-28T19:43:56.871Z] [DEBUG] [c290ca14-0ea6-4fac-8860-312570b26c76] Blender Output: Fra:38 Mem:119.20M (Peak 150.84M) | Time:00:00.03 | Rendering 1 / 64 samples

[2025-07-28T19:43:57.021Z] [DEBUG] [c290ca14-0ea6-4fac-8860-312570b26c76] Blender Output: Fra:38 Mem:119.20M (Peak 150.84M) | Time:00:00.18 | Rendering 25 / 64 samples

[2025-07-28T19:43:57.175Z] [DEBUG] [c290ca14-0ea6-4fac-8860-312570b26c76] Blender Output: Fra:38 Mem:119.20M (Peak 150.84M) | Time:00:00.34 | Rendering 50 / 64 samples

[2025-07-28T19:43:57.261Z] [DEBUG] [c290ca14-0ea6-4fac-8860-312570b26c76] Blender Output: Fra:38 Mem:119.20M (Peak 150.84M) | Time:00:00.42 | Rendering 64 / 64 samples

[2025-07-28T19:43:57.339Z] [DEBUG] [c290ca14-0ea6-4fac-8860-312570b26c76] Blender Output: Append frame 38
Time: 00:00.50 (Saving: 00:00.03)


[2025-07-28T19:43:57.376Z] [DEBUG] [c290ca14-0ea6-4fac-8860-312570b26c76] Blender Output: Fra:39 Mem:119.20M (Peak 150.84M) | Time:00:00.03 | Rendering 1 / 64 samples

[2025-07-28T19:43:57.527Z] [DEBUG] [c290ca14-0ea6-4fac-8860-312570b26c76] Blender Output: Fra:39 Mem:119.20M (Peak 150.84M) | Time:00:00.18 | Rendering 25 / 64 samples

[2025-07-28T19:43:57.682Z] [DEBUG] [c290ca14-0ea6-4fac-8860-312570b26c76] Blender Output: Fra:39 Mem:119.20M (Peak 150.84M) | Time:00:00.34 | Rendering 50 / 64 samples

[2025-07-28T19:43:57.768Z] [DEBUG] [c290ca14-0ea6-4fac-8860-312570b26c76] Blender Output: Fra:39 Mem:119.20M (Peak 150.84M) | Time:00:00.42 | Rendering 64 / 64 samples

[2025-07-28T19:43:57.846Z] [DEBUG] [c290ca14-0ea6-4fac-8860-312570b26c76] Blender Output: Append frame 39
Time: 00:00.50 (Saving: 00:00.03)


[2025-07-28T19:43:57.882Z] [DEBUG] [c290ca14-0ea6-4fac-8860-312570b26c76] Blender Output: Fra:40 Mem:119.20M (Peak 150.84M) | Time:00:00.03 | Rendering 1 / 64 samples

[2025-07-28T19:43:58.032Z] [DEBUG] [c290ca14-0ea6-4fac-8860-312570b26c76] Blender Output: Fra:40 Mem:119.20M (Peak 150.84M) | Time:00:00.18 | Rendering 25 / 64 samples

[2025-07-28T19:43:58.185Z] [DEBUG] [c290ca14-0ea6-4fac-8860-312570b26c76] Blender Output: Fra:40 Mem:119.20M (Peak 150.84M) | Time:00:00.33 | Rendering 50 / 64 samples

[2025-07-28T19:43:58.271Z] [DEBUG] [c290ca14-0ea6-4fac-8860-312570b26c76] Blender Output: Fra:40 Mem:119.20M (Peak 150.84M) | Time:00:00.42 | Rendering 64 / 64 samples

[2025-07-28T19:43:58.349Z] [DEBUG] [c290ca14-0ea6-4fac-8860-312570b26c76] Blender Output: Append frame 40
Time: 00:00.50 (Saving: 00:00.03)


[2025-07-28T19:43:58.386Z] [DEBUG] [c290ca14-0ea6-4fac-8860-312570b26c76] Blender Output: Fra:41 Mem:119.20M (Peak 150.84M) | Time:00:00.03 | Rendering 1 / 64 samples

[2025-07-28T19:43:58.536Z] [DEBUG] [c290ca14-0ea6-4fac-8860-312570b26c76] Blender Output: Fra:41 Mem:119.20M (Peak 150.84M) | Time:00:00.18 | Rendering 25 / 64 samples

[2025-07-28T19:43:58.689Z] [DEBUG] [c290ca14-0ea6-4fac-8860-312570b26c76] Blender Output: Fra:41 Mem:119.20M (Peak 150.84M) | Time:00:00.33 | Rendering 50 / 64 samples

[2025-07-28T19:43:58.775Z] [DEBUG] [c290ca14-0ea6-4fac-8860-312570b26c76] Blender Output: Fra:41 Mem:119.20M (Peak 150.84M) | Time:00:00.42 | Rendering 64 / 64 samples

[2025-07-28T19:43:58.853Z] [DEBUG] [c290ca14-0ea6-4fac-8860-312570b26c76] Blender Output: Append frame 41
Time: 00:00.50 (Saving: 00:00.03)


[2025-07-28T19:43:58.889Z] [DEBUG] [c290ca14-0ea6-4fac-8860-312570b26c76] Blender Output: Fra:42 Mem:119.20M (Peak 150.84M) | Time:00:00.03 | Rendering 1 / 64 samples

[2025-07-28T19:43:59.038Z] [DEBUG] [c290ca14-0ea6-4fac-8860-312570b26c76] Blender Output: Fra:42 Mem:119.20M (Peak 150.84M) | Time:00:00.18 | Rendering 25 / 64 samples

[2025-07-28T19:43:59.190Z] [DEBUG] [c290ca14-0ea6-4fac-8860-312570b26c76] Blender Output: Fra:42 Mem:119.20M (Peak 150.84M) | Time:00:00.33 | Rendering 50 / 64 samples

[2025-07-28T19:43:59.276Z] [DEBUG] [c290ca14-0ea6-4fac-8860-312570b26c76] Blender Output: Fra:42 Mem:119.20M (Peak 150.84M) | Time:00:00.42 | Rendering 64 / 64 samples

[2025-07-28T19:43:59.355Z] [DEBUG] [c290ca14-0ea6-4fac-8860-312570b26c76] Blender Output: Append frame 42
Time: 00:00.50 (Saving: 00:00.03)


[2025-07-28T19:43:59.391Z] [DEBUG] [c290ca14-0ea6-4fac-8860-312570b26c76] Blender Output: Fra:43 Mem:119.20M (Peak 150.84M) | Time:00:00.03 | Rendering 1 / 64 samples

[2025-07-28T19:43:59.541Z] [DEBUG] [c290ca14-0ea6-4fac-8860-312570b26c76] Blender Output: Fra:43 Mem:119.20M (Peak 150.84M) | Time:00:00.18 | Rendering 25 / 64 samples

[2025-07-28T19:43:59.693Z] [DEBUG] [c290ca14-0ea6-4fac-8860-312570b26c76] Blender Output: Fra:43 Mem:119.20M (Peak 150.84M) | Time:00:00.33 | Rendering 50 / 64 samples

[2025-07-28T19:43:59.778Z] [DEBUG] [c290ca14-0ea6-4fac-8860-312570b26c76] Blender Output: Fra:43 Mem:119.20M (Peak 150.84M) | Time:00:00.42 | Rendering 64 / 64 samples

[2025-07-28T19:43:59.854Z] [DEBUG] [c290ca14-0ea6-4fac-8860-312570b26c76] Blender Output: Append frame 43
Time: 00:00.49 (Saving: 00:00.03)


[2025-07-28T19:43:59.891Z] [DEBUG] [c290ca14-0ea6-4fac-8860-312570b26c76] Blender Output: Fra:44 Mem:119.20M (Peak 150.84M) | Time:00:00.03 | Rendering 1 / 64 samples

[2025-07-28T19:44:00.042Z] [DEBUG] [c290ca14-0ea6-4fac-8860-312570b26c76] Blender Output: Fra:44 Mem:119.20M (Peak 150.84M) | Time:00:00.18 | Rendering 25 / 64 samples

[2025-07-28T19:44:00.196Z] [DEBUG] [c290ca14-0ea6-4fac-8860-312570b26c76] Blender Output: Fra:44 Mem:119.20M (Peak 150.84M) | Time:00:00.34 | Rendering 50 / 64 samples

[2025-07-28T19:44:00.283Z] [DEBUG] [c290ca14-0ea6-4fac-8860-312570b26c76] Blender Output: Fra:44 Mem:119.20M (Peak 150.84M) | Time:00:00.42 | Rendering 64 / 64 samples

[2025-07-28T19:44:00.363Z] [DEBUG] [c290ca14-0ea6-4fac-8860-312570b26c76] Blender Output: Append frame 44
Time: 00:00.50 (Saving: 00:00.03)


[2025-07-28T19:44:00.399Z] [DEBUG] [c290ca14-0ea6-4fac-8860-312570b26c76] Blender Output: Fra:45 Mem:119.20M (Peak 150.84M) | Time:00:00.03 | Rendering 1 / 64 samples

[2025-07-28T19:44:00.558Z] [DEBUG] [c290ca14-0ea6-4fac-8860-312570b26c76] Blender Output: Fra:45 Mem:119.20M (Peak 150.84M) | Time:00:00.19 | Rendering 25 / 64 samples

[2025-07-28T19:44:00.721Z] [DEBUG] [c290ca14-0ea6-4fac-8860-312570b26c76] Blender Output: Fra:45 Mem:119.20M (Peak 150.84M) | Time:00:00.35 | Rendering 50 / 64 samples

[2025-07-28T19:44:00.811Z] [DEBUG] [c290ca14-0ea6-4fac-8860-312570b26c76] Blender Output: Fra:45 Mem:119.20M (Peak 150.84M) | Time:00:00.44 | Rendering 64 / 64 samples

[2025-07-28T19:44:00.892Z] [DEBUG] [c290ca14-0ea6-4fac-8860-312570b26c76] Blender Output: Append frame 45
Time: 00:00.52 (Saving: 00:00.03)


[2025-07-28T19:44:00.930Z] [DEBUG] [c290ca14-0ea6-4fac-8860-312570b26c76] Blender Output: Fra:46 Mem:119.20M (Peak 150.84M) | Time:00:00.03 | Rendering 1 / 64 samples

[2025-07-28T19:44:01.084Z] [DEBUG] [c290ca14-0ea6-4fac-8860-312570b26c76] Blender Output: Fra:46 Mem:119.20M (Peak 150.84M) | Time:00:00.19 | Rendering 25 / 64 samples

[2025-07-28T19:44:01.241Z] [DEBUG] [c290ca14-0ea6-4fac-8860-312570b26c76] Blender Output: Fra:46 Mem:119.20M (Peak 150.84M) | Time:00:00.34 | Rendering 50 / 64 samples

[2025-07-28T19:44:01.330Z] [DEBUG] [c290ca14-0ea6-4fac-8860-312570b26c76] Blender Output: Fra:46 Mem:119.20M (Peak 150.84M) | Time:00:00.43 | Rendering 64 / 64 samples

[2025-07-28T19:44:01.411Z] [DEBUG] [c290ca14-0ea6-4fac-8860-312570b26c76] Blender Output: Append frame 46
Time: 00:00.51 (Saving: 00:00.03)


[2025-07-28T19:44:01.448Z] [DEBUG] [c290ca14-0ea6-4fac-8860-312570b26c76] Blender Output: Fra:47 Mem:119.20M (Peak 150.84M) | Time:00:00.03 | Rendering 1 / 64 samples

[2025-07-28T19:44:01.604Z] [DEBUG] [c290ca14-0ea6-4fac-8860-312570b26c76] Blender Output: Fra:47 Mem:119.20M (Peak 150.84M) | Time:00:00.19 | Rendering 25 / 64 samples

[2025-07-28T19:44:01.765Z] [DEBUG] [c290ca14-0ea6-4fac-8860-312570b26c76] Blender Output: Fra:47 Mem:119.20M (Peak 150.84M) | Time:00:00.35 | Rendering 50 / 64 samples

[2025-07-28T19:44:01.855Z] [DEBUG] [c290ca14-0ea6-4fac-8860-312570b26c76] Blender Output: Fra:47 Mem:119.20M (Peak 150.84M) | Time:00:00.44 | Rendering 64 / 64 samples

[2025-07-28T19:44:01.931Z] [DEBUG] [c290ca14-0ea6-4fac-8860-312570b26c76] Blender Output: Append frame 47
Time: 00:00.52 (Saving: 00:00.03)


[2025-07-28T19:44:01.978Z] [DEBUG] [c290ca14-0ea6-4fac-8860-312570b26c76] Blender Output: Fra:48 Mem:119.20M (Peak 150.84M) | Time:00:00.04 | Rendering 1 / 64 samples

[2025-07-28T19:44:02.133Z] [DEBUG] [c290ca14-0ea6-4fac-8860-312570b26c76] Blender Output: Fra:48 Mem:119.20M (Peak 150.84M) | Time:00:00.20 | Rendering 25 / 64 samples

[2025-07-28T19:44:02.291Z] [DEBUG] [c290ca14-0ea6-4fac-8860-312570b26c76] Blender Output: Fra:48 Mem:119.20M (Peak 150.84M) | Time:00:00.35 | Rendering 50 / 64 samples

[2025-07-28T19:44:02.380Z] [DEBUG] [c290ca14-0ea6-4fac-8860-312570b26c76] Blender Output: Fra:48 Mem:119.20M (Peak 150.84M) | Time:00:00.44 | Rendering 64 / 64 samples

[2025-07-28T19:44:02.456Z] [DEBUG] [c290ca14-0ea6-4fac-8860-312570b26c76] Blender Output: Append frame 48
Time: 00:00.52 (Saving: 00:00.03)


[2025-07-28T19:44:02.492Z] [DEBUG] [c290ca14-0ea6-4fac-8860-312570b26c76] Blender Output: Fra:49 Mem:119.20M (Peak 150.84M) | Time:00:00.03 | Rendering 1 / 64 samples

[2025-07-28T19:44:02.647Z] [DEBUG] [c290ca14-0ea6-4fac-8860-312570b26c76] Blender Output: Fra:49 Mem:119.20M (Peak 150.84M) | Time:00:00.19 | Rendering 25 / 64 samples

[2025-07-28T19:44:02.805Z] [DEBUG] [c290ca14-0ea6-4fac-8860-312570b26c76] Blender Output: Fra:49 Mem:119.20M (Peak 150.84M) | Time:00:00.34 | Rendering 50 / 64 samples

[2025-07-28T19:44:02.894Z] [DEBUG] [c290ca14-0ea6-4fac-8860-312570b26c76] Blender Output: Fra:49 Mem:119.20M (Peak 150.84M) | Time:00:00.43 | Rendering 64 / 64 samples

[2025-07-28T19:44:02.971Z] [DEBUG] [c290ca14-0ea6-4fac-8860-312570b26c76] Blender Output: Append frame 49
Time: 00:00.51 (Saving: 00:00.03)


[2025-07-28T19:44:03.008Z] [DEBUG] [c290ca14-0ea6-4fac-8860-312570b26c76] Blender Output: Fra:50 Mem:119.20M (Peak 150.84M) | Time:00:00.03 | Rendering 1 / 64 samples

[2025-07-28T19:44:03.160Z] [DEBUG] [c290ca14-0ea6-4fac-8860-312570b26c76] Blender Output: Fra:50 Mem:119.20M (Peak 150.84M) | Time:00:00.18 | Rendering 25 / 64 samples

[2025-07-28T19:44:03.316Z] [DEBUG] [c290ca14-0ea6-4fac-8860-312570b26c76] Blender Output: Fra:50 Mem:119.20M (Peak 150.84M) | Time:00:00.34 | Rendering 50 / 64 samples

[2025-07-28T19:44:03.404Z] [DEBUG] [c290ca14-0ea6-4fac-8860-312570b26c76] Blender Output: Fra:50 Mem:119.20M (Peak 150.84M) | Time:00:00.43 | Rendering 64 / 64 samples

[2025-07-28T19:44:03.483Z] [DEBUG] [c290ca14-0ea6-4fac-8860-312570b26c76] Blender Output: Append frame 50
Time: 00:00.51 (Saving: 00:00.03)


[2025-07-28T19:44:03.519Z] [DEBUG] [c290ca14-0ea6-4fac-8860-312570b26c76] Blender Output: Fra:51 Mem:119.20M (Peak 150.84M) | Time:00:00.03 | Rendering 1 / 64 samples

[2025-07-28T19:44:03.673Z] [DEBUG] [c290ca14-0ea6-4fac-8860-312570b26c76] Blender Output: Fra:51 Mem:119.20M (Peak 150.84M) | Time:00:00.19 | Rendering 25 / 64 samples

[2025-07-28T19:44:03.830Z] [DEBUG] [c290ca14-0ea6-4fac-8860-312570b26c76] Blender Output: Fra:51 Mem:119.20M (Peak 150.84M) | Time:00:00.34 | Rendering 50 / 64 samples

[2025-07-28T19:44:03.920Z] [DEBUG] [c290ca14-0ea6-4fac-8860-312570b26c76] Blender Output: Fra:51 Mem:119.20M (Peak 150.84M) | Time:00:00.43 | Rendering 64 / 64 samples

[2025-07-28T19:44:04.000Z] [DEBUG] [c290ca14-0ea6-4fac-8860-312570b26c76] Blender Output: Append frame 51
Time: 00:00.51 (Saving: 00:00.03)


[2025-07-28T19:44:04.037Z] [DEBUG] [c290ca14-0ea6-4fac-8860-312570b26c76] Blender Output: Fra:52 Mem:119.20M (Peak 150.84M) | Time:00:00.03 | Rendering 1 / 64 samples

[2025-07-28T19:44:04.190Z] [DEBUG] [c290ca14-0ea6-4fac-8860-312570b26c76] Blender Output: Fra:52 Mem:119.20M (Peak 150.84M) | Time:00:00.18 | Rendering 25 / 64 samples

[2025-07-28T19:44:04.346Z] [DEBUG] [c290ca14-0ea6-4fac-8860-312570b26c76] Blender Output: Fra:52 Mem:119.20M (Peak 150.84M) | Time:00:00.34 | Rendering 50 / 64 samples

[2025-07-28T19:44:04.433Z] [DEBUG] [c290ca14-0ea6-4fac-8860-312570b26c76] Blender Output: Fra:52 Mem:119.20M (Peak 150.84M) | Time:00:00.43 | Rendering 64 / 64 samples

[2025-07-28T19:44:04.511Z] [DEBUG] [c290ca14-0ea6-4fac-8860-312570b26c76] Blender Output: Append frame 52
Time: 00:00.51 (Saving: 00:00.03)


[2025-07-28T19:44:04.547Z] [DEBUG] [c290ca14-0ea6-4fac-8860-312570b26c76] Blender Output: Fra:53 Mem:119.20M (Peak 150.84M) | Time:00:00.03 | Rendering 1 / 64 samples

[2025-07-28T19:44:04.700Z] [DEBUG] [c290ca14-0ea6-4fac-8860-312570b26c76] Blender Output: Fra:53 Mem:119.20M (Peak 150.84M) | Time:00:00.18 | Rendering 25 / 64 samples

[2025-07-28T19:44:04.855Z] [DEBUG] [c290ca14-0ea6-4fac-8860-312570b26c76] Blender Output: Fra:53 Mem:119.20M (Peak 150.84M) | Time:00:00.34 | Rendering 50 / 64 samples

[2025-07-28T19:44:04.942Z] [DEBUG] [c290ca14-0ea6-4fac-8860-312570b26c76] Blender Output: Fra:53 Mem:119.20M (Peak 150.84M) | Time:00:00.43 | Rendering 64 / 64 samples

[2025-07-28T19:44:05.018Z] [DEBUG] [c290ca14-0ea6-4fac-8860-312570b26c76] Blender Output: Append frame 53
Time: 00:00.50 (Saving: 00:00.03)


[2025-07-28T19:44:05.055Z] [DEBUG] [c290ca14-0ea6-4fac-8860-312570b26c76] Blender Output: Fra:54 Mem:119.20M (Peak 150.84M) | Time:00:00.03 | Rendering 1 / 64 samples

[2025-07-28T19:44:05.212Z] [DEBUG] [c290ca14-0ea6-4fac-8860-312570b26c76] Blender Output: Fra:54 Mem:119.20M (Peak 150.84M) | Time:00:00.19 | Rendering 25 / 64 samples

[2025-07-28T19:44:05.370Z] [DEBUG] [c290ca14-0ea6-4fac-8860-312570b26c76] Blender Output: Fra:54 Mem:119.20M (Peak 150.84M) | Time:00:00.35 | Rendering 50 / 64 samples

[2025-07-28T19:44:05.460Z] [DEBUG] [c290ca14-0ea6-4fac-8860-312570b26c76] Blender Output: Fra:54 Mem:119.20M (Peak 150.84M) | Time:00:00.44 | Rendering 64 / 64 samples

[2025-07-28T19:44:05.539Z] [DEBUG] [c290ca14-0ea6-4fac-8860-312570b26c76] Blender Output: Append frame 54
Time: 00:00.52 (Saving: 00:00.03)


[2025-07-28T19:44:05.574Z] [DEBUG] [c290ca14-0ea6-4fac-8860-312570b26c76] Blender Output: Fra:55 Mem:119.20M (Peak 150.84M) | Time:00:00.03 | Rendering 1 / 64 samples

[2025-07-28T19:44:05.727Z] [DEBUG] [c290ca14-0ea6-4fac-8860-312570b26c76] Blender Output: Fra:55 Mem:119.20M (Peak 150.84M) | Time:00:00.18 | Rendering 25 / 64 samples

[2025-07-28T19:44:05.883Z] [DEBUG] [c290ca14-0ea6-4fac-8860-312570b26c76] Blender Output: Fra:55 Mem:119.20M (Peak 150.84M) | Time:00:00.34 | Rendering 50 / 64 samples

[2025-07-28T19:44:05.972Z] [DEBUG] [c290ca14-0ea6-4fac-8860-312570b26c76] Blender Output: Fra:55 Mem:119.20M (Peak 150.84M) | Time:00:00.43 | Rendering 64 / 64 samples

[2025-07-28T19:44:06.049Z] [DEBUG] [c290ca14-0ea6-4fac-8860-312570b26c76] Blender Output: Append frame 55
Time: 00:00.51 (Saving: 00:00.03)


[2025-07-28T19:44:06.086Z] [DEBUG] [c290ca14-0ea6-4fac-8860-312570b26c76] Blender Output: Fra:56 Mem:119.20M (Peak 150.84M) | Time:00:00.03 | Rendering 1 / 64 samples

[2025-07-28T19:44:06.242Z] [DEBUG] [c290ca14-0ea6-4fac-8860-312570b26c76] Blender Output: Fra:56 Mem:119.20M (Peak 150.84M) | Time:00:00.19 | Rendering 25 / 64 samples

[2025-07-28T19:44:06.401Z] [DEBUG] [c290ca14-0ea6-4fac-8860-312570b26c76] Blender Output: Fra:56 Mem:119.20M (Peak 150.84M) | Time:00:00.35 | Rendering 50 / 64 samples

[2025-07-28T19:44:06.491Z] [DEBUG] [c290ca14-0ea6-4fac-8860-312570b26c76] Blender Output: Fra:56 Mem:119.20M (Peak 150.84M) | Time:00:00.44 | Rendering 64 / 64 samples

[2025-07-28T19:44:06.570Z] [DEBUG] [c290ca14-0ea6-4fac-8860-312570b26c76] Blender Output: Append frame 56
Time: 00:00.52 (Saving: 00:00.03)


[2025-07-28T19:44:06.607Z] [DEBUG] [c290ca14-0ea6-4fac-8860-312570b26c76] Blender Output: Fra:57 Mem:119.20M (Peak 150.84M) | Time:00:00.03 | Rendering 1 / 64 samples

[2025-07-28T19:44:06.759Z] [DEBUG] [c290ca14-0ea6-4fac-8860-312570b26c76] Blender Output: Fra:57 Mem:119.20M (Peak 150.84M) | Time:00:00.18 | Rendering 25 / 64 samples

[2025-07-28T19:44:06.914Z] [DEBUG] [c290ca14-0ea6-4fac-8860-312570b26c76] Blender Output: Fra:57 Mem:119.20M (Peak 150.84M) | Time:00:00.34 | Rendering 50 / 64 samples

[2025-07-28T19:44:07.002Z] [DEBUG] [c290ca14-0ea6-4fac-8860-312570b26c76] Blender Output: Fra:57 Mem:119.20M (Peak 150.84M) | Time:00:00.43 | Rendering 64 / 64 samples

[2025-07-28T19:44:07.078Z] [DEBUG] [c290ca14-0ea6-4fac-8860-312570b26c76] Blender Output: Append frame 57
Time: 00:00.50 (Saving: 00:00.03)


[2025-07-28T19:44:07.116Z] [DEBUG] [c290ca14-0ea6-4fac-8860-312570b26c76] Blender Output: Fra:58 Mem:119.20M (Peak 150.84M) | Time:00:00.03 | Rendering 1 / 64 samples

[2025-07-28T19:44:07.270Z] [DEBUG] [c290ca14-0ea6-4fac-8860-312570b26c76] Blender Output: Fra:58 Mem:119.20M (Peak 150.84M) | Time:00:00.19 | Rendering 25 / 64 samples

[2025-07-28T19:44:07.427Z] [DEBUG] [c290ca14-0ea6-4fac-8860-312570b26c76] Blender Output: Fra:58 Mem:119.20M (Peak 150.84M) | Time:00:00.34 | Rendering 50 / 64 samples

[2025-07-28T19:44:07.515Z] [DEBUG] [c290ca14-0ea6-4fac-8860-312570b26c76] Blender Output: Fra:58 Mem:119.20M (Peak 150.84M) | Time:00:00.43 | Rendering 64 / 64 samples

[2025-07-28T19:44:07.591Z] [DEBUG] [c290ca14-0ea6-4fac-8860-312570b26c76] Blender Output: Append frame 58
Time: 00:00.51 (Saving: 00:00.03)


[2025-07-28T19:44:07.627Z] [DEBUG] [c290ca14-0ea6-4fac-8860-312570b26c76] Blender Output: Fra:59 Mem:119.20M (Peak 150.84M) | Time:00:00.03 | Rendering 1 / 64 samples

[2025-07-28T19:44:07.784Z] [DEBUG] [c290ca14-0ea6-4fac-8860-312570b26c76] Blender Output: Fra:59 Mem:119.20M (Peak 150.84M) | Time:00:00.19 | Rendering 25 / 64 samples

[2025-07-28T19:44:07.942Z] [DEBUG] [c290ca14-0ea6-4fac-8860-312570b26c76] Blender Output: Fra:59 Mem:119.20M (Peak 150.84M) | Time:00:00.35 | Rendering 50 / 64 samples

[2025-07-28T19:44:08.032Z] [DEBUG] [c290ca14-0ea6-4fac-8860-312570b26c76] Blender Output: Fra:59 Mem:119.20M (Peak 150.84M) | Time:00:00.44 | Rendering 64 / 64 samples

[2025-07-28T19:44:08.106Z] [DEBUG] [c290ca14-0ea6-4fac-8860-312570b26c76] Blender Output: Append frame 59
Time: 00:00.51 (Saving: 00:00.03)


[2025-07-28T19:44:08.144Z] [DEBUG] [c290ca14-0ea6-4fac-8860-312570b26c76] Blender Output: Fra:60 Mem:119.20M (Peak 150.84M) | Time:00:00.03 | Rendering 1 / 64 samples

[2025-07-28T19:44:08.302Z] [DEBUG] [c290ca14-0ea6-4fac-8860-312570b26c76] Blender Output: Fra:60 Mem:119.20M (Peak 150.84M) | Time:00:00.19 | Rendering 25 / 64 samples

[2025-07-28T19:44:08.463Z] [DEBUG] [c290ca14-0ea6-4fac-8860-312570b26c76] Blender Output: Fra:60 Mem:119.20M (Peak 150.84M) | Time:00:00.35 | Rendering 50 / 64 samples

[2025-07-28T19:44:08.553Z] [DEBUG] [c290ca14-0ea6-4fac-8860-312570b26c76] Blender Output: Fra:60 Mem:119.20M (Peak 150.84M) | Time:00:00.44 | Rendering 64 / 64 samples

[2025-07-28T19:44:08.630Z] [DEBUG] [c290ca14-0ea6-4fac-8860-312570b26c76] Blender Output: Append frame 60
Time: 00:00.52 (Saving: 00:00.03)


[2025-07-28T19:44:08.666Z] [DEBUG] [c290ca14-0ea6-4fac-8860-312570b26c76] Blender Output: Fra:61 Mem:119.20M (Peak 150.84M) | Time:00:00.03 | Rendering 1 / 64 samples

[2025-07-28T19:44:08.828Z] [DEBUG] [c290ca14-0ea6-4fac-8860-312570b26c76] Blender Output: Fra:61 Mem:119.20M (Peak 150.84M) | Time:00:00.19 | Rendering 25 / 64 samples

[2025-07-28T19:44:08.994Z] [DEBUG] [c290ca14-0ea6-4fac-8860-312570b26c76] Blender Output: Fra:61 Mem:119.20M (Peak 150.84M) | Time:00:00.36 | Rendering 50 / 64 samples

[2025-07-28T19:44:09.085Z] [DEBUG] [c290ca14-0ea6-4fac-8860-312570b26c76] Blender Output: Fra:61 Mem:119.20M (Peak 150.84M) | Time:00:00.45 | Rendering 64 / 64 samples

[2025-07-28T19:44:09.164Z] [DEBUG] [c290ca14-0ea6-4fac-8860-312570b26c76] Blender Output: Append frame 61
Time: 00:00.53 (Saving: 00:00.03)


[2025-07-28T19:44:09.202Z] [DEBUG] [c290ca14-0ea6-4fac-8860-312570b26c76] Blender Output: Fra:62 Mem:119.20M (Peak 150.84M) | Time:00:00.03 | Rendering 1 / 64 samples

[2025-07-28T19:44:09.362Z] [DEBUG] [c290ca14-0ea6-4fac-8860-312570b26c76] Blender Output: Fra:62 Mem:119.20M (Peak 150.84M) | Time:00:00.19 | Rendering 25 / 64 samples

[2025-07-28T19:44:09.526Z] [DEBUG] [c290ca14-0ea6-4fac-8860-312570b26c76] Blender Output: Fra:62 Mem:119.20M (Peak 150.84M) | Time:00:00.36 | Rendering 50 / 64 samples

[2025-07-28T19:44:09.619Z] [DEBUG] [c290ca14-0ea6-4fac-8860-312570b26c76] Blender Output: Fra:62 Mem:119.20M (Peak 150.84M) | Time:00:00.45 | Rendering 64 / 64 samples

[2025-07-28T19:44:09.695Z] [DEBUG] [c290ca14-0ea6-4fac-8860-312570b26c76] Blender Output: Append frame 62
Time: 00:00.53 (Saving: 00:00.03)


[2025-07-28T19:44:09.732Z] [DEBUG] [c290ca14-0ea6-4fac-8860-312570b26c76] Blender Output: Fra:63 Mem:119.20M (Peak 150.84M) | Time:00:00.03 | Rendering 1 / 64 samples

[2025-07-28T19:44:09.885Z] [DEBUG] [c290ca14-0ea6-4fac-8860-312570b26c76] Blender Output: Fra:63 Mem:119.20M (Peak 150.84M) | Time:00:00.18 | Rendering 25 / 64 samples

[2025-07-28T19:44:10.042Z] [DEBUG] [c290ca14-0ea6-4fac-8860-312570b26c76] Blender Output: Fra:63 Mem:119.20M (Peak 150.84M) | Time:00:00.34 | Rendering 50 / 64 samples

[2025-07-28T19:44:10.130Z] [DEBUG] [c290ca14-0ea6-4fac-8860-312570b26c76] Blender Output: Fra:63 Mem:119.20M (Peak 150.84M) | Time:00:00.43 | Rendering 64 / 64 samples

[2025-07-28T19:44:10.204Z] [DEBUG] [c290ca14-0ea6-4fac-8860-312570b26c76] Blender Output: Append frame 63
Time: 00:00.50 (Saving: 00:00.03)


[2025-07-28T19:44:10.242Z] [DEBUG] [c290ca14-0ea6-4fac-8860-312570b26c76] Blender Output: Fra:64 Mem:119.20M (Peak 150.84M) | Time:00:00.03 | Rendering 1 / 64 samples

[2025-07-28T19:44:10.398Z] [DEBUG] [c290ca14-0ea6-4fac-8860-312570b26c76] Blender Output: Fra:64 Mem:119.20M (Peak 150.84M) | Time:00:00.19 | Rendering 25 / 64 samples

[2025-07-28T19:44:10.556Z] [DEBUG] [c290ca14-0ea6-4fac-8860-312570b26c76] Blender Output: Fra:64 Mem:119.20M (Peak 150.84M) | Time:00:00.35 | Rendering 50 / 64 samples

[2025-07-28T19:44:10.645Z] [DEBUG] [c290ca14-0ea6-4fac-8860-312570b26c76] Blender Output: Fra:64 Mem:119.20M (Peak 150.84M) | Time:00:00.44 | Rendering 64 / 64 samples

[2025-07-28T19:44:10.724Z] [DEBUG] [c290ca14-0ea6-4fac-8860-312570b26c76] Blender Output: Append frame 64
Time: 00:00.51 (Saving: 00:00.03)


[2025-07-28T19:44:10.760Z] [DEBUG] [c290ca14-0ea6-4fac-8860-312570b26c76] Blender Output: Fra:65 Mem:119.20M (Peak 150.84M) | Time:00:00.03 | Rendering 1 / 64 samples

[2025-07-28T19:44:10.912Z] [DEBUG] [c290ca14-0ea6-4fac-8860-312570b26c76] Blender Output: Fra:65 Mem:119.20M (Peak 150.84M) | Time:00:00.18 | Rendering 25 / 64 samples

[2025-07-28T19:44:11.069Z] [DEBUG] [c290ca14-0ea6-4fac-8860-312570b26c76] Blender Output: Fra:65 Mem:119.20M (Peak 150.84M) | Time:00:00.34 | Rendering 50 / 64 samples

[2025-07-28T19:44:11.157Z] [DEBUG] [c290ca14-0ea6-4fac-8860-312570b26c76] Blender Output: Fra:65 Mem:119.20M (Peak 150.84M) | Time:00:00.43 | Rendering 64 / 64 samples

[2025-07-28T19:44:11.235Z] [DEBUG] [c290ca14-0ea6-4fac-8860-312570b26c76] Blender Output: Append frame 65
Time: 00:00.51 (Saving: 00:00.03)


[2025-07-28T19:44:11.272Z] [DEBUG] [c290ca14-0ea6-4fac-8860-312570b26c76] Blender Output: Fra:66 Mem:119.20M (Peak 150.84M) | Time:00:00.03 | Rendering 1 / 64 samples

[2025-07-28T19:44:11.425Z] [DEBUG] [c290ca14-0ea6-4fac-8860-312570b26c76] Blender Output: Fra:66 Mem:119.20M (Peak 150.84M) | Time:00:00.19 | Rendering 25 / 64 samples

[2025-07-28T19:44:11.580Z] [DEBUG] [c290ca14-0ea6-4fac-8860-312570b26c76] Blender Output: Fra:66 Mem:119.20M (Peak 150.84M) | Time:00:00.34 | Rendering 50 / 64 samples

[2025-07-28T19:44:11.667Z] [DEBUG] [c290ca14-0ea6-4fac-8860-312570b26c76] Blender Output: Fra:66 Mem:119.20M (Peak 150.84M) | Time:00:00.43 | Rendering 64 / 64 samples

[2025-07-28T19:44:11.744Z] [DEBUG] [c290ca14-0ea6-4fac-8860-312570b26c76] Blender Output: Append frame 66
Time: 00:00.50 (Saving: 00:00.03)


[2025-07-28T19:44:11.781Z] [DEBUG] [c290ca14-0ea6-4fac-8860-312570b26c76] Blender Output: Fra:67 Mem:119.20M (Peak 150.84M) | Time:00:00.03 | Rendering 1 / 64 samples

[2025-07-28T19:44:11.933Z] [DEBUG] [c290ca14-0ea6-4fac-8860-312570b26c76] Blender Output: Fra:67 Mem:119.20M (Peak 150.84M) | Time:00:00.18 | Rendering 25 / 64 samples

[2025-07-28T19:44:12.088Z] [DEBUG] [c290ca14-0ea6-4fac-8860-312570b26c76] Blender Output: Fra:67 Mem:119.20M (Peak 150.84M) | Time:00:00.34 | Rendering 50 / 64 samples

[2025-07-28T19:44:12.176Z] [DEBUG] [c290ca14-0ea6-4fac-8860-312570b26c76] Blender Output: Fra:67 Mem:119.20M (Peak 150.84M) | Time:00:00.43 | Rendering 64 / 64 samples

[2025-07-28T19:44:12.251Z] [DEBUG] [c290ca14-0ea6-4fac-8860-312570b26c76] Blender Output: Append frame 67
Time: 00:00.50 (Saving: 00:00.03)


[2025-07-28T19:44:12.288Z] [DEBUG] [c290ca14-0ea6-4fac-8860-312570b26c76] Blender Output: Fra:68 Mem:119.20M (Peak 150.84M) | Time:00:00.03 | Rendering 1 / 64 samples

[2025-07-28T19:44:12.442Z] [DEBUG] [c290ca14-0ea6-4fac-8860-312570b26c76] Blender Output: Fra:68 Mem:119.20M (Peak 150.84M) | Time:00:00.19 | Rendering 25 / 64 samples

[2025-07-28T19:44:12.596Z] [DEBUG] [c290ca14-0ea6-4fac-8860-312570b26c76] Blender Output: Fra:68 Mem:119.20M (Peak 150.84M) | Time:00:00.34 | Rendering 50 / 64 samples

[2025-07-28T19:44:12.684Z] [DEBUG] [c290ca14-0ea6-4fac-8860-312570b26c76] Blender Output: Fra:68 Mem:119.20M (Peak 150.84M) | Time:00:00.43 | Rendering 64 / 64 samples

[2025-07-28T19:44:12.761Z] [DEBUG] [c290ca14-0ea6-4fac-8860-312570b26c76] Blender Output: Append frame 68
Time: 00:00.50 (Saving: 00:00.03)


[2025-07-28T19:44:12.798Z] [DEBUG] [c290ca14-0ea6-4fac-8860-312570b26c76] Blender Output: Fra:69 Mem:119.20M (Peak 150.84M) | Time:00:00.03 | Rendering 1 / 64 samples

[2025-07-28T19:44:12.952Z] [DEBUG] [c290ca14-0ea6-4fac-8860-312570b26c76] Blender Output: Fra:69 Mem:119.20M (Peak 150.84M) | Time:00:00.19 | Rendering 25 / 64 samples

[2025-07-28T19:44:13.111Z] [DEBUG] [c290ca14-0ea6-4fac-8860-312570b26c76] Blender Output: Fra:69 Mem:119.20M (Peak 150.84M) | Time:00:00.34 | Rendering 50 / 64 samples

[2025-07-28T19:44:13.200Z] [DEBUG] [c290ca14-0ea6-4fac-8860-312570b26c76] Blender Output: Fra:69 Mem:119.20M (Peak 150.84M) | Time:00:00.43 | Rendering 64 / 64 samples

[2025-07-28T19:44:13.278Z] [DEBUG] [c290ca14-0ea6-4fac-8860-312570b26c76] Blender Output: Append frame 69
Time: 00:00.51 (Saving: 00:00.03)


[2025-07-28T19:44:13.314Z] [DEBUG] [c290ca14-0ea6-4fac-8860-312570b26c76] Blender Output: Fra:70 Mem:119.20M (Peak 150.84M) | Time:00:00.03 | Rendering 1 / 64 samples

[2025-07-28T19:44:13.467Z] [DEBUG] [c290ca14-0ea6-4fac-8860-312570b26c76] Blender Output: Fra:70 Mem:119.20M (Peak 150.84M) | Time:00:00.18 | Rendering 25 / 64 samples

[2025-07-28T19:44:13.621Z] [DEBUG] [c290ca14-0ea6-4fac-8860-312570b26c76] Blender Output: Fra:70 Mem:119.20M (Peak 150.84M) | Time:00:00.34 | Rendering 50 / 64 samples

[2025-07-28T19:44:13.709Z] [DEBUG] [c290ca14-0ea6-4fac-8860-312570b26c76] Blender Output: Fra:70 Mem:119.20M (Peak 150.84M) | Time:00:00.43 | Rendering 64 / 64 samples

[2025-07-28T19:44:13.785Z] [DEBUG] [c290ca14-0ea6-4fac-8860-312570b26c76] Blender Output: Append frame 70
Time: 00:00.50 (Saving: 00:00.03)


[2025-07-28T19:44:13.820Z] [DEBUG] [c290ca14-0ea6-4fac-8860-312570b26c76] Blender Output: Fra:71 Mem:119.20M (Peak 150.84M) | Time:00:00.03 | Rendering 1 / 64 samples

[2025-07-28T19:44:13.974Z] [DEBUG] [c290ca14-0ea6-4fac-8860-312570b26c76] Blender Output: Fra:71 Mem:119.20M (Peak 150.84M) | Time:00:00.18 | Rendering 25 / 64 samples

[2025-07-28T19:44:14.129Z] [DEBUG] [c290ca14-0ea6-4fac-8860-312570b26c76] Blender Output: Fra:71 Mem:119.20M (Peak 150.84M) | Time:00:00.34 | Rendering 50 / 64 samples

[2025-07-28T19:44:14.217Z] [DEBUG] [c290ca14-0ea6-4fac-8860-312570b26c76] Blender Output: Fra:71 Mem:119.20M (Peak 150.84M) | Time:00:00.43 | Rendering 64 / 64 samples

[2025-07-28T19:44:14.295Z] [DEBUG] [c290ca14-0ea6-4fac-8860-312570b26c76] Blender Output: Append frame 71
Time: 00:00.51 (Saving: 00:00.03)


[2025-07-28T19:44:14.332Z] [DEBUG] [c290ca14-0ea6-4fac-8860-312570b26c76] Blender Output: Fra:72 Mem:119.20M (Peak 150.84M) | Time:00:00.03 | Rendering 1 / 64 samples

[2025-07-28T19:44:14.487Z] [DEBUG] [c290ca14-0ea6-4fac-8860-312570b26c76] Blender Output: Fra:72 Mem:119.20M (Peak 150.84M) | Time:00:00.19 | Rendering 25 / 64 samples

[2025-07-28T19:44:14.644Z] [DEBUG] [c290ca14-0ea6-4fac-8860-312570b26c76] Blender Output: Fra:72 Mem:119.20M (Peak 150.84M) | Time:00:00.34 | Rendering 50 / 64 samples

[2025-07-28T19:44:14.733Z] [DEBUG] [c290ca14-0ea6-4fac-8860-312570b26c76] Blender Output: Fra:72 Mem:119.20M (Peak 150.84M) | Time:00:00.43 | Rendering 64 / 64 samples

[2025-07-28T19:44:14.810Z] [DEBUG] [c290ca14-0ea6-4fac-8860-312570b26c76] Blender Output: Append frame 72
Time: 00:00.51 (Saving: 00:00.03)


[2025-07-28T19:44:14.846Z] [DEBUG] [c290ca14-0ea6-4fac-8860-312570b26c76] Blender Output: Fra:73 Mem:119.20M (Peak 150.84M) | Time:00:00.03 | Rendering 1 / 64 samples

[2025-07-28T19:44:15.002Z] [DEBUG] [c290ca14-0ea6-4fac-8860-312570b26c76] Blender Output: Fra:73 Mem:119.20M (Peak 150.84M) | Time:00:00.19 | Rendering 25 / 64 samples

[2025-07-28T19:44:15.158Z] [DEBUG] [c290ca14-0ea6-4fac-8860-312570b26c76] Blender Output: Fra:73 Mem:119.20M (Peak 150.84M) | Time:00:00.34 | Rendering 50 / 64 samples

[2025-07-28T19:44:15.248Z] [DEBUG] [c290ca14-0ea6-4fac-8860-312570b26c76] Blender Output: Fra:73 Mem:119.20M (Peak 150.84M) | Time:00:00.43 | Rendering 64 / 64 samples

[2025-07-28T19:44:15.324Z] [DEBUG] [c290ca14-0ea6-4fac-8860-312570b26c76] Blender Output: Append frame 73
Time: 00:00.51 (Saving: 00:00.03)


[2025-07-28T19:44:15.360Z] [DEBUG] [c290ca14-0ea6-4fac-8860-312570b26c76] Blender Output: Fra:74 Mem:119.20M (Peak 150.84M) | Time:00:00.03 | Rendering 1 / 64 samples

[2025-07-28T19:44:15.516Z] [DEBUG] [c290ca14-0ea6-4fac-8860-312570b26c76] Blender Output: Fra:74 Mem:119.20M (Peak 150.84M) | Time:00:00.19 | Rendering 25 / 64 samples

[2025-07-28T19:44:15.674Z] [DEBUG] [c290ca14-0ea6-4fac-8860-312570b26c76] Blender Output: Fra:74 Mem:119.20M (Peak 150.84M) | Time:00:00.34 | Rendering 50 / 64 samples

[2025-07-28T19:44:15.763Z] [DEBUG] [c290ca14-0ea6-4fac-8860-312570b26c76] Blender Output: Fra:74 Mem:119.20M (Peak 150.84M) | Time:00:00.43 | Rendering 64 / 64 samples

[2025-07-28T19:44:15.841Z] [DEBUG] [c290ca14-0ea6-4fac-8860-312570b26c76] Blender Output: Append frame 74
Time: 00:00.51 (Saving: 00:00.03)


[2025-07-28T19:44:15.878Z] [DEBUG] [c290ca14-0ea6-4fac-8860-312570b26c76] Blender Output: Fra:75 Mem:119.20M (Peak 150.84M) | Time:00:00.03 | Rendering 1 / 64 samples

[2025-07-28T19:44:16.033Z] [DEBUG] [c290ca14-0ea6-4fac-8860-312570b26c76] Blender Output: Fra:75 Mem:119.20M (Peak 150.84M) | Time:00:00.19 | Rendering 25 / 64 samples

[2025-07-28T19:44:16.191Z] [DEBUG] [c290ca14-0ea6-4fac-8860-312570b26c76] Blender Output: Fra:75 Mem:119.20M (Peak 150.84M) | Time:00:00.34 | Rendering 50 / 64 samples

[2025-07-28T19:44:16.280Z] [DEBUG] [c290ca14-0ea6-4fac-8860-312570b26c76] Blender Output: Fra:75 Mem:119.20M (Peak 150.84M) | Time:00:00.43 | Rendering 64 / 64 samples

[2025-07-28T19:44:16.357Z] [DEBUG] [c290ca14-0ea6-4fac-8860-312570b26c76] Blender Output: Append frame 75
Time: 00:00.51 (Saving: 00:00.03)


[2025-07-28T19:44:16.393Z] [DEBUG] [c290ca14-0ea6-4fac-8860-312570b26c76] Blender Output: Fra:76 Mem:119.20M (Peak 150.84M) | Time:00:00.03 | Rendering 1 / 64 samples

[2025-07-28T19:44:16.547Z] [DEBUG] [c290ca14-0ea6-4fac-8860-312570b26c76] Blender Output: Fra:76 Mem:119.20M (Peak 150.84M) | Time:00:00.19 | Rendering 25 / 64 samples

[2025-07-28T19:44:16.702Z] [DEBUG] [c290ca14-0ea6-4fac-8860-312570b26c76] Blender Output: Fra:76 Mem:119.20M (Peak 150.84M) | Time:00:00.34 | Rendering 50 / 64 samples

[2025-07-28T19:44:16.789Z] [DEBUG] [c290ca14-0ea6-4fac-8860-312570b26c76] Blender Output: Fra:76 Mem:119.20M (Peak 150.84M) | Time:00:00.43 | Rendering 64 / 64 samples

[2025-07-28T19:44:16.863Z] [DEBUG] [c290ca14-0ea6-4fac-8860-312570b26c76] Blender Output: Append frame 76
Time: 00:00.50 (Saving: 00:00.03)


[2025-07-28T19:44:16.900Z] [DEBUG] [c290ca14-0ea6-4fac-8860-312570b26c76] Blender Output: Fra:77 Mem:119.20M (Peak 150.84M) | Time:00:00.03 | Rendering 1 / 64 samples

[2025-07-28T19:44:17.052Z] [DEBUG] [c290ca14-0ea6-4fac-8860-312570b26c76] Blender Output: Fra:77 Mem:119.20M (Peak 150.84M) | Time:00:00.18 | Rendering 25 / 64 samples

[2025-07-28T19:44:17.210Z] [DEBUG] [c290ca14-0ea6-4fac-8860-312570b26c76] Blender Output: Fra:77 Mem:119.20M (Peak 150.84M) | Time:00:00.34 | Rendering 50 / 64 samples

[2025-07-28T19:44:17.297Z] [DEBUG] [c290ca14-0ea6-4fac-8860-312570b26c76] Blender Output: Fra:77 Mem:119.20M (Peak 150.84M) | Time:00:00.43 | Rendering 64 / 64 samples

[2025-07-28T19:44:17.374Z] [DEBUG] [c290ca14-0ea6-4fac-8860-312570b26c76] Blender Output: Append frame 77
Time: 00:00.51 (Saving: 00:00.03)


[2025-07-28T19:44:17.411Z] [DEBUG] [c290ca14-0ea6-4fac-8860-312570b26c76] Blender Output: Fra:78 Mem:119.20M (Peak 150.84M) | Time:00:00.03 | Rendering 1 / 64 samples

[2025-07-28T19:44:17.564Z] [DEBUG] [c290ca14-0ea6-4fac-8860-312570b26c76] Blender Output: Fra:78 Mem:119.20M (Peak 150.84M) | Time:00:00.18 | Rendering 25 / 64 samples

[2025-07-28T19:44:17.720Z] [DEBUG] [c290ca14-0ea6-4fac-8860-312570b26c76] Blender Output: Fra:78 Mem:119.20M (Peak 150.84M) | Time:00:00.34 | Rendering 50 / 64 samples

[2025-07-28T19:44:17.809Z] [DEBUG] [c290ca14-0ea6-4fac-8860-312570b26c76] Blender Output: Fra:78 Mem:119.20M (Peak 150.84M) | Time:00:00.43 | Rendering 64 / 64 samples

[2025-07-28T19:44:17.886Z] [DEBUG] [c290ca14-0ea6-4fac-8860-312570b26c76] Blender Output: Append frame 78
Time: 00:00.51 (Saving: 00:00.03)


[2025-07-28T19:44:17.922Z] [DEBUG] [c290ca14-0ea6-4fac-8860-312570b26c76] Blender Output: Fra:79 Mem:119.20M (Peak 150.84M) | Time:00:00.03 | Rendering 1 / 64 samples

[2025-07-28T19:44:18.074Z] [DEBUG] [c290ca14-0ea6-4fac-8860-312570b26c76] Blender Output: Fra:79 Mem:119.20M (Peak 150.84M) | Time:00:00.18 | Rendering 25 / 64 samples

[2025-07-28T19:44:18.230Z] [DEBUG] [c290ca14-0ea6-4fac-8860-312570b26c76] Blender Output: Fra:79 Mem:119.20M (Peak 150.84M) | Time:00:00.34 | Rendering 50 / 64 samples

[2025-07-28T19:44:18.320Z] [DEBUG] [c290ca14-0ea6-4fac-8860-312570b26c76] Blender Output: Fra:79 Mem:119.20M (Peak 150.84M) | Time:00:00.43 | Rendering 64 / 64 samples

[2025-07-28T19:44:18.397Z] [DEBUG] [c290ca14-0ea6-4fac-8860-312570b26c76] Blender Output: Append frame 79
Time: 00:00.51 (Saving: 00:00.03)


[2025-07-28T19:44:18.436Z] [DEBUG] [c290ca14-0ea6-4fac-8860-312570b26c76] Blender Output: Fra:80 Mem:119.20M (Peak 150.84M) | Time:00:00.03 | Rendering 1 / 64 samples

[2025-07-28T19:44:18.589Z] [DEBUG] [c290ca14-0ea6-4fac-8860-312570b26c76] Blender Output: Fra:80 Mem:119.20M (Peak 150.84M) | Time:00:00.19 | Rendering 25 / 64 samples

[2025-07-28T19:44:18.745Z] [DEBUG] [c290ca14-0ea6-4fac-8860-312570b26c76] Blender Output: Fra:80 Mem:119.20M (Peak 150.84M) | Time:00:00.34 | Rendering 50 / 64 samples

[2025-07-28T19:44:18.833Z] [DEBUG] [c290ca14-0ea6-4fac-8860-312570b26c76] Blender Output: Fra:80 Mem:119.20M (Peak 150.84M) | Time:00:00.43 | Rendering 64 / 64 samples

[2025-07-28T19:44:18.908Z] [DEBUG] [c290ca14-0ea6-4fac-8860-312570b26c76] Blender Output: Append frame 80
Time: 00:00.51 (Saving: 00:00.03)


[2025-07-28T19:44:18.944Z] [DEBUG] [c290ca14-0ea6-4fac-8860-312570b26c76] Blender Output: Fra:81 Mem:119.20M (Peak 150.84M) | Time:00:00.03 | Rendering 1 / 64 samples

[2025-07-28T19:44:19.098Z] [DEBUG] [c290ca14-0ea6-4fac-8860-312570b26c76] Blender Output: Fra:81 Mem:119.20M (Peak 150.84M) | Time:00:00.18 | Rendering 25 / 64 samples

[2025-07-28T19:44:19.253Z] [DEBUG] [c290ca14-0ea6-4fac-8860-312570b26c76] Blender Output: Fra:81 Mem:119.20M (Peak 150.84M) | Time:00:00.34 | Rendering 50 / 64 samples

[2025-07-28T19:44:19.341Z] [DEBUG] [c290ca14-0ea6-4fac-8860-312570b26c76] Blender Output: Fra:81 Mem:119.20M (Peak 150.84M) | Time:00:00.43 | Rendering 64 / 64 samples

[2025-07-28T19:44:19.418Z] [DEBUG] [c290ca14-0ea6-4fac-8860-312570b26c76] Blender Output: Append frame 81
Time: 00:00.51 (Saving: 00:00.03)


[2025-07-28T19:44:19.455Z] [DEBUG] [c290ca14-0ea6-4fac-8860-312570b26c76] Blender Output: Fra:82 Mem:119.20M (Peak 150.84M) | Time:00:00.03 | Rendering 1 / 64 samples

[2025-07-28T19:44:19.608Z] [DEBUG] [c290ca14-0ea6-4fac-8860-312570b26c76] Blender Output: Fra:82 Mem:119.20M (Peak 150.84M) | Time:00:00.18 | Rendering 25 / 64 samples

[2025-07-28T19:44:19.763Z] [DEBUG] [c290ca14-0ea6-4fac-8860-312570b26c76] Blender Output: Fra:82 Mem:119.20M (Peak 150.84M) | Time:00:00.34 | Rendering 50 / 64 samples

[2025-07-28T19:44:19.851Z] [DEBUG] [c290ca14-0ea6-4fac-8860-312570b26c76] Blender Output: Fra:82 Mem:119.20M (Peak 150.84M) | Time:00:00.43 | Rendering 64 / 64 samples

[2025-07-28T19:44:19.928Z] [DEBUG] [c290ca14-0ea6-4fac-8860-312570b26c76] Blender Output: Append frame 82
Time: 00:00.50 (Saving: 00:00.03)


[2025-07-28T19:44:19.965Z] [DEBUG] [c290ca14-0ea6-4fac-8860-312570b26c76] Blender Output: Fra:83 Mem:119.20M (Peak 150.84M) | Time:00:00.03 | Rendering 1 / 64 samples

[2025-07-28T19:44:20.116Z] [DEBUG] [c290ca14-0ea6-4fac-8860-312570b26c76] Blender Output: Fra:83 Mem:119.20M (Peak 150.84M) | Time:00:00.18 | Rendering 25 / 64 samples

[2025-07-28T19:44:20.270Z] [DEBUG] [c290ca14-0ea6-4fac-8860-312570b26c76] Blender Output: Fra:83 Mem:119.20M (Peak 150.84M) | Time:00:00.34 | Rendering 50 / 64 samples

[2025-07-28T19:44:20.359Z] [DEBUG] [c290ca14-0ea6-4fac-8860-312570b26c76] Blender Output: Fra:83 Mem:119.20M (Peak 150.84M) | Time:00:00.43 | Rendering 64 / 64 samples

[2025-07-28T19:44:20.435Z] [DEBUG] [c290ca14-0ea6-4fac-8860-312570b26c76] Blender Output: Append frame 83
Time: 00:00.50 (Saving: 00:00.03)


[2025-07-28T19:44:20.472Z] [DEBUG] [c290ca14-0ea6-4fac-8860-312570b26c76] Blender Output: Fra:84 Mem:119.20M (Peak 150.84M) | Time:00:00.03 | Rendering 1 / 64 samples

[2025-07-28T19:44:20.623Z] [DEBUG] [c290ca14-0ea6-4fac-8860-312570b26c76] Blender Output: Fra:84 Mem:119.20M (Peak 150.84M) | Time:00:00.18 | Rendering 25 / 64 samples

[2025-07-28T19:44:20.778Z] [DEBUG] [c290ca14-0ea6-4fac-8860-312570b26c76] Blender Output: Fra:84 Mem:119.20M (Peak 150.84M) | Time:00:00.34 | Rendering 50 / 64 samples

[2025-07-28T19:44:20.865Z] [DEBUG] [c290ca14-0ea6-4fac-8860-312570b26c76] Blender Output: Fra:84 Mem:119.20M (Peak 150.84M) | Time:00:00.43 | Rendering 64 / 64 samples

[2025-07-28T19:44:20.942Z] [DEBUG] [c290ca14-0ea6-4fac-8860-312570b26c76] Blender Output: Append frame 84
Time: 00:00.50 (Saving: 00:00.03)


[2025-07-28T19:44:20.979Z] [DEBUG] [c290ca14-0ea6-4fac-8860-312570b26c76] Blender Output: Fra:85 Mem:119.20M (Peak 150.84M) | Time:00:00.03 | Rendering 1 / 64 samples

[2025-07-28T19:44:21.131Z] [DEBUG] [c290ca14-0ea6-4fac-8860-312570b26c76] Blender Output: Fra:85 Mem:119.20M (Peak 150.84M) | Time:00:00.18 | Rendering 25 / 64 samples

[2025-07-28T19:44:21.286Z] [DEBUG] [c290ca14-0ea6-4fac-8860-312570b26c76] Blender Output: Fra:85 Mem:119.20M (Peak 150.84M) | Time:00:00.34 | Rendering 50 / 64 samples

[2025-07-28T19:44:21.373Z] [DEBUG] [c290ca14-0ea6-4fac-8860-312570b26c76] Blender Output: Fra:85 Mem:119.20M (Peak 150.84M) | Time:00:00.43 | Rendering 64 / 64 samples

[2025-07-28T19:44:21.450Z] [DEBUG] [c290ca14-0ea6-4fac-8860-312570b26c76] Blender Output: Append frame 85
Time: 00:00.50 (Saving: 00:00.03)


[2025-07-28T19:44:21.486Z] [DEBUG] [c290ca14-0ea6-4fac-8860-312570b26c76] Blender Output: Fra:86 Mem:119.20M (Peak 150.84M) | Time:00:00.03 | Rendering 1 / 64 samples

[2025-07-28T19:44:21.639Z] [DEBUG] [c290ca14-0ea6-4fac-8860-312570b26c76] Blender Output: Fra:86 Mem:119.20M (Peak 150.84M) | Time:00:00.18 | Rendering 25 / 64 samples

[2025-07-28T19:44:21.794Z] [DEBUG] [c290ca14-0ea6-4fac-8860-312570b26c76] Blender Output: Fra:86 Mem:119.20M (Peak 150.84M) | Time:00:00.34 | Rendering 50 / 64 samples

[2025-07-28T19:44:21.882Z] [DEBUG] [c290ca14-0ea6-4fac-8860-312570b26c76] Blender Output: Fra:86 Mem:119.20M (Peak 150.84M) | Time:00:00.43 | Rendering 64 / 64 samples

[2025-07-28T19:44:21.960Z] [DEBUG] [c290ca14-0ea6-4fac-8860-312570b26c76] Blender Output: Append frame 86
Time: 00:00.51 (Saving: 00:00.03)


[2025-07-28T19:44:21.996Z] [DEBUG] [c290ca14-0ea6-4fac-8860-312570b26c76] Blender Output: Fra:87 Mem:119.20M (Peak 150.84M) | Time:00:00.03 | Rendering 1 / 64 samples

[2025-07-28T19:44:22.151Z] [DEBUG] [c290ca14-0ea6-4fac-8860-312570b26c76] Blender Output: Fra:87 Mem:119.20M (Peak 150.84M) | Time:00:00.19 | Rendering 25 / 64 samples

[2025-07-28T19:44:22.309Z] [DEBUG] [c290ca14-0ea6-4fac-8860-312570b26c76] Blender Output: Fra:87 Mem:119.20M (Peak 150.84M) | Time:00:00.34 | Rendering 50 / 64 samples

[2025-07-28T19:44:22.399Z] [DEBUG] [c290ca14-0ea6-4fac-8860-312570b26c76] Blender Output: Fra:87 Mem:119.20M (Peak 150.84M) | Time:00:00.43 | Rendering 64 / 64 samples

[2025-07-28T19:44:22.477Z] [DEBUG] [c290ca14-0ea6-4fac-8860-312570b26c76] Blender Output: Append frame 87
Time: 00:00.51 (Saving: 00:00.03)


[2025-07-28T19:44:22.513Z] [DEBUG] [c290ca14-0ea6-4fac-8860-312570b26c76] Blender Output: Fra:88 Mem:119.20M (Peak 150.84M) | Time:00:00.03 | Rendering 1 / 64 samples

[2025-07-28T19:44:22.671Z] [DEBUG] [c290ca14-0ea6-4fac-8860-312570b26c76] Blender Output: Fra:88 Mem:119.20M (Peak 150.84M) | Time:00:00.19 | Rendering 25 / 64 samples

[2025-07-28T19:44:22.829Z] [DEBUG] [c290ca14-0ea6-4fac-8860-312570b26c76] Blender Output: Fra:88 Mem:119.20M (Peak 150.84M) | Time:00:00.35 | Rendering 50 / 64 samples

[2025-07-28T19:44:22.918Z] [DEBUG] [c290ca14-0ea6-4fac-8860-312570b26c76] Blender Output: Fra:88 Mem:119.20M (Peak 150.84M) | Time:00:00.44 | Rendering 64 / 64 samples

[2025-07-28T19:44:22.993Z] [DEBUG] [c290ca14-0ea6-4fac-8860-312570b26c76] Blender Output: Append frame 88
Time: 00:00.51 (Saving: 00:00.03)


[2025-07-28T19:44:23.029Z] [DEBUG] [c290ca14-0ea6-4fac-8860-312570b26c76] Blender Output: Fra:89 Mem:119.20M (Peak 150.84M) | Time:00:00.03 | Rendering 1 / 64 samples

[2025-07-28T19:44:23.185Z] [DEBUG] [c290ca14-0ea6-4fac-8860-312570b26c76] Blender Output: Fra:89 Mem:119.20M (Peak 150.84M) | Time:00:00.19 | Rendering 25 / 64 samples

[2025-07-28T19:44:23.343Z] [DEBUG] [c290ca14-0ea6-4fac-8860-312570b26c76] Blender Output: Fra:89 Mem:119.20M (Peak 150.84M) | Time:00:00.34 | Rendering 50 / 64 samples

[2025-07-28T19:44:23.432Z] [DEBUG] [c290ca14-0ea6-4fac-8860-312570b26c76] Blender Output: Fra:89 Mem:119.20M (Peak 150.84M) | Time:00:00.43 | Rendering 64 / 64 samples

[2025-07-28T19:44:23.508Z] [DEBUG] [c290ca14-0ea6-4fac-8860-312570b26c76] Blender Output: Append frame 89
Time: 00:00.51 (Saving: 00:00.03)


[2025-07-28T19:44:23.545Z] [DEBUG] [c290ca14-0ea6-4fac-8860-312570b26c76] Blender Output: Fra:90 Mem:119.20M (Peak 150.84M) | Time:00:00.03 | Rendering 1 / 64 samples

[2025-07-28T19:44:23.699Z] [DEBUG] [c290ca14-0ea6-4fac-8860-312570b26c76] Blender Output: Fra:90 Mem:119.20M (Peak 150.84M) | Time:00:00.19 | Rendering 25 / 64 samples

[2025-07-28T19:44:23.856Z] [DEBUG] [c290ca14-0ea6-4fac-8860-312570b26c76] Blender Output: Fra:90 Mem:119.20M (Peak 150.84M) | Time:00:00.34 | Rendering 50 / 64 samples

[2025-07-28T19:44:23.946Z] [DEBUG] [c290ca14-0ea6-4fac-8860-312570b26c76] Blender Output: Fra:90 Mem:119.20M (Peak 150.84M) | Time:00:00.43 | Rendering 64 / 64 samples

[2025-07-28T19:44:24.024Z] [DEBUG] [c290ca14-0ea6-4fac-8860-312570b26c76] Blender Output: Append frame 90
Time: 00:00.51 (Saving: 00:00.03)


[2025-07-28T19:44:24.060Z] [DEBUG] [c290ca14-0ea6-4fac-8860-312570b26c76] Blender Output: Fra:91 Mem:119.20M (Peak 150.84M) | Time:00:00.03 | Rendering 1 / 64 samples

[2025-07-28T19:44:24.215Z] [DEBUG] [c290ca14-0ea6-4fac-8860-312570b26c76] Blender Output: Fra:91 Mem:119.20M (Peak 150.84M) | Time:00:00.19 | Rendering 25 / 64 samples

[2025-07-28T19:44:24.372Z] [DEBUG] [c290ca14-0ea6-4fac-8860-312570b26c76] Blender Output: Fra:91 Mem:119.20M (Peak 150.84M) | Time:00:00.34 | Rendering 50 / 64 samples

[2025-07-28T19:44:24.460Z] [DEBUG] [c290ca14-0ea6-4fac-8860-312570b26c76] Blender Output: Fra:91 Mem:119.20M (Peak 150.84M) | Time:00:00.43 | Rendering 64 / 64 samples

[2025-07-28T19:44:24.535Z] [DEBUG] [c290ca14-0ea6-4fac-8860-312570b26c76] Blender Output: Append frame 91
Time: 00:00.51 (Saving: 00:00.03)


[2025-07-28T19:44:24.572Z] [DEBUG] [c290ca14-0ea6-4fac-8860-312570b26c76] Blender Output: Fra:92 Mem:119.20M (Peak 150.84M) | Time:00:00.03 | Rendering 1 / 64 samples

[2025-07-28T19:44:24.725Z] [DEBUG] [c290ca14-0ea6-4fac-8860-312570b26c76] Blender Output: Fra:92 Mem:119.20M (Peak 150.84M) | Time:00:00.19 | Rendering 25 / 64 samples

[2025-07-28T19:44:24.883Z] [DEBUG] [c290ca14-0ea6-4fac-8860-312570b26c76] Blender Output: Fra:92 Mem:119.20M (Peak 150.84M) | Time:00:00.34 | Rendering 50 / 64 samples

[2025-07-28T19:44:24.972Z] [DEBUG] [c290ca14-0ea6-4fac-8860-312570b26c76] Blender Output: Fra:92 Mem:119.20M (Peak 150.84M) | Time:00:00.43 | Rendering 64 / 64 samples

[2025-07-28T19:44:25.050Z] [DEBUG] [c290ca14-0ea6-4fac-8860-312570b26c76] Blender Output: Append frame 92
Time: 00:00.51 (Saving: 00:00.03)


[2025-07-28T19:44:25.086Z] [DEBUG] [c290ca14-0ea6-4fac-8860-312570b26c76] Blender Output: Fra:93 Mem:119.20M (Peak 150.84M) | Time:00:00.03 | Rendering 1 / 64 samples

[2025-07-28T19:44:25.240Z] [DEBUG] [c290ca14-0ea6-4fac-8860-312570b26c76] Blender Output: Fra:93 Mem:119.20M (Peak 150.84M) | Time:00:00.18 | Rendering 25 / 64 samples

[2025-07-28T19:44:25.398Z] [DEBUG] [c290ca14-0ea6-4fac-8860-312570b26c76] Blender Output: Fra:93 Mem:119.20M (Peak 150.84M) | Time:00:00.34 | Rendering 50 / 64 samples

[2025-07-28T19:44:25.487Z] [DEBUG] [c290ca14-0ea6-4fac-8860-312570b26c76] Blender Output: Fra:93 Mem:119.20M (Peak 150.84M) | Time:00:00.43 | Rendering 64 / 64 samples

[2025-07-28T19:44:25.565Z] [DEBUG] [c290ca14-0ea6-4fac-8860-312570b26c76] Blender Output: Append frame 93
Time: 00:00.51 (Saving: 00:00.03)


[2025-07-28T19:44:25.602Z] [DEBUG] [c290ca14-0ea6-4fac-8860-312570b26c76] Blender Output: Fra:94 Mem:119.20M (Peak 150.84M) | Time:00:00.03 | Rendering 1 / 64 samples

[2025-07-28T19:44:25.756Z] [DEBUG] [c290ca14-0ea6-4fac-8860-312570b26c76] Blender Output: Fra:94 Mem:119.20M (Peak 150.84M) | Time:00:00.19 | Rendering 25 / 64 samples

[2025-07-28T19:44:25.913Z] [DEBUG] [c290ca14-0ea6-4fac-8860-312570b26c76] Blender Output: Fra:94 Mem:119.20M (Peak 150.84M) | Time:00:00.34 | Rendering 50 / 64 samples

[2025-07-28T19:44:26.002Z] [DEBUG] [c290ca14-0ea6-4fac-8860-312570b26c76] Blender Output: Fra:94 Mem:119.20M (Peak 150.84M) | Time:00:00.43 | Rendering 64 / 64 samples

[2025-07-28T19:44:26.079Z] [DEBUG] [c290ca14-0ea6-4fac-8860-312570b26c76] Blender Output: Append frame 94
Time: 00:00.51 (Saving: 00:00.03)


[2025-07-28T19:44:26.115Z] [DEBUG] [c290ca14-0ea6-4fac-8860-312570b26c76] Blender Output: Fra:95 Mem:119.20M (Peak 150.84M) | Time:00:00.03 | Rendering 1 / 64 samples

[2025-07-28T19:44:26.267Z] [DEBUG] [c290ca14-0ea6-4fac-8860-312570b26c76] Blender Output: Fra:95 Mem:119.20M (Peak 150.84M) | Time:00:00.18 | Rendering 25 / 64 samples

[2025-07-28T19:44:26.422Z] [DEBUG] [c290ca14-0ea6-4fac-8860-312570b26c76] Blender Output: Fra:95 Mem:119.20M (Peak 150.84M) | Time:00:00.34 | Rendering 50 / 64 samples

[2025-07-28T19:44:26.510Z] [DEBUG] [c290ca14-0ea6-4fac-8860-312570b26c76] Blender Output: Fra:95 Mem:119.20M (Peak 150.84M) | Time:00:00.43 | Rendering 64 / 64 samples

[2025-07-28T19:44:26.588Z] [DEBUG] [c290ca14-0ea6-4fac-8860-312570b26c76] Blender Output: Append frame 95
Time: 00:00.50 (Saving: 00:00.03)


[2025-07-28T19:44:26.623Z] [DEBUG] [c290ca14-0ea6-4fac-8860-312570b26c76] Blender Output: Fra:96 Mem:119.20M (Peak 150.84M) | Time:00:00.03 | Rendering 1 / 64 samples

[2025-07-28T19:44:26.777Z] [DEBUG] [c290ca14-0ea6-4fac-8860-312570b26c76] Blender Output: Fra:96 Mem:119.20M (Peak 150.84M) | Time:00:00.18 | Rendering 25 / 64 samples

[2025-07-28T19:44:26.932Z] [DEBUG] [c290ca14-0ea6-4fac-8860-312570b26c76] Blender Output: Fra:96 Mem:119.20M (Peak 150.84M) | Time:00:00.34 | Rendering 50 / 64 samples

[2025-07-28T19:44:27.020Z] [DEBUG] [c290ca14-0ea6-4fac-8860-312570b26c76] Blender Output: Fra:96 Mem:119.20M (Peak 150.84M) | Time:00:00.43 | Rendering 64 / 64 samples

[2025-07-28T19:44:27.097Z] [DEBUG] [c290ca14-0ea6-4fac-8860-312570b26c76] Blender Output: Append frame 96
Time: 00:00.50 (Saving: 00:00.03)


[2025-07-28T19:44:27.134Z] [DEBUG] [c290ca14-0ea6-4fac-8860-312570b26c76] Blender Output: Fra:97 Mem:119.20M (Peak 150.84M) | Time:00:00.03 | Rendering 1 / 64 samples

[2025-07-28T19:44:27.287Z] [DEBUG] [c290ca14-0ea6-4fac-8860-312570b26c76] Blender Output: Fra:97 Mem:119.20M (Peak 150.84M) | Time:00:00.18 | Rendering 25 / 64 samples

[2025-07-28T19:44:27.443Z] [DEBUG] [c290ca14-0ea6-4fac-8860-312570b26c76] Blender Output: Fra:97 Mem:119.20M (Peak 150.84M) | Time:00:00.34 | Rendering 50 / 64 samples

[2025-07-28T19:44:27.531Z] [DEBUG] [c290ca14-0ea6-4fac-8860-312570b26c76] Blender Output: Fra:97 Mem:119.20M (Peak 150.84M) | Time:00:00.43 | Rendering 64 / 64 samples

[2025-07-28T19:44:27.610Z] [DEBUG] [c290ca14-0ea6-4fac-8860-312570b26c76] Blender Output: Append frame 97
Time: 00:00.51 (Saving: 00:00.03)


[2025-07-28T19:44:27.646Z] [DEBUG] [c290ca14-0ea6-4fac-8860-312570b26c76] Blender Output: Fra:98 Mem:119.20M (Peak 150.84M) | Time:00:00.03 | Rendering 1 / 64 samples

[2025-07-28T19:44:27.799Z] [DEBUG] [c290ca14-0ea6-4fac-8860-312570b26c76] Blender Output: Fra:98 Mem:119.20M (Peak 150.84M) | Time:00:00.18 | Rendering 25 / 64 samples

[2025-07-28T19:44:27.956Z] [DEBUG] [c290ca14-0ea6-4fac-8860-312570b26c76] Blender Output: Fra:98 Mem:119.20M (Peak 150.84M) | Time:00:00.34 | Rendering 50 / 64 samples

[2025-07-28T19:44:28.044Z] [DEBUG] [c290ca14-0ea6-4fac-8860-312570b26c76] Blender Output: Fra:98 Mem:119.20M (Peak 150.84M) | Time:00:00.43 | Rendering 64 / 64 samples

[2025-07-28T19:44:28.121Z] [DEBUG] [c290ca14-0ea6-4fac-8860-312570b26c76] Blender Output: Append frame 98
Time: 00:00.51 (Saving: 00:00.03)


[2025-07-28T19:44:28.159Z] [DEBUG] [c290ca14-0ea6-4fac-8860-312570b26c76] Blender Output: Fra:99 Mem:119.20M (Peak 150.84M) | Time:00:00.03 | Rendering 1 / 64 samples

[2025-07-28T19:44:28.312Z] [DEBUG] [c290ca14-0ea6-4fac-8860-312570b26c76] Blender Output: Fra:99 Mem:119.20M (Peak 150.84M) | Time:00:00.19 | Rendering 25 / 64 samples

[2025-07-28T19:44:28.469Z] [DEBUG] [c290ca14-0ea6-4fac-8860-312570b26c76] Blender Output: Fra:99 Mem:119.20M (Peak 150.84M) | Time:00:00.34 | Rendering 50 / 64 samples

[2025-07-28T19:44:28.557Z] [DEBUG] [c290ca14-0ea6-4fac-8860-312570b26c76] Blender Output: Fra:99 Mem:119.20M (Peak 150.84M) | Time:00:00.43 | Rendering 64 / 64 samples

[2025-07-28T19:44:28.634Z] [DEBUG] [c290ca14-0ea6-4fac-8860-312570b26c76] Blender Output: Append frame 99
Time: 00:00.51 (Saving: 00:00.03)


[2025-07-28T19:44:28.671Z] [DEBUG] [c290ca14-0ea6-4fac-8860-312570b26c76] Blender Output: Fra:100 Mem:119.20M (Peak 150.84M) | Time:00:00.03 | Rendering 1 / 64 samples

[2025-07-28T19:44:28.829Z] [DEBUG] [c290ca14-0ea6-4fac-8860-312570b26c76] Blender Output: Fra:100 Mem:119.20M (Peak 150.84M) | Time:00:00.19 | Rendering 25 / 64 samples

[2025-07-28T19:44:28.991Z] [DEBUG] [c290ca14-0ea6-4fac-8860-312570b26c76] Blender Output: Fra:100 Mem:119.20M (Peak 150.84M) | Time:00:00.35 | Rendering 50 / 64 samples

[2025-07-28T19:44:29.082Z] [DEBUG] [c290ca14-0ea6-4fac-8860-312570b26c76] Blender Output: Fra:100 Mem:119.20M (Peak 150.84M) | Time:00:00.44 | Rendering 64 / 64 samples

[2025-07-28T19:44:29.157Z] [DEBUG] [c290ca14-0ea6-4fac-8860-312570b26c76] Blender Output: Append frame 100
Time: 00:00.52 (Saving: 00:00.03)


[2025-07-28T19:44:29.193Z] [DEBUG] [c290ca14-0ea6-4fac-8860-312570b26c76] Blender Output: Fra:101 Mem:119.20M (Peak 150.84M) | Time:00:00.03 | Rendering 1 / 64 samples

[2025-07-28T19:44:29.349Z] [DEBUG] [c290ca14-0ea6-4fac-8860-312570b26c76] Blender Output: Fra:101 Mem:119.20M (Peak 150.84M) | Time:00:00.19 | Rendering 25 / 64 samples

[2025-07-28T19:44:29.509Z] [DEBUG] [c290ca14-0ea6-4fac-8860-312570b26c76] Blender Output: Fra:101 Mem:119.20M (Peak 150.84M) | Time:00:00.35 | Rendering 50 / 64 samples

[2025-07-28T19:44:29.598Z] [DEBUG] [c290ca14-0ea6-4fac-8860-312570b26c76] Blender Output: Fra:101 Mem:119.20M (Peak 150.84M) | Time:00:00.44 | Rendering 64 / 64 samples

[2025-07-28T19:44:29.676Z] [DEBUG] [c290ca14-0ea6-4fac-8860-312570b26c76] Blender Output: Append frame 101
Time: 00:00.51 (Saving: 00:00.03)


[2025-07-28T19:44:29.712Z] [DEBUG] [c290ca14-0ea6-4fac-8860-312570b26c76] Blender Output: Fra:102 Mem:119.20M (Peak 150.84M) | Time:00:00.03 | Rendering 1 / 64 samples

[2025-07-28T19:44:29.868Z] [DEBUG] [c290ca14-0ea6-4fac-8860-312570b26c76] Blender Output: Fra:102 Mem:119.20M (Peak 150.84M) | Time:00:00.19 | Rendering 25 / 64 samples

[2025-07-28T19:44:30.027Z] [DEBUG] [c290ca14-0ea6-4fac-8860-312570b26c76] Blender Output: Fra:102 Mem:119.20M (Peak 150.84M) | Time:00:00.35 | Rendering 50 / 64 samples

[2025-07-28T19:44:30.116Z] [DEBUG] [c290ca14-0ea6-4fac-8860-312570b26c76] Blender Output: Fra:102 Mem:119.20M (Peak 150.84M) | Time:00:00.43 | Rendering 64 / 64 samples

[2025-07-28T19:44:30.194Z] [DEBUG] [c290ca14-0ea6-4fac-8860-312570b26c76] Blender Output: Append frame 102
Time: 00:00.51 (Saving: 00:00.03)


[2025-07-28T19:44:30.229Z] [DEBUG] [c290ca14-0ea6-4fac-8860-312570b26c76] Blender Output: Fra:103 Mem:119.20M (Peak 150.84M) | Time:00:00.03 | Rendering 1 / 64 samples

[2025-07-28T19:44:30.387Z] [DEBUG] [c290ca14-0ea6-4fac-8860-312570b26c76] Blender Output: Fra:103 Mem:119.20M (Peak 150.84M) | Time:00:00.19 | Rendering 25 / 64 samples

[2025-07-28T19:44:30.544Z] [DEBUG] [c290ca14-0ea6-4fac-8860-312570b26c76] Blender Output: Fra:103 Mem:119.20M (Peak 150.84M) | Time:00:00.35 | Rendering 50 / 64 samples

[2025-07-28T19:44:30.633Z] [DEBUG] [c290ca14-0ea6-4fac-8860-312570b26c76] Blender Output: Fra:103 Mem:119.20M (Peak 150.84M) | Time:00:00.43 | Rendering 64 / 64 samples

[2025-07-28T19:44:30.709Z] [DEBUG] [c290ca14-0ea6-4fac-8860-312570b26c76] Blender Output: Append frame 103
Time: 00:00.51 (Saving: 00:00.03)


[2025-07-28T19:44:30.747Z] [DEBUG] [c290ca14-0ea6-4fac-8860-312570b26c76] Blender Output: Fra:104 Mem:119.20M (Peak 150.84M) | Time:00:00.03 | Rendering 1 / 64 samples

[2025-07-28T19:44:30.902Z] [DEBUG] [c290ca14-0ea6-4fac-8860-312570b26c76] Blender Output: Fra:104 Mem:119.20M (Peak 150.84M) | Time:00:00.19 | Rendering 25 / 64 samples

[2025-07-28T19:44:31.062Z] [DEBUG] [c290ca14-0ea6-4fac-8860-312570b26c76] Blender Output: Fra:104 Mem:119.20M (Peak 150.84M) | Time:00:00.35 | Rendering 50 / 64 samples

[2025-07-28T19:44:31.153Z] [DEBUG] [c290ca14-0ea6-4fac-8860-312570b26c76] Blender Output: Fra:104 Mem:119.20M (Peak 150.84M) | Time:00:00.44 | Rendering 64 / 64 samples

[2025-07-28T19:44:31.228Z] [DEBUG] [c290ca14-0ea6-4fac-8860-312570b26c76] Blender Output: Append frame 104
Time: 00:00.51 (Saving: 00:00.03)


[2025-07-28T19:44:31.300Z] [DEBUG] [c290ca14-0ea6-4fac-8860-312570b26c76] Blender Output: Fra:105 Mem:119.20M (Peak 150.84M) | Time:00:00.07 | Rendering 1 / 64 samples

[2025-07-28T19:44:31.453Z] [DEBUG] [c290ca14-0ea6-4fac-8860-312570b26c76] Blender Output: Fra:105 Mem:119.20M (Peak 150.84M) | Time:00:00.22 | Rendering 25 / 64 samples

[2025-07-28T19:44:31.609Z] [DEBUG] [c290ca14-0ea6-4fac-8860-312570b26c76] Blender Output: Fra:105 Mem:119.20M (Peak 150.84M) | Time:00:00.38 | Rendering 50 / 64 samples

[2025-07-28T19:44:31.698Z] [DEBUG] [c290ca14-0ea6-4fac-8860-312570b26c76] Blender Output: Fra:105 Mem:119.20M (Peak 150.84M) | Time:00:00.47 | Rendering 64 / 64 samples

[2025-07-28T19:44:31.776Z] [DEBUG] [c290ca14-0ea6-4fac-8860-312570b26c76] Blender Output: Append frame 105
Time: 00:00.54 (Saving: 00:00.03)


[2025-07-28T19:44:31.813Z] [DEBUG] [c290ca14-0ea6-4fac-8860-312570b26c76] Blender Output: Fra:106 Mem:119.20M (Peak 150.84M) | Time:00:00.03 | Rendering 1 / 64 samples

[2025-07-28T19:44:31.974Z] [DEBUG] [c290ca14-0ea6-4fac-8860-312570b26c76] Blender Output: Fra:106 Mem:119.20M (Peak 150.84M) | Time:00:00.19 | Rendering 25 / 64 samples

[2025-07-28T19:44:32.138Z] [DEBUG] [c290ca14-0ea6-4fac-8860-312570b26c76] Blender Output: Fra:106 Mem:119.20M (Peak 150.84M) | Time:00:00.36 | Rendering 50 / 64 samples

[2025-07-28T19:44:32.229Z] [DEBUG] [c290ca14-0ea6-4fac-8860-312570b26c76] Blender Output: Fra:106 Mem:119.20M (Peak 150.84M) | Time:00:00.45 | Rendering 64 / 64 samples

[2025-07-28T19:44:32.307Z] [DEBUG] [c290ca14-0ea6-4fac-8860-312570b26c76] Blender Output: Append frame 106
Time: 00:00.53 (Saving: 00:00.03)


[2025-07-28T19:44:32.343Z] [DEBUG] [c290ca14-0ea6-4fac-8860-312570b26c76] Blender Output: Fra:107 Mem:119.20M (Peak 150.84M) | Time:00:00.03 | Rendering 1 / 64 samples

[2025-07-28T19:44:32.496Z] [DEBUG] [c290ca14-0ea6-4fac-8860-312570b26c76] Blender Output: Fra:107 Mem:119.20M (Peak 150.84M) | Time:00:00.18 | Rendering 25 / 64 samples

[2025-07-28T19:44:32.653Z] [DEBUG] [c290ca14-0ea6-4fac-8860-312570b26c76] Blender Output: Fra:107 Mem:119.20M (Peak 150.84M) | Time:00:00.34 | Rendering 50 / 64 samples

[2025-07-28T19:44:32.741Z] [DEBUG] [c290ca14-0ea6-4fac-8860-312570b26c76] Blender Output: Fra:107 Mem:119.20M (Peak 150.84M) | Time:00:00.43 | Rendering 64 / 64 samples

[2025-07-28T19:44:32.817Z] [DEBUG] [c290ca14-0ea6-4fac-8860-312570b26c76] Blender Output: Append frame 107
Time: 00:00.50 (Saving: 00:00.03)


[2025-07-28T19:44:32.853Z] [DEBUG] [c290ca14-0ea6-4fac-8860-312570b26c76] Blender Output: Fra:108 Mem:119.20M (Peak 150.84M) | Time:00:00.03 | Rendering 1 / 64 samples

[2025-07-28T19:44:33.005Z] [DEBUG] [c290ca14-0ea6-4fac-8860-312570b26c76] Blender Output: Fra:108 Mem:119.20M (Peak 150.84M) | Time:00:00.18 | Rendering 25 / 64 samples

[2025-07-28T19:44:33.160Z] [DEBUG] [c290ca14-0ea6-4fac-8860-312570b26c76] Blender Output: Fra:108 Mem:119.20M (Peak 150.84M) | Time:00:00.34 | Rendering 50 / 64 samples

[2025-07-28T19:44:33.247Z] [DEBUG] [c290ca14-0ea6-4fac-8860-312570b26c76] Blender Output: Fra:108 Mem:119.20M (Peak 150.84M) | Time:00:00.43 | Rendering 64 / 64 samples

[2025-07-28T19:44:33.324Z] [DEBUG] [c290ca14-0ea6-4fac-8860-312570b26c76] Blender Output: Append frame 108
Time: 00:00.50 (Saving: 00:00.03)


[2025-07-28T19:44:33.360Z] [DEBUG] [c290ca14-0ea6-4fac-8860-312570b26c76] Blender Output: Fra:109 Mem:119.20M (Peak 150.84M) | Time:00:00.03 | Rendering 1 / 64 samples

[2025-07-28T19:44:33.517Z] [DEBUG] [c290ca14-0ea6-4fac-8860-312570b26c76] Blender Output: Fra:109 Mem:119.20M (Peak 150.84M) | Time:00:00.19 | Rendering 25 / 64 samples

[2025-07-28T19:44:33.678Z] [DEBUG] [c290ca14-0ea6-4fac-8860-312570b26c76] Blender Output: Fra:109 Mem:119.20M (Peak 150.84M) | Time:00:00.35 | Rendering 50 / 64 samples

[2025-07-28T19:44:33.768Z] [DEBUG] [c290ca14-0ea6-4fac-8860-312570b26c76] Blender Output: Fra:109 Mem:119.20M (Peak 150.84M) | Time:00:00.44 | Rendering 64 / 64 samples

[2025-07-28T19:44:33.844Z] [DEBUG] [c290ca14-0ea6-4fac-8860-312570b26c76] Blender Output: Append frame 109
Time: 00:00.51 (Saving: 00:00.03)


[2025-07-28T19:44:33.880Z] [DEBUG] [c290ca14-0ea6-4fac-8860-312570b26c76] Blender Output: Fra:110 Mem:119.20M (Peak 150.84M) | Time:00:00.03 | Rendering 1 / 64 samples

[2025-07-28T19:44:34.032Z] [DEBUG] [c290ca14-0ea6-4fac-8860-312570b26c76] Blender Output: Fra:110 Mem:119.20M (Peak 150.84M) | Time:00:00.18 | Rendering 25 / 64 samples

[2025-07-28T19:44:34.188Z] [DEBUG] [c290ca14-0ea6-4fac-8860-312570b26c76] Blender Output: Fra:110 Mem:119.20M (Peak 150.84M) | Time:00:00.34 | Rendering 50 / 64 samples

[2025-07-28T19:44:34.276Z] [DEBUG] [c290ca14-0ea6-4fac-8860-312570b26c76] Blender Output: Fra:110 Mem:119.20M (Peak 150.84M) | Time:00:00.43 | Rendering 64 / 64 samples

[2025-07-28T19:44:34.353Z] [DEBUG] [c290ca14-0ea6-4fac-8860-312570b26c76] Blender Output: Append frame 110
Time: 00:00.50 (Saving: 00:00.03)


[2025-07-28T19:44:34.389Z] [DEBUG] [c290ca14-0ea6-4fac-8860-312570b26c76] Blender Output: Fra:111 Mem:119.20M (Peak 150.84M) | Time:00:00.03 | Rendering 1 / 64 samples

[2025-07-28T19:44:34.543Z] [DEBUG] [c290ca14-0ea6-4fac-8860-312570b26c76] Blender Output: Fra:111 Mem:119.20M (Peak 150.84M) | Time:00:00.18 | Rendering 25 / 64 samples

[2025-07-28T19:44:34.699Z] [DEBUG] [c290ca14-0ea6-4fac-8860-312570b26c76] Blender Output: Fra:111 Mem:119.20M (Peak 150.84M) | Time:00:00.34 | Rendering 50 / 64 samples

[2025-07-28T19:44:34.787Z] [DEBUG] [c290ca14-0ea6-4fac-8860-312570b26c76] Blender Output: Fra:111 Mem:119.20M (Peak 150.84M) | Time:00:00.43 | Rendering 64 / 64 samples

[2025-07-28T19:44:34.864Z] [DEBUG] [c290ca14-0ea6-4fac-8860-312570b26c76] Blender Output: Append frame 111
Time: 00:00.51 (Saving: 00:00.03)


[2025-07-28T19:44:34.901Z] [DEBUG] [c290ca14-0ea6-4fac-8860-312570b26c76] Blender Output: Fra:112 Mem:119.20M (Peak 150.84M) | Time:00:00.03 | Rendering 1 / 64 samples

[2025-07-28T19:44:35.053Z] [DEBUG] [c290ca14-0ea6-4fac-8860-312570b26c76] Blender Output: Fra:112 Mem:119.20M (Peak 150.84M) | Time:00:00.18 | Rendering 25 / 64 samples

[2025-07-28T19:44:35.208Z] [DEBUG] [c290ca14-0ea6-4fac-8860-312570b26c76] Blender Output: Fra:112 Mem:119.20M (Peak 150.84M) | Time:00:00.34 | Rendering 50 / 64 samples

[2025-07-28T19:44:35.296Z] [DEBUG] [c290ca14-0ea6-4fac-8860-312570b26c76] Blender Output: Fra:112 Mem:119.20M (Peak 150.84M) | Time:00:00.43 | Rendering 64 / 64 samples

[2025-07-28T19:44:35.374Z] [DEBUG] [c290ca14-0ea6-4fac-8860-312570b26c76] Blender Output: Append frame 112
Time: 00:00.50 (Saving: 00:00.03)


[2025-07-28T19:44:35.410Z] [DEBUG] [c290ca14-0ea6-4fac-8860-312570b26c76] Blender Output: Fra:113 Mem:119.20M (Peak 150.84M) | Time:00:00.03 | Rendering 1 / 64 samples

[2025-07-28T19:44:35.562Z] [DEBUG] [c290ca14-0ea6-4fac-8860-312570b26c76] Blender Output: Fra:113 Mem:119.20M (Peak 150.84M) | Time:00:00.18 | Rendering 25 / 64 samples

[2025-07-28T19:44:35.717Z] [DEBUG] [c290ca14-0ea6-4fac-8860-312570b26c76] Blender Output: Fra:113 Mem:119.20M (Peak 150.84M) | Time:00:00.34 | Rendering 50 / 64 samples

[2025-07-28T19:44:35.806Z] [DEBUG] [c290ca14-0ea6-4fac-8860-312570b26c76] Blender Output: Fra:113 Mem:119.20M (Peak 150.84M) | Time:00:00.43 | Rendering 64 / 64 samples

[2025-07-28T19:44:35.882Z] [DEBUG] [c290ca14-0ea6-4fac-8860-312570b26c76] Blender Output: Append frame 113
Time: 00:00.50 (Saving: 00:00.03)


[2025-07-28T19:44:35.920Z] [DEBUG] [c290ca14-0ea6-4fac-8860-312570b26c76] Blender Output: Fra:114 Mem:119.20M (Peak 150.84M) | Time:00:00.03 | Rendering 1 / 64 samples

[2025-07-28T19:44:36.071Z] [DEBUG] [c290ca14-0ea6-4fac-8860-312570b26c76] Blender Output: Fra:114 Mem:119.20M (Peak 150.84M) | Time:00:00.18 | Rendering 25 / 64 samples

[2025-07-28T19:44:36.226Z] [DEBUG] [c290ca14-0ea6-4fac-8860-312570b26c76] Blender Output: Fra:114 Mem:119.20M (Peak 150.84M) | Time:00:00.34 | Rendering 50 / 64 samples

[2025-07-28T19:44:36.315Z] [DEBUG] [c290ca14-0ea6-4fac-8860-312570b26c76] Blender Output: Fra:114 Mem:119.20M (Peak 150.84M) | Time:00:00.43 | Rendering 64 / 64 samples

[2025-07-28T19:44:36.394Z] [DEBUG] [c290ca14-0ea6-4fac-8860-312570b26c76] Blender Output: Append frame 114
Time: 00:00.51 (Saving: 00:00.03)


[2025-07-28T19:44:36.432Z] [DEBUG] [c290ca14-0ea6-4fac-8860-312570b26c76] Blender Output: Fra:115 Mem:119.20M (Peak 150.84M) | Time:00:00.03 | Rendering 1 / 64 samples

[2025-07-28T19:44:36.587Z] [DEBUG] [c290ca14-0ea6-4fac-8860-312570b26c76] Blender Output: Fra:115 Mem:119.20M (Peak 150.84M) | Time:00:00.19 | Rendering 25 / 64 samples

[2025-07-28T19:44:36.747Z] [DEBUG] [c290ca14-0ea6-4fac-8860-312570b26c76] Blender Output: Fra:115 Mem:119.20M (Peak 150.84M) | Time:00:00.35 | Rendering 50 / 64 samples

[2025-07-28T19:44:36.836Z] [DEBUG] [c290ca14-0ea6-4fac-8860-312570b26c76] Blender Output: Fra:115 Mem:119.20M (Peak 150.84M) | Time:00:00.44 | Rendering 64 / 64 samples

[2025-07-28T19:44:36.914Z] [DEBUG] [c290ca14-0ea6-4fac-8860-312570b26c76] Blender Output: Append frame 115
Time: 00:00.51 (Saving: 00:00.03)


[2025-07-28T19:44:36.951Z] [DEBUG] [c290ca14-0ea6-4fac-8860-312570b26c76] Blender Output: Fra:116 Mem:119.20M (Peak 150.84M) | Time:00:00.03 | Rendering 1 / 64 samples

[2025-07-28T19:44:37.106Z] [DEBUG] [c290ca14-0ea6-4fac-8860-312570b26c76] Blender Output: Fra:116 Mem:119.20M (Peak 150.84M) | Time:00:00.19 | Rendering 25 / 64 samples

[2025-07-28T19:44:37.263Z] [DEBUG] [c290ca14-0ea6-4fac-8860-312570b26c76] Blender Output: Fra:116 Mem:119.20M (Peak 150.84M) | Time:00:00.34 | Rendering 50 / 64 samples

[2025-07-28T19:44:37.351Z] [DEBUG] [c290ca14-0ea6-4fac-8860-312570b26c76] Blender Output: Fra:116 Mem:119.20M (Peak 150.84M) | Time:00:00.43 | Rendering 64 / 64 samples

[2025-07-28T19:44:37.428Z] [DEBUG] [c290ca14-0ea6-4fac-8860-312570b26c76] Blender Output: Append frame 116
Time: 00:00.51 (Saving: 00:00.03)


[2025-07-28T19:44:37.465Z] [DEBUG] [c290ca14-0ea6-4fac-8860-312570b26c76] Blender Output: Fra:117 Mem:119.20M (Peak 150.84M) | Time:00:00.03 | Rendering 1 / 64 samples

[2025-07-28T19:44:37.621Z] [DEBUG] [c290ca14-0ea6-4fac-8860-312570b26c76] Blender Output: Fra:117 Mem:119.20M (Peak 150.84M) | Time:00:00.19 | Rendering 25 / 64 samples

[2025-07-28T19:44:37.779Z] [DEBUG] [c290ca14-0ea6-4fac-8860-312570b26c76] Blender Output: Fra:117 Mem:119.20M (Peak 150.84M) | Time:00:00.35 | Rendering 50 / 64 samples

[2025-07-28T19:44:37.868Z] [DEBUG] [c290ca14-0ea6-4fac-8860-312570b26c76] Blender Output: Fra:117 Mem:119.20M (Peak 150.84M) | Time:00:00.43 | Rendering 64 / 64 samples

[2025-07-28T19:44:37.944Z] [DEBUG] [c290ca14-0ea6-4fac-8860-312570b26c76] Blender Output: Append frame 117
Time: 00:00.51 (Saving: 00:00.03)


[2025-07-28T19:44:37.980Z] [DEBUG] [c290ca14-0ea6-4fac-8860-312570b26c76] Blender Output: Fra:118 Mem:119.20M (Peak 150.84M) | Time:00:00.03 | Rendering 1 / 64 samples

[2025-07-28T19:44:38.136Z] [DEBUG] [c290ca14-0ea6-4fac-8860-312570b26c76] Blender Output: Fra:118 Mem:119.20M (Peak 150.84M) | Time:00:00.19 | Rendering 25 / 64 samples

[2025-07-28T19:44:38.294Z] [DEBUG] [c290ca14-0ea6-4fac-8860-312570b26c76] Blender Output: Fra:118 Mem:119.20M (Peak 150.84M) | Time:00:00.35 | Rendering 50 / 64 samples

[2025-07-28T19:44:38.384Z] [DEBUG] [c290ca14-0ea6-4fac-8860-312570b26c76] Blender Output: Fra:118 Mem:119.20M (Peak 150.84M) | Time:00:00.44 | Rendering 64 / 64 samples

[2025-07-28T19:44:38.460Z] [DEBUG] [c290ca14-0ea6-4fac-8860-312570b26c76] Blender Output: Append frame 118
Time: 00:00.51 (Saving: 00:00.03)


[2025-07-28T19:44:38.497Z] [DEBUG] [c290ca14-0ea6-4fac-8860-312570b26c76] Blender Output: Fra:119 Mem:119.20M (Peak 150.84M) | Time:00:00.03 | Rendering 1 / 64 samples

[2025-07-28T19:44:38.653Z] [DEBUG] [c290ca14-0ea6-4fac-8860-312570b26c76] Blender Output: Fra:119 Mem:119.20M (Peak 150.84M) | Time:00:00.19 | Rendering 25 / 64 samples

[2025-07-28T19:44:38.814Z] [DEBUG] [c290ca14-0ea6-4fac-8860-312570b26c76] Blender Output: Fra:119 Mem:119.20M (Peak 150.84M) | Time:00:00.35 | Rendering 50 / 64 samples

[2025-07-28T19:44:38.904Z] [DEBUG] [c290ca14-0ea6-4fac-8860-312570b26c76] Blender Output: Fra:119 Mem:119.20M (Peak 150.84M) | Time:00:00.44 | Rendering 64 / 64 samples

[2025-07-28T19:44:38.978Z] [DEBUG] [c290ca14-0ea6-4fac-8860-312570b26c76] Blender Output: Append frame 119
Time: 00:00.51 (Saving: 00:00.03)


[2025-07-28T19:44:39.015Z] [DEBUG] [c290ca14-0ea6-4fac-8860-312570b26c76] Blender Output: Fra:120 Mem:119.20M (Peak 150.84M) | Time:00:00.03 | Rendering 1 / 64 samples

[2025-07-28T19:44:39.170Z] [DEBUG] [c290ca14-0ea6-4fac-8860-312570b26c76] Blender Output: Fra:120 Mem:119.20M (Peak 150.84M) | Time:00:00.19 | Rendering 25 / 64 samples

[2025-07-28T19:44:39.327Z] [DEBUG] [c290ca14-0ea6-4fac-8860-312570b26c76] Blender Output: Fra:120 Mem:119.20M (Peak 150.84M) | Time:00:00.34 | Rendering 50 / 64 samples

[2025-07-28T19:44:39.416Z] [DEBUG] [c290ca14-0ea6-4fac-8860-312570b26c76] Blender Output: Fra:120 Mem:119.20M (Peak 150.84M) | Time:00:00.43 | Rendering 64 / 64 samples

[2025-07-28T19:44:39.493Z] [DEBUG] [c290ca14-0ea6-4fac-8860-312570b26c76] Blender Output: Append frame 120
Time: 00:00.51 (Saving: 00:00.03)


[2025-07-28T19:44:39.529Z] [DEBUG] [c290ca14-0ea6-4fac-8860-312570b26c76] Blender Output: Fra:121 Mem:119.20M (Peak 150.84M) | Time:00:00.03 | Rendering 1 / 64 samples

[2025-07-28T19:44:39.683Z] [DEBUG] [c290ca14-0ea6-4fac-8860-312570b26c76] Blender Output: Fra:121 Mem:119.20M (Peak 150.84M) | Time:00:00.19 | Rendering 25 / 64 samples

[2025-07-28T19:44:39.841Z] [DEBUG] [c290ca14-0ea6-4fac-8860-312570b26c76] Blender Output: Fra:121 Mem:119.20M (Peak 150.84M) | Time:00:00.34 | Rendering 50 / 64 samples

[2025-07-28T19:44:39.930Z] [DEBUG] [c290ca14-0ea6-4fac-8860-312570b26c76] Blender Output: Fra:121 Mem:119.20M (Peak 150.84M) | Time:00:00.43 | Rendering 64 / 64 samples

[2025-07-28T19:44:40.007Z] [DEBUG] [c290ca14-0ea6-4fac-8860-312570b26c76] Blender Output: Append frame 121
Time: 00:00.51 (Saving: 00:00.03)


[2025-07-28T19:44:40.043Z] [DEBUG] [c290ca14-0ea6-4fac-8860-312570b26c76] Blender Output: Fra:122 Mem:119.20M (Peak 150.84M) | Time:00:00.03 | Rendering 1 / 64 samples

[2025-07-28T19:44:40.203Z] [DEBUG] [c290ca14-0ea6-4fac-8860-312570b26c76] Blender Output: Fra:122 Mem:119.20M (Peak 150.84M) | Time:00:00.19 | Rendering 25 / 64 samples

[2025-07-28T19:44:40.361Z] [DEBUG] [c290ca14-0ea6-4fac-8860-312570b26c76] Blender Output: Fra:122 Mem:119.20M (Peak 150.84M) | Time:00:00.35 | Rendering 50 / 64 samples

[2025-07-28T19:44:40.450Z] [DEBUG] [c290ca14-0ea6-4fac-8860-312570b26c76] Blender Output: Fra:122 Mem:119.20M (Peak 150.84M) | Time:00:00.44 | Rendering 64 / 64 samples

[2025-07-28T19:44:40.524Z] [DEBUG] [c290ca14-0ea6-4fac-8860-312570b26c76] Blender Output: Append frame 122
Time: 00:00.51 (Saving: 00:00.03)


[2025-07-28T19:44:40.561Z] [DEBUG] [c290ca14-0ea6-4fac-8860-312570b26c76] Blender Output: Fra:123 Mem:119.20M (Peak 150.84M) | Time:00:00.03 | Rendering 1 / 64 samples

[2025-07-28T19:44:40.713Z] [DEBUG] [c290ca14-0ea6-4fac-8860-312570b26c76] Blender Output: Fra:123 Mem:119.20M (Peak 150.84M) | Time:00:00.18 | Rendering 25 / 64 samples

[2025-07-28T19:44:40.868Z] [DEBUG] [c290ca14-0ea6-4fac-8860-312570b26c76] Blender Output: Fra:123 Mem:119.20M (Peak 150.84M) | Time:00:00.34 | Rendering 50 / 64 samples

[2025-07-28T19:44:40.955Z] [DEBUG] [c290ca14-0ea6-4fac-8860-312570b26c76] Blender Output: Fra:123 Mem:119.20M (Peak 150.84M) | Time:00:00.43 | Rendering 64 / 64 samples

[2025-07-28T19:44:41.032Z] [DEBUG] [c290ca14-0ea6-4fac-8860-312570b26c76] Blender Output: Append frame 123
Time: 00:00.50 (Saving: 00:00.03)


[2025-07-28T19:44:41.070Z] [DEBUG] [c290ca14-0ea6-4fac-8860-312570b26c76] Blender Output: Fra:124 Mem:119.20M (Peak 150.84M) | Time:00:00.03 | Rendering 1 / 64 samples

[2025-07-28T19:44:41.221Z] [DEBUG] [c290ca14-0ea6-4fac-8860-312570b26c76] Blender Output: Fra:124 Mem:119.20M (Peak 150.84M) | Time:00:00.18 | Rendering 25 / 64 samples

[2025-07-28T19:44:41.377Z] [DEBUG] [c290ca14-0ea6-4fac-8860-312570b26c76] Blender Output: Fra:124 Mem:119.20M (Peak 150.84M) | Time:00:00.34 | Rendering 50 / 64 samples

[2025-07-28T19:44:41.465Z] [DEBUG] [c290ca14-0ea6-4fac-8860-312570b26c76] Blender Output: Fra:124 Mem:119.20M (Peak 150.84M) | Time:00:00.43 | Rendering 64 / 64 samples

[2025-07-28T19:44:41.543Z] [DEBUG] [c290ca14-0ea6-4fac-8860-312570b26c76] Blender Output: Append frame 124
Time: 00:00.51 (Saving: 00:00.03)


[2025-07-28T19:44:41.578Z] [DEBUG] [c290ca14-0ea6-4fac-8860-312570b26c76] Blender Output: Fra:125 Mem:119.20M (Peak 150.84M) | Time:00:00.03 | Rendering 1 / 64 samples

[2025-07-28T19:44:41.730Z] [DEBUG] [c290ca14-0ea6-4fac-8860-312570b26c76] Blender Output: Fra:125 Mem:119.20M (Peak 150.84M) | Time:00:00.18 | Rendering 25 / 64 samples

[2025-07-28T19:44:41.884Z] [DEBUG] [c290ca14-0ea6-4fac-8860-312570b26c76] Blender Output: Fra:125 Mem:119.20M (Peak 150.84M) | Time:00:00.34 | Rendering 50 / 64 samples

[2025-07-28T19:44:41.972Z] [DEBUG] [c290ca14-0ea6-4fac-8860-312570b26c76] Blender Output: Fra:125 Mem:119.20M (Peak 150.84M) | Time:00:00.42 | Rendering 64 / 64 samples

[2025-07-28T19:44:42.051Z] [DEBUG] [c290ca14-0ea6-4fac-8860-312570b26c76] Blender Output: Append frame 125
Time: 00:00.50 (Saving: 00:00.03)


[2025-07-28T19:44:42.089Z] [DEBUG] [c290ca14-0ea6-4fac-8860-312570b26c76] Blender Output: Fra:126 Mem:119.20M (Peak 150.84M) | Time:00:00.03 | Rendering 1 / 64 samples

[2025-07-28T19:44:42.241Z] [DEBUG] [c290ca14-0ea6-4fac-8860-312570b26c76] Blender Output: Fra:126 Mem:119.20M (Peak 150.84M) | Time:00:00.18 | Rendering 25 / 64 samples

[2025-07-28T19:44:42.396Z] [DEBUG] [c290ca14-0ea6-4fac-8860-312570b26c76] Blender Output: Fra:126 Mem:119.20M (Peak 150.84M) | Time:00:00.34 | Rendering 50 / 64 samples

[2025-07-28T19:44:42.483Z] [DEBUG] [c290ca14-0ea6-4fac-8860-312570b26c76] Blender Output: Fra:126 Mem:119.20M (Peak 150.84M) | Time:00:00.43 | Rendering 64 / 64 samples

[2025-07-28T19:44:42.560Z] [DEBUG] [c290ca14-0ea6-4fac-8860-312570b26c76] Blender Output: Append frame 126
Time: 00:00.50 (Saving: 00:00.03)


[2025-07-28T19:44:42.596Z] [DEBUG] [c290ca14-0ea6-4fac-8860-312570b26c76] Blender Output: Fra:127 Mem:119.20M (Peak 150.84M) | Time:00:00.03 | Rendering 1 / 64 samples

[2025-07-28T19:44:42.749Z] [DEBUG] [c290ca14-0ea6-4fac-8860-312570b26c76] Blender Output: Fra:127 Mem:119.20M (Peak 150.84M) | Time:00:00.18 | Rendering 25 / 64 samples

[2025-07-28T19:44:42.904Z] [DEBUG] [c290ca14-0ea6-4fac-8860-312570b26c76] Blender Output: Fra:127 Mem:119.20M (Peak 150.84M) | Time:00:00.34 | Rendering 50 / 64 samples

[2025-07-28T19:44:42.991Z] [DEBUG] [c290ca14-0ea6-4fac-8860-312570b26c76] Blender Output: Fra:127 Mem:119.20M (Peak 150.84M) | Time:00:00.43 | Rendering 64 / 64 samples

[2025-07-28T19:44:43.069Z] [DEBUG] [c290ca14-0ea6-4fac-8860-312570b26c76] Blender Output: Append frame 127
Time: 00:00.50 (Saving: 00:00.03)


[2025-07-28T19:44:43.105Z] [DEBUG] [c290ca14-0ea6-4fac-8860-312570b26c76] Blender Output: Fra:128 Mem:119.20M (Peak 150.84M) | Time:00:00.03 | Rendering 1 / 64 samples

[2025-07-28T19:44:43.258Z] [DEBUG] [c290ca14-0ea6-4fac-8860-312570b26c76] Blender Output: Fra:128 Mem:119.20M (Peak 150.84M) | Time:00:00.18 | Rendering 25 / 64 samples

[2025-07-28T19:44:43.413Z] [DEBUG] [c290ca14-0ea6-4fac-8860-312570b26c76] Blender Output: Fra:128 Mem:119.20M (Peak 150.84M) | Time:00:00.34 | Rendering 50 / 64 samples

[2025-07-28T19:44:43.500Z] [DEBUG] [c290ca14-0ea6-4fac-8860-312570b26c76] Blender Output: Fra:128 Mem:119.20M (Peak 150.84M) | Time:00:00.43 | Rendering 64 / 64 samples

[2025-07-28T19:44:43.575Z] [DEBUG] [c290ca14-0ea6-4fac-8860-312570b26c76] Blender Output: Append frame 128
Time: 00:00.50 (Saving: 00:00.03)


[2025-07-28T19:44:43.611Z] [DEBUG] [c290ca14-0ea6-4fac-8860-312570b26c76] Blender Output: Fra:129 Mem:119.20M (Peak 150.84M) | Time:00:00.03 | Rendering 1 / 64 samples

[2025-07-28T19:44:43.765Z] [DEBUG] [c290ca14-0ea6-4fac-8860-312570b26c76] Blender Output: Fra:129 Mem:119.20M (Peak 150.84M) | Time:00:00.18 | Rendering 25 / 64 samples

[2025-07-28T19:44:43.921Z] [DEBUG] [c290ca14-0ea6-4fac-8860-312570b26c76] Blender Output: Fra:129 Mem:119.20M (Peak 150.84M) | Time:00:00.34 | Rendering 50 / 64 samples

[2025-07-28T19:44:44.009Z] [DEBUG] [c290ca14-0ea6-4fac-8860-312570b26c76] Blender Output: Fra:129 Mem:119.20M (Peak 150.84M) | Time:00:00.43 | Rendering 64 / 64 samples

[2025-07-28T19:44:44.088Z] [DEBUG] [c290ca14-0ea6-4fac-8860-312570b26c76] Blender Output: Append frame 129
Time: 00:00.51 (Saving: 00:00.03)


[2025-07-28T19:44:44.124Z] [DEBUG] [c290ca14-0ea6-4fac-8860-312570b26c76] Blender Output: Fra:130 Mem:119.20M (Peak 150.84M) | Time:00:00.03 | Rendering 1 / 64 samples

[2025-07-28T19:44:44.279Z] [DEBUG] [c290ca14-0ea6-4fac-8860-312570b26c76] Blender Output: Fra:130 Mem:119.20M (Peak 150.84M) | Time:00:00.19 | Rendering 25 / 64 samples

[2025-07-28T19:44:44.438Z] [DEBUG] [c290ca14-0ea6-4fac-8860-312570b26c76] Blender Output: Fra:130 Mem:119.20M (Peak 150.84M) | Time:00:00.35 | Rendering 50 / 64 samples

[2025-07-28T19:44:44.526Z] [DEBUG] [c290ca14-0ea6-4fac-8860-312570b26c76] Blender Output: Fra:130 Mem:119.20M (Peak 150.84M) | Time:00:00.43 | Rendering 64 / 64 samples

[2025-07-28T19:44:44.604Z] [DEBUG] [c290ca14-0ea6-4fac-8860-312570b26c76] Blender Output: Append frame 130
Time: 00:00.51 (Saving: 00:00.03)


[2025-07-28T19:44:44.641Z] [DEBUG] [c290ca14-0ea6-4fac-8860-312570b26c76] Blender Output: Fra:131 Mem:119.20M (Peak 150.84M) | Time:00:00.03 | Rendering 1 / 64 samples

[2025-07-28T19:44:44.797Z] [DEBUG] [c290ca14-0ea6-4fac-8860-312570b26c76] Blender Output: Fra:131 Mem:119.20M (Peak 150.84M) | Time:00:00.19 | Rendering 25 / 64 samples

[2025-07-28T19:44:44.957Z] [DEBUG] [c290ca14-0ea6-4fac-8860-312570b26c76] Blender Output: Fra:131 Mem:119.20M (Peak 150.84M) | Time:00:00.35 | Rendering 50 / 64 samples

[2025-07-28T19:44:45.046Z] [DEBUG] [c290ca14-0ea6-4fac-8860-312570b26c76] Blender Output: Fra:131 Mem:119.20M (Peak 150.84M) | Time:00:00.44 | Rendering 64 / 64 samples

[2025-07-28T19:44:45.121Z] [DEBUG] [c290ca14-0ea6-4fac-8860-312570b26c76] Blender Output: Append frame 131
Time: 00:00.51 (Saving: 00:00.03)


[2025-07-28T19:44:45.157Z] [DEBUG] [c290ca14-0ea6-4fac-8860-312570b26c76] Blender Output: Fra:132 Mem:119.20M (Peak 150.84M) | Time:00:00.03 | Rendering 1 / 64 samples

[2025-07-28T19:44:45.314Z] [DEBUG] [c290ca14-0ea6-4fac-8860-312570b26c76] Blender Output: Fra:132 Mem:119.20M (Peak 150.84M) | Time:00:00.19 | Rendering 25 / 64 samples

[2025-07-28T19:44:45.472Z] [DEBUG] [c290ca14-0ea6-4fac-8860-312570b26c76] Blender Output: Fra:132 Mem:119.20M (Peak 150.84M) | Time:00:00.35 | Rendering 50 / 64 samples

[2025-07-28T19:44:45.563Z] [DEBUG] [c290ca14-0ea6-4fac-8860-312570b26c76] Blender Output: Fra:132 Mem:119.20M (Peak 150.84M) | Time:00:00.44 | Rendering 64 / 64 samples

[2025-07-28T19:44:45.641Z] [DEBUG] [c290ca14-0ea6-4fac-8860-312570b26c76] Blender Output: Append frame 132
Time: 00:00.51 (Saving: 00:00.03)


[2025-07-28T19:44:45.685Z] [DEBUG] [c290ca14-0ea6-4fac-8860-312570b26c76] Blender Output: Fra:133 Mem:119.20M (Peak 150.84M) | Time:00:00.04 | Rendering 1 / 64 samples

[2025-07-28T19:44:45.841Z] [DEBUG] [c290ca14-0ea6-4fac-8860-312570b26c76] Blender Output: Fra:133 Mem:119.20M (Peak 150.84M) | Time:00:00.20 | Rendering 25 / 64 samples

[2025-07-28T19:44:45.999Z] [DEBUG] [c290ca14-0ea6-4fac-8860-312570b26c76] Blender Output: Fra:133 Mem:119.20M (Peak 150.84M) | Time:00:00.35 | Rendering 50 / 64 samples

[2025-07-28T19:44:46.087Z] [DEBUG] [c290ca14-0ea6-4fac-8860-312570b26c76] Blender Output: Fra:133 Mem:119.20M (Peak 150.84M) | Time:00:00.44 | Rendering 64 / 64 samples

[2025-07-28T19:44:46.163Z] [DEBUG] [c290ca14-0ea6-4fac-8860-312570b26c76] Blender Output: Append frame 133
Time: 00:00.52 (Saving: 00:00.03)


[2025-07-28T19:44:46.204Z] [DEBUG] [c290ca14-0ea6-4fac-8860-312570b26c76] Blender Output: Fra:134 Mem:119.20M (Peak 150.84M) | Time:00:00.04 | Rendering 1 / 64 samples

[2025-07-28T19:44:46.361Z] [DEBUG] [c290ca14-0ea6-4fac-8860-312570b26c76] Blender Output: Fra:134 Mem:119.20M (Peak 150.84M) | Time:00:00.19 | Rendering 25 / 64 samples

[2025-07-28T19:44:46.518Z] [DEBUG] [c290ca14-0ea6-4fac-8860-312570b26c76] Blender Output: Fra:134 Mem:119.20M (Peak 150.84M) | Time:00:00.35 | Rendering 50 / 64 samples

[2025-07-28T19:44:46.607Z] [DEBUG] [c290ca14-0ea6-4fac-8860-312570b26c76] Blender Output: Fra:134 Mem:119.20M (Peak 150.84M) | Time:00:00.44 | Rendering 64 / 64 samples

[2025-07-28T19:44:46.681Z] [DEBUG] [c290ca14-0ea6-4fac-8860-312570b26c76] Blender Output: Append frame 134
Time: 00:00.51 (Saving: 00:00.03)


[2025-07-28T19:44:46.718Z] [DEBUG] [c290ca14-0ea6-4fac-8860-312570b26c76] Blender Output: Fra:135 Mem:119.20M (Peak 150.84M) | Time:00:00.03 | Rendering 1 / 64 samples

[2025-07-28T19:44:46.873Z] [DEBUG] [c290ca14-0ea6-4fac-8860-312570b26c76] Blender Output: Fra:135 Mem:119.20M (Peak 150.84M) | Time:00:00.19 | Rendering 25 / 64 samples

[2025-07-28T19:44:47.029Z] [DEBUG] [c290ca14-0ea6-4fac-8860-312570b26c76] Blender Output: Fra:135 Mem:119.20M (Peak 150.84M) | Time:00:00.34 | Rendering 50 / 64 samples

[2025-07-28T19:44:47.116Z] [DEBUG] [c290ca14-0ea6-4fac-8860-312570b26c76] Blender Output: Fra:135 Mem:119.20M (Peak 150.84M) | Time:00:00.43 | Rendering 64 / 64 samples

[2025-07-28T19:44:47.194Z] [DEBUG] [c290ca14-0ea6-4fac-8860-312570b26c76] Blender Output: Append frame 135
Time: 00:00.51 (Saving: 00:00.03)


[2025-07-28T19:44:47.231Z] [DEBUG] [c290ca14-0ea6-4fac-8860-312570b26c76] Blender Output: Fra:136 Mem:119.20M (Peak 150.84M) | Time:00:00.03 | Rendering 1 / 64 samples

[2025-07-28T19:44:47.384Z] [DEBUG] [c290ca14-0ea6-4fac-8860-312570b26c76] Blender Output: Fra:136 Mem:119.20M (Peak 150.84M) | Time:00:00.18 | Rendering 25 / 64 samples

[2025-07-28T19:44:47.538Z] [DEBUG] [c290ca14-0ea6-4fac-8860-312570b26c76] Blender Output: Fra:136 Mem:119.20M (Peak 150.84M) | Time:00:00.34 | Rendering 50 / 64 samples

[2025-07-28T19:44:47.626Z] [DEBUG] [c290ca14-0ea6-4fac-8860-312570b26c76] Blender Output: Fra:136 Mem:119.20M (Peak 150.84M) | Time:00:00.43 | Rendering 64 / 64 samples

[2025-07-28T19:44:47.703Z] [DEBUG] [c290ca14-0ea6-4fac-8860-312570b26c76] Blender Output: Append frame 136
Time: 00:00.50 (Saving: 00:00.03)


[2025-07-28T19:44:47.740Z] [DEBUG] [c290ca14-0ea6-4fac-8860-312570b26c76] Blender Output: Fra:137 Mem:119.20M (Peak 150.84M) | Time:00:00.03 | Rendering 1 / 64 samples

[2025-07-28T19:44:47.892Z] [DEBUG] [c290ca14-0ea6-4fac-8860-312570b26c76] Blender Output: Fra:137 Mem:119.20M (Peak 150.84M) | Time:00:00.18 | Rendering 25 / 64 samples

[2025-07-28T19:44:48.046Z] [DEBUG] [c290ca14-0ea6-4fac-8860-312570b26c76] Blender Output: Fra:137 Mem:119.20M (Peak 150.84M) | Time:00:00.34 | Rendering 50 / 64 samples

[2025-07-28T19:44:48.133Z] [DEBUG] [c290ca14-0ea6-4fac-8860-312570b26c76] Blender Output: Fra:137 Mem:119.20M (Peak 150.84M) | Time:00:00.42 | Rendering 64 / 64 samples

[2025-07-28T19:44:48.212Z] [DEBUG] [c290ca14-0ea6-4fac-8860-312570b26c76] Blender Output: Append frame 137
Time: 00:00.50 (Saving: 00:00.03)


[2025-07-28T19:44:48.249Z] [DEBUG] [c290ca14-0ea6-4fac-8860-312570b26c76] Blender Output: Fra:138 Mem:119.20M (Peak 150.84M) | Time:00:00.03 | Rendering 1 / 64 samples

[2025-07-28T19:44:48.404Z] [DEBUG] [c290ca14-0ea6-4fac-8860-312570b26c76] Blender Output: Fra:138 Mem:119.20M (Peak 150.84M) | Time:00:00.19 | Rendering 25 / 64 samples

[2025-07-28T19:44:48.560Z] [DEBUG] [c290ca14-0ea6-4fac-8860-312570b26c76] Blender Output: Fra:138 Mem:119.20M (Peak 150.84M) | Time:00:00.34 | Rendering 50 / 64 samples

[2025-07-28T19:44:48.648Z] [DEBUG] [c290ca14-0ea6-4fac-8860-312570b26c76] Blender Output: Fra:138 Mem:119.20M (Peak 150.84M) | Time:00:00.43 | Rendering 64 / 64 samples

[2025-07-28T19:44:48.725Z] [DEBUG] [c290ca14-0ea6-4fac-8860-312570b26c76] Blender Output: Append frame 138
Time: 00:00.51 (Saving: 00:00.03)


[2025-07-28T19:44:48.761Z] [DEBUG] [c290ca14-0ea6-4fac-8860-312570b26c76] Blender Output: Fra:139 Mem:119.20M (Peak 150.84M) | Time:00:00.03 | Rendering 1 / 64 samples

[2025-07-28T19:44:48.913Z] [DEBUG] [c290ca14-0ea6-4fac-8860-312570b26c76] Blender Output: Fra:139 Mem:119.20M (Peak 150.84M) | Time:00:00.18 | Rendering 25 / 64 samples

[2025-07-28T19:44:49.068Z] [DEBUG] [c290ca14-0ea6-4fac-8860-312570b26c76] Blender Output: Fra:139 Mem:119.20M (Peak 150.84M) | Time:00:00.34 | Rendering 50 / 64 samples

[2025-07-28T19:44:49.155Z] [DEBUG] [c290ca14-0ea6-4fac-8860-312570b26c76] Blender Output: Fra:139 Mem:119.20M (Peak 150.84M) | Time:00:00.43 | Rendering 64 / 64 samples

[2025-07-28T19:44:49.234Z] [DEBUG] [c290ca14-0ea6-4fac-8860-312570b26c76] Blender Output: Append frame 139
Time: 00:00.50 (Saving: 00:00.03)


[2025-07-28T19:44:49.270Z] [DEBUG] [c290ca14-0ea6-4fac-8860-312570b26c76] Blender Output: Fra:140 Mem:119.20M (Peak 150.84M) | Time:00:00.03 | Rendering 1 / 64 samples

[2025-07-28T19:44:49.422Z] [DEBUG] [c290ca14-0ea6-4fac-8860-312570b26c76] Blender Output: Fra:140 Mem:119.20M (Peak 150.84M) | Time:00:00.18 | Rendering 25 / 64 samples

[2025-07-28T19:44:49.577Z] [DEBUG] [c290ca14-0ea6-4fac-8860-312570b26c76] Blender Output: Fra:140 Mem:119.20M (Peak 150.84M) | Time:00:00.34 | Rendering 50 / 64 samples

[2025-07-28T19:44:49.663Z] [DEBUG] [c290ca14-0ea6-4fac-8860-312570b26c76] Blender Output: Fra:140 Mem:119.20M (Peak 150.84M) | Time:00:00.42 | Rendering 64 / 64 samples

[2025-07-28T19:44:49.738Z] [DEBUG] [c290ca14-0ea6-4fac-8860-312570b26c76] Blender Output: Append frame 140
Time: 00:00.50 (Saving: 00:00.03)


[2025-07-28T19:44:49.774Z] [DEBUG] [c290ca14-0ea6-4fac-8860-312570b26c76] Blender Output: Fra:141 Mem:119.20M (Peak 150.84M) | Time:00:00.03 | Rendering 1 / 64 samples

[2025-07-28T19:44:49.927Z] [DEBUG] [c290ca14-0ea6-4fac-8860-312570b26c76] Blender Output: Fra:141 Mem:119.20M (Peak 150.84M) | Time:00:00.18 | Rendering 25 / 64 samples

[2025-07-28T19:44:50.082Z] [DEBUG] [c290ca14-0ea6-4fac-8860-312570b26c76] Blender Output: Fra:141 Mem:119.20M (Peak 150.84M) | Time:00:00.34 | Rendering 50 / 64 samples

[2025-07-28T19:44:50.169Z] [DEBUG] [c290ca14-0ea6-4fac-8860-312570b26c76] Blender Output: Fra:141 Mem:119.20M (Peak 150.84M) | Time:00:00.43 | Rendering 64 / 64 samples

[2025-07-28T19:44:50.244Z] [DEBUG] [c290ca14-0ea6-4fac-8860-312570b26c76] Blender Output: Append frame 141
Time: 00:00.50 (Saving: 00:00.03)


[2025-07-28T19:44:50.280Z] [DEBUG] [c290ca14-0ea6-4fac-8860-312570b26c76] Blender Output: Fra:142 Mem:119.20M (Peak 150.84M) | Time:00:00.03 | Rendering 1 / 64 samples

[2025-07-28T19:44:50.433Z] [DEBUG] [c290ca14-0ea6-4fac-8860-312570b26c76] Blender Output: Fra:142 Mem:119.20M (Peak 150.84M) | Time:00:00.18 | Rendering 25 / 64 samples

[2025-07-28T19:44:50.589Z] [DEBUG] [c290ca14-0ea6-4fac-8860-312570b26c76] Blender Output: Fra:142 Mem:119.20M (Peak 150.84M) | Time:00:00.34 | Rendering 50 / 64 samples

[2025-07-28T19:44:50.676Z] [DEBUG] [c290ca14-0ea6-4fac-8860-312570b26c76] Blender Output: Fra:142 Mem:119.20M (Peak 150.84M) | Time:00:00.43 | Rendering 64 / 64 samples

[2025-07-28T19:44:50.753Z] [DEBUG] [c290ca14-0ea6-4fac-8860-312570b26c76] Blender Output: Append frame 142
Time: 00:00.50 (Saving: 00:00.03)


[2025-07-28T19:44:50.936Z] [DEBUG] [c290ca14-0ea6-4fac-8860-312570b26c76] Blender Output: 🎯 V1.4.0.a.8.2 - CYCLES RENDER CORREÇÃO INICIADO
🛡️ BLINDAGEM: V1.4.0.a.7 sync perfeito preservado
🔧 HOTFIX: APIs compatíveis com Blender 4.5+ e EEVEE_NEXT
📂 Working directory: C:\Users\Denys Victoriano\Documents\GitHub\clone\zentraw\Zentraw\3d_visualizer\Blender
🐍 Python script: C:\Users\Denys Victoriano\Documents\GitHub\clone\zentraw\Zentraw\3d_visualizer\Blender\render_audio_visualizer_v1.4.0.a.8.2.py
🔍 Verificando existência dos arquivos...
✅ Todos os arquivos validados com sucesso
🎵 Áudio: C:\Users\Denys Victoriano\Documents\GitHub\clone\zentraw\Zentraw\3d_visualizer\uploads\1753731814268_audio.wav
🖼️ Imagem: C:\Users\Denys Victoriano\Documents\GitHub\clone\zentraw\Zentraw\3d_visualizer\uploads\1753731814277_image.jpg
📁 Output (absoluto): C:\Users\Denys Victoriano\Documents\GitHub\clone\zentraw\Zentraw\3d_visualizer\outputs\output_v1.4.0.a.8.mp4
⚙️ Config: C:\Users\Denys Victoriano\Documents\GitHub\clone\zentraw\Zentraw\3d_visualizer\temp\config_c290ca14-0ea6-4fac-8860-312570b26c76.json
🔧 Correção: Output redirecionado para: C:/Users/Denys Victoriano/Documents/GitHub/clone/zentraw/Zentraw/3d_visualizer/outputs\output_v1.4.0.a.8.2_20250728_164335.mp4
📊 CONFIGURAÇÕES APLICADAS V1.4.0.a.8.1 HOTFIX:
   🎬 Resolução: 1920x1080 (Full HD padrão)
   🎞️ FPS: 30
   🔍 Samples: 128
🚀 Forçando render engine: CYCLES
   📊 Amplitude Multiplier: 3.0x (V1.4.0.a.7 BLINDADO)
   🌊 Suavização: 1
   🎧 Canais: mono
   📦 Escala Base: 1.0x
   📈 Escala Máxima: 5.0x
   🎯 Partículas: 64
   📏 Espaçamento: 1.2
🎬 Setting up scene...
🚀 Render engine: BLENDER_EEVEE_NEXT
📐 Resolução: 1920x1080
⚡ Eevee configurado para velocidade (samples: 64)
✅ Samples Eevee configurados
🔒 Definindo caminho de saída do render: C:/Users/Denys Victoriano/Documents/GitHub/clone/zentraw/Zentraw/3d_visualizer/outputs\output_v1.4.0.a.8.2_20250728_164335.mp4
🔍 DEBUG - Output path com timestamp: C:/Users/Denys Victoriano/Documents/GitHub/clone/zentraw/Zentraw/3d_visualizer/outputs\output_v1.4.0.a.8.2_20250728_164335_20250728_164335.mp4
🎵 Carregando áudio...
🎵 Áudio carregado: 227324 samples, 48000Hz, 2 canais
⏱️ Duração: 4.74s, 142 frames @ 30fps
🎯 Criando sistema de cubos...
✅ 64 cubos criados
🎵 Animando baseado no áudio...
✅ Animação completa
🖼️ Adicionando imagem de fundo: C:\Users\Denys Victoriano\Documents\GitHub\clone\zentraw\Zentraw\3d_visualizer\uploads\1753731814277_image.jpg
🎵 Configurando áudio no sequencer...
🎬 Iniciando render...
📊 Engine: BLENDER_EEVEE_NEXT
📐 Resolução: 1920x1080
⏱️ Frames: 142
🎵 Com áudio: True
🎉 Render concluído com sucesso!
✅ SUCESSO - Arquivo criado: C:/Users/Denys Victoriano/Documents/GitHub/clone/zentraw/Zentraw/3d_visualizer/outputs\output_v1.4.0.a.8.2_20250728_164335_20250728_164335.mp4 (387862 bytes)
📊 Arquivo de resultado criado: C:/Users/Denys Victoriano/Documents/GitHub/clone/zentraw/Zentraw/3d_visualizer/outputs\output_v1.4.0.a.8.2_20250728_164335_result.json
📂 Arquivos no diretório de saída (C:/Users/Denys Victoriano/Documents/GitHub/clone/zentraw/Zentraw/3d_visualizer/outputs):
 - output_v1.4.0.a.8.2_20250728_164335_20250728_164335.mp4
 - output_v1.4.0.a.8.2_20250728_164335_result.json
 - output_v1.4.0.a.8.mp4

[2025-07-28T19:44:51.195Z] [DEBUG] [c290ca14-0ea6-4fac-8860-312570b26c76] Blender Output: 
Blender quit

[2025-07-28T19:44:51.246Z] [INFO] [c290ca14-0ea6-4fac-8860-312570b26c76] Blender process finalizado com código: 0
[2025-07-28T19:44:51.247Z] [SUCCESS] [c290ca14-0ea6-4fac-8860-312570b26c76] Render concluído: C:\Users\Denys Victoriano\Documents\GitHub\clone\zentraw\Zentraw\3d_visualizer\outputs\output_v1.4.0.a.8.mp4
