[2025-07-27T15:14:38.246Z] [INFO] 🚀 Zentraw V1.4.0.a.8 Backend iniciado na porta 3004
[2025-07-27T15:14:38.248Z] [INFO] 🛡️ Sistema de blindagem V1.4.0.a.7 ativo
[2025-07-27T15:14:38.249Z] [INFO] ⚙️ Interface parametrizada completa disponível
[2025-07-27T15:14:38.250Z] [INFO] 📁 Diretórios: uploads=C:\Users\Denys Victoriano\Documents\GitHub\clone\zentraw\Zentraw\3d_visualizer\uploads, outputs=C:\Users\Denys Victoriano\Documents\GitHub\clone\zentraw\Zentraw\3d_visualizer\outputs, logs=C:\Users\Denys Victoriano\Documents\GitHub\clone\zentraw\Zentraw\3d_visualizer\logs
[2025-07-27T15:18:55.127Z] [INFO] Health check solicitado
[2025-07-27T15:19:10.057Z] [INFO] [1866d9b3-a99c-4749-b539-dab2f634b00a] Iniciando render parametrizado
[2025-07-27T15:19:10.058Z] [DEBUG] [1866d9b3-a99c-4749-b539-dab2f634b00a] 🔍 DEBUG - audioFile: {"fieldname":"audio","originalname":"sample_audio3.wav","encoding":"7bit","mimetype":"audio/wav","destination":"C:\\Users\\Denys Victoriano\\Documents\\GitHub\\clone\\zentraw\\Zentraw\\3d_visualizer\\uploads","filename":"1753629550017_audio.wav","path":"C:\\Users\\Denys Victoriano\\Documents\\GitHub\\clone\\zentraw\\Zentraw\\3d_visualizer\\uploads\\1753629550017_audio.wav","size":909502}
[2025-07-27T15:19:10.058Z] [DEBUG] [1866d9b3-a99c-4749-b539-dab2f634b00a] 🔍 DEBUG - imageFile: {"fieldname":"image","originalname":"cover_spotify.png","encoding":"7bit","mimetype":"image/png","destination":"C:\\Users\\Denys Victoriano\\Documents\\GitHub\\clone\\zentraw\\Zentraw\\3d_visualizer\\uploads","filename":"1753629550027_image.png","path":"C:\\Users\\Denys Victoriano\\Documents\\GitHub\\clone\\zentraw\\Zentraw\\3d_visualizer\\uploads\\1753629550027_image.png","size":6594976}
[2025-07-27T15:19:10.173Z] [INFO] [1866d9b3-a99c-4749-b539-dab2f634b00a] Executando Blender: C:\Program Files\Blender Foundation\Blender 4.5\blender.exe C:\Users\Denys Victoriano\Documents\GitHub\clone\zentraw\Zentraw\3d_visualizer\Blender\template.blend --background --python C:\Users\Denys Victoriano\Documents\GitHub\clone\zentraw\Zentraw\3d_visualizer\Blender\render_audio_visualizer_v1.4.0.a.8.1.py -- C:\Users\Denys Victoriano\Documents\GitHub\clone\zentraw\Zentraw\3d_visualizer\uploads\1753629550017_audio.wav C:\Users\Denys Victoriano\Documents\GitHub\clone\zentraw\Zentraw\3d_visualizer\uploads\1753629550027_image.png C:\Users\Denys Victoriano\Documents\GitHub\clone\zentraw\Zentraw\3d_visualizer\outputs\output_v1.4.0.a.8.mp4 C:\Users\Denys Victoriano\Documents\GitHub\clone\zentraw\Zentraw\3d_visualizer\temp\config_1866d9b3-a99c-4749-b539-dab2f634b00a.json
[2025-07-27T15:19:16.194Z] [DEBUG] [1866d9b3-a99c-4749-b539-dab2f634b00a] Blender Output: Blender 4.5.0 (hash 8cb6b388974a built 2025-07-15 01:36:24)
Read blend: "C:\Users\Denys Victoriano\Documents\GitHub\clone\zentraw\Zentraw\3d_visualizer\Blender\template.blend"

[2025-07-27T15:19:16.195Z] [ERROR] [1866d9b3-a99c-4749-b539-dab2f634b00a] Blender Error: Traceback (most recent call last):
  File "C:\Users\Denys Victoriano\Documents\GitHub\clone\zentraw\Zentraw\3d_visualizer\Blender\render_audio_visualizer_v1.4.0.a.8.1.py", line 219, in <module>
    audio_data = audio_data.astype(np.float32) / np.iinfo(audio_data.dtype).max
                                                 ^^^^^^^^^^^^^^^^^^^^^^^^^^
  File "C:\Program Files\Blender Foundation\Blender 4.5\4.5\python\Lib\site-packages\numpy\core\getlimits.py", line 694, in __init__

[2025-07-27T15:19:16.196Z] [DEBUG] [1866d9b3-a99c-4749-b539-dab2f634b00a] Blender Output: 🎯 V1.4.0.a.8.1 - HOTFIX BLENDER 4.5+ INICIADO
🛡️ BLINDAGEM: V1.4.0.a.7 sync perfeito preservado
🔧 HOTFIX: APIs compatíveis com Blender 4.5+ e EEVEE_NEXT
📂 Working directory: C:\Users\Denys Victoriano\Documents\GitHub\clone\zentraw\Zentraw\3d_visualizer\Blender
🐍 Python script: C:\Users\Denys Victoriano\Documents\GitHub\clone\zentraw\Zentraw\3d_visualizer\Blender\render_audio_visualizer_v1.4.0.a.8.1.py
🔍 Verificando existência dos arquivos...
✅ Todos os arquivos validados com sucesso
🎵 Áudio: C:\Users\Denys Victoriano\Documents\GitHub\clone\zentraw\Zentraw\3d_visualizer\uploads\1753629550017_audio.wav
🖼️ Imagem: C:\Users\Denys Victoriano\Documents\GitHub\clone\zentraw\Zentraw\3d_visualizer\uploads\1753629550027_image.png
📁 Output: C:\Users\Denys Victoriano\Documents\GitHub\clone\zentraw\Zentraw\3d_visualizer\outputs\output_v1.4.0.a.8.mp4
⚙️ Config: C:\Users\Denys Victoriano\Documents\GitHub\clone\zentraw\Zentraw\3d_visualizer\temp\config_1866d9b3-a99c-4749-b539-dab2f634b00a.json
📊 CONFIGURAÇÕES APLICADAS V1.4.0.a.8.1 HOTFIX:
   🎬 Resolução: 1920x1080 (Full HD padrão)
   🎞️ FPS: 30
   🔍 Samples: 128
   ⚡ Engine: BLENDER_EEVEE_NEXT (Eevee Next padrão - Blender 4.5+)
   📊 Amplitude Multiplier: 3.0x (V1.4.0.a.7 BLINDADO)
   🌊 Suavização: 1
   🎧 Canais: mono
   📦 Escala Base: 1.0x
   📈 Escala Máxima: 5.0x
   🎯 Partículas: 64
   📏 Espaçamento: 1.2
🎬 Setting up scene...
🚀 Render engine: BLENDER_EEVEE_NEXT
📐 Resolução: 1920x1080
⚡ Eevee configurado para velocidade (samples: 64)
✅ Samples Eevee configurados
🎵 Carregando áudio...

[2025-07-27T15:19:16.198Z] [ERROR] [1866d9b3-a99c-4749-b539-dab2f634b00a] Blender Error:     raise ValueError("Invalid integer data type %r." % (self.kind,))
ValueError: Invalid integer data type 'f'.

[2025-07-27T15:19:16.415Z] [DEBUG] [1866d9b3-a99c-4749-b539-dab2f634b00a] Blender Output: 
Blender quit

[2025-07-27T15:19:16.440Z] [INFO] [1866d9b3-a99c-4749-b539-dab2f634b00a] Blender process finalizado com código: 0
[2025-07-27T15:19:16.442Z] [SUCCESS] [1866d9b3-a99c-4749-b539-dab2f634b00a] Render concluído: C:\Users\Denys Victoriano\Documents\GitHub\clone\zentraw\Zentraw\3d_visualizer\outputs\output_v1.4.0.a.8.mp4
[2025-07-27T17:00:34.989Z] [INFO] Health check solicitado
[2025-07-27T17:00:49.279Z] [INFO] [feea938f-1c5e-4a9f-808d-24ea58b14400] Iniciando render parametrizado
[2025-07-27T17:00:49.279Z] [DEBUG] [feea938f-1c5e-4a9f-808d-24ea58b14400] 🔍 DEBUG - audioFile: {"fieldname":"audio","originalname":"sample_audio3.wav","encoding":"7bit","mimetype":"audio/wav","destination":"C:\\Users\\Denys Victoriano\\Documents\\GitHub\\clone\\zentraw\\Zentraw\\3d_visualizer\\uploads","filename":"1753635649238_audio.wav","path":"C:\\Users\\Denys Victoriano\\Documents\\GitHub\\clone\\zentraw\\Zentraw\\3d_visualizer\\uploads\\1753635649238_audio.wav","size":909502}
[2025-07-27T17:00:49.280Z] [DEBUG] [feea938f-1c5e-4a9f-808d-24ea58b14400] 🔍 DEBUG - imageFile: {"fieldname":"image","originalname":"cover_spotify.png","encoding":"7bit","mimetype":"image/png","destination":"C:\\Users\\Denys Victoriano\\Documents\\GitHub\\clone\\zentraw\\Zentraw\\3d_visualizer\\uploads","filename":"1753635649244_image.png","path":"C:\\Users\\Denys Victoriano\\Documents\\GitHub\\clone\\zentraw\\Zentraw\\3d_visualizer\\uploads\\1753635649244_image.png","size":6594976}
[2025-07-27T17:00:49.386Z] [INFO] [feea938f-1c5e-4a9f-808d-24ea58b14400] Executando Blender: C:\Program Files\Blender Foundation\Blender 4.5\blender.exe C:\Users\Denys Victoriano\Documents\GitHub\clone\zentraw\Zentraw\3d_visualizer\Blender\template.blend --background --python C:\Users\Denys Victoriano\Documents\GitHub\clone\zentraw\Zentraw\3d_visualizer\Blender\render_audio_visualizer_v1.4.0.a.8.1.py -- C:\Users\Denys Victoriano\Documents\GitHub\clone\zentraw\Zentraw\3d_visualizer\uploads\1753635649238_audio.wav C:\Users\Denys Victoriano\Documents\GitHub\clone\zentraw\Zentraw\3d_visualizer\uploads\1753635649244_image.png C:\Users\Denys Victoriano\Documents\GitHub\clone\zentraw\Zentraw\3d_visualizer\outputs\output_v1.4.0.a.8.mp4 C:\Users\Denys Victoriano\Documents\GitHub\clone\zentraw\Zentraw\3d_visualizer\temp\config_feea938f-1c5e-4a9f-808d-24ea58b14400.json
[2025-07-27T17:00:54.149Z] [DEBUG] [feea938f-1c5e-4a9f-808d-24ea58b14400] Blender Output: Blender 4.5.0 (hash 8cb6b388974a built 2025-07-15 01:36:24)
Read blend: "C:\Users\Denys Victoriano\Documents\GitHub\clone\zentraw\Zentraw\3d_visualizer\Blender\template.blend"

[2025-07-27T17:00:54.150Z] [ERROR] [feea938f-1c5e-4a9f-808d-24ea58b14400] Blender Error: Traceback (most recent call last):
  File "C:\Users\Denys Victoriano\Documents\GitHub\clone\zentraw\Zentraw\3d_visualizer\Blender\render_audio_visualizer_v1.4.0.a.8.1.py", line 285, in <module>
    bpy.ops.object.camera_add(location=(0, -CAMERA_DISTANCE, 2))
                                           ^^^^^^^^^^^^^^^^
TypeError: bad operand type for unary -: 'str'

[2025-07-27T17:00:54.151Z] [DEBUG] [feea938f-1c5e-4a9f-808d-24ea58b14400] Blender Output: 🎯 V1.4.0.a.8.1 - HOTFIX BLENDER 4.5+ INICIADO
🛡️ BLINDAGEM: V1.4.0.a.7 sync perfeito preservado
🔧 HOTFIX: APIs compatíveis com Blender 4.5+ e EEVEE_NEXT
📂 Working directory: C:\Users\Denys Victoriano\Documents\GitHub\clone\zentraw\Zentraw\3d_visualizer\Blender
🐍 Python script: C:\Users\Denys Victoriano\Documents\GitHub\clone\zentraw\Zentraw\3d_visualizer\Blender\render_audio_visualizer_v1.4.0.a.8.1.py
🔍 Verificando existência dos arquivos...
✅ Todos os arquivos validados com sucesso
🎵 Áudio: C:\Users\Denys Victoriano\Documents\GitHub\clone\zentraw\Zentraw\3d_visualizer\uploads\1753635649238_audio.wav
🖼️ Imagem: C:\Users\Denys Victoriano\Documents\GitHub\clone\zentraw\Zentraw\3d_visualizer\uploads\1753635649244_image.png
📁 Output: C:\Users\Denys Victoriano\Documents\GitHub\clone\zentraw\Zentraw\3d_visualizer\outputs\output_v1.4.0.a.8.mp4
⚙️ Config: C:\Users\Denys Victoriano\Documents\GitHub\clone\zentraw\Zentraw\3d_visualizer\temp\config_feea938f-1c5e-4a9f-808d-24ea58b14400.json
📊 CONFIGURAÇÕES APLICADAS V1.4.0.a.8.1 HOTFIX:
   🎬 Resolução: 1920x1080 (Full HD padrão)
   🎞️ FPS: 30
   🔍 Samples: 128
   ⚡ Engine: BLENDER_EEVEE_NEXT (Eevee Next padrão - Blender 4.5+)
   📊 Amplitude Multiplier: 3.0x (V1.4.0.a.7 BLINDADO)
   🌊 Suavização: 1
   🎧 Canais: mono
   📦 Escala Base: 1.0x
   📈 Escala Máxima: 5.0x
   🎯 Partículas: 64
   📏 Espaçamento: 1.2
🎬 Setting up scene...
🚀 Render engine: BLENDER_EEVEE_NEXT
📐 Resolução: 1920x1080
⚡ Eevee configurado para velocidade (samples: 64)
✅ Samples Eevee configurados
🎵 Carregando áudio...
🎵 Áudio carregado: 227324 samples, 48000Hz, 2 canais
⏱️ Duração: 4.74s, 142 frames @ 30fps
🎯 Criando sistema de cubos...
✅ 64 cubos criados

[2025-07-27T17:00:54.279Z] [DEBUG] [feea938f-1c5e-4a9f-808d-24ea58b14400] Blender Output: 
Blender quit

[2025-07-27T17:00:54.312Z] [INFO] [feea938f-1c5e-4a9f-808d-24ea58b14400] Blender process finalizado com código: 0
[2025-07-27T17:00:54.313Z] [SUCCESS] [feea938f-1c5e-4a9f-808d-24ea58b14400] Render concluído: C:\Users\Denys Victoriano\Documents\GitHub\clone\zentraw\Zentraw\3d_visualizer\outputs\output_v1.4.0.a.8.mp4
[2025-07-27T17:06:49.274Z] [INFO] Health check solicitado
[2025-07-27T17:07:02.836Z] [INFO] [7ff35ec2-e934-421f-bfd0-d3fe733e9aad] Iniciando render parametrizado
[2025-07-27T17:07:02.837Z] [DEBUG] [7ff35ec2-e934-421f-bfd0-d3fe733e9aad] 🔍 DEBUG - audioFile: {"fieldname":"audio","originalname":"sample_audio3.wav","encoding":"7bit","mimetype":"audio/wav","destination":"C:\\Users\\Denys Victoriano\\Documents\\GitHub\\clone\\zentraw\\Zentraw\\3d_visualizer\\uploads","filename":"1753636022826_audio.wav","path":"C:\\Users\\Denys Victoriano\\Documents\\GitHub\\clone\\zentraw\\Zentraw\\3d_visualizer\\uploads\\1753636022826_audio.wav","size":909502}
[2025-07-27T17:07:02.838Z] [DEBUG] [7ff35ec2-e934-421f-bfd0-d3fe733e9aad] 🔍 DEBUG - imageFile: {"fieldname":"image","originalname":"sample_cover.jpg","encoding":"7bit","mimetype":"image/jpeg","destination":"C:\\Users\\Denys Victoriano\\Documents\\GitHub\\clone\\zentraw\\Zentraw\\3d_visualizer\\uploads","filename":"1753636022832_image.jpg","path":"C:\\Users\\Denys Victoriano\\Documents\\GitHub\\clone\\zentraw\\Zentraw\\3d_visualizer\\uploads\\1753636022832_image.jpg","size":362360}
[2025-07-27T17:07:02.947Z] [INFO] [7ff35ec2-e934-421f-bfd0-d3fe733e9aad] Executando Blender: C:\Program Files\Blender Foundation\Blender 4.5\blender.exe C:\Users\Denys Victoriano\Documents\GitHub\clone\zentraw\Zentraw\3d_visualizer\Blender\template.blend --background --python C:\Users\Denys Victoriano\Documents\GitHub\clone\zentraw\Zentraw\3d_visualizer\Blender\render_audio_visualizer_v1.4.0.a.8.1.py -- C:\Users\Denys Victoriano\Documents\GitHub\clone\zentraw\Zentraw\3d_visualizer\uploads\1753636022826_audio.wav C:\Users\Denys Victoriano\Documents\GitHub\clone\zentraw\Zentraw\3d_visualizer\uploads\1753636022832_image.jpg C:\Users\Denys Victoriano\Documents\GitHub\clone\zentraw\Zentraw\3d_visualizer\outputs\output_v1.4.0.a.8.mp4 C:\Users\Denys Victoriano\Documents\GitHub\clone\zentraw\Zentraw\3d_visualizer\temp\config_7ff35ec2-e934-421f-bfd0-d3fe733e9aad.json
[2025-07-27T17:07:07.906Z] [DEBUG] [7ff35ec2-e934-421f-bfd0-d3fe733e9aad] Blender Output: Blender 4.5.0 (hash 8cb6b388974a built 2025-07-15 01:36:24)
Read blend: "C:\Users\Denys Victoriano\Documents\GitHub\clone\zentraw\Zentraw\3d_visualizer\Blender\template.blend"
Fra:1 Mem:118.61M (Peak 131.22M) | Time:00:01.95 | Rendering 1 / 64 samples

[2025-07-27T17:07:08.047Z] [DEBUG] [7ff35ec2-e934-421f-bfd0-d3fe733e9aad] Blender Output: Fra:1 Mem:118.94M (Peak 131.22M) | Time:00:02.09 | Rendering 25 / 64 samples

[2025-07-27T17:07:08.192Z] [DEBUG] [7ff35ec2-e934-421f-bfd0-d3fe733e9aad] Blender Output: Fra:1 Mem:118.94M (Peak 131.22M) | Time:00:02.24 | Rendering 50 / 64 samples

[2025-07-27T17:07:08.268Z] [DEBUG] [7ff35ec2-e934-421f-bfd0-d3fe733e9aad] Blender Output: Fra:1 Mem:118.94M (Peak 131.22M) | Time:00:02.31 | Rendering 64 / 64 samples

[2025-07-27T17:07:08.553Z] [DEBUG] [7ff35ec2-e934-421f-bfd0-d3fe733e9aad] Blender Output: Append frame 1
Time: 00:02.60 (Saving: 00:00.23)


[2025-07-27T17:07:08.603Z] [DEBUG] [7ff35ec2-e934-421f-bfd0-d3fe733e9aad] Blender Output: Fra:2 Mem:119.08M (Peak 150.58M) | Time:00:00.05 | Rendering 1 / 64 samples

[2025-07-27T17:07:08.753Z] [DEBUG] [7ff35ec2-e934-421f-bfd0-d3fe733e9aad] Blender Output: Fra:2 Mem:119.13M (Peak 150.58M) | Time:00:00.19 | Rendering 25 / 64 samples

[2025-07-27T17:07:08.909Z] [DEBUG] [7ff35ec2-e934-421f-bfd0-d3fe733e9aad] Blender Output: Fra:2 Mem:119.13M (Peak 150.58M) | Time:00:00.35 | Rendering 50 / 64 samples

[2025-07-27T17:07:08.995Z] [DEBUG] [7ff35ec2-e934-421f-bfd0-d3fe733e9aad] Blender Output: Fra:2 Mem:119.13M (Peak 150.58M) | Time:00:00.44 | Rendering 64 / 64 samples

[2025-07-27T17:07:09.092Z] [DEBUG] [7ff35ec2-e934-421f-bfd0-d3fe733e9aad] Blender Output: Append frame 2
Time: 00:00.53 (Saving: 00:00.04)


[2025-07-27T17:07:09.127Z] [DEBUG] [7ff35ec2-e934-421f-bfd0-d3fe733e9aad] Blender Output: Fra:3 Mem:119.13M (Peak 150.77M) | Time:00:00.03 | Rendering 1 / 64 samples

[2025-07-27T17:07:09.281Z] [DEBUG] [7ff35ec2-e934-421f-bfd0-d3fe733e9aad] Blender Output: Fra:3 Mem:119.13M (Peak 150.77M) | Time:00:00.18 | Rendering 25 / 64 samples

[2025-07-27T17:07:09.436Z] [DEBUG] [7ff35ec2-e934-421f-bfd0-d3fe733e9aad] Blender Output: Fra:3 Mem:119.13M (Peak 150.77M) | Time:00:00.34 | Rendering 50 / 64 samples

[2025-07-27T17:07:09.523Z] [DEBUG] [7ff35ec2-e934-421f-bfd0-d3fe733e9aad] Blender Output: Fra:3 Mem:119.13M (Peak 150.77M) | Time:00:00.43 | Rendering 64 / 64 samples

[2025-07-27T17:07:09.605Z] [DEBUG] [7ff35ec2-e934-421f-bfd0-d3fe733e9aad] Blender Output: Append frame 3
Time: 00:00.51 (Saving: 00:00.03)


[2025-07-27T17:07:09.642Z] [DEBUG] [7ff35ec2-e934-421f-bfd0-d3fe733e9aad] Blender Output: Fra:4 Mem:119.13M (Peak 150.77M) | Time:00:00.03 | Rendering 1 / 64 samples

[2025-07-27T17:07:09.791Z] [DEBUG] [7ff35ec2-e934-421f-bfd0-d3fe733e9aad] Blender Output: Fra:4 Mem:119.13M (Peak 150.77M) | Time:00:00.18 | Rendering 25 / 64 samples

[2025-07-27T17:07:09.944Z] [DEBUG] [7ff35ec2-e934-421f-bfd0-d3fe733e9aad] Blender Output: Fra:4 Mem:119.13M (Peak 150.77M) | Time:00:00.33 | Rendering 50 / 64 samples

[2025-07-27T17:07:10.031Z] [DEBUG] [7ff35ec2-e934-421f-bfd0-d3fe733e9aad] Blender Output: Fra:4 Mem:119.13M (Peak 150.77M) | Time:00:00.42 | Rendering 64 / 64 samples

[2025-07-27T17:07:10.112Z] [DEBUG] [7ff35ec2-e934-421f-bfd0-d3fe733e9aad] Blender Output: Append frame 4
Time: 00:00.50 (Saving: 00:00.03)


[2025-07-27T17:07:10.147Z] [DEBUG] [7ff35ec2-e934-421f-bfd0-d3fe733e9aad] Blender Output: Fra:5 Mem:119.13M (Peak 150.77M) | Time:00:00.03 | Rendering 1 / 64 samples

[2025-07-27T17:07:10.297Z] [DEBUG] [7ff35ec2-e934-421f-bfd0-d3fe733e9aad] Blender Output: Fra:5 Mem:119.13M (Peak 150.77M) | Time:00:00.18 | Rendering 25 / 64 samples

[2025-07-27T17:07:10.452Z] [DEBUG] [7ff35ec2-e934-421f-bfd0-d3fe733e9aad] Blender Output: Fra:5 Mem:119.13M (Peak 150.77M) | Time:00:00.34 | Rendering 50 / 64 samples

[2025-07-27T17:07:10.540Z] [DEBUG] [7ff35ec2-e934-421f-bfd0-d3fe733e9aad] Blender Output: Fra:5 Mem:119.13M (Peak 150.77M) | Time:00:00.42 | Rendering 64 / 64 samples

[2025-07-27T17:07:10.615Z] [DEBUG] [7ff35ec2-e934-421f-bfd0-d3fe733e9aad] Blender Output: Append frame 5
Time: 00:00.50 (Saving: 00:00.03)


[2025-07-27T17:07:10.651Z] [DEBUG] [7ff35ec2-e934-421f-bfd0-d3fe733e9aad] Blender Output: Fra:6 Mem:119.13M (Peak 150.77M) | Time:00:00.03 | Rendering 1 / 64 samples

[2025-07-27T17:07:10.802Z] [DEBUG] [7ff35ec2-e934-421f-bfd0-d3fe733e9aad] Blender Output: Fra:6 Mem:119.13M (Peak 150.77M) | Time:00:00.18 | Rendering 25 / 64 samples

[2025-07-27T17:07:10.957Z] [DEBUG] [7ff35ec2-e934-421f-bfd0-d3fe733e9aad] Blender Output: Fra:6 Mem:119.13M (Peak 150.77M) | Time:00:00.34 | Rendering 50 / 64 samples

[2025-07-27T17:07:11.044Z] [DEBUG] [7ff35ec2-e934-421f-bfd0-d3fe733e9aad] Blender Output: Fra:6 Mem:119.13M (Peak 150.77M) | Time:00:00.42 | Rendering 64 / 64 samples

[2025-07-27T17:07:11.121Z] [DEBUG] [7ff35ec2-e934-421f-bfd0-d3fe733e9aad] Blender Output: Append frame 6
Time: 00:00.50 (Saving: 00:00.03)


[2025-07-27T17:07:11.156Z] [DEBUG] [7ff35ec2-e934-421f-bfd0-d3fe733e9aad] Blender Output: Fra:7 Mem:119.13M (Peak 150.77M) | Time:00:00.03 | Rendering 1 / 64 samples

[2025-07-27T17:07:11.306Z] [DEBUG] [7ff35ec2-e934-421f-bfd0-d3fe733e9aad] Blender Output: Fra:7 Mem:119.13M (Peak 150.77M) | Time:00:00.18 | Rendering 25 / 64 samples

[2025-07-27T17:07:11.458Z] [DEBUG] [7ff35ec2-e934-421f-bfd0-d3fe733e9aad] Blender Output: Fra:7 Mem:119.13M (Peak 150.77M) | Time:00:00.33 | Rendering 50 / 64 samples

[2025-07-27T17:07:11.544Z] [DEBUG] [7ff35ec2-e934-421f-bfd0-d3fe733e9aad] Blender Output: Fra:7 Mem:119.13M (Peak 150.77M) | Time:00:00.42 | Rendering 64 / 64 samples

[2025-07-27T17:07:11.622Z] [DEBUG] [7ff35ec2-e934-421f-bfd0-d3fe733e9aad] Blender Output: Append frame 7
Time: 00:00.50 (Saving: 00:00.03)


[2025-07-27T17:07:11.658Z] [DEBUG] [7ff35ec2-e934-421f-bfd0-d3fe733e9aad] Blender Output: Fra:8 Mem:119.13M (Peak 150.77M) | Time:00:00.03 | Rendering 1 / 64 samples

[2025-07-27T17:07:11.821Z] [DEBUG] [7ff35ec2-e934-421f-bfd0-d3fe733e9aad] Blender Output: Fra:8 Mem:119.13M (Peak 150.77M) | Time:00:00.19 | Rendering 25 / 64 samples

[2025-07-27T17:07:11.989Z] [DEBUG] [7ff35ec2-e934-421f-bfd0-d3fe733e9aad] Blender Output: Fra:8 Mem:119.13M (Peak 150.77M) | Time:00:00.36 | Rendering 50 / 64 samples

[2025-07-27T17:07:12.084Z] [DEBUG] [7ff35ec2-e934-421f-bfd0-d3fe733e9aad] Blender Output: Fra:8 Mem:119.13M (Peak 150.77M) | Time:00:00.46 | Rendering 64 / 64 samples

[2025-07-27T17:07:12.162Z] [DEBUG] [7ff35ec2-e934-421f-bfd0-d3fe733e9aad] Blender Output: Append frame 8
Time: 00:00.54 (Saving: 00:00.03)


[2025-07-27T17:07:12.202Z] [DEBUG] [7ff35ec2-e934-421f-bfd0-d3fe733e9aad] Blender Output: Fra:9 Mem:119.13M (Peak 150.77M) | Time:00:00.04 | Rendering 1 / 64 samples

[2025-07-27T17:07:12.360Z] [DEBUG] [7ff35ec2-e934-421f-bfd0-d3fe733e9aad] Blender Output: Fra:9 Mem:119.13M (Peak 150.77M) | Time:00:00.19 | Rendering 25 / 64 samples

[2025-07-27T17:07:12.518Z] [DEBUG] [7ff35ec2-e934-421f-bfd0-d3fe733e9aad] Blender Output: Fra:9 Mem:119.13M (Peak 150.77M) | Time:00:00.35 | Rendering 50 / 64 samples

[2025-07-27T17:07:12.606Z] [DEBUG] [7ff35ec2-e934-421f-bfd0-d3fe733e9aad] Blender Output: Fra:9 Mem:119.13M (Peak 150.77M) | Time:00:00.44 | Rendering 64 / 64 samples

[2025-07-27T17:07:12.683Z] [DEBUG] [7ff35ec2-e934-421f-bfd0-d3fe733e9aad] Blender Output: Append frame 9
Time: 00:00.52 (Saving: 00:00.03)


[2025-07-27T17:07:12.718Z] [DEBUG] [7ff35ec2-e934-421f-bfd0-d3fe733e9aad] Blender Output: Fra:10 Mem:119.13M (Peak 150.77M) | Time:00:00.03 | Rendering 1 / 64 samples

[2025-07-27T17:07:12.875Z] [DEBUG] [7ff35ec2-e934-421f-bfd0-d3fe733e9aad] Blender Output: Fra:10 Mem:119.13M (Peak 150.77M) | Time:00:00.19 | Rendering 25 / 64 samples

[2025-07-27T17:07:13.033Z] [DEBUG] [7ff35ec2-e934-421f-bfd0-d3fe733e9aad] Blender Output: Fra:10 Mem:119.13M (Peak 150.77M) | Time:00:00.34 | Rendering 50 / 64 samples

[2025-07-27T17:07:13.121Z] [DEBUG] [7ff35ec2-e934-421f-bfd0-d3fe733e9aad] Blender Output: Fra:10 Mem:119.13M (Peak 150.77M) | Time:00:00.43 | Rendering 64 / 64 samples

[2025-07-27T17:07:13.203Z] [DEBUG] [7ff35ec2-e934-421f-bfd0-d3fe733e9aad] Blender Output: Append frame 10
Time: 00:00.51 (Saving: 00:00.03)


[2025-07-27T17:07:13.245Z] [DEBUG] [7ff35ec2-e934-421f-bfd0-d3fe733e9aad] Blender Output: Fra:11 Mem:119.13M (Peak 150.77M) | Time:00:00.04 | Rendering 1 / 64 samples

[2025-07-27T17:07:13.405Z] [DEBUG] [7ff35ec2-e934-421f-bfd0-d3fe733e9aad] Blender Output: Fra:11 Mem:119.13M (Peak 150.77M) | Time:00:00.20 | Rendering 25 / 64 samples

[2025-07-27T17:07:13.563Z] [DEBUG] [7ff35ec2-e934-421f-bfd0-d3fe733e9aad] Blender Output: Fra:11 Mem:119.13M (Peak 150.77M) | Time:00:00.36 | Rendering 50 / 64 samples

[2025-07-27T17:07:13.652Z] [DEBUG] [7ff35ec2-e934-421f-bfd0-d3fe733e9aad] Blender Output: Fra:11 Mem:119.13M (Peak 150.77M) | Time:00:00.44 | Rendering 64 / 64 samples

[2025-07-27T17:07:13.727Z] [DEBUG] [7ff35ec2-e934-421f-bfd0-d3fe733e9aad] Blender Output: Append frame 11
Time: 00:00.52 (Saving: 00:00.03)


[2025-07-27T17:07:13.763Z] [DEBUG] [7ff35ec2-e934-421f-bfd0-d3fe733e9aad] Blender Output: Fra:12 Mem:119.13M (Peak 150.77M) | Time:00:00.03 | Rendering 1 / 64 samples

[2025-07-27T17:07:13.918Z] [DEBUG] [7ff35ec2-e934-421f-bfd0-d3fe733e9aad] Blender Output: Fra:12 Mem:119.13M (Peak 150.77M) | Time:00:00.19 | Rendering 25 / 64 samples

[2025-07-27T17:07:14.077Z] [DEBUG] [7ff35ec2-e934-421f-bfd0-d3fe733e9aad] Blender Output: Fra:12 Mem:119.13M (Peak 150.77M) | Time:00:00.34 | Rendering 50 / 64 samples

[2025-07-27T17:07:14.165Z] [DEBUG] [7ff35ec2-e934-421f-bfd0-d3fe733e9aad] Blender Output: Fra:12 Mem:119.13M (Peak 150.77M) | Time:00:00.43 | Rendering 64 / 64 samples

[2025-07-27T17:07:14.246Z] [DEBUG] [7ff35ec2-e934-421f-bfd0-d3fe733e9aad] Blender Output: Append frame 12
Time: 00:00.51 (Saving: 00:00.03)


[2025-07-27T17:07:14.283Z] [DEBUG] [7ff35ec2-e934-421f-bfd0-d3fe733e9aad] Blender Output: Fra:13 Mem:119.13M (Peak 150.77M) | Time:00:00.03 | Rendering 1 / 64 samples

[2025-07-27T17:07:14.432Z] [DEBUG] [7ff35ec2-e934-421f-bfd0-d3fe733e9aad] Blender Output: Fra:13 Mem:119.13M (Peak 150.77M) | Time:00:00.18 | Rendering 25 / 64 samples

[2025-07-27T17:07:14.585Z] [DEBUG] [7ff35ec2-e934-421f-bfd0-d3fe733e9aad] Blender Output: Fra:13 Mem:119.13M (Peak 150.77M) | Time:00:00.33 | Rendering 50 / 64 samples

[2025-07-27T17:07:14.671Z] [DEBUG] [7ff35ec2-e934-421f-bfd0-d3fe733e9aad] Blender Output: Fra:13 Mem:119.13M (Peak 150.77M) | Time:00:00.42 | Rendering 64 / 64 samples

[2025-07-27T17:07:14.749Z] [DEBUG] [7ff35ec2-e934-421f-bfd0-d3fe733e9aad] Blender Output: Append frame 13
Time: 00:00.50 (Saving: 00:00.03)


[2025-07-27T17:07:14.784Z] [DEBUG] [7ff35ec2-e934-421f-bfd0-d3fe733e9aad] Blender Output: Fra:14 Mem:119.13M (Peak 150.77M) | Time:00:00.03 | Rendering 1 / 64 samples

[2025-07-27T17:07:14.937Z] [DEBUG] [7ff35ec2-e934-421f-bfd0-d3fe733e9aad] Blender Output: Fra:14 Mem:119.13M (Peak 150.77M) | Time:00:00.18 | Rendering 25 / 64 samples

[2025-07-27T17:07:15.090Z] [DEBUG] [7ff35ec2-e934-421f-bfd0-d3fe733e9aad] Blender Output: Fra:14 Mem:119.13M (Peak 150.77M) | Time:00:00.34 | Rendering 50 / 64 samples

[2025-07-27T17:07:15.177Z] [DEBUG] [7ff35ec2-e934-421f-bfd0-d3fe733e9aad] Blender Output: Fra:14 Mem:119.13M (Peak 150.77M) | Time:00:00.42 | Rendering 64 / 64 samples

[2025-07-27T17:07:15.258Z] [DEBUG] [7ff35ec2-e934-421f-bfd0-d3fe733e9aad] Blender Output: Append frame 14
Time: 00:00.50 (Saving: 00:00.03)


[2025-07-27T17:07:15.294Z] [DEBUG] [7ff35ec2-e934-421f-bfd0-d3fe733e9aad] Blender Output: Fra:15 Mem:119.13M (Peak 150.77M) | Time:00:00.03 | Rendering 1 / 64 samples

[2025-07-27T17:07:15.448Z] [DEBUG] [7ff35ec2-e934-421f-bfd0-d3fe733e9aad] Blender Output: Fra:15 Mem:119.13M (Peak 150.77M) | Time:00:00.18 | Rendering 25 / 64 samples

[2025-07-27T17:07:15.606Z] [DEBUG] [7ff35ec2-e934-421f-bfd0-d3fe733e9aad] Blender Output: Fra:15 Mem:119.13M (Peak 150.77M) | Time:00:00.34 | Rendering 50 / 64 samples

[2025-07-27T17:07:15.694Z] [DEBUG] [7ff35ec2-e934-421f-bfd0-d3fe733e9aad] Blender Output: Fra:15 Mem:119.13M (Peak 150.77M) | Time:00:00.43 | Rendering 64 / 64 samples

[2025-07-27T17:07:15.773Z] [DEBUG] [7ff35ec2-e934-421f-bfd0-d3fe733e9aad] Blender Output: Append frame 15
Time: 00:00.51 (Saving: 00:00.03)


[2025-07-27T17:07:15.808Z] [DEBUG] [7ff35ec2-e934-421f-bfd0-d3fe733e9aad] Blender Output: Fra:16 Mem:119.13M (Peak 150.77M) | Time:00:00.03 | Rendering 1 / 64 samples

[2025-07-27T17:07:15.960Z] [DEBUG] [7ff35ec2-e934-421f-bfd0-d3fe733e9aad] Blender Output: Fra:16 Mem:119.13M (Peak 150.77M) | Time:00:00.18 | Rendering 25 / 64 samples

[2025-07-27T17:07:16.116Z] [DEBUG] [7ff35ec2-e934-421f-bfd0-d3fe733e9aad] Blender Output: Fra:16 Mem:119.13M (Peak 150.77M) | Time:00:00.34 | Rendering 50 / 64 samples

[2025-07-27T17:07:16.203Z] [DEBUG] [7ff35ec2-e934-421f-bfd0-d3fe733e9aad] Blender Output: Fra:16 Mem:119.13M (Peak 150.77M) | Time:00:00.43 | Rendering 64 / 64 samples

[2025-07-27T17:07:16.278Z] [DEBUG] [7ff35ec2-e934-421f-bfd0-d3fe733e9aad] Blender Output: Append frame 16
Time: 00:00.50 (Saving: 00:00.03)


[2025-07-27T17:07:16.314Z] [DEBUG] [7ff35ec2-e934-421f-bfd0-d3fe733e9aad] Blender Output: Fra:17 Mem:119.13M (Peak 150.77M) | Time:00:00.03 | Rendering 1 / 64 samples

[2025-07-27T17:07:16.464Z] [DEBUG] [7ff35ec2-e934-421f-bfd0-d3fe733e9aad] Blender Output: Fra:17 Mem:119.13M (Peak 150.77M) | Time:00:00.18 | Rendering 25 / 64 samples

[2025-07-27T17:07:16.616Z] [DEBUG] [7ff35ec2-e934-421f-bfd0-d3fe733e9aad] Blender Output: Fra:17 Mem:119.13M (Peak 150.77M) | Time:00:00.33 | Rendering 50 / 64 samples

[2025-07-27T17:07:16.702Z] [DEBUG] [7ff35ec2-e934-421f-bfd0-d3fe733e9aad] Blender Output: Fra:17 Mem:119.13M (Peak 150.77M) | Time:00:00.42 | Rendering 64 / 64 samples

[2025-07-27T17:07:16.779Z] [DEBUG] [7ff35ec2-e934-421f-bfd0-d3fe733e9aad] Blender Output: Append frame 17
Time: 00:00.50 (Saving: 00:00.03)


[2025-07-27T17:07:16.814Z] [DEBUG] [7ff35ec2-e934-421f-bfd0-d3fe733e9aad] Blender Output: Fra:18 Mem:119.13M (Peak 150.77M) | Time:00:00.03 | Rendering 1 / 64 samples

[2025-07-27T17:07:16.967Z] [DEBUG] [7ff35ec2-e934-421f-bfd0-d3fe733e9aad] Blender Output: Fra:18 Mem:119.13M (Peak 150.77M) | Time:00:00.18 | Rendering 25 / 64 samples

[2025-07-27T17:07:17.122Z] [DEBUG] [7ff35ec2-e934-421f-bfd0-d3fe733e9aad] Blender Output: Fra:18 Mem:119.13M (Peak 150.77M) | Time:00:00.34 | Rendering 50 / 64 samples

[2025-07-27T17:07:17.209Z] [DEBUG] [7ff35ec2-e934-421f-bfd0-d3fe733e9aad] Blender Output: Fra:18 Mem:119.13M (Peak 150.77M) | Time:00:00.42 | Rendering 64 / 64 samples

[2025-07-27T17:07:17.289Z] [DEBUG] [7ff35ec2-e934-421f-bfd0-d3fe733e9aad] Blender Output: Append frame 18
Time: 00:00.51 (Saving: 00:00.03)


[2025-07-27T17:07:17.339Z] [DEBUG] [7ff35ec2-e934-421f-bfd0-d3fe733e9aad] Blender Output: Fra:19 Mem:119.13M (Peak 150.77M) | Time:00:00.05 | Rendering 1 / 64 samples

[2025-07-27T17:07:17.489Z] [DEBUG] [7ff35ec2-e934-421f-bfd0-d3fe733e9aad] Blender Output: Fra:19 Mem:119.13M (Peak 150.77M) | Time:00:00.19 | Rendering 25 / 64 samples

[2025-07-27T17:07:17.642Z] [DEBUG] [7ff35ec2-e934-421f-bfd0-d3fe733e9aad] Blender Output: Fra:19 Mem:119.13M (Peak 150.77M) | Time:00:00.35 | Rendering 50 / 64 samples

[2025-07-27T17:07:17.729Z] [DEBUG] [7ff35ec2-e934-421f-bfd0-d3fe733e9aad] Blender Output: Fra:19 Mem:119.13M (Peak 150.77M) | Time:00:00.44 | Rendering 64 / 64 samples

[2025-07-27T17:07:17.809Z] [DEBUG] [7ff35ec2-e934-421f-bfd0-d3fe733e9aad] Blender Output: Append frame 19
Time: 00:00.51 (Saving: 00:00.03)


[2025-07-27T17:07:17.844Z] [DEBUG] [7ff35ec2-e934-421f-bfd0-d3fe733e9aad] Blender Output: Fra:20 Mem:119.13M (Peak 150.77M) | Time:00:00.03 | Rendering 1 / 64 samples

[2025-07-27T17:07:17.997Z] [DEBUG] [7ff35ec2-e934-421f-bfd0-d3fe733e9aad] Blender Output: Fra:20 Mem:119.13M (Peak 150.77M) | Time:00:00.18 | Rendering 25 / 64 samples

[2025-07-27T17:07:18.154Z] [DEBUG] [7ff35ec2-e934-421f-bfd0-d3fe733e9aad] Blender Output: Fra:20 Mem:119.13M (Peak 150.77M) | Time:00:00.34 | Rendering 50 / 64 samples

[2025-07-27T17:07:18.240Z] [DEBUG] [7ff35ec2-e934-421f-bfd0-d3fe733e9aad] Blender Output: Fra:20 Mem:119.13M (Peak 150.77M) | Time:00:00.43 | Rendering 64 / 64 samples

[2025-07-27T17:07:18.320Z] [DEBUG] [7ff35ec2-e934-421f-bfd0-d3fe733e9aad] Blender Output: Append frame 20
Time: 00:00.51 (Saving: 00:00.03)


[2025-07-27T17:07:18.360Z] [DEBUG] [7ff35ec2-e934-421f-bfd0-d3fe733e9aad] Blender Output: Fra:21 Mem:119.13M (Peak 150.77M) | Time:00:00.04 | Rendering 1 / 64 samples

[2025-07-27T17:07:18.511Z] [DEBUG] [7ff35ec2-e934-421f-bfd0-d3fe733e9aad] Blender Output: Fra:21 Mem:119.13M (Peak 150.77M) | Time:00:00.19 | Rendering 25 / 64 samples

[2025-07-27T17:07:18.666Z] [DEBUG] [7ff35ec2-e934-421f-bfd0-d3fe733e9aad] Blender Output: Fra:21 Mem:119.13M (Peak 150.77M) | Time:00:00.34 | Rendering 50 / 64 samples

[2025-07-27T17:07:18.753Z] [DEBUG] [7ff35ec2-e934-421f-bfd0-d3fe733e9aad] Blender Output: Fra:21 Mem:119.13M (Peak 150.77M) | Time:00:00.43 | Rendering 64 / 64 samples

[2025-07-27T17:07:18.831Z] [DEBUG] [7ff35ec2-e934-421f-bfd0-d3fe733e9aad] Blender Output: Append frame 21
Time: 00:00.51 (Saving: 00:00.03)


[2025-07-27T17:07:18.867Z] [DEBUG] [7ff35ec2-e934-421f-bfd0-d3fe733e9aad] Blender Output: Fra:22 Mem:119.13M (Peak 150.77M) | Time:00:00.03 | Rendering 1 / 64 samples

[2025-07-27T17:07:19.021Z] [DEBUG] [7ff35ec2-e934-421f-bfd0-d3fe733e9aad] Blender Output: Fra:22 Mem:119.13M (Peak 150.77M) | Time:00:00.19 | Rendering 25 / 64 samples

[2025-07-27T17:07:19.177Z] [DEBUG] [7ff35ec2-e934-421f-bfd0-d3fe733e9aad] Blender Output: Fra:22 Mem:119.13M (Peak 150.77M) | Time:00:00.34 | Rendering 50 / 64 samples

[2025-07-27T17:07:19.265Z] [DEBUG] [7ff35ec2-e934-421f-bfd0-d3fe733e9aad] Blender Output: Fra:22 Mem:119.13M (Peak 150.77M) | Time:00:00.43 | Rendering 64 / 64 samples

[2025-07-27T17:07:19.344Z] [DEBUG] [7ff35ec2-e934-421f-bfd0-d3fe733e9aad] Blender Output: Append frame 22
Time: 00:00.51 (Saving: 00:00.03)


[2025-07-27T17:07:19.381Z] [DEBUG] [7ff35ec2-e934-421f-bfd0-d3fe733e9aad] Blender Output: Fra:23 Mem:119.13M (Peak 150.77M) | Time:00:00.03 | Rendering 1 / 64 samples

[2025-07-27T17:07:19.533Z] [DEBUG] [7ff35ec2-e934-421f-bfd0-d3fe733e9aad] Blender Output: Fra:23 Mem:119.13M (Peak 150.77M) | Time:00:00.18 | Rendering 25 / 64 samples

[2025-07-27T17:07:19.688Z] [DEBUG] [7ff35ec2-e934-421f-bfd0-d3fe733e9aad] Blender Output: Fra:23 Mem:119.13M (Peak 150.77M) | Time:00:00.34 | Rendering 50 / 64 samples

[2025-07-27T17:07:19.775Z] [DEBUG] [7ff35ec2-e934-421f-bfd0-d3fe733e9aad] Blender Output: Fra:23 Mem:119.13M (Peak 150.77M) | Time:00:00.43 | Rendering 64 / 64 samples

[2025-07-27T17:07:19.853Z] [DEBUG] [7ff35ec2-e934-421f-bfd0-d3fe733e9aad] Blender Output: Append frame 23
Time: 00:00.50 (Saving: 00:00.03)


[2025-07-27T17:07:19.889Z] [DEBUG] [7ff35ec2-e934-421f-bfd0-d3fe733e9aad] Blender Output: Fra:24 Mem:119.13M (Peak 150.77M) | Time:00:00.03 | Rendering 1 / 64 samples

[2025-07-27T17:07:20.041Z] [DEBUG] [7ff35ec2-e934-421f-bfd0-d3fe733e9aad] Blender Output: Fra:24 Mem:119.13M (Peak 150.77M) | Time:00:00.18 | Rendering 25 / 64 samples

[2025-07-27T17:07:20.197Z] [DEBUG] [7ff35ec2-e934-421f-bfd0-d3fe733e9aad] Blender Output: Fra:24 Mem:119.13M (Peak 150.77M) | Time:00:00.34 | Rendering 50 / 64 samples

[2025-07-27T17:07:20.284Z] [DEBUG] [7ff35ec2-e934-421f-bfd0-d3fe733e9aad] Blender Output: Fra:24 Mem:119.13M (Peak 150.77M) | Time:00:00.43 | Rendering 64 / 64 samples

[2025-07-27T17:07:20.359Z] [DEBUG] [7ff35ec2-e934-421f-bfd0-d3fe733e9aad] Blender Output: Append frame 24
Time: 00:00.50 (Saving: 00:00.03)


[2025-07-27T17:07:20.395Z] [DEBUG] [7ff35ec2-e934-421f-bfd0-d3fe733e9aad] Blender Output: Fra:25 Mem:119.13M (Peak 150.77M) | Time:00:00.03 | Rendering 1 / 64 samples

[2025-07-27T17:07:20.547Z] [DEBUG] [7ff35ec2-e934-421f-bfd0-d3fe733e9aad] Blender Output: Fra:25 Mem:119.13M (Peak 150.77M) | Time:00:00.18 | Rendering 25 / 64 samples

[2025-07-27T17:07:20.703Z] [DEBUG] [7ff35ec2-e934-421f-bfd0-d3fe733e9aad] Blender Output: Fra:25 Mem:119.13M (Peak 150.77M) | Time:00:00.34 | Rendering 50 / 64 samples

[2025-07-27T17:07:20.791Z] [DEBUG] [7ff35ec2-e934-421f-bfd0-d3fe733e9aad] Blender Output: Fra:25 Mem:119.13M (Peak 150.77M) | Time:00:00.43 | Rendering 64 / 64 samples

[2025-07-27T17:07:20.869Z] [DEBUG] [7ff35ec2-e934-421f-bfd0-d3fe733e9aad] Blender Output: Append frame 25
Time: 00:00.50 (Saving: 00:00.03)


[2025-07-27T17:07:20.904Z] [DEBUG] [7ff35ec2-e934-421f-bfd0-d3fe733e9aad] Blender Output: Fra:26 Mem:119.13M (Peak 150.77M) | Time:00:00.03 | Rendering 1 / 64 samples

[2025-07-27T17:07:21.059Z] [DEBUG] [7ff35ec2-e934-421f-bfd0-d3fe733e9aad] Blender Output: Fra:26 Mem:119.13M (Peak 150.77M) | Time:00:00.18 | Rendering 25 / 64 samples

[2025-07-27T17:07:21.218Z] [DEBUG] [7ff35ec2-e934-421f-bfd0-d3fe733e9aad] Blender Output: Fra:26 Mem:119.13M (Peak 150.77M) | Time:00:00.34 | Rendering 50 / 64 samples

[2025-07-27T17:07:21.306Z] [DEBUG] [7ff35ec2-e934-421f-bfd0-d3fe733e9aad] Blender Output: Fra:26 Mem:119.13M (Peak 150.77M) | Time:00:00.43 | Rendering 64 / 64 samples

[2025-07-27T17:07:21.382Z] [DEBUG] [7ff35ec2-e934-421f-bfd0-d3fe733e9aad] Blender Output: Append frame 26
Time: 00:00.51 (Saving: 00:00.03)


[2025-07-27T17:07:21.418Z] [DEBUG] [7ff35ec2-e934-421f-bfd0-d3fe733e9aad] Blender Output: Fra:27 Mem:119.13M (Peak 150.77M) | Time:00:00.03 | Rendering 1 / 64 samples

[2025-07-27T17:07:21.569Z] [DEBUG] [7ff35ec2-e934-421f-bfd0-d3fe733e9aad] Blender Output: Fra:27 Mem:119.13M (Peak 150.77M) | Time:00:00.18 | Rendering 25 / 64 samples

[2025-07-27T17:07:21.725Z] [DEBUG] [7ff35ec2-e934-421f-bfd0-d3fe733e9aad] Blender Output: Fra:27 Mem:119.13M (Peak 150.77M) | Time:00:00.34 | Rendering 50 / 64 samples

[2025-07-27T17:07:21.813Z] [DEBUG] [7ff35ec2-e934-421f-bfd0-d3fe733e9aad] Blender Output: Fra:27 Mem:119.13M (Peak 150.77M) | Time:00:00.43 | Rendering 64 / 64 samples

[2025-07-27T17:07:21.893Z] [DEBUG] [7ff35ec2-e934-421f-bfd0-d3fe733e9aad] Blender Output: Append frame 27
Time: 00:00.51 (Saving: 00:00.03)


[2025-07-27T17:07:21.929Z] [DEBUG] [7ff35ec2-e934-421f-bfd0-d3fe733e9aad] Blender Output: Fra:28 Mem:119.13M (Peak 150.77M) | Time:00:00.03 | Rendering 1 / 64 samples

[2025-07-27T17:07:22.083Z] [DEBUG] [7ff35ec2-e934-421f-bfd0-d3fe733e9aad] Blender Output: Fra:28 Mem:119.13M (Peak 150.77M) | Time:00:00.18 | Rendering 25 / 64 samples

[2025-07-27T17:07:22.240Z] [DEBUG] [7ff35ec2-e934-421f-bfd0-d3fe733e9aad] Blender Output: Fra:28 Mem:119.13M (Peak 150.77M) | Time:00:00.34 | Rendering 50 / 64 samples

[2025-07-27T17:07:22.329Z] [DEBUG] [7ff35ec2-e934-421f-bfd0-d3fe733e9aad] Blender Output: Fra:28 Mem:119.13M (Peak 150.77M) | Time:00:00.43 | Rendering 64 / 64 samples

[2025-07-27T17:07:22.405Z] [DEBUG] [7ff35ec2-e934-421f-bfd0-d3fe733e9aad] Blender Output: Append frame 28
Time: 00:00.51 (Saving: 00:00.03)


[2025-07-27T17:07:22.440Z] [DEBUG] [7ff35ec2-e934-421f-bfd0-d3fe733e9aad] Blender Output: Fra:29 Mem:119.13M (Peak 150.77M) | Time:00:00.03 | Rendering 1 / 64 samples

[2025-07-27T17:07:22.592Z] [DEBUG] [7ff35ec2-e934-421f-bfd0-d3fe733e9aad] Blender Output: Fra:29 Mem:119.13M (Peak 150.77M) | Time:00:00.18 | Rendering 25 / 64 samples

[2025-07-27T17:07:22.748Z] [DEBUG] [7ff35ec2-e934-421f-bfd0-d3fe733e9aad] Blender Output: Fra:29 Mem:119.13M (Peak 150.77M) | Time:00:00.34 | Rendering 50 / 64 samples

[2025-07-27T17:07:22.834Z] [DEBUG] [7ff35ec2-e934-421f-bfd0-d3fe733e9aad] Blender Output: Fra:29 Mem:119.13M (Peak 150.77M) | Time:00:00.42 | Rendering 64 / 64 samples

[2025-07-27T17:07:22.914Z] [DEBUG] [7ff35ec2-e934-421f-bfd0-d3fe733e9aad] Blender Output: Append frame 29
Time: 00:00.50 (Saving: 00:00.03)


[2025-07-27T17:07:22.949Z] [DEBUG] [7ff35ec2-e934-421f-bfd0-d3fe733e9aad] Blender Output: Fra:30 Mem:119.13M (Peak 150.77M) | Time:00:00.03 | Rendering 1 / 64 samples

[2025-07-27T17:07:23.101Z] [DEBUG] [7ff35ec2-e934-421f-bfd0-d3fe733e9aad] Blender Output: Fra:30 Mem:119.13M (Peak 150.77M) | Time:00:00.18 | Rendering 25 / 64 samples

[2025-07-27T17:07:23.256Z] [DEBUG] [7ff35ec2-e934-421f-bfd0-d3fe733e9aad] Blender Output: Fra:30 Mem:119.13M (Peak 150.77M) | Time:00:00.34 | Rendering 50 / 64 samples

[2025-07-27T17:07:23.344Z] [DEBUG] [7ff35ec2-e934-421f-bfd0-d3fe733e9aad] Blender Output: Fra:30 Mem:119.13M (Peak 150.77M) | Time:00:00.43 | Rendering 64 / 64 samples

[2025-07-27T17:07:23.422Z] [DEBUG] [7ff35ec2-e934-421f-bfd0-d3fe733e9aad] Blender Output: Append frame 30
Time: 00:00.50 (Saving: 00:00.03)


[2025-07-27T17:07:23.457Z] [DEBUG] [7ff35ec2-e934-421f-bfd0-d3fe733e9aad] Blender Output: Fra:31 Mem:119.13M (Peak 150.77M) | Time:00:00.03 | Rendering 1 / 64 samples

[2025-07-27T17:07:23.611Z] [DEBUG] [7ff35ec2-e934-421f-bfd0-d3fe733e9aad] Blender Output: Fra:31 Mem:119.13M (Peak 150.77M) | Time:00:00.18 | Rendering 25 / 64 samples

[2025-07-27T17:07:23.767Z] [DEBUG] [7ff35ec2-e934-421f-bfd0-d3fe733e9aad] Blender Output: Fra:31 Mem:119.13M (Peak 150.77M) | Time:00:00.34 | Rendering 50 / 64 samples

[2025-07-27T17:07:23.855Z] [DEBUG] [7ff35ec2-e934-421f-bfd0-d3fe733e9aad] Blender Output: Fra:31 Mem:119.13M (Peak 150.77M) | Time:00:00.43 | Rendering 64 / 64 samples

[2025-07-27T17:07:23.931Z] [DEBUG] [7ff35ec2-e934-421f-bfd0-d3fe733e9aad] Blender Output: Append frame 31
Time: 00:00.50 (Saving: 00:00.03)


[2025-07-27T17:07:23.967Z] [DEBUG] [7ff35ec2-e934-421f-bfd0-d3fe733e9aad] Blender Output: Fra:32 Mem:119.13M (Peak 150.77M) | Time:00:00.03 | Rendering 1 / 64 samples

[2025-07-27T17:07:24.123Z] [DEBUG] [7ff35ec2-e934-421f-bfd0-d3fe733e9aad] Blender Output: Fra:32 Mem:119.13M (Peak 150.77M) | Time:00:00.19 | Rendering 25 / 64 samples

[2025-07-27T17:07:24.283Z] [DEBUG] [7ff35ec2-e934-421f-bfd0-d3fe733e9aad] Blender Output: Fra:32 Mem:119.13M (Peak 150.77M) | Time:00:00.35 | Rendering 50 / 64 samples

[2025-07-27T17:07:24.374Z] [DEBUG] [7ff35ec2-e934-421f-bfd0-d3fe733e9aad] Blender Output: Fra:32 Mem:119.13M (Peak 150.77M) | Time:00:00.44 | Rendering 64 / 64 samples

[2025-07-27T17:07:24.452Z] [DEBUG] [7ff35ec2-e934-421f-bfd0-d3fe733e9aad] Blender Output: Append frame 32
Time: 00:00.52 (Saving: 00:00.03)


[2025-07-27T17:07:24.489Z] [DEBUG] [7ff35ec2-e934-421f-bfd0-d3fe733e9aad] Blender Output: Fra:33 Mem:119.13M (Peak 150.77M) | Time:00:00.03 | Rendering 1 / 64 samples

[2025-07-27T17:07:24.641Z] [DEBUG] [7ff35ec2-e934-421f-bfd0-d3fe733e9aad] Blender Output: Fra:33 Mem:119.13M (Peak 150.77M) | Time:00:00.18 | Rendering 25 / 64 samples

[2025-07-27T17:07:24.798Z] [DEBUG] [7ff35ec2-e934-421f-bfd0-d3fe733e9aad] Blender Output: Fra:33 Mem:119.13M (Peak 150.77M) | Time:00:00.34 | Rendering 50 / 64 samples

[2025-07-27T17:07:24.887Z] [DEBUG] [7ff35ec2-e934-421f-bfd0-d3fe733e9aad] Blender Output: Fra:33 Mem:119.13M (Peak 150.77M) | Time:00:00.43 | Rendering 64 / 64 samples

[2025-07-27T17:07:24.964Z] [DEBUG] [7ff35ec2-e934-421f-bfd0-d3fe733e9aad] Blender Output: Append frame 33
Time: 00:00.51 (Saving: 00:00.03)


[2025-07-27T17:07:25.000Z] [DEBUG] [7ff35ec2-e934-421f-bfd0-d3fe733e9aad] Blender Output: Fra:34 Mem:119.13M (Peak 150.77M) | Time:00:00.03 | Rendering 1 / 64 samples

[2025-07-27T17:07:25.154Z] [DEBUG] [7ff35ec2-e934-421f-bfd0-d3fe733e9aad] Blender Output: Fra:34 Mem:119.13M (Peak 150.77M) | Time:00:00.18 | Rendering 25 / 64 samples

[2025-07-27T17:07:25.310Z] [DEBUG] [7ff35ec2-e934-421f-bfd0-d3fe733e9aad] Blender Output: Fra:34 Mem:119.13M (Peak 150.77M) | Time:00:00.34 | Rendering 50 / 64 samples

[2025-07-27T17:07:25.400Z] [DEBUG] [7ff35ec2-e934-421f-bfd0-d3fe733e9aad] Blender Output: Fra:34 Mem:119.13M (Peak 150.77M) | Time:00:00.43 | Rendering 64 / 64 samples

[2025-07-27T17:07:25.478Z] [DEBUG] [7ff35ec2-e934-421f-bfd0-d3fe733e9aad] Blender Output: Append frame 34
Time: 00:00.51 (Saving: 00:00.03)


[2025-07-27T17:07:25.514Z] [DEBUG] [7ff35ec2-e934-421f-bfd0-d3fe733e9aad] Blender Output: Fra:35 Mem:119.13M (Peak 150.77M) | Time:00:00.03 | Rendering 1 / 64 samples

[2025-07-27T17:07:25.668Z] [DEBUG] [7ff35ec2-e934-421f-bfd0-d3fe733e9aad] Blender Output: Fra:35 Mem:119.13M (Peak 150.77M) | Time:00:00.19 | Rendering 25 / 64 samples

[2025-07-27T17:07:25.826Z] [DEBUG] [7ff35ec2-e934-421f-bfd0-d3fe733e9aad] Blender Output: Fra:35 Mem:119.13M (Peak 150.77M) | Time:00:00.34 | Rendering 50 / 64 samples

[2025-07-27T17:07:25.914Z] [DEBUG] [7ff35ec2-e934-421f-bfd0-d3fe733e9aad] Blender Output: Fra:35 Mem:119.13M (Peak 150.77M) | Time:00:00.43 | Rendering 64 / 64 samples

[2025-07-27T17:07:25.992Z] [DEBUG] [7ff35ec2-e934-421f-bfd0-d3fe733e9aad] Blender Output: Append frame 35
Time: 00:00.51 (Saving: 00:00.03)


[2025-07-27T17:07:26.027Z] [DEBUG] [7ff35ec2-e934-421f-bfd0-d3fe733e9aad] Blender Output: Fra:36 Mem:119.13M (Peak 150.77M) | Time:00:00.03 | Rendering 1 / 64 samples

[2025-07-27T17:07:26.180Z] [DEBUG] [7ff35ec2-e934-421f-bfd0-d3fe733e9aad] Blender Output: Fra:36 Mem:119.13M (Peak 150.77M) | Time:00:00.18 | Rendering 25 / 64 samples

[2025-07-27T17:07:26.337Z] [DEBUG] [7ff35ec2-e934-421f-bfd0-d3fe733e9aad] Blender Output: Fra:36 Mem:119.13M (Peak 150.77M) | Time:00:00.34 | Rendering 50 / 64 samples

[2025-07-27T17:07:26.426Z] [DEBUG] [7ff35ec2-e934-421f-bfd0-d3fe733e9aad] Blender Output: Fra:36 Mem:119.13M (Peak 150.77M) | Time:00:00.43 | Rendering 64 / 64 samples

[2025-07-27T17:07:26.505Z] [DEBUG] [7ff35ec2-e934-421f-bfd0-d3fe733e9aad] Blender Output: Append frame 36
Time: 00:00.51 (Saving: 00:00.03)


[2025-07-27T17:07:26.541Z] [DEBUG] [7ff35ec2-e934-421f-bfd0-d3fe733e9aad] Blender Output: Fra:37 Mem:119.13M (Peak 150.77M) | Time:00:00.03 | Rendering 1 / 64 samples

[2025-07-27T17:07:26.696Z] [DEBUG] [7ff35ec2-e934-421f-bfd0-d3fe733e9aad] Blender Output: Fra:37 Mem:119.13M (Peak 150.77M) | Time:00:00.19 | Rendering 25 / 64 samples

[2025-07-27T17:07:26.857Z] [DEBUG] [7ff35ec2-e934-421f-bfd0-d3fe733e9aad] Blender Output: Fra:37 Mem:119.13M (Peak 150.77M) | Time:00:00.35 | Rendering 50 / 64 samples

[2025-07-27T17:07:26.947Z] [DEBUG] [7ff35ec2-e934-421f-bfd0-d3fe733e9aad] Blender Output: Fra:37 Mem:119.13M (Peak 150.77M) | Time:00:00.44 | Rendering 64 / 64 samples

[2025-07-27T17:07:27.027Z] [DEBUG] [7ff35ec2-e934-421f-bfd0-d3fe733e9aad] Blender Output: Append frame 37
Time: 00:00.52 (Saving: 00:00.03)


[2025-07-27T17:07:27.064Z] [DEBUG] [7ff35ec2-e934-421f-bfd0-d3fe733e9aad] Blender Output: Fra:38 Mem:119.13M (Peak 150.77M) | Time:00:00.03 | Rendering 1 / 64 samples

[2025-07-27T17:07:27.218Z] [DEBUG] [7ff35ec2-e934-421f-bfd0-d3fe733e9aad] Blender Output: Fra:38 Mem:119.13M (Peak 150.77M) | Time:00:00.19 | Rendering 25 / 64 samples

[2025-07-27T17:07:27.377Z] [DEBUG] [7ff35ec2-e934-421f-bfd0-d3fe733e9aad] Blender Output: Fra:38 Mem:119.13M (Peak 150.77M) | Time:00:00.34 | Rendering 50 / 64 samples

[2025-07-27T17:07:27.466Z] [DEBUG] [7ff35ec2-e934-421f-bfd0-d3fe733e9aad] Blender Output: Fra:38 Mem:119.13M (Peak 150.77M) | Time:00:00.43 | Rendering 64 / 64 samples

[2025-07-27T17:07:27.544Z] [DEBUG] [7ff35ec2-e934-421f-bfd0-d3fe733e9aad] Blender Output: Append frame 38
Time: 00:00.51 (Saving: 00:00.03)


[2025-07-27T17:07:27.582Z] [DEBUG] [7ff35ec2-e934-421f-bfd0-d3fe733e9aad] Blender Output: Fra:39 Mem:119.13M (Peak 150.77M) | Time:00:00.03 | Rendering 1 / 64 samples

[2025-07-27T17:07:27.735Z] [DEBUG] [7ff35ec2-e934-421f-bfd0-d3fe733e9aad] Blender Output: Fra:39 Mem:119.13M (Peak 150.77M) | Time:00:00.19 | Rendering 25 / 64 samples

[2025-07-27T17:07:27.890Z] [DEBUG] [7ff35ec2-e934-421f-bfd0-d3fe733e9aad] Blender Output: Fra:39 Mem:119.13M (Peak 150.77M) | Time:00:00.34 | Rendering 50 / 64 samples

[2025-07-27T17:07:27.978Z] [DEBUG] [7ff35ec2-e934-421f-bfd0-d3fe733e9aad] Blender Output: Fra:39 Mem:119.13M (Peak 150.77M) | Time:00:00.43 | Rendering 64 / 64 samples

[2025-07-27T17:07:28.056Z] [DEBUG] [7ff35ec2-e934-421f-bfd0-d3fe733e9aad] Blender Output: Append frame 39
Time: 00:00.51 (Saving: 00:00.03)


[2025-07-27T17:07:28.093Z] [DEBUG] [7ff35ec2-e934-421f-bfd0-d3fe733e9aad] Blender Output: Fra:40 Mem:119.13M (Peak 150.77M) | Time:00:00.03 | Rendering 1 / 64 samples

[2025-07-27T17:07:28.243Z] [DEBUG] [7ff35ec2-e934-421f-bfd0-d3fe733e9aad] Blender Output: Fra:40 Mem:119.13M (Peak 150.77M) | Time:00:00.18 | Rendering 25 / 64 samples

[2025-07-27T17:07:28.399Z] [DEBUG] [7ff35ec2-e934-421f-bfd0-d3fe733e9aad] Blender Output: Fra:40 Mem:119.13M (Peak 150.77M) | Time:00:00.34 | Rendering 50 / 64 samples

[2025-07-27T17:07:28.486Z] [DEBUG] [7ff35ec2-e934-421f-bfd0-d3fe733e9aad] Blender Output: Fra:40 Mem:119.13M (Peak 150.77M) | Time:00:00.42 | Rendering 64 / 64 samples

[2025-07-27T17:07:28.563Z] [DEBUG] [7ff35ec2-e934-421f-bfd0-d3fe733e9aad] Blender Output: Append frame 40
Time: 00:00.50 (Saving: 00:00.03)


[2025-07-27T17:07:28.599Z] [DEBUG] [7ff35ec2-e934-421f-bfd0-d3fe733e9aad] Blender Output: Fra:41 Mem:119.13M (Peak 150.77M) | Time:00:00.03 | Rendering 1 / 64 samples

[2025-07-27T17:07:28.750Z] [DEBUG] [7ff35ec2-e934-421f-bfd0-d3fe733e9aad] Blender Output: Fra:41 Mem:119.13M (Peak 150.77M) | Time:00:00.18 | Rendering 25 / 64 samples

[2025-07-27T17:07:28.905Z] [DEBUG] [7ff35ec2-e934-421f-bfd0-d3fe733e9aad] Blender Output: Fra:41 Mem:119.13M (Peak 150.77M) | Time:00:00.34 | Rendering 50 / 64 samples

[2025-07-27T17:07:28.993Z] [DEBUG] [7ff35ec2-e934-421f-bfd0-d3fe733e9aad] Blender Output: Fra:41 Mem:119.13M (Peak 150.77M) | Time:00:00.43 | Rendering 64 / 64 samples

[2025-07-27T17:07:29.071Z] [DEBUG] [7ff35ec2-e934-421f-bfd0-d3fe733e9aad] Blender Output: Append frame 41
Time: 00:00.50 (Saving: 00:00.03)


[2025-07-27T17:07:29.107Z] [DEBUG] [7ff35ec2-e934-421f-bfd0-d3fe733e9aad] Blender Output: Fra:42 Mem:119.13M (Peak 150.77M) | Time:00:00.03 | Rendering 1 / 64 samples

[2025-07-27T17:07:29.259Z] [DEBUG] [7ff35ec2-e934-421f-bfd0-d3fe733e9aad] Blender Output: Fra:42 Mem:119.13M (Peak 150.77M) | Time:00:00.18 | Rendering 25 / 64 samples

[2025-07-27T17:07:29.414Z] [DEBUG] [7ff35ec2-e934-421f-bfd0-d3fe733e9aad] Blender Output: Fra:42 Mem:119.13M (Peak 150.77M) | Time:00:00.34 | Rendering 50 / 64 samples

[2025-07-27T17:07:29.502Z] [DEBUG] [7ff35ec2-e934-421f-bfd0-d3fe733e9aad] Blender Output: Fra:42 Mem:119.13M (Peak 150.77M) | Time:00:00.43 | Rendering 64 / 64 samples

[2025-07-27T17:07:29.578Z] [DEBUG] [7ff35ec2-e934-421f-bfd0-d3fe733e9aad] Blender Output: Append frame 42
Time: 00:00.50 (Saving: 00:00.03)


[2025-07-27T17:07:29.615Z] [DEBUG] [7ff35ec2-e934-421f-bfd0-d3fe733e9aad] Blender Output: Fra:43 Mem:119.13M (Peak 150.77M) | Time:00:00.03 | Rendering 1 / 64 samples

[2025-07-27T17:07:29.764Z] [DEBUG] [7ff35ec2-e934-421f-bfd0-d3fe733e9aad] Blender Output: Fra:43 Mem:119.13M (Peak 150.77M) | Time:00:00.18 | Rendering 25 / 64 samples

[2025-07-27T17:07:29.918Z] [DEBUG] [7ff35ec2-e934-421f-bfd0-d3fe733e9aad] Blender Output: Fra:43 Mem:119.13M (Peak 150.77M) | Time:00:00.33 | Rendering 50 / 64 samples

[2025-07-27T17:07:30.005Z] [DEBUG] [7ff35ec2-e934-421f-bfd0-d3fe733e9aad] Blender Output: Fra:43 Mem:119.13M (Peak 150.77M) | Time:00:00.42 | Rendering 64 / 64 samples

[2025-07-27T17:07:30.082Z] [DEBUG] [7ff35ec2-e934-421f-bfd0-d3fe733e9aad] Blender Output: Append frame 43
Time: 00:00.50 (Saving: 00:00.03)


[2025-07-27T17:07:30.118Z] [DEBUG] [7ff35ec2-e934-421f-bfd0-d3fe733e9aad] Blender Output: Fra:44 Mem:119.13M (Peak 150.77M) | Time:00:00.03 | Rendering 1 / 64 samples

[2025-07-27T17:07:30.271Z] [DEBUG] [7ff35ec2-e934-421f-bfd0-d3fe733e9aad] Blender Output: Fra:44 Mem:119.13M (Peak 150.77M) | Time:00:00.18 | Rendering 25 / 64 samples

[2025-07-27T17:07:30.428Z] [DEBUG] [7ff35ec2-e934-421f-bfd0-d3fe733e9aad] Blender Output: Fra:44 Mem:119.13M (Peak 150.77M) | Time:00:00.34 | Rendering 50 / 64 samples

[2025-07-27T17:07:30.516Z] [DEBUG] [7ff35ec2-e934-421f-bfd0-d3fe733e9aad] Blender Output: Fra:44 Mem:119.13M (Peak 150.77M) | Time:00:00.43 | Rendering 64 / 64 samples

[2025-07-27T17:07:30.595Z] [DEBUG] [7ff35ec2-e934-421f-bfd0-d3fe733e9aad] Blender Output: Append frame 44
Time: 00:00.51 (Saving: 00:00.03)


[2025-07-27T17:07:30.631Z] [DEBUG] [7ff35ec2-e934-421f-bfd0-d3fe733e9aad] Blender Output: Fra:45 Mem:119.13M (Peak 150.77M) | Time:00:00.03 | Rendering 1 / 64 samples

[2025-07-27T17:07:30.783Z] [DEBUG] [7ff35ec2-e934-421f-bfd0-d3fe733e9aad] Blender Output: Fra:45 Mem:119.13M (Peak 150.77M) | Time:00:00.18 | Rendering 25 / 64 samples

[2025-07-27T17:07:30.941Z] [DEBUG] [7ff35ec2-e934-421f-bfd0-d3fe733e9aad] Blender Output: Fra:45 Mem:119.13M (Peak 150.77M) | Time:00:00.34 | Rendering 50 / 64 samples

[2025-07-27T17:07:31.028Z] [DEBUG] [7ff35ec2-e934-421f-bfd0-d3fe733e9aad] Blender Output: Fra:45 Mem:119.13M (Peak 150.77M) | Time:00:00.43 | Rendering 64 / 64 samples

[2025-07-27T17:07:31.103Z] [DEBUG] [7ff35ec2-e934-421f-bfd0-d3fe733e9aad] Blender Output: Append frame 45
Time: 00:00.50 (Saving: 00:00.03)


[2025-07-27T17:07:31.138Z] [DEBUG] [7ff35ec2-e934-421f-bfd0-d3fe733e9aad] Blender Output: Fra:46 Mem:119.13M (Peak 150.77M) | Time:00:00.03 | Rendering 1 / 64 samples

[2025-07-27T17:07:31.292Z] [DEBUG] [7ff35ec2-e934-421f-bfd0-d3fe733e9aad] Blender Output: Fra:46 Mem:119.13M (Peak 150.77M) | Time:00:00.18 | Rendering 25 / 64 samples

[2025-07-27T17:07:31.447Z] [DEBUG] [7ff35ec2-e934-421f-bfd0-d3fe733e9aad] Blender Output: Fra:46 Mem:119.13M (Peak 150.77M) | Time:00:00.34 | Rendering 50 / 64 samples

[2025-07-27T17:07:31.533Z] [DEBUG] [7ff35ec2-e934-421f-bfd0-d3fe733e9aad] Blender Output: Fra:46 Mem:119.13M (Peak 150.77M) | Time:00:00.43 | Rendering 64 / 64 samples

[2025-07-27T17:07:31.612Z] [DEBUG] [7ff35ec2-e934-421f-bfd0-d3fe733e9aad] Blender Output: Append frame 46
Time: 00:00.50 (Saving: 00:00.03)


[2025-07-27T17:07:31.648Z] [DEBUG] [7ff35ec2-e934-421f-bfd0-d3fe733e9aad] Blender Output: Fra:47 Mem:119.13M (Peak 150.77M) | Time:00:00.03 | Rendering 1 / 64 samples

[2025-07-27T17:07:31.803Z] [DEBUG] [7ff35ec2-e934-421f-bfd0-d3fe733e9aad] Blender Output: Fra:47 Mem:119.13M (Peak 150.77M) | Time:00:00.19 | Rendering 25 / 64 samples

[2025-07-27T17:07:31.962Z] [DEBUG] [7ff35ec2-e934-421f-bfd0-d3fe733e9aad] Blender Output: Fra:47 Mem:119.13M (Peak 150.77M) | Time:00:00.35 | Rendering 50 / 64 samples

[2025-07-27T17:07:32.051Z] [DEBUG] [7ff35ec2-e934-421f-bfd0-d3fe733e9aad] Blender Output: Fra:47 Mem:119.13M (Peak 150.77M) | Time:00:00.43 | Rendering 64 / 64 samples

[2025-07-27T17:07:32.128Z] [DEBUG] [7ff35ec2-e934-421f-bfd0-d3fe733e9aad] Blender Output: Append frame 47
Time: 00:00.51 (Saving: 00:00.03)


[2025-07-27T17:07:32.164Z] [DEBUG] [7ff35ec2-e934-421f-bfd0-d3fe733e9aad] Blender Output: Fra:48 Mem:119.13M (Peak 150.77M) | Time:00:00.03 | Rendering 1 / 64 samples

[2025-07-27T17:07:32.321Z] [DEBUG] [7ff35ec2-e934-421f-bfd0-d3fe733e9aad] Blender Output: Fra:48 Mem:119.13M (Peak 150.77M) | Time:00:00.19 | Rendering 25 / 64 samples

[2025-07-27T17:07:32.482Z] [DEBUG] [7ff35ec2-e934-421f-bfd0-d3fe733e9aad] Blender Output: Fra:48 Mem:119.13M (Peak 150.77M) | Time:00:00.35 | Rendering 50 / 64 samples

[2025-07-27T17:07:32.572Z] [DEBUG] [7ff35ec2-e934-421f-bfd0-d3fe733e9aad] Blender Output: Fra:48 Mem:119.13M (Peak 150.77M) | Time:00:00.44 | Rendering 64 / 64 samples

[2025-07-27T17:07:32.651Z] [DEBUG] [7ff35ec2-e934-421f-bfd0-d3fe733e9aad] Blender Output: Append frame 48
Time: 00:00.52 (Saving: 00:00.03)


[2025-07-27T17:07:32.687Z] [DEBUG] [7ff35ec2-e934-421f-bfd0-d3fe733e9aad] Blender Output: Fra:49 Mem:119.13M (Peak 150.77M) | Time:00:00.03 | Rendering 1 / 64 samples

[2025-07-27T17:07:32.840Z] [DEBUG] [7ff35ec2-e934-421f-bfd0-d3fe733e9aad] Blender Output: Fra:49 Mem:119.13M (Peak 150.77M) | Time:00:00.18 | Rendering 25 / 64 samples

[2025-07-27T17:07:32.998Z] [DEBUG] [7ff35ec2-e934-421f-bfd0-d3fe733e9aad] Blender Output: Fra:49 Mem:119.13M (Peak 150.77M) | Time:00:00.34 | Rendering 50 / 64 samples

[2025-07-27T17:07:33.088Z] [DEBUG] [7ff35ec2-e934-421f-bfd0-d3fe733e9aad] Blender Output: Fra:49 Mem:119.13M (Peak 150.77M) | Time:00:00.43 | Rendering 64 / 64 samples

[2025-07-27T17:07:33.165Z] [DEBUG] [7ff35ec2-e934-421f-bfd0-d3fe733e9aad] Blender Output: Append frame 49
Time: 00:00.51 (Saving: 00:00.03)


[2025-07-27T17:07:33.201Z] [DEBUG] [7ff35ec2-e934-421f-bfd0-d3fe733e9aad] Blender Output: Fra:50 Mem:119.13M (Peak 150.77M) | Time:00:00.03 | Rendering 1 / 64 samples

[2025-07-27T17:07:33.354Z] [DEBUG] [7ff35ec2-e934-421f-bfd0-d3fe733e9aad] Blender Output: Fra:50 Mem:119.13M (Peak 150.77M) | Time:00:00.18 | Rendering 25 / 64 samples

[2025-07-27T17:07:33.512Z] [DEBUG] [7ff35ec2-e934-421f-bfd0-d3fe733e9aad] Blender Output: Fra:50 Mem:119.13M (Peak 150.77M) | Time:00:00.34 | Rendering 50 / 64 samples

[2025-07-27T17:07:33.600Z] [DEBUG] [7ff35ec2-e934-421f-bfd0-d3fe733e9aad] Blender Output: Fra:50 Mem:119.13M (Peak 150.77M) | Time:00:00.43 | Rendering 64 / 64 samples

[2025-07-27T17:07:33.677Z] [DEBUG] [7ff35ec2-e934-421f-bfd0-d3fe733e9aad] Blender Output: Append frame 50
Time: 00:00.51 (Saving: 00:00.03)


[2025-07-27T17:07:33.714Z] [DEBUG] [7ff35ec2-e934-421f-bfd0-d3fe733e9aad] Blender Output: Fra:51 Mem:119.13M (Peak 150.77M) | Time:00:00.03 | Rendering 1 / 64 samples

[2025-07-27T17:07:33.869Z] [DEBUG] [7ff35ec2-e934-421f-bfd0-d3fe733e9aad] Blender Output: Fra:51 Mem:119.13M (Peak 150.77M) | Time:00:00.19 | Rendering 25 / 64 samples

[2025-07-27T17:07:34.028Z] [DEBUG] [7ff35ec2-e934-421f-bfd0-d3fe733e9aad] Blender Output: Fra:51 Mem:119.13M (Peak 150.77M) | Time:00:00.35 | Rendering 50 / 64 samples

[2025-07-27T17:07:34.117Z] [DEBUG] [7ff35ec2-e934-421f-bfd0-d3fe733e9aad] Blender Output: Fra:51 Mem:119.13M (Peak 150.77M) | Time:00:00.43 | Rendering 64 / 64 samples

[2025-07-27T17:07:34.197Z] [DEBUG] [7ff35ec2-e934-421f-bfd0-d3fe733e9aad] Blender Output: Append frame 51
Time: 00:00.51 (Saving: 00:00.03)


[2025-07-27T17:07:34.233Z] [DEBUG] [7ff35ec2-e934-421f-bfd0-d3fe733e9aad] Blender Output: Fra:52 Mem:119.13M (Peak 150.77M) | Time:00:00.03 | Rendering 1 / 64 samples

[2025-07-27T17:07:34.387Z] [DEBUG] [7ff35ec2-e934-421f-bfd0-d3fe733e9aad] Blender Output: Fra:52 Mem:119.13M (Peak 150.77M) | Time:00:00.19 | Rendering 25 / 64 samples

[2025-07-27T17:07:34.544Z] [DEBUG] [7ff35ec2-e934-421f-bfd0-d3fe733e9aad] Blender Output: Fra:52 Mem:119.13M (Peak 150.77M) | Time:00:00.34 | Rendering 50 / 64 samples

[2025-07-27T17:07:34.634Z] [DEBUG] [7ff35ec2-e934-421f-bfd0-d3fe733e9aad] Blender Output: Fra:52 Mem:119.13M (Peak 150.77M) | Time:00:00.43 | Rendering 64 / 64 samples

[2025-07-27T17:07:34.710Z] [DEBUG] [7ff35ec2-e934-421f-bfd0-d3fe733e9aad] Blender Output: Append frame 52
Time: 00:00.51 (Saving: 00:00.03)


[2025-07-27T17:07:34.746Z] [DEBUG] [7ff35ec2-e934-421f-bfd0-d3fe733e9aad] Blender Output: Fra:53 Mem:119.13M (Peak 150.77M) | Time:00:00.03 | Rendering 1 / 64 samples

[2025-07-27T17:07:34.899Z] [DEBUG] [7ff35ec2-e934-421f-bfd0-d3fe733e9aad] Blender Output: Fra:53 Mem:119.13M (Peak 150.77M) | Time:00:00.18 | Rendering 25 / 64 samples

[2025-07-27T17:07:35.052Z] [DEBUG] [7ff35ec2-e934-421f-bfd0-d3fe733e9aad] Blender Output: Fra:53 Mem:119.13M (Peak 150.77M) | Time:00:00.34 | Rendering 50 / 64 samples

[2025-07-27T17:07:35.139Z] [DEBUG] [7ff35ec2-e934-421f-bfd0-d3fe733e9aad] Blender Output: Fra:53 Mem:119.13M (Peak 150.77M) | Time:00:00.42 | Rendering 64 / 64 samples

[2025-07-27T17:07:35.215Z] [DEBUG] [7ff35ec2-e934-421f-bfd0-d3fe733e9aad] Blender Output: Append frame 53
Time: 00:00.50 (Saving: 00:00.03)


[2025-07-27T17:07:35.251Z] [DEBUG] [7ff35ec2-e934-421f-bfd0-d3fe733e9aad] Blender Output: Fra:54 Mem:119.13M (Peak 150.77M) | Time:00:00.03 | Rendering 1 / 64 samples

[2025-07-27T17:07:35.412Z] [DEBUG] [7ff35ec2-e934-421f-bfd0-d3fe733e9aad] Blender Output: Fra:54 Mem:119.13M (Peak 150.77M) | Time:00:00.19 | Rendering 25 / 64 samples

[2025-07-27T17:07:35.577Z] [DEBUG] [7ff35ec2-e934-421f-bfd0-d3fe733e9aad] Blender Output: Fra:54 Mem:119.13M (Peak 150.77M) | Time:00:00.36 | Rendering 50 / 64 samples

[2025-07-27T17:07:35.670Z] [DEBUG] [7ff35ec2-e934-421f-bfd0-d3fe733e9aad] Blender Output: Fra:54 Mem:119.13M (Peak 150.77M) | Time:00:00.45 | Rendering 64 / 64 samples

[2025-07-27T17:07:35.748Z] [DEBUG] [7ff35ec2-e934-421f-bfd0-d3fe733e9aad] Blender Output: Append frame 54
Time: 00:00.53 (Saving: 00:00.03)


[2025-07-27T17:07:35.783Z] [DEBUG] [7ff35ec2-e934-421f-bfd0-d3fe733e9aad] Blender Output: Fra:55 Mem:119.13M (Peak 150.77M) | Time:00:00.03 | Rendering 1 / 64 samples

[2025-07-27T17:07:35.933Z] [DEBUG] [7ff35ec2-e934-421f-bfd0-d3fe733e9aad] Blender Output: Fra:55 Mem:119.13M (Peak 150.77M) | Time:00:00.18 | Rendering 25 / 64 samples

[2025-07-27T17:07:36.087Z] [DEBUG] [7ff35ec2-e934-421f-bfd0-d3fe733e9aad] Blender Output: Fra:55 Mem:119.13M (Peak 150.77M) | Time:00:00.33 | Rendering 50 / 64 samples

[2025-07-27T17:07:36.173Z] [DEBUG] [7ff35ec2-e934-421f-bfd0-d3fe733e9aad] Blender Output: Fra:55 Mem:119.13M (Peak 150.77M) | Time:00:00.42 | Rendering 64 / 64 samples

[2025-07-27T17:07:36.251Z] [DEBUG] [7ff35ec2-e934-421f-bfd0-d3fe733e9aad] Blender Output: Append frame 55
Time: 00:00.50 (Saving: 00:00.03)


[2025-07-27T17:07:36.287Z] [DEBUG] [7ff35ec2-e934-421f-bfd0-d3fe733e9aad] Blender Output: Fra:56 Mem:119.13M (Peak 150.77M) | Time:00:00.03 | Rendering 1 / 64 samples

[2025-07-27T17:07:36.448Z] [DEBUG] [7ff35ec2-e934-421f-bfd0-d3fe733e9aad] Blender Output: Fra:56 Mem:119.13M (Peak 150.77M) | Time:00:00.19 | Rendering 25 / 64 samples

[2025-07-27T17:07:36.612Z] [DEBUG] [7ff35ec2-e934-421f-bfd0-d3fe733e9aad] Blender Output: Fra:56 Mem:119.13M (Peak 150.77M) | Time:00:00.36 | Rendering 50 / 64 samples

[2025-07-27T17:07:36.704Z] [DEBUG] [7ff35ec2-e934-421f-bfd0-d3fe733e9aad] Blender Output: Fra:56 Mem:119.13M (Peak 150.77M) | Time:00:00.45 | Rendering 64 / 64 samples

[2025-07-27T17:07:36.778Z] [DEBUG] [7ff35ec2-e934-421f-bfd0-d3fe733e9aad] Blender Output: Append frame 56
Time: 00:00.52 (Saving: 00:00.03)


[2025-07-27T17:07:36.814Z] [DEBUG] [7ff35ec2-e934-421f-bfd0-d3fe733e9aad] Blender Output: Fra:57 Mem:119.13M (Peak 150.77M) | Time:00:00.03 | Rendering 1 / 64 samples

[2025-07-27T17:07:36.964Z] [DEBUG] [7ff35ec2-e934-421f-bfd0-d3fe733e9aad] Blender Output: Fra:57 Mem:119.13M (Peak 150.77M) | Time:00:00.18 | Rendering 25 / 64 samples

[2025-07-27T17:07:37.118Z] [DEBUG] [7ff35ec2-e934-421f-bfd0-d3fe733e9aad] Blender Output: Fra:57 Mem:119.13M (Peak 150.77M) | Time:00:00.34 | Rendering 50 / 64 samples

[2025-07-27T17:07:37.204Z] [DEBUG] [7ff35ec2-e934-421f-bfd0-d3fe733e9aad] Blender Output: Fra:57 Mem:119.13M (Peak 150.77M) | Time:00:00.42 | Rendering 64 / 64 samples

[2025-07-27T17:07:37.280Z] [DEBUG] [7ff35ec2-e934-421f-bfd0-d3fe733e9aad] Blender Output: Append frame 57
Time: 00:00.50 (Saving: 00:00.03)


[2025-07-27T17:07:37.316Z] [DEBUG] [7ff35ec2-e934-421f-bfd0-d3fe733e9aad] Blender Output: Fra:58 Mem:119.13M (Peak 150.77M) | Time:00:00.03 | Rendering 1 / 64 samples

[2025-07-27T17:07:37.472Z] [DEBUG] [7ff35ec2-e934-421f-bfd0-d3fe733e9aad] Blender Output: Fra:58 Mem:119.13M (Peak 150.77M) | Time:00:00.19 | Rendering 25 / 64 samples

[2025-07-27T17:07:37.632Z] [DEBUG] [7ff35ec2-e934-421f-bfd0-d3fe733e9aad] Blender Output: Fra:58 Mem:119.13M (Peak 150.77M) | Time:00:00.35 | Rendering 50 / 64 samples

[2025-07-27T17:07:37.722Z] [DEBUG] [7ff35ec2-e934-421f-bfd0-d3fe733e9aad] Blender Output: Fra:58 Mem:119.13M (Peak 150.77M) | Time:00:00.44 | Rendering 64 / 64 samples

[2025-07-27T17:07:37.800Z] [DEBUG] [7ff35ec2-e934-421f-bfd0-d3fe733e9aad] Blender Output: Append frame 58
Time: 00:00.51 (Saving: 00:00.03)


[2025-07-27T17:07:37.836Z] [DEBUG] [7ff35ec2-e934-421f-bfd0-d3fe733e9aad] Blender Output: Fra:59 Mem:119.13M (Peak 150.77M) | Time:00:00.03 | Rendering 1 / 64 samples

[2025-07-27T17:07:37.990Z] [DEBUG] [7ff35ec2-e934-421f-bfd0-d3fe733e9aad] Blender Output: Fra:59 Mem:119.13M (Peak 150.77M) | Time:00:00.19 | Rendering 25 / 64 samples

[2025-07-27T17:07:38.149Z] [DEBUG] [7ff35ec2-e934-421f-bfd0-d3fe733e9aad] Blender Output: Fra:59 Mem:119.13M (Peak 150.77M) | Time:00:00.34 | Rendering 50 / 64 samples

[2025-07-27T17:07:38.237Z] [DEBUG] [7ff35ec2-e934-421f-bfd0-d3fe733e9aad] Blender Output: Fra:59 Mem:119.13M (Peak 150.77M) | Time:00:00.43 | Rendering 64 / 64 samples

[2025-07-27T17:07:38.312Z] [DEBUG] [7ff35ec2-e934-421f-bfd0-d3fe733e9aad] Blender Output: Append frame 59
Time: 00:00.51 (Saving: 00:00.03)


[2025-07-27T17:07:38.348Z] [DEBUG] [7ff35ec2-e934-421f-bfd0-d3fe733e9aad] Blender Output: Fra:60 Mem:119.13M (Peak 150.77M) | Time:00:00.03 | Rendering 1 / 64 samples

[2025-07-27T17:07:38.507Z] [DEBUG] [7ff35ec2-e934-421f-bfd0-d3fe733e9aad] Blender Output: Fra:60 Mem:119.13M (Peak 150.77M) | Time:00:00.19 | Rendering 25 / 64 samples

[2025-07-27T17:07:38.670Z] [DEBUG] [7ff35ec2-e934-421f-bfd0-d3fe733e9aad] Blender Output: Fra:60 Mem:119.13M (Peak 150.77M) | Time:00:00.35 | Rendering 50 / 64 samples

[2025-07-27T17:07:38.761Z] [DEBUG] [7ff35ec2-e934-421f-bfd0-d3fe733e9aad] Blender Output: Fra:60 Mem:119.13M (Peak 150.77M) | Time:00:00.44 | Rendering 64 / 64 samples

[2025-07-27T17:07:38.836Z] [DEBUG] [7ff35ec2-e934-421f-bfd0-d3fe733e9aad] Blender Output: Append frame 60
Time: 00:00.52 (Saving: 00:00.03)


[2025-07-27T17:07:38.873Z] [DEBUG] [7ff35ec2-e934-421f-bfd0-d3fe733e9aad] Blender Output: Fra:61 Mem:119.13M (Peak 150.77M) | Time:00:00.03 | Rendering 1 / 64 samples

[2025-07-27T17:07:39.032Z] [DEBUG] [7ff35ec2-e934-421f-bfd0-d3fe733e9aad] Blender Output: Fra:61 Mem:119.13M (Peak 150.77M) | Time:00:00.19 | Rendering 25 / 64 samples

[2025-07-27T17:07:39.195Z] [DEBUG] [7ff35ec2-e934-421f-bfd0-d3fe733e9aad] Blender Output: Fra:61 Mem:119.13M (Peak 150.77M) | Time:00:00.35 | Rendering 50 / 64 samples

[2025-07-27T17:07:39.286Z] [DEBUG] [7ff35ec2-e934-421f-bfd0-d3fe733e9aad] Blender Output: Fra:61 Mem:119.13M (Peak 150.77M) | Time:00:00.44 | Rendering 64 / 64 samples

[2025-07-27T17:07:39.361Z] [DEBUG] [7ff35ec2-e934-421f-bfd0-d3fe733e9aad] Blender Output: Append frame 61
Time: 00:00.52 (Saving: 00:00.03)


[2025-07-27T17:07:39.397Z] [DEBUG] [7ff35ec2-e934-421f-bfd0-d3fe733e9aad] Blender Output: Fra:62 Mem:119.13M (Peak 150.77M) | Time:00:00.03 | Rendering 1 / 64 samples

[2025-07-27T17:07:39.565Z] [DEBUG] [7ff35ec2-e934-421f-bfd0-d3fe733e9aad] Blender Output: Fra:62 Mem:119.13M (Peak 150.77M) | Time:00:00.20 | Rendering 25 / 64 samples

[2025-07-27T17:07:39.739Z] [DEBUG] [7ff35ec2-e934-421f-bfd0-d3fe733e9aad] Blender Output: Fra:62 Mem:119.13M (Peak 150.77M) | Time:00:00.37 | Rendering 50 / 64 samples

[2025-07-27T17:07:39.836Z] [DEBUG] [7ff35ec2-e934-421f-bfd0-d3fe733e9aad] Blender Output: Fra:62 Mem:119.13M (Peak 150.77M) | Time:00:00.47 | Rendering 64 / 64 samples

[2025-07-27T17:07:39.915Z] [DEBUG] [7ff35ec2-e934-421f-bfd0-d3fe733e9aad] Blender Output: Append frame 62
Time: 00:00.55 (Saving: 00:00.03)


[2025-07-27T17:07:39.950Z] [DEBUG] [7ff35ec2-e934-421f-bfd0-d3fe733e9aad] Blender Output: Fra:63 Mem:119.13M (Peak 150.77M) | Time:00:00.03 | Rendering 1 / 64 samples

[2025-07-27T17:07:40.103Z] [DEBUG] [7ff35ec2-e934-421f-bfd0-d3fe733e9aad] Blender Output: Fra:63 Mem:119.13M (Peak 150.77M) | Time:00:00.18 | Rendering 25 / 64 samples

[2025-07-27T17:07:40.260Z] [DEBUG] [7ff35ec2-e934-421f-bfd0-d3fe733e9aad] Blender Output: Fra:63 Mem:119.13M (Peak 150.77M) | Time:00:00.34 | Rendering 50 / 64 samples

[2025-07-27T17:07:40.347Z] [DEBUG] [7ff35ec2-e934-421f-bfd0-d3fe733e9aad] Blender Output: Fra:63 Mem:119.13M (Peak 150.77M) | Time:00:00.43 | Rendering 64 / 64 samples

[2025-07-27T17:07:40.425Z] [DEBUG] [7ff35ec2-e934-421f-bfd0-d3fe733e9aad] Blender Output: Append frame 63
Time: 00:00.51 (Saving: 00:00.03)


[2025-07-27T17:07:40.461Z] [DEBUG] [7ff35ec2-e934-421f-bfd0-d3fe733e9aad] Blender Output: Fra:64 Mem:119.13M (Peak 150.77M) | Time:00:00.03 | Rendering 1 / 64 samples

[2025-07-27T17:07:40.617Z] [DEBUG] [7ff35ec2-e934-421f-bfd0-d3fe733e9aad] Blender Output: Fra:64 Mem:119.13M (Peak 150.77M) | Time:00:00.19 | Rendering 25 / 64 samples

[2025-07-27T17:07:40.778Z] [DEBUG] [7ff35ec2-e934-421f-bfd0-d3fe733e9aad] Blender Output: Fra:64 Mem:119.13M (Peak 150.77M) | Time:00:00.35 | Rendering 50 / 64 samples

[2025-07-27T17:07:40.869Z] [DEBUG] [7ff35ec2-e934-421f-bfd0-d3fe733e9aad] Blender Output: Fra:64 Mem:119.13M (Peak 150.77M) | Time:00:00.44 | Rendering 64 / 64 samples

[2025-07-27T17:07:40.945Z] [DEBUG] [7ff35ec2-e934-421f-bfd0-d3fe733e9aad] Blender Output: Append frame 64
Time: 00:00.52 (Saving: 00:00.03)


[2025-07-27T17:07:40.981Z] [DEBUG] [7ff35ec2-e934-421f-bfd0-d3fe733e9aad] Blender Output: Fra:65 Mem:119.13M (Peak 150.77M) | Time:00:00.03 | Rendering 1 / 64 samples

[2025-07-27T17:07:41.132Z] [DEBUG] [7ff35ec2-e934-421f-bfd0-d3fe733e9aad] Blender Output: Fra:65 Mem:119.13M (Peak 150.77M) | Time:00:00.18 | Rendering 25 / 64 samples

[2025-07-27T17:07:41.287Z] [DEBUG] [7ff35ec2-e934-421f-bfd0-d3fe733e9aad] Blender Output: Fra:65 Mem:119.13M (Peak 150.77M) | Time:00:00.34 | Rendering 50 / 64 samples

[2025-07-27T17:07:41.373Z] [DEBUG] [7ff35ec2-e934-421f-bfd0-d3fe733e9aad] Blender Output: Fra:65 Mem:119.13M (Peak 150.77M) | Time:00:00.42 | Rendering 64 / 64 samples

[2025-07-27T17:07:41.448Z] [DEBUG] [7ff35ec2-e934-421f-bfd0-d3fe733e9aad] Blender Output: Append frame 65
Time: 00:00.50 (Saving: 00:00.03)


[2025-07-27T17:07:41.484Z] [DEBUG] [7ff35ec2-e934-421f-bfd0-d3fe733e9aad] Blender Output: Fra:66 Mem:119.13M (Peak 150.77M) | Time:00:00.03 | Rendering 1 / 64 samples

[2025-07-27T17:07:41.638Z] [DEBUG] [7ff35ec2-e934-421f-bfd0-d3fe733e9aad] Blender Output: Fra:66 Mem:119.13M (Peak 150.77M) | Time:00:00.19 | Rendering 25 / 64 samples

[2025-07-27T17:07:41.796Z] [DEBUG] [7ff35ec2-e934-421f-bfd0-d3fe733e9aad] Blender Output: Fra:66 Mem:119.13M (Peak 150.77M) | Time:00:00.34 | Rendering 50 / 64 samples

[2025-07-27T17:07:41.885Z] [DEBUG] [7ff35ec2-e934-421f-bfd0-d3fe733e9aad] Blender Output: Fra:66 Mem:119.13M (Peak 150.77M) | Time:00:00.43 | Rendering 64 / 64 samples

[2025-07-27T17:07:41.960Z] [DEBUG] [7ff35ec2-e934-421f-bfd0-d3fe733e9aad] Blender Output: Append frame 66
Time: 00:00.51 (Saving: 00:00.03)


[2025-07-27T17:07:41.995Z] [DEBUG] [7ff35ec2-e934-421f-bfd0-d3fe733e9aad] Blender Output: Fra:67 Mem:119.13M (Peak 150.77M) | Time:00:00.03 | Rendering 1 / 64 samples

[2025-07-27T17:07:42.147Z] [DEBUG] [7ff35ec2-e934-421f-bfd0-d3fe733e9aad] Blender Output: Fra:67 Mem:119.13M (Peak 150.77M) | Time:00:00.18 | Rendering 25 / 64 samples

[2025-07-27T17:07:42.301Z] [DEBUG] [7ff35ec2-e934-421f-bfd0-d3fe733e9aad] Blender Output: Fra:67 Mem:119.13M (Peak 150.77M) | Time:00:00.34 | Rendering 50 / 64 samples

[2025-07-27T17:07:42.387Z] [DEBUG] [7ff35ec2-e934-421f-bfd0-d3fe733e9aad] Blender Output: Fra:67 Mem:119.13M (Peak 150.77M) | Time:00:00.42 | Rendering 64 / 64 samples

[2025-07-27T17:07:42.464Z] [DEBUG] [7ff35ec2-e934-421f-bfd0-d3fe733e9aad] Blender Output: Append frame 67
Time: 00:00.50 (Saving: 00:00.03)


[2025-07-27T17:07:42.499Z] [DEBUG] [7ff35ec2-e934-421f-bfd0-d3fe733e9aad] Blender Output: Fra:68 Mem:119.13M (Peak 150.77M) | Time:00:00.03 | Rendering 1 / 64 samples

[2025-07-27T17:07:42.653Z] [DEBUG] [7ff35ec2-e934-421f-bfd0-d3fe733e9aad] Blender Output: Fra:68 Mem:119.13M (Peak 150.77M) | Time:00:00.18 | Rendering 25 / 64 samples

[2025-07-27T17:07:42.809Z] [DEBUG] [7ff35ec2-e934-421f-bfd0-d3fe733e9aad] Blender Output: Fra:68 Mem:119.13M (Peak 150.77M) | Time:00:00.34 | Rendering 50 / 64 samples

[2025-07-27T17:07:42.899Z] [DEBUG] [7ff35ec2-e934-421f-bfd0-d3fe733e9aad] Blender Output: Fra:68 Mem:119.13M (Peak 150.77M) | Time:00:00.43 | Rendering 64 / 64 samples

[2025-07-27T17:07:42.973Z] [DEBUG] [7ff35ec2-e934-421f-bfd0-d3fe733e9aad] Blender Output: Append frame 68
Time: 00:00.50 (Saving: 00:00.03)


[2025-07-27T17:07:43.009Z] [DEBUG] [7ff35ec2-e934-421f-bfd0-d3fe733e9aad] Blender Output: Fra:69 Mem:119.13M (Peak 150.77M) | Time:00:00.03 | Rendering 1 / 64 samples

[2025-07-27T17:07:43.165Z] [DEBUG] [7ff35ec2-e934-421f-bfd0-d3fe733e9aad] Blender Output: Fra:69 Mem:119.13M (Peak 150.77M) | Time:00:00.19 | Rendering 25 / 64 samples

[2025-07-27T17:07:43.323Z] [DEBUG] [7ff35ec2-e934-421f-bfd0-d3fe733e9aad] Blender Output: Fra:69 Mem:119.13M (Peak 150.77M) | Time:00:00.35 | Rendering 50 / 64 samples

[2025-07-27T17:07:43.412Z] [DEBUG] [7ff35ec2-e934-421f-bfd0-d3fe733e9aad] Blender Output: Fra:69 Mem:119.13M (Peak 150.77M) | Time:00:00.43 | Rendering 64 / 64 samples

[2025-07-27T17:07:43.489Z] [DEBUG] [7ff35ec2-e934-421f-bfd0-d3fe733e9aad] Blender Output: Append frame 69
Time: 00:00.51 (Saving: 00:00.03)


[2025-07-27T17:07:43.524Z] [DEBUG] [7ff35ec2-e934-421f-bfd0-d3fe733e9aad] Blender Output: Fra:70 Mem:119.13M (Peak 150.77M) | Time:00:00.03 | Rendering 1 / 64 samples

[2025-07-27T17:07:43.675Z] [DEBUG] [7ff35ec2-e934-421f-bfd0-d3fe733e9aad] Blender Output: Fra:70 Mem:119.13M (Peak 150.77M) | Time:00:00.18 | Rendering 25 / 64 samples

[2025-07-27T17:07:43.829Z] [DEBUG] [7ff35ec2-e934-421f-bfd0-d3fe733e9aad] Blender Output: Fra:70 Mem:119.13M (Peak 150.77M) | Time:00:00.34 | Rendering 50 / 64 samples

[2025-07-27T17:07:43.917Z] [DEBUG] [7ff35ec2-e934-421f-bfd0-d3fe733e9aad] Blender Output: Fra:70 Mem:119.13M (Peak 150.77M) | Time:00:00.42 | Rendering 64 / 64 samples

[2025-07-27T17:07:43.993Z] [DEBUG] [7ff35ec2-e934-421f-bfd0-d3fe733e9aad] Blender Output: Append frame 70
Time: 00:00.50 (Saving: 00:00.03)


[2025-07-27T17:07:44.029Z] [DEBUG] [7ff35ec2-e934-421f-bfd0-d3fe733e9aad] Blender Output: Fra:71 Mem:119.13M (Peak 150.77M) | Time:00:00.03 | Rendering 1 / 64 samples

[2025-07-27T17:07:44.178Z] [DEBUG] [7ff35ec2-e934-421f-bfd0-d3fe733e9aad] Blender Output: Fra:71 Mem:119.13M (Peak 150.77M) | Time:00:00.18 | Rendering 25 / 64 samples

[2025-07-27T17:07:44.334Z] [DEBUG] [7ff35ec2-e934-421f-bfd0-d3fe733e9aad] Blender Output: Fra:71 Mem:119.13M (Peak 150.77M) | Time:00:00.34 | Rendering 50 / 64 samples

[2025-07-27T17:07:44.421Z] [DEBUG] [7ff35ec2-e934-421f-bfd0-d3fe733e9aad] Blender Output: Fra:71 Mem:119.13M (Peak 150.77M) | Time:00:00.42 | Rendering 64 / 64 samples

[2025-07-27T17:07:44.497Z] [DEBUG] [7ff35ec2-e934-421f-bfd0-d3fe733e9aad] Blender Output: Append frame 71
Time: 00:00.50 (Saving: 00:00.03)


[2025-07-27T17:07:44.533Z] [DEBUG] [7ff35ec2-e934-421f-bfd0-d3fe733e9aad] Blender Output: Fra:72 Mem:119.13M (Peak 150.77M) | Time:00:00.03 | Rendering 1 / 64 samples

[2025-07-27T17:07:44.688Z] [DEBUG] [7ff35ec2-e934-421f-bfd0-d3fe733e9aad] Blender Output: Fra:72 Mem:119.13M (Peak 150.77M) | Time:00:00.19 | Rendering 25 / 64 samples

[2025-07-27T17:07:44.846Z] [DEBUG] [7ff35ec2-e934-421f-bfd0-d3fe733e9aad] Blender Output: Fra:72 Mem:119.13M (Peak 150.77M) | Time:00:00.34 | Rendering 50 / 64 samples

[2025-07-27T17:07:44.936Z] [DEBUG] [7ff35ec2-e934-421f-bfd0-d3fe733e9aad] Blender Output: Fra:72 Mem:119.13M (Peak 150.77M) | Time:00:00.43 | Rendering 64 / 64 samples

[2025-07-27T17:07:45.013Z] [DEBUG] [7ff35ec2-e934-421f-bfd0-d3fe733e9aad] Blender Output: Append frame 72
Time: 00:00.51 (Saving: 00:00.03)


[2025-07-27T17:07:45.048Z] [DEBUG] [7ff35ec2-e934-421f-bfd0-d3fe733e9aad] Blender Output: Fra:73 Mem:119.13M (Peak 150.77M) | Time:00:00.03 | Rendering 1 / 64 samples

[2025-07-27T17:07:45.202Z] [DEBUG] [7ff35ec2-e934-421f-bfd0-d3fe733e9aad] Blender Output: Fra:73 Mem:119.13M (Peak 150.77M) | Time:00:00.18 | Rendering 25 / 64 samples

[2025-07-27T17:07:45.359Z] [DEBUG] [7ff35ec2-e934-421f-bfd0-d3fe733e9aad] Blender Output: Fra:73 Mem:119.13M (Peak 150.77M) | Time:00:00.34 | Rendering 50 / 64 samples

[2025-07-27T17:07:45.447Z] [DEBUG] [7ff35ec2-e934-421f-bfd0-d3fe733e9aad] Blender Output: Fra:73 Mem:119.13M (Peak 150.77M) | Time:00:00.43 | Rendering 64 / 64 samples

[2025-07-27T17:07:45.525Z] [DEBUG] [7ff35ec2-e934-421f-bfd0-d3fe733e9aad] Blender Output: Append frame 73
Time: 00:00.51 (Saving: 00:00.03)


[2025-07-27T17:07:45.561Z] [DEBUG] [7ff35ec2-e934-421f-bfd0-d3fe733e9aad] Blender Output: Fra:74 Mem:119.13M (Peak 150.77M) | Time:00:00.03 | Rendering 1 / 64 samples

[2025-07-27T17:07:45.715Z] [DEBUG] [7ff35ec2-e934-421f-bfd0-d3fe733e9aad] Blender Output: Fra:74 Mem:119.13M (Peak 150.77M) | Time:00:00.18 | Rendering 25 / 64 samples

[2025-07-27T17:07:45.874Z] [DEBUG] [7ff35ec2-e934-421f-bfd0-d3fe733e9aad] Blender Output: Fra:74 Mem:119.13M (Peak 150.77M) | Time:00:00.34 | Rendering 50 / 64 samples

[2025-07-27T17:07:45.964Z] [DEBUG] [7ff35ec2-e934-421f-bfd0-d3fe733e9aad] Blender Output: Fra:74 Mem:119.13M (Peak 150.77M) | Time:00:00.43 | Rendering 64 / 64 samples

[2025-07-27T17:07:46.042Z] [DEBUG] [7ff35ec2-e934-421f-bfd0-d3fe733e9aad] Blender Output: Append frame 74
Time: 00:00.51 (Saving: 00:00.03)


[2025-07-27T17:07:46.078Z] [DEBUG] [7ff35ec2-e934-421f-bfd0-d3fe733e9aad] Blender Output: Fra:75 Mem:119.13M (Peak 150.77M) | Time:00:00.03 | Rendering 1 / 64 samples

[2025-07-27T17:07:46.231Z] [DEBUG] [7ff35ec2-e934-421f-bfd0-d3fe733e9aad] Blender Output: Fra:75 Mem:119.13M (Peak 150.77M) | Time:00:00.18 | Rendering 25 / 64 samples

[2025-07-27T17:07:46.388Z] [DEBUG] [7ff35ec2-e934-421f-bfd0-d3fe733e9aad] Blender Output: Fra:75 Mem:119.13M (Peak 150.77M) | Time:00:00.34 | Rendering 50 / 64 samples

[2025-07-27T17:07:46.476Z] [DEBUG] [7ff35ec2-e934-421f-bfd0-d3fe733e9aad] Blender Output: Fra:75 Mem:119.13M (Peak 150.77M) | Time:00:00.43 | Rendering 64 / 64 samples

[2025-07-27T17:07:46.552Z] [DEBUG] [7ff35ec2-e934-421f-bfd0-d3fe733e9aad] Blender Output: Append frame 75
Time: 00:00.51 (Saving: 00:00.03)


[2025-07-27T17:07:46.588Z] [DEBUG] [7ff35ec2-e934-421f-bfd0-d3fe733e9aad] Blender Output: Fra:76 Mem:119.13M (Peak 150.77M) | Time:00:00.03 | Rendering 1 / 64 samples

[2025-07-27T17:07:46.742Z] [DEBUG] [7ff35ec2-e934-421f-bfd0-d3fe733e9aad] Blender Output: Fra:76 Mem:119.13M (Peak 150.77M) | Time:00:00.18 | Rendering 25 / 64 samples

[2025-07-27T17:07:46.901Z] [DEBUG] [7ff35ec2-e934-421f-bfd0-d3fe733e9aad] Blender Output: Fra:76 Mem:119.13M (Peak 150.77M) | Time:00:00.34 | Rendering 50 / 64 samples

[2025-07-27T17:07:46.990Z] [DEBUG] [7ff35ec2-e934-421f-bfd0-d3fe733e9aad] Blender Output: Fra:76 Mem:119.13M (Peak 150.77M) | Time:00:00.43 | Rendering 64 / 64 samples

[2025-07-27T17:07:47.067Z] [DEBUG] [7ff35ec2-e934-421f-bfd0-d3fe733e9aad] Blender Output: Append frame 76
Time: 00:00.51 (Saving: 00:00.03)


[2025-07-27T17:07:47.103Z] [DEBUG] [7ff35ec2-e934-421f-bfd0-d3fe733e9aad] Blender Output: Fra:77 Mem:119.13M (Peak 150.77M) | Time:00:00.03 | Rendering 1 / 64 samples

[2025-07-27T17:07:47.254Z] [DEBUG] [7ff35ec2-e934-421f-bfd0-d3fe733e9aad] Blender Output: Fra:77 Mem:119.13M (Peak 150.77M) | Time:00:00.18 | Rendering 25 / 64 samples

[2025-07-27T17:07:47.409Z] [DEBUG] [7ff35ec2-e934-421f-bfd0-d3fe733e9aad] Blender Output: Fra:77 Mem:119.13M (Peak 150.77M) | Time:00:00.34 | Rendering 50 / 64 samples

[2025-07-27T17:07:47.497Z] [DEBUG] [7ff35ec2-e934-421f-bfd0-d3fe733e9aad] Blender Output: Fra:77 Mem:119.13M (Peak 150.77M) | Time:00:00.43 | Rendering 64 / 64 samples

[2025-07-27T17:07:47.573Z] [DEBUG] [7ff35ec2-e934-421f-bfd0-d3fe733e9aad] Blender Output: Append frame 77
Time: 00:00.50 (Saving: 00:00.03)


[2025-07-27T17:07:47.609Z] [DEBUG] [7ff35ec2-e934-421f-bfd0-d3fe733e9aad] Blender Output: Fra:78 Mem:119.13M (Peak 150.77M) | Time:00:00.03 | Rendering 1 / 64 samples

[2025-07-27T17:07:47.763Z] [DEBUG] [7ff35ec2-e934-421f-bfd0-d3fe733e9aad] Blender Output: Fra:78 Mem:119.13M (Peak 150.77M) | Time:00:00.19 | Rendering 25 / 64 samples

[2025-07-27T17:07:47.923Z] [DEBUG] [7ff35ec2-e934-421f-bfd0-d3fe733e9aad] Blender Output: Fra:78 Mem:119.13M (Peak 150.77M) | Time:00:00.35 | Rendering 50 / 64 samples

[2025-07-27T17:07:48.012Z] [DEBUG] [7ff35ec2-e934-421f-bfd0-d3fe733e9aad] Blender Output: Fra:78 Mem:119.13M (Peak 150.77M) | Time:00:00.43 | Rendering 64 / 64 samples

[2025-07-27T17:07:48.089Z] [DEBUG] [7ff35ec2-e934-421f-bfd0-d3fe733e9aad] Blender Output: Append frame 78
Time: 00:00.51 (Saving: 00:00.03)


[2025-07-27T17:07:48.126Z] [DEBUG] [7ff35ec2-e934-421f-bfd0-d3fe733e9aad] Blender Output: Fra:79 Mem:119.13M (Peak 150.77M) | Time:00:00.03 | Rendering 1 / 64 samples

[2025-07-27T17:07:48.277Z] [DEBUG] [7ff35ec2-e934-421f-bfd0-d3fe733e9aad] Blender Output: Fra:79 Mem:119.13M (Peak 150.77M) | Time:00:00.18 | Rendering 25 / 64 samples

[2025-07-27T17:07:48.432Z] [DEBUG] [7ff35ec2-e934-421f-bfd0-d3fe733e9aad] Blender Output: Fra:79 Mem:119.13M (Peak 150.77M) | Time:00:00.34 | Rendering 50 / 64 samples

[2025-07-27T17:07:48.518Z] [DEBUG] [7ff35ec2-e934-421f-bfd0-d3fe733e9aad] Blender Output: Fra:79 Mem:119.13M (Peak 150.77M) | Time:00:00.42 | Rendering 64 / 64 samples

[2025-07-27T17:07:48.595Z] [DEBUG] [7ff35ec2-e934-421f-bfd0-d3fe733e9aad] Blender Output: Append frame 79
Time: 00:00.50 (Saving: 00:00.03)


[2025-07-27T17:07:48.631Z] [DEBUG] [7ff35ec2-e934-421f-bfd0-d3fe733e9aad] Blender Output: Fra:80 Mem:119.13M (Peak 150.77M) | Time:00:00.03 | Rendering 1 / 64 samples

[2025-07-27T17:07:48.785Z] [DEBUG] [7ff35ec2-e934-421f-bfd0-d3fe733e9aad] Blender Output: Fra:80 Mem:119.13M (Peak 150.77M) | Time:00:00.18 | Rendering 25 / 64 samples

[2025-07-27T17:07:48.946Z] [DEBUG] [7ff35ec2-e934-421f-bfd0-d3fe733e9aad] Blender Output: Fra:80 Mem:119.13M (Peak 150.77M) | Time:00:00.35 | Rendering 50 / 64 samples

[2025-07-27T17:07:49.035Z] [DEBUG] [7ff35ec2-e934-421f-bfd0-d3fe733e9aad] Blender Output: Fra:80 Mem:119.13M (Peak 150.77M) | Time:00:00.43 | Rendering 64 / 64 samples

[2025-07-27T17:07:49.110Z] [DEBUG] [7ff35ec2-e934-421f-bfd0-d3fe733e9aad] Blender Output: Append frame 80
Time: 00:00.51 (Saving: 00:00.03)


[2025-07-27T17:07:49.145Z] [DEBUG] [7ff35ec2-e934-421f-bfd0-d3fe733e9aad] Blender Output: Fra:81 Mem:119.13M (Peak 150.77M) | Time:00:00.03 | Rendering 1 / 64 samples

[2025-07-27T17:07:49.298Z] [DEBUG] [7ff35ec2-e934-421f-bfd0-d3fe733e9aad] Blender Output: Fra:81 Mem:119.13M (Peak 150.77M) | Time:00:00.18 | Rendering 25 / 64 samples

[2025-07-27T17:07:49.453Z] [DEBUG] [7ff35ec2-e934-421f-bfd0-d3fe733e9aad] Blender Output: Fra:81 Mem:119.13M (Peak 150.77M) | Time:00:00.34 | Rendering 50 / 64 samples

[2025-07-27T17:07:49.541Z] [DEBUG] [7ff35ec2-e934-421f-bfd0-d3fe733e9aad] Blender Output: Fra:81 Mem:119.13M (Peak 150.77M) | Time:00:00.43 | Rendering 64 / 64 samples

[2025-07-27T17:07:49.615Z] [DEBUG] [7ff35ec2-e934-421f-bfd0-d3fe733e9aad] Blender Output: Append frame 81
Time: 00:00.50 (Saving: 00:00.03)


[2025-07-27T17:07:49.650Z] [DEBUG] [7ff35ec2-e934-421f-bfd0-d3fe733e9aad] Blender Output: Fra:82 Mem:119.13M (Peak 150.77M) | Time:00:00.03 | Rendering 1 / 64 samples

[2025-07-27T17:07:49.804Z] [DEBUG] [7ff35ec2-e934-421f-bfd0-d3fe733e9aad] Blender Output: Fra:82 Mem:119.13M (Peak 150.77M) | Time:00:00.18 | Rendering 25 / 64 samples

[2025-07-27T17:07:49.962Z] [DEBUG] [7ff35ec2-e934-421f-bfd0-d3fe733e9aad] Blender Output: Fra:82 Mem:119.13M (Peak 150.77M) | Time:00:00.34 | Rendering 50 / 64 samples

[2025-07-27T17:07:50.052Z] [DEBUG] [7ff35ec2-e934-421f-bfd0-d3fe733e9aad] Blender Output: Fra:82 Mem:119.13M (Peak 150.77M) | Time:00:00.43 | Rendering 64 / 64 samples

[2025-07-27T17:07:50.129Z] [DEBUG] [7ff35ec2-e934-421f-bfd0-d3fe733e9aad] Blender Output: Append frame 82
Time: 00:00.51 (Saving: 00:00.03)


[2025-07-27T17:07:50.166Z] [DEBUG] [7ff35ec2-e934-421f-bfd0-d3fe733e9aad] Blender Output: Fra:83 Mem:119.13M (Peak 150.77M) | Time:00:00.03 | Rendering 1 / 64 samples

[2025-07-27T17:07:50.317Z] [DEBUG] [7ff35ec2-e934-421f-bfd0-d3fe733e9aad] Blender Output: Fra:83 Mem:119.13M (Peak 150.77M) | Time:00:00.18 | Rendering 25 / 64 samples

[2025-07-27T17:07:50.472Z] [DEBUG] [7ff35ec2-e934-421f-bfd0-d3fe733e9aad] Blender Output: Fra:83 Mem:119.13M (Peak 150.77M) | Time:00:00.34 | Rendering 50 / 64 samples

[2025-07-27T17:07:50.558Z] [DEBUG] [7ff35ec2-e934-421f-bfd0-d3fe733e9aad] Blender Output: Fra:83 Mem:119.13M (Peak 150.77M) | Time:00:00.42 | Rendering 64 / 64 samples

[2025-07-27T17:07:50.636Z] [DEBUG] [7ff35ec2-e934-421f-bfd0-d3fe733e9aad] Blender Output: Append frame 83
Time: 00:00.50 (Saving: 00:00.03)


[2025-07-27T17:07:50.671Z] [DEBUG] [7ff35ec2-e934-421f-bfd0-d3fe733e9aad] Blender Output: Fra:84 Mem:119.13M (Peak 150.77M) | Time:00:00.03 | Rendering 1 / 64 samples

[2025-07-27T17:07:50.827Z] [DEBUG] [7ff35ec2-e934-421f-bfd0-d3fe733e9aad] Blender Output: Fra:84 Mem:119.13M (Peak 150.77M) | Time:00:00.19 | Rendering 25 / 64 samples

[2025-07-27T17:07:50.989Z] [DEBUG] [7ff35ec2-e934-421f-bfd0-d3fe733e9aad] Blender Output: Fra:84 Mem:119.13M (Peak 150.77M) | Time:00:00.35 | Rendering 50 / 64 samples

[2025-07-27T17:07:51.078Z] [DEBUG] [7ff35ec2-e934-421f-bfd0-d3fe733e9aad] Blender Output: Fra:84 Mem:119.13M (Peak 150.77M) | Time:00:00.44 | Rendering 64 / 64 samples

[2025-07-27T17:07:51.156Z] [DEBUG] [7ff35ec2-e934-421f-bfd0-d3fe733e9aad] Blender Output: Append frame 84
Time: 00:00.52 (Saving: 00:00.03)


[2025-07-27T17:07:51.192Z] [DEBUG] [7ff35ec2-e934-421f-bfd0-d3fe733e9aad] Blender Output: Fra:85 Mem:119.13M (Peak 150.77M) | Time:00:00.03 | Rendering 1 / 64 samples

[2025-07-27T17:07:51.343Z] [DEBUG] [7ff35ec2-e934-421f-bfd0-d3fe733e9aad] Blender Output: Fra:85 Mem:119.13M (Peak 150.77M) | Time:00:00.18 | Rendering 25 / 64 samples

[2025-07-27T17:07:51.498Z] [DEBUG] [7ff35ec2-e934-421f-bfd0-d3fe733e9aad] Blender Output: Fra:85 Mem:119.13M (Peak 150.77M) | Time:00:00.34 | Rendering 50 / 64 samples

[2025-07-27T17:07:51.584Z] [DEBUG] [7ff35ec2-e934-421f-bfd0-d3fe733e9aad] Blender Output: Fra:85 Mem:119.13M (Peak 150.77M) | Time:00:00.42 | Rendering 64 / 64 samples

[2025-07-27T17:07:51.662Z] [DEBUG] [7ff35ec2-e934-421f-bfd0-d3fe733e9aad] Blender Output: Append frame 85
Time: 00:00.50 (Saving: 00:00.03)


[2025-07-27T17:07:51.699Z] [DEBUG] [7ff35ec2-e934-421f-bfd0-d3fe733e9aad] Blender Output: Fra:86 Mem:119.13M (Peak 150.77M) | Time:00:00.03 | Rendering 1 / 64 samples

[2025-07-27T17:07:51.855Z] [DEBUG] [7ff35ec2-e934-421f-bfd0-d3fe733e9aad] Blender Output: Fra:86 Mem:119.13M (Peak 150.77M) | Time:00:00.19 | Rendering 25 / 64 samples

[2025-07-27T17:07:52.015Z] [DEBUG] [7ff35ec2-e934-421f-bfd0-d3fe733e9aad] Blender Output: Fra:86 Mem:119.13M (Peak 150.77M) | Time:00:00.35 | Rendering 50 / 64 samples

[2025-07-27T17:07:52.105Z] [DEBUG] [7ff35ec2-e934-421f-bfd0-d3fe733e9aad] Blender Output: Fra:86 Mem:119.13M (Peak 150.77M) | Time:00:00.44 | Rendering 64 / 64 samples

[2025-07-27T17:07:52.179Z] [DEBUG] [7ff35ec2-e934-421f-bfd0-d3fe733e9aad] Blender Output: Append frame 86
Time: 00:00.51 (Saving: 00:00.03)


[2025-07-27T17:07:52.214Z] [DEBUG] [7ff35ec2-e934-421f-bfd0-d3fe733e9aad] Blender Output: Fra:87 Mem:119.13M (Peak 150.77M) | Time:00:00.03 | Rendering 1 / 64 samples

[2025-07-27T17:07:52.372Z] [DEBUG] [7ff35ec2-e934-421f-bfd0-d3fe733e9aad] Blender Output: Fra:87 Mem:119.13M (Peak 150.77M) | Time:00:00.19 | Rendering 25 / 64 samples

[2025-07-27T17:07:52.528Z] [DEBUG] [7ff35ec2-e934-421f-bfd0-d3fe733e9aad] Blender Output: Fra:87 Mem:119.13M (Peak 150.77M) | Time:00:00.34 | Rendering 50 / 64 samples

[2025-07-27T17:07:52.616Z] [DEBUG] [7ff35ec2-e934-421f-bfd0-d3fe733e9aad] Blender Output: Fra:87 Mem:119.13M (Peak 150.77M) | Time:00:00.43 | Rendering 64 / 64 samples

[2025-07-27T17:07:52.695Z] [DEBUG] [7ff35ec2-e934-421f-bfd0-d3fe733e9aad] Blender Output: Append frame 87
Time: 00:00.51 (Saving: 00:00.03)


[2025-07-27T17:07:52.746Z] [DEBUG] [7ff35ec2-e934-421f-bfd0-d3fe733e9aad] Blender Output: Fra:88 Mem:119.13M (Peak 150.77M) | Time:00:00.05 | Rendering 1 / 64 samples

[2025-07-27T17:07:52.903Z] [DEBUG] [7ff35ec2-e934-421f-bfd0-d3fe733e9aad] Blender Output: Fra:88 Mem:119.13M (Peak 150.77M) | Time:00:00.20 | Rendering 25 / 64 samples

[2025-07-27T17:07:53.066Z] [DEBUG] [7ff35ec2-e934-421f-bfd0-d3fe733e9aad] Blender Output: Fra:88 Mem:119.13M (Peak 150.77M) | Time:00:00.37 | Rendering 50 / 64 samples

[2025-07-27T17:07:53.155Z] [DEBUG] [7ff35ec2-e934-421f-bfd0-d3fe733e9aad] Blender Output: Fra:88 Mem:119.13M (Peak 150.77M) | Time:00:00.46 | Rendering 64 / 64 samples

[2025-07-27T17:07:53.233Z] [DEBUG] [7ff35ec2-e934-421f-bfd0-d3fe733e9aad] Blender Output: Append frame 88
Time: 00:00.53 (Saving: 00:00.03)


[2025-07-27T17:07:53.269Z] [DEBUG] [7ff35ec2-e934-421f-bfd0-d3fe733e9aad] Blender Output: Fra:89 Mem:119.13M (Peak 150.77M) | Time:00:00.03 | Rendering 1 / 64 samples

[2025-07-27T17:07:53.427Z] [DEBUG] [7ff35ec2-e934-421f-bfd0-d3fe733e9aad] Blender Output: Fra:89 Mem:119.13M (Peak 150.77M) | Time:00:00.19 | Rendering 25 / 64 samples

[2025-07-27T17:07:53.584Z] [DEBUG] [7ff35ec2-e934-421f-bfd0-d3fe733e9aad] Blender Output: Fra:89 Mem:119.13M (Peak 150.77M) | Time:00:00.35 | Rendering 50 / 64 samples

[2025-07-27T17:07:53.672Z] [DEBUG] [7ff35ec2-e934-421f-bfd0-d3fe733e9aad] Blender Output: Fra:89 Mem:119.13M (Peak 150.77M) | Time:00:00.43 | Rendering 64 / 64 samples

[2025-07-27T17:07:53.749Z] [DEBUG] [7ff35ec2-e934-421f-bfd0-d3fe733e9aad] Blender Output: Append frame 89
Time: 00:00.51 (Saving: 00:00.03)


[2025-07-27T17:07:53.784Z] [DEBUG] [7ff35ec2-e934-421f-bfd0-d3fe733e9aad] Blender Output: Fra:90 Mem:119.13M (Peak 150.77M) | Time:00:00.03 | Rendering 1 / 64 samples

[2025-07-27T17:07:53.937Z] [DEBUG] [7ff35ec2-e934-421f-bfd0-d3fe733e9aad] Blender Output: Fra:90 Mem:119.13M (Peak 150.77M) | Time:00:00.18 | Rendering 25 / 64 samples

[2025-07-27T17:07:54.096Z] [DEBUG] [7ff35ec2-e934-421f-bfd0-d3fe733e9aad] Blender Output: Fra:90 Mem:119.13M (Peak 150.77M) | Time:00:00.34 | Rendering 50 / 64 samples

[2025-07-27T17:07:54.185Z] [DEBUG] [7ff35ec2-e934-421f-bfd0-d3fe733e9aad] Blender Output: Fra:90 Mem:119.13M (Peak 150.77M) | Time:00:00.43 | Rendering 64 / 64 samples

[2025-07-27T17:07:54.262Z] [DEBUG] [7ff35ec2-e934-421f-bfd0-d3fe733e9aad] Blender Output: Append frame 90
Time: 00:00.51 (Saving: 00:00.03)


[2025-07-27T17:07:54.298Z] [DEBUG] [7ff35ec2-e934-421f-bfd0-d3fe733e9aad] Blender Output: Fra:91 Mem:119.13M (Peak 150.77M) | Time:00:00.03 | Rendering 1 / 64 samples

[2025-07-27T17:07:54.448Z] [DEBUG] [7ff35ec2-e934-421f-bfd0-d3fe733e9aad] Blender Output: Fra:91 Mem:119.13M (Peak 150.77M) | Time:00:00.18 | Rendering 25 / 64 samples

[2025-07-27T17:07:54.604Z] [DEBUG] [7ff35ec2-e934-421f-bfd0-d3fe733e9aad] Blender Output: Fra:91 Mem:119.13M (Peak 150.77M) | Time:00:00.34 | Rendering 50 / 64 samples

[2025-07-27T17:07:54.691Z] [DEBUG] [7ff35ec2-e934-421f-bfd0-d3fe733e9aad] Blender Output: Fra:91 Mem:119.13M (Peak 150.77M) | Time:00:00.42 | Rendering 64 / 64 samples

[2025-07-27T17:07:54.768Z] [DEBUG] [7ff35ec2-e934-421f-bfd0-d3fe733e9aad] Blender Output: Append frame 91
Time: 00:00.50 (Saving: 00:00.03)


[2025-07-27T17:07:54.803Z] [DEBUG] [7ff35ec2-e934-421f-bfd0-d3fe733e9aad] Blender Output: Fra:92 Mem:119.13M (Peak 150.77M) | Time:00:00.03 | Rendering 1 / 64 samples

[2025-07-27T17:07:54.960Z] [DEBUG] [7ff35ec2-e934-421f-bfd0-d3fe733e9aad] Blender Output: Fra:92 Mem:119.13M (Peak 150.77M) | Time:00:00.19 | Rendering 25 / 64 samples

[2025-07-27T17:07:55.118Z] [DEBUG] [7ff35ec2-e934-421f-bfd0-d3fe733e9aad] Blender Output: Fra:92 Mem:119.13M (Peak 150.77M) | Time:00:00.34 | Rendering 50 / 64 samples

[2025-07-27T17:07:55.206Z] [DEBUG] [7ff35ec2-e934-421f-bfd0-d3fe733e9aad] Blender Output: Fra:92 Mem:119.13M (Peak 150.77M) | Time:00:00.43 | Rendering 64 / 64 samples

[2025-07-27T17:07:55.282Z] [DEBUG] [7ff35ec2-e934-421f-bfd0-d3fe733e9aad] Blender Output: Append frame 92
Time: 00:00.51 (Saving: 00:00.03)


[2025-07-27T17:07:55.318Z] [DEBUG] [7ff35ec2-e934-421f-bfd0-d3fe733e9aad] Blender Output: Fra:93 Mem:119.13M (Peak 150.77M) | Time:00:00.03 | Rendering 1 / 64 samples

[2025-07-27T17:07:55.471Z] [DEBUG] [7ff35ec2-e934-421f-bfd0-d3fe733e9aad] Blender Output: Fra:93 Mem:119.13M (Peak 150.77M) | Time:00:00.18 | Rendering 25 / 64 samples

[2025-07-27T17:07:55.627Z] [DEBUG] [7ff35ec2-e934-421f-bfd0-d3fe733e9aad] Blender Output: Fra:93 Mem:119.13M (Peak 150.77M) | Time:00:00.34 | Rendering 50 / 64 samples

[2025-07-27T17:07:55.716Z] [DEBUG] [7ff35ec2-e934-421f-bfd0-d3fe733e9aad] Blender Output: Fra:93 Mem:119.13M (Peak 150.77M) | Time:00:00.43 | Rendering 64 / 64 samples

[2025-07-27T17:07:55.791Z] [DEBUG] [7ff35ec2-e934-421f-bfd0-d3fe733e9aad] Blender Output: Append frame 93
Time: 00:00.50 (Saving: 00:00.03)


[2025-07-27T17:07:55.828Z] [DEBUG] [7ff35ec2-e934-421f-bfd0-d3fe733e9aad] Blender Output: Fra:94 Mem:119.13M (Peak 150.77M) | Time:00:00.03 | Rendering 1 / 64 samples

[2025-07-27T17:07:55.984Z] [DEBUG] [7ff35ec2-e934-421f-bfd0-d3fe733e9aad] Blender Output: Fra:94 Mem:119.13M (Peak 150.77M) | Time:00:00.19 | Rendering 25 / 64 samples

[2025-07-27T17:07:56.143Z] [DEBUG] [7ff35ec2-e934-421f-bfd0-d3fe733e9aad] Blender Output: Fra:94 Mem:119.13M (Peak 150.77M) | Time:00:00.35 | Rendering 50 / 64 samples

[2025-07-27T17:07:56.232Z] [DEBUG] [7ff35ec2-e934-421f-bfd0-d3fe733e9aad] Blender Output: Fra:94 Mem:119.13M (Peak 150.77M) | Time:00:00.44 | Rendering 64 / 64 samples

[2025-07-27T17:07:56.310Z] [DEBUG] [7ff35ec2-e934-421f-bfd0-d3fe733e9aad] Blender Output: Append frame 94
Time: 00:00.51 (Saving: 00:00.03)


[2025-07-27T17:07:56.345Z] [DEBUG] [7ff35ec2-e934-421f-bfd0-d3fe733e9aad] Blender Output: Fra:95 Mem:119.13M (Peak 150.77M) | Time:00:00.03 | Rendering 1 / 64 samples

[2025-07-27T17:07:56.498Z] [DEBUG] [7ff35ec2-e934-421f-bfd0-d3fe733e9aad] Blender Output: Fra:95 Mem:119.13M (Peak 150.77M) | Time:00:00.18 | Rendering 25 / 64 samples

[2025-07-27T17:07:56.652Z] [DEBUG] [7ff35ec2-e934-421f-bfd0-d3fe733e9aad] Blender Output: Fra:95 Mem:119.13M (Peak 150.77M) | Time:00:00.34 | Rendering 50 / 64 samples

[2025-07-27T17:07:56.738Z] [DEBUG] [7ff35ec2-e934-421f-bfd0-d3fe733e9aad] Blender Output: Fra:95 Mem:119.13M (Peak 150.77M) | Time:00:00.42 | Rendering 64 / 64 samples

[2025-07-27T17:07:56.813Z] [DEBUG] [7ff35ec2-e934-421f-bfd0-d3fe733e9aad] Blender Output: Append frame 95
Time: 00:00.50 (Saving: 00:00.03)


[2025-07-27T17:07:56.848Z] [DEBUG] [7ff35ec2-e934-421f-bfd0-d3fe733e9aad] Blender Output: Fra:96 Mem:119.13M (Peak 150.77M) | Time:00:00.03 | Rendering 1 / 64 samples

[2025-07-27T17:07:57.001Z] [DEBUG] [7ff35ec2-e934-421f-bfd0-d3fe733e9aad] Blender Output: Fra:96 Mem:119.13M (Peak 150.77M) | Time:00:00.18 | Rendering 25 / 64 samples

[2025-07-27T17:07:57.157Z] [DEBUG] [7ff35ec2-e934-421f-bfd0-d3fe733e9aad] Blender Output: Fra:96 Mem:119.13M (Peak 150.77M) | Time:00:00.34 | Rendering 50 / 64 samples

[2025-07-27T17:07:57.248Z] [DEBUG] [7ff35ec2-e934-421f-bfd0-d3fe733e9aad] Blender Output: Fra:96 Mem:119.13M (Peak 150.77M) | Time:00:00.43 | Rendering 64 / 64 samples

[2025-07-27T17:07:57.325Z] [DEBUG] [7ff35ec2-e934-421f-bfd0-d3fe733e9aad] Blender Output: Append frame 96
Time: 00:00.51 (Saving: 00:00.03)


[2025-07-27T17:07:57.362Z] [DEBUG] [7ff35ec2-e934-421f-bfd0-d3fe733e9aad] Blender Output: Fra:97 Mem:119.13M (Peak 150.77M) | Time:00:00.03 | Rendering 1 / 64 samples

[2025-07-27T17:07:57.513Z] [DEBUG] [7ff35ec2-e934-421f-bfd0-d3fe733e9aad] Blender Output: Fra:97 Mem:119.13M (Peak 150.77M) | Time:00:00.18 | Rendering 25 / 64 samples

[2025-07-27T17:07:57.666Z] [DEBUG] [7ff35ec2-e934-421f-bfd0-d3fe733e9aad] Blender Output: Fra:97 Mem:119.13M (Peak 150.77M) | Time:00:00.34 | Rendering 50 / 64 samples

[2025-07-27T17:07:57.752Z] [DEBUG] [7ff35ec2-e934-421f-bfd0-d3fe733e9aad] Blender Output: Fra:97 Mem:119.13M (Peak 150.77M) | Time:00:00.42 | Rendering 64 / 64 samples

[2025-07-27T17:07:57.826Z] [DEBUG] [7ff35ec2-e934-421f-bfd0-d3fe733e9aad] Blender Output: Append frame 97
Time: 00:00.50 (Saving: 00:00.03)


[2025-07-27T17:07:57.861Z] [DEBUG] [7ff35ec2-e934-421f-bfd0-d3fe733e9aad] Blender Output: Fra:98 Mem:119.13M (Peak 150.77M) | Time:00:00.03 | Rendering 1 / 64 samples

[2025-07-27T17:07:58.016Z] [DEBUG] [7ff35ec2-e934-421f-bfd0-d3fe733e9aad] Blender Output: Fra:98 Mem:119.13M (Peak 150.77M) | Time:00:00.18 | Rendering 25 / 64 samples

[2025-07-27T17:07:58.173Z] [DEBUG] [7ff35ec2-e934-421f-bfd0-d3fe733e9aad] Blender Output: Fra:98 Mem:119.13M (Peak 150.77M) | Time:00:00.34 | Rendering 50 / 64 samples

[2025-07-27T17:07:58.261Z] [DEBUG] [7ff35ec2-e934-421f-bfd0-d3fe733e9aad] Blender Output: Fra:98 Mem:119.13M (Peak 150.77M) | Time:00:00.43 | Rendering 64 / 64 samples

[2025-07-27T17:07:58.339Z] [DEBUG] [7ff35ec2-e934-421f-bfd0-d3fe733e9aad] Blender Output: Append frame 98
Time: 00:00.51 (Saving: 00:00.03)


[2025-07-27T17:07:58.374Z] [DEBUG] [7ff35ec2-e934-421f-bfd0-d3fe733e9aad] Blender Output: Fra:99 Mem:119.13M (Peak 150.77M) | Time:00:00.03 | Rendering 1 / 64 samples

[2025-07-27T17:07:58.526Z] [DEBUG] [7ff35ec2-e934-421f-bfd0-d3fe733e9aad] Blender Output: Fra:99 Mem:119.13M (Peak 150.77M) | Time:00:00.18 | Rendering 25 / 64 samples

[2025-07-27T17:07:58.679Z] [DEBUG] [7ff35ec2-e934-421f-bfd0-d3fe733e9aad] Blender Output: Fra:99 Mem:119.13M (Peak 150.77M) | Time:00:00.34 | Rendering 50 / 64 samples

[2025-07-27T17:07:58.765Z] [DEBUG] [7ff35ec2-e934-421f-bfd0-d3fe733e9aad] Blender Output: Fra:99 Mem:119.13M (Peak 150.77M) | Time:00:00.42 | Rendering 64 / 64 samples

[2025-07-27T17:07:58.839Z] [DEBUG] [7ff35ec2-e934-421f-bfd0-d3fe733e9aad] Blender Output: Append frame 99
Time: 00:00.50 (Saving: 00:00.03)


[2025-07-27T17:07:58.876Z] [DEBUG] [7ff35ec2-e934-421f-bfd0-d3fe733e9aad] Blender Output: Fra:100 Mem:119.13M (Peak 150.77M) | Time:00:00.03 | Rendering 1 / 64 samples

[2025-07-27T17:07:59.041Z] [DEBUG] [7ff35ec2-e934-421f-bfd0-d3fe733e9aad] Blender Output: Fra:100 Mem:119.13M (Peak 150.77M) | Time:00:00.20 | Rendering 25 / 64 samples

[2025-07-27T17:07:59.211Z] [DEBUG] [7ff35ec2-e934-421f-bfd0-d3fe733e9aad] Blender Output: Fra:100 Mem:119.13M (Peak 150.77M) | Time:00:00.37 | Rendering 50 / 64 samples

[2025-07-27T17:07:59.307Z] [DEBUG] [7ff35ec2-e934-421f-bfd0-d3fe733e9aad] Blender Output: Fra:100 Mem:119.13M (Peak 150.77M) | Time:00:00.46 | Rendering 64 / 64 samples

[2025-07-27T17:07:59.386Z] [DEBUG] [7ff35ec2-e934-421f-bfd0-d3fe733e9aad] Blender Output: Append frame 100
Time: 00:00.54 (Saving: 00:00.03)


[2025-07-27T17:07:59.422Z] [DEBUG] [7ff35ec2-e934-421f-bfd0-d3fe733e9aad] Blender Output: Fra:101 Mem:119.13M (Peak 150.77M) | Time:00:00.03 | Rendering 1 / 64 samples

[2025-07-27T17:07:59.577Z] [DEBUG] [7ff35ec2-e934-421f-bfd0-d3fe733e9aad] Blender Output: Fra:101 Mem:119.13M (Peak 150.77M) | Time:00:00.19 | Rendering 25 / 64 samples

[2025-07-27T17:07:59.734Z] [DEBUG] [7ff35ec2-e934-421f-bfd0-d3fe733e9aad] Blender Output: Fra:101 Mem:119.13M (Peak 150.77M) | Time:00:00.34 | Rendering 50 / 64 samples

[2025-07-27T17:07:59.821Z] [DEBUG] [7ff35ec2-e934-421f-bfd0-d3fe733e9aad] Blender Output: Fra:101 Mem:119.13M (Peak 150.77M) | Time:00:00.43 | Rendering 64 / 64 samples

[2025-07-27T17:07:59.898Z] [DEBUG] [7ff35ec2-e934-421f-bfd0-d3fe733e9aad] Blender Output: Append frame 101
Time: 00:00.51 (Saving: 00:00.03)


[2025-07-27T17:07:59.933Z] [DEBUG] [7ff35ec2-e934-421f-bfd0-d3fe733e9aad] Blender Output: Fra:102 Mem:119.13M (Peak 150.77M) | Time:00:00.03 | Rendering 1 / 64 samples

[2025-07-27T17:08:00.087Z] [DEBUG] [7ff35ec2-e934-421f-bfd0-d3fe733e9aad] Blender Output: Fra:102 Mem:119.13M (Peak 150.77M) | Time:00:00.18 | Rendering 25 / 64 samples

[2025-07-27T17:08:00.245Z] [DEBUG] [7ff35ec2-e934-421f-bfd0-d3fe733e9aad] Blender Output: Fra:102 Mem:119.13M (Peak 150.77M) | Time:00:00.34 | Rendering 50 / 64 samples

[2025-07-27T17:08:00.334Z] [DEBUG] [7ff35ec2-e934-421f-bfd0-d3fe733e9aad] Blender Output: Fra:102 Mem:119.13M (Peak 150.77M) | Time:00:00.43 | Rendering 64 / 64 samples

[2025-07-27T17:08:00.411Z] [DEBUG] [7ff35ec2-e934-421f-bfd0-d3fe733e9aad] Blender Output: Append frame 102
Time: 00:00.51 (Saving: 00:00.03)


[2025-07-27T17:08:00.447Z] [DEBUG] [7ff35ec2-e934-421f-bfd0-d3fe733e9aad] Blender Output: Fra:103 Mem:119.13M (Peak 150.77M) | Time:00:00.03 | Rendering 1 / 64 samples

[2025-07-27T17:08:00.600Z] [DEBUG] [7ff35ec2-e934-421f-bfd0-d3fe733e9aad] Blender Output: Fra:103 Mem:119.13M (Peak 150.77M) | Time:00:00.18 | Rendering 25 / 64 samples

[2025-07-27T17:08:00.756Z] [DEBUG] [7ff35ec2-e934-421f-bfd0-d3fe733e9aad] Blender Output: Fra:103 Mem:119.13M (Peak 150.77M) | Time:00:00.34 | Rendering 50 / 64 samples

[2025-07-27T17:08:00.843Z] [DEBUG] [7ff35ec2-e934-421f-bfd0-d3fe733e9aad] Blender Output: Fra:103 Mem:119.13M (Peak 150.77M) | Time:00:00.43 | Rendering 64 / 64 samples

[2025-07-27T17:08:00.921Z] [DEBUG] [7ff35ec2-e934-421f-bfd0-d3fe733e9aad] Blender Output: Append frame 103
Time: 00:00.50 (Saving: 00:00.03)


[2025-07-27T17:08:00.957Z] [DEBUG] [7ff35ec2-e934-421f-bfd0-d3fe733e9aad] Blender Output: Fra:104 Mem:119.13M (Peak 150.77M) | Time:00:00.03 | Rendering 1 / 64 samples

[2025-07-27T17:08:01.114Z] [DEBUG] [7ff35ec2-e934-421f-bfd0-d3fe733e9aad] Blender Output: Fra:104 Mem:119.13M (Peak 150.77M) | Time:00:00.19 | Rendering 25 / 64 samples

[2025-07-27T17:08:01.276Z] [DEBUG] [7ff35ec2-e934-421f-bfd0-d3fe733e9aad] Blender Output: Fra:104 Mem:119.13M (Peak 150.77M) | Time:00:00.35 | Rendering 50 / 64 samples

[2025-07-27T17:08:01.365Z] [DEBUG] [7ff35ec2-e934-421f-bfd0-d3fe733e9aad] Blender Output: Fra:104 Mem:119.13M (Peak 150.77M) | Time:00:00.44 | Rendering 64 / 64 samples

[2025-07-27T17:08:01.441Z] [DEBUG] [7ff35ec2-e934-421f-bfd0-d3fe733e9aad] Blender Output: Append frame 104
Time: 00:00.52 (Saving: 00:00.03)


[2025-07-27T17:08:01.478Z] [DEBUG] [7ff35ec2-e934-421f-bfd0-d3fe733e9aad] Blender Output: Fra:105 Mem:119.13M (Peak 150.77M) | Time:00:00.03 | Rendering 1 / 64 samples

[2025-07-27T17:08:01.628Z] [DEBUG] [7ff35ec2-e934-421f-bfd0-d3fe733e9aad] Blender Output: Fra:105 Mem:119.13M (Peak 150.77M) | Time:00:00.18 | Rendering 25 / 64 samples

[2025-07-27T17:08:01.783Z] [DEBUG] [7ff35ec2-e934-421f-bfd0-d3fe733e9aad] Blender Output: Fra:105 Mem:119.13M (Peak 150.77M) | Time:00:00.34 | Rendering 50 / 64 samples

[2025-07-27T17:08:01.870Z] [DEBUG] [7ff35ec2-e934-421f-bfd0-d3fe733e9aad] Blender Output: Fra:105 Mem:119.13M (Peak 150.77M) | Time:00:00.42 | Rendering 64 / 64 samples

[2025-07-27T17:08:01.947Z] [DEBUG] [7ff35ec2-e934-421f-bfd0-d3fe733e9aad] Blender Output: Append frame 105
Time: 00:00.50 (Saving: 00:00.03)


[2025-07-27T17:08:01.983Z] [DEBUG] [7ff35ec2-e934-421f-bfd0-d3fe733e9aad] Blender Output: Fra:106 Mem:119.13M (Peak 150.77M) | Time:00:00.03 | Rendering 1 / 64 samples

[2025-07-27T17:08:02.150Z] [DEBUG] [7ff35ec2-e934-421f-bfd0-d3fe733e9aad] Blender Output: Fra:106 Mem:119.13M (Peak 150.77M) | Time:00:00.20 | Rendering 25 / 64 samples

[2025-07-27T17:08:02.321Z] [DEBUG] [7ff35ec2-e934-421f-bfd0-d3fe733e9aad] Blender Output: Fra:106 Mem:119.13M (Peak 150.77M) | Time:00:00.37 | Rendering 50 / 64 samples

[2025-07-27T17:08:02.418Z] [DEBUG] [7ff35ec2-e934-421f-bfd0-d3fe733e9aad] Blender Output: Fra:106 Mem:119.13M (Peak 150.77M) | Time:00:00.47 | Rendering 64 / 64 samples

[2025-07-27T17:08:02.494Z] [DEBUG] [7ff35ec2-e934-421f-bfd0-d3fe733e9aad] Blender Output: Append frame 106
Time: 00:00.54 (Saving: 00:00.03)


[2025-07-27T17:08:02.529Z] [DEBUG] [7ff35ec2-e934-421f-bfd0-d3fe733e9aad] Blender Output: Fra:107 Mem:119.13M (Peak 150.77M) | Time:00:00.03 | Rendering 1 / 64 samples

[2025-07-27T17:08:02.681Z] [DEBUG] [7ff35ec2-e934-421f-bfd0-d3fe733e9aad] Blender Output: Fra:107 Mem:119.13M (Peak 150.77M) | Time:00:00.18 | Rendering 25 / 64 samples

[2025-07-27T17:08:02.836Z] [DEBUG] [7ff35ec2-e934-421f-bfd0-d3fe733e9aad] Blender Output: Fra:107 Mem:119.13M (Peak 150.77M) | Time:00:00.34 | Rendering 50 / 64 samples

[2025-07-27T17:08:02.924Z] [DEBUG] [7ff35ec2-e934-421f-bfd0-d3fe733e9aad] Blender Output: Fra:107 Mem:119.13M (Peak 150.77M) | Time:00:00.43 | Rendering 64 / 64 samples

[2025-07-27T17:08:02.999Z] [DEBUG] [7ff35ec2-e934-421f-bfd0-d3fe733e9aad] Blender Output: Append frame 107
Time: 00:00.50 (Saving: 00:00.03)


[2025-07-27T17:08:03.035Z] [DEBUG] [7ff35ec2-e934-421f-bfd0-d3fe733e9aad] Blender Output: Fra:108 Mem:119.13M (Peak 150.77M) | Time:00:00.03 | Rendering 1 / 64 samples

[2025-07-27T17:08:03.189Z] [DEBUG] [7ff35ec2-e934-421f-bfd0-d3fe733e9aad] Blender Output: Fra:108 Mem:119.13M (Peak 150.77M) | Time:00:00.18 | Rendering 25 / 64 samples

[2025-07-27T17:08:03.345Z] [DEBUG] [7ff35ec2-e934-421f-bfd0-d3fe733e9aad] Blender Output: Fra:108 Mem:119.13M (Peak 150.77M) | Time:00:00.34 | Rendering 50 / 64 samples

[2025-07-27T17:08:03.433Z] [DEBUG] [7ff35ec2-e934-421f-bfd0-d3fe733e9aad] Blender Output: Fra:108 Mem:119.13M (Peak 150.77M) | Time:00:00.43 | Rendering 64 / 64 samples

[2025-07-27T17:08:03.510Z] [DEBUG] [7ff35ec2-e934-421f-bfd0-d3fe733e9aad] Blender Output: Append frame 108
Time: 00:00.51 (Saving: 00:00.03)


[2025-07-27T17:08:03.547Z] [DEBUG] [7ff35ec2-e934-421f-bfd0-d3fe733e9aad] Blender Output: Fra:109 Mem:119.13M (Peak 150.77M) | Time:00:00.03 | Rendering 1 / 64 samples

[2025-07-27T17:08:03.702Z] [DEBUG] [7ff35ec2-e934-421f-bfd0-d3fe733e9aad] Blender Output: Fra:109 Mem:119.13M (Peak 150.77M) | Time:00:00.19 | Rendering 25 / 64 samples

[2025-07-27T17:08:03.860Z] [DEBUG] [7ff35ec2-e934-421f-bfd0-d3fe733e9aad] Blender Output: Fra:109 Mem:119.13M (Peak 150.77M) | Time:00:00.35 | Rendering 50 / 64 samples

[2025-07-27T17:08:03.949Z] [DEBUG] [7ff35ec2-e934-421f-bfd0-d3fe733e9aad] Blender Output: Fra:109 Mem:119.13M (Peak 150.77M) | Time:00:00.43 | Rendering 64 / 64 samples

[2025-07-27T17:08:04.027Z] [DEBUG] [7ff35ec2-e934-421f-bfd0-d3fe733e9aad] Blender Output: Append frame 109
Time: 00:00.51 (Saving: 00:00.03)


[2025-07-27T17:08:04.062Z] [DEBUG] [7ff35ec2-e934-421f-bfd0-d3fe733e9aad] Blender Output: Fra:110 Mem:119.13M (Peak 150.77M) | Time:00:00.03 | Rendering 1 / 64 samples

[2025-07-27T17:08:04.216Z] [DEBUG] [7ff35ec2-e934-421f-bfd0-d3fe733e9aad] Blender Output: Fra:110 Mem:119.13M (Peak 150.77M) | Time:00:00.18 | Rendering 25 / 64 samples

[2025-07-27T17:08:04.373Z] [DEBUG] [7ff35ec2-e934-421f-bfd0-d3fe733e9aad] Blender Output: Fra:110 Mem:119.13M (Peak 150.77M) | Time:00:00.34 | Rendering 50 / 64 samples

[2025-07-27T17:08:04.461Z] [DEBUG] [7ff35ec2-e934-421f-bfd0-d3fe733e9aad] Blender Output: Fra:110 Mem:119.13M (Peak 150.77M) | Time:00:00.43 | Rendering 64 / 64 samples

[2025-07-27T17:08:04.535Z] [DEBUG] [7ff35ec2-e934-421f-bfd0-d3fe733e9aad] Blender Output: Append frame 110
Time: 00:00.50 (Saving: 00:00.03)


[2025-07-27T17:08:04.572Z] [DEBUG] [7ff35ec2-e934-421f-bfd0-d3fe733e9aad] Blender Output: Fra:111 Mem:119.13M (Peak 150.77M) | Time:00:00.03 | Rendering 1 / 64 samples

[2025-07-27T17:08:04.723Z] [DEBUG] [7ff35ec2-e934-421f-bfd0-d3fe733e9aad] Blender Output: Fra:111 Mem:119.13M (Peak 150.77M) | Time:00:00.18 | Rendering 25 / 64 samples

[2025-07-27T17:08:04.878Z] [DEBUG] [7ff35ec2-e934-421f-bfd0-d3fe733e9aad] Blender Output: Fra:111 Mem:119.13M (Peak 150.77M) | Time:00:00.34 | Rendering 50 / 64 samples

[2025-07-27T17:08:04.965Z] [DEBUG] [7ff35ec2-e934-421f-bfd0-d3fe733e9aad] Blender Output: Fra:111 Mem:119.13M (Peak 150.77M) | Time:00:00.43 | Rendering 64 / 64 samples

[2025-07-27T17:08:05.042Z] [DEBUG] [7ff35ec2-e934-421f-bfd0-d3fe733e9aad] Blender Output: Append frame 111
Time: 00:00.50 (Saving: 00:00.03)


[2025-07-27T17:08:05.078Z] [DEBUG] [7ff35ec2-e934-421f-bfd0-d3fe733e9aad] Blender Output: Fra:112 Mem:119.13M (Peak 150.77M) | Time:00:00.03 | Rendering 1 / 64 samples

[2025-07-27T17:08:05.230Z] [DEBUG] [7ff35ec2-e934-421f-bfd0-d3fe733e9aad] Blender Output: Fra:112 Mem:119.13M (Peak 150.77M) | Time:00:00.18 | Rendering 25 / 64 samples

[2025-07-27T17:08:05.384Z] [DEBUG] [7ff35ec2-e934-421f-bfd0-d3fe733e9aad] Blender Output: Fra:112 Mem:119.13M (Peak 150.77M) | Time:00:00.34 | Rendering 50 / 64 samples

[2025-07-27T17:08:05.473Z] [DEBUG] [7ff35ec2-e934-421f-bfd0-d3fe733e9aad] Blender Output: Fra:112 Mem:119.13M (Peak 150.77M) | Time:00:00.43 | Rendering 64 / 64 samples

[2025-07-27T17:08:05.551Z] [DEBUG] [7ff35ec2-e934-421f-bfd0-d3fe733e9aad] Blender Output: Append frame 112
Time: 00:00.50 (Saving: 00:00.03)


[2025-07-27T17:08:05.588Z] [DEBUG] [7ff35ec2-e934-421f-bfd0-d3fe733e9aad] Blender Output: Fra:113 Mem:119.13M (Peak 150.77M) | Time:00:00.03 | Rendering 1 / 64 samples

[2025-07-27T17:08:05.738Z] [DEBUG] [7ff35ec2-e934-421f-bfd0-d3fe733e9aad] Blender Output: Fra:113 Mem:119.13M (Peak 150.77M) | Time:00:00.18 | Rendering 25 / 64 samples

[2025-07-27T17:08:05.893Z] [DEBUG] [7ff35ec2-e934-421f-bfd0-d3fe733e9aad] Blender Output: Fra:113 Mem:119.13M (Peak 150.77M) | Time:00:00.34 | Rendering 50 / 64 samples

[2025-07-27T17:08:05.979Z] [DEBUG] [7ff35ec2-e934-421f-bfd0-d3fe733e9aad] Blender Output: Fra:113 Mem:119.13M (Peak 150.77M) | Time:00:00.42 | Rendering 64 / 64 samples

[2025-07-27T17:08:06.056Z] [DEBUG] [7ff35ec2-e934-421f-bfd0-d3fe733e9aad] Blender Output: Append frame 113
Time: 00:00.50 (Saving: 00:00.03)


[2025-07-27T17:08:06.092Z] [DEBUG] [7ff35ec2-e934-421f-bfd0-d3fe733e9aad] Blender Output: Fra:114 Mem:119.13M (Peak 150.77M) | Time:00:00.03 | Rendering 1 / 64 samples

[2025-07-27T17:08:06.245Z] [DEBUG] [7ff35ec2-e934-421f-bfd0-d3fe733e9aad] Blender Output: Fra:114 Mem:119.13M (Peak 150.77M) | Time:00:00.18 | Rendering 25 / 64 samples

[2025-07-27T17:08:06.402Z] [DEBUG] [7ff35ec2-e934-421f-bfd0-d3fe733e9aad] Blender Output: Fra:114 Mem:119.13M (Peak 150.77M) | Time:00:00.34 | Rendering 50 / 64 samples

[2025-07-27T17:08:06.491Z] [DEBUG] [7ff35ec2-e934-421f-bfd0-d3fe733e9aad] Blender Output: Fra:114 Mem:119.13M (Peak 150.77M) | Time:00:00.43 | Rendering 64 / 64 samples

[2025-07-27T17:08:06.569Z] [DEBUG] [7ff35ec2-e934-421f-bfd0-d3fe733e9aad] Blender Output: Append frame 114
Time: 00:00.51 (Saving: 00:00.03)


[2025-07-27T17:08:06.604Z] [DEBUG] [7ff35ec2-e934-421f-bfd0-d3fe733e9aad] Blender Output: Fra:115 Mem:119.13M (Peak 150.77M) | Time:00:00.03 | Rendering 1 / 64 samples

[2025-07-27T17:08:06.759Z] [DEBUG] [7ff35ec2-e934-421f-bfd0-d3fe733e9aad] Blender Output: Fra:115 Mem:119.13M (Peak 150.77M) | Time:00:00.19 | Rendering 25 / 64 samples

[2025-07-27T17:08:06.918Z] [DEBUG] [7ff35ec2-e934-421f-bfd0-d3fe733e9aad] Blender Output: Fra:115 Mem:119.13M (Peak 150.77M) | Time:00:00.34 | Rendering 50 / 64 samples

[2025-07-27T17:08:07.006Z] [DEBUG] [7ff35ec2-e934-421f-bfd0-d3fe733e9aad] Blender Output: Fra:115 Mem:119.13M (Peak 150.77M) | Time:00:00.43 | Rendering 64 / 64 samples

[2025-07-27T17:08:07.082Z] [DEBUG] [7ff35ec2-e934-421f-bfd0-d3fe733e9aad] Blender Output: Append frame 115
Time: 00:00.51 (Saving: 00:00.03)


[2025-07-27T17:08:07.118Z] [DEBUG] [7ff35ec2-e934-421f-bfd0-d3fe733e9aad] Blender Output: Fra:116 Mem:119.13M (Peak 150.77M) | Time:00:00.03 | Rendering 1 / 64 samples

[2025-07-27T17:08:07.273Z] [DEBUG] [7ff35ec2-e934-421f-bfd0-d3fe733e9aad] Blender Output: Fra:116 Mem:119.13M (Peak 150.77M) | Time:00:00.19 | Rendering 25 / 64 samples

[2025-07-27T17:08:07.432Z] [DEBUG] [7ff35ec2-e934-421f-bfd0-d3fe733e9aad] Blender Output: Fra:116 Mem:119.13M (Peak 150.77M) | Time:00:00.34 | Rendering 50 / 64 samples

[2025-07-27T17:08:07.521Z] [DEBUG] [7ff35ec2-e934-421f-bfd0-d3fe733e9aad] Blender Output: Fra:116 Mem:119.13M (Peak 150.77M) | Time:00:00.43 | Rendering 64 / 64 samples

[2025-07-27T17:08:07.598Z] [DEBUG] [7ff35ec2-e934-421f-bfd0-d3fe733e9aad] Blender Output: Append frame 116
Time: 00:00.51 (Saving: 00:00.03)


[2025-07-27T17:08:07.634Z] [DEBUG] [7ff35ec2-e934-421f-bfd0-d3fe733e9aad] Blender Output: Fra:117 Mem:119.13M (Peak 150.77M) | Time:00:00.03 | Rendering 1 / 64 samples

[2025-07-27T17:08:07.787Z] [DEBUG] [7ff35ec2-e934-421f-bfd0-d3fe733e9aad] Blender Output: Fra:117 Mem:119.13M (Peak 150.77M) | Time:00:00.18 | Rendering 25 / 64 samples

[2025-07-27T17:08:07.943Z] [DEBUG] [7ff35ec2-e934-421f-bfd0-d3fe733e9aad] Blender Output: Fra:117 Mem:119.13M (Peak 150.77M) | Time:00:00.34 | Rendering 50 / 64 samples

[2025-07-27T17:08:08.031Z] [DEBUG] [7ff35ec2-e934-421f-bfd0-d3fe733e9aad] Blender Output: Fra:117 Mem:119.13M (Peak 150.77M) | Time:00:00.43 | Rendering 64 / 64 samples

[2025-07-27T17:08:08.106Z] [DEBUG] [7ff35ec2-e934-421f-bfd0-d3fe733e9aad] Blender Output: Append frame 117
Time: 00:00.50 (Saving: 00:00.03)


[2025-07-27T17:08:08.141Z] [DEBUG] [7ff35ec2-e934-421f-bfd0-d3fe733e9aad] Blender Output: Fra:118 Mem:119.13M (Peak 150.77M) | Time:00:00.03 | Rendering 1 / 64 samples

[2025-07-27T17:08:08.298Z] [DEBUG] [7ff35ec2-e934-421f-bfd0-d3fe733e9aad] Blender Output: Fra:118 Mem:119.13M (Peak 150.77M) | Time:00:00.19 | Rendering 25 / 64 samples

[2025-07-27T17:08:08.458Z] [DEBUG] [7ff35ec2-e934-421f-bfd0-d3fe733e9aad] Blender Output: Fra:118 Mem:119.13M (Peak 150.77M) | Time:00:00.35 | Rendering 50 / 64 samples

[2025-07-27T17:08:08.548Z] [DEBUG] [7ff35ec2-e934-421f-bfd0-d3fe733e9aad] Blender Output: Fra:118 Mem:119.13M (Peak 150.77M) | Time:00:00.44 | Rendering 64 / 64 samples

[2025-07-27T17:08:08.623Z] [DEBUG] [7ff35ec2-e934-421f-bfd0-d3fe733e9aad] Blender Output: Append frame 118
Time: 00:00.51 (Saving: 00:00.03)


[2025-07-27T17:08:08.659Z] [DEBUG] [7ff35ec2-e934-421f-bfd0-d3fe733e9aad] Blender Output: Fra:119 Mem:119.13M (Peak 150.77M) | Time:00:00.03 | Rendering 1 / 64 samples

[2025-07-27T17:08:08.815Z] [DEBUG] [7ff35ec2-e934-421f-bfd0-d3fe733e9aad] Blender Output: Fra:119 Mem:119.13M (Peak 150.77M) | Time:00:00.19 | Rendering 25 / 64 samples

[2025-07-27T17:08:08.975Z] [DEBUG] [7ff35ec2-e934-421f-bfd0-d3fe733e9aad] Blender Output: Fra:119 Mem:119.13M (Peak 150.77M) | Time:00:00.35 | Rendering 50 / 64 samples

[2025-07-27T17:08:09.065Z] [DEBUG] [7ff35ec2-e934-421f-bfd0-d3fe733e9aad] Blender Output: Fra:119 Mem:119.13M (Peak 150.77M) | Time:00:00.44 | Rendering 64 / 64 samples

[2025-07-27T17:08:09.137Z] [DEBUG] [7ff35ec2-e934-421f-bfd0-d3fe733e9aad] Blender Output: Append frame 119
Time: 00:00.51 (Saving: 00:00.03)


[2025-07-27T17:08:09.172Z] [DEBUG] [7ff35ec2-e934-421f-bfd0-d3fe733e9aad] Blender Output: Fra:120 Mem:119.13M (Peak 150.77M) | Time:00:00.03 | Rendering 1 / 64 samples

[2025-07-27T17:08:09.329Z] [DEBUG] [7ff35ec2-e934-421f-bfd0-d3fe733e9aad] Blender Output: Fra:120 Mem:119.13M (Peak 150.77M) | Time:00:00.19 | Rendering 25 / 64 samples

[2025-07-27T17:08:09.490Z] [DEBUG] [7ff35ec2-e934-421f-bfd0-d3fe733e9aad] Blender Output: Fra:120 Mem:119.13M (Peak 150.77M) | Time:00:00.35 | Rendering 50 / 64 samples

[2025-07-27T17:08:09.579Z] [DEBUG] [7ff35ec2-e934-421f-bfd0-d3fe733e9aad] Blender Output: Fra:120 Mem:119.13M (Peak 150.77M) | Time:00:00.44 | Rendering 64 / 64 samples

[2025-07-27T17:08:09.656Z] [DEBUG] [7ff35ec2-e934-421f-bfd0-d3fe733e9aad] Blender Output: Append frame 120
Time: 00:00.51 (Saving: 00:00.03)


[2025-07-27T17:08:09.693Z] [DEBUG] [7ff35ec2-e934-421f-bfd0-d3fe733e9aad] Blender Output: Fra:121 Mem:119.13M (Peak 150.77M) | Time:00:00.03 | Rendering 1 / 64 samples

[2025-07-27T17:08:09.846Z] [DEBUG] [7ff35ec2-e934-421f-bfd0-d3fe733e9aad] Blender Output: Fra:121 Mem:119.13M (Peak 150.77M) | Time:00:00.18 | Rendering 25 / 64 samples

[2025-07-27T17:08:10.002Z] [DEBUG] [7ff35ec2-e934-421f-bfd0-d3fe733e9aad] Blender Output: Fra:121 Mem:119.13M (Peak 150.77M) | Time:00:00.34 | Rendering 50 / 64 samples

[2025-07-27T17:08:10.091Z] [DEBUG] [7ff35ec2-e934-421f-bfd0-d3fe733e9aad] Blender Output: Fra:121 Mem:119.13M (Peak 150.77M) | Time:00:00.43 | Rendering 64 / 64 samples

[2025-07-27T17:08:10.167Z] [DEBUG] [7ff35ec2-e934-421f-bfd0-d3fe733e9aad] Blender Output: Append frame 121
Time: 00:00.51 (Saving: 00:00.03)


[2025-07-27T17:08:10.202Z] [DEBUG] [7ff35ec2-e934-421f-bfd0-d3fe733e9aad] Blender Output: Fra:122 Mem:119.13M (Peak 150.77M) | Time:00:00.03 | Rendering 1 / 64 samples

[2025-07-27T17:08:10.358Z] [DEBUG] [7ff35ec2-e934-421f-bfd0-d3fe733e9aad] Blender Output: Fra:122 Mem:119.13M (Peak 150.77M) | Time:00:00.19 | Rendering 25 / 64 samples

[2025-07-27T17:08:10.517Z] [DEBUG] [7ff35ec2-e934-421f-bfd0-d3fe733e9aad] Blender Output: Fra:122 Mem:119.13M (Peak 150.77M) | Time:00:00.35 | Rendering 50 / 64 samples

[2025-07-27T17:08:10.607Z] [DEBUG] [7ff35ec2-e934-421f-bfd0-d3fe733e9aad] Blender Output: Fra:122 Mem:119.13M (Peak 150.77M) | Time:00:00.43 | Rendering 64 / 64 samples

[2025-07-27T17:08:10.682Z] [DEBUG] [7ff35ec2-e934-421f-bfd0-d3fe733e9aad] Blender Output: Append frame 122
Time: 00:00.51 (Saving: 00:00.03)


[2025-07-27T17:08:10.718Z] [DEBUG] [7ff35ec2-e934-421f-bfd0-d3fe733e9aad] Blender Output: Fra:123 Mem:119.13M (Peak 150.77M) | Time:00:00.03 | Rendering 1 / 64 samples

[2025-07-27T17:08:10.870Z] [DEBUG] [7ff35ec2-e934-421f-bfd0-d3fe733e9aad] Blender Output: Fra:123 Mem:119.13M (Peak 150.77M) | Time:00:00.18 | Rendering 25 / 64 samples

[2025-07-27T17:08:11.024Z] [DEBUG] [7ff35ec2-e934-421f-bfd0-d3fe733e9aad] Blender Output: Fra:123 Mem:119.13M (Peak 150.77M) | Time:00:00.34 | Rendering 50 / 64 samples

[2025-07-27T17:08:11.109Z] [DEBUG] [7ff35ec2-e934-421f-bfd0-d3fe733e9aad] Blender Output: Fra:123 Mem:119.13M (Peak 150.77M) | Time:00:00.42 | Rendering 64 / 64 samples

[2025-07-27T17:08:11.185Z] [DEBUG] [7ff35ec2-e934-421f-bfd0-d3fe733e9aad] Blender Output: Append frame 123
Time: 00:00.50 (Saving: 00:00.03)


[2025-07-27T17:08:11.221Z] [DEBUG] [7ff35ec2-e934-421f-bfd0-d3fe733e9aad] Blender Output: Fra:124 Mem:119.13M (Peak 150.77M) | Time:00:00.03 | Rendering 1 / 64 samples

[2025-07-27T17:08:11.375Z] [DEBUG] [7ff35ec2-e934-421f-bfd0-d3fe733e9aad] Blender Output: Fra:124 Mem:119.13M (Peak 150.77M) | Time:00:00.18 | Rendering 25 / 64 samples

[2025-07-27T17:08:11.531Z] [DEBUG] [7ff35ec2-e934-421f-bfd0-d3fe733e9aad] Blender Output: Fra:124 Mem:119.13M (Peak 150.77M) | Time:00:00.34 | Rendering 50 / 64 samples

[2025-07-27T17:08:11.619Z] [DEBUG] [7ff35ec2-e934-421f-bfd0-d3fe733e9aad] Blender Output: Fra:124 Mem:119.13M (Peak 150.77M) | Time:00:00.43 | Rendering 64 / 64 samples

[2025-07-27T17:08:11.696Z] [DEBUG] [7ff35ec2-e934-421f-bfd0-d3fe733e9aad] Blender Output: Append frame 124
Time: 00:00.51 (Saving: 00:00.03)


[2025-07-27T17:08:11.732Z] [DEBUG] [7ff35ec2-e934-421f-bfd0-d3fe733e9aad] Blender Output: Fra:125 Mem:119.13M (Peak 150.77M) | Time:00:00.03 | Rendering 1 / 64 samples

[2025-07-27T17:08:11.880Z] [DEBUG] [7ff35ec2-e934-421f-bfd0-d3fe733e9aad] Blender Output: Fra:125 Mem:119.13M (Peak 150.77M) | Time:00:00.18 | Rendering 25 / 64 samples

[2025-07-27T17:08:12.032Z] [DEBUG] [7ff35ec2-e934-421f-bfd0-d3fe733e9aad] Blender Output: Fra:125 Mem:119.13M (Peak 150.77M) | Time:00:00.33 | Rendering 50 / 64 samples

[2025-07-27T17:08:12.117Z] [DEBUG] [7ff35ec2-e934-421f-bfd0-d3fe733e9aad] Blender Output: Fra:125 Mem:119.13M (Peak 150.77M) | Time:00:00.42 | Rendering 64 / 64 samples

[2025-07-27T17:08:12.190Z] [DEBUG] [7ff35ec2-e934-421f-bfd0-d3fe733e9aad] Blender Output: Append frame 125
Time: 00:00.49 (Saving: 00:00.03)


[2025-07-27T17:08:12.226Z] [DEBUG] [7ff35ec2-e934-421f-bfd0-d3fe733e9aad] Blender Output: Fra:126 Mem:119.13M (Peak 150.77M) | Time:00:00.03 | Rendering 1 / 64 samples

[2025-07-27T17:08:12.377Z] [DEBUG] [7ff35ec2-e934-421f-bfd0-d3fe733e9aad] Blender Output: Fra:126 Mem:119.13M (Peak 150.77M) | Time:00:00.18 | Rendering 25 / 64 samples

[2025-07-27T17:08:12.533Z] [DEBUG] [7ff35ec2-e934-421f-bfd0-d3fe733e9aad] Blender Output: Fra:126 Mem:119.13M (Peak 150.77M) | Time:00:00.34 | Rendering 50 / 64 samples

[2025-07-27T17:08:12.621Z] [DEBUG] [7ff35ec2-e934-421f-bfd0-d3fe733e9aad] Blender Output: Fra:126 Mem:119.13M (Peak 150.77M) | Time:00:00.43 | Rendering 64 / 64 samples

[2025-07-27T17:08:12.695Z] [DEBUG] [7ff35ec2-e934-421f-bfd0-d3fe733e9aad] Blender Output: Append frame 126
Time: 00:00.50 (Saving: 00:00.03)


[2025-07-27T17:08:12.733Z] [DEBUG] [7ff35ec2-e934-421f-bfd0-d3fe733e9aad] Blender Output: Fra:127 Mem:119.13M (Peak 150.77M) | Time:00:00.03 | Rendering 1 / 64 samples

[2025-07-27T17:08:12.886Z] [DEBUG] [7ff35ec2-e934-421f-bfd0-d3fe733e9aad] Blender Output: Fra:127 Mem:119.13M (Peak 150.77M) | Time:00:00.19 | Rendering 25 / 64 samples

[2025-07-27T17:08:13.039Z] [DEBUG] [7ff35ec2-e934-421f-bfd0-d3fe733e9aad] Blender Output: Fra:127 Mem:119.13M (Peak 150.77M) | Time:00:00.34 | Rendering 50 / 64 samples

[2025-07-27T17:08:13.126Z] [DEBUG] [7ff35ec2-e934-421f-bfd0-d3fe733e9aad] Blender Output: Fra:127 Mem:119.13M (Peak 150.77M) | Time:00:00.43 | Rendering 64 / 64 samples

[2025-07-27T17:08:13.204Z] [DEBUG] [7ff35ec2-e934-421f-bfd0-d3fe733e9aad] Blender Output: Append frame 127
Time: 00:00.50 (Saving: 00:00.03)


[2025-07-27T17:08:13.240Z] [DEBUG] [7ff35ec2-e934-421f-bfd0-d3fe733e9aad] Blender Output: Fra:128 Mem:119.13M (Peak 150.77M) | Time:00:00.03 | Rendering 1 / 64 samples

[2025-07-27T17:08:13.398Z] [DEBUG] [7ff35ec2-e934-421f-bfd0-d3fe733e9aad] Blender Output: Fra:128 Mem:119.13M (Peak 150.77M) | Time:00:00.19 | Rendering 25 / 64 samples

[2025-07-27T17:08:13.558Z] [DEBUG] [7ff35ec2-e934-421f-bfd0-d3fe733e9aad] Blender Output: Fra:128 Mem:119.13M (Peak 150.77M) | Time:00:00.35 | Rendering 50 / 64 samples

[2025-07-27T17:08:13.646Z] [DEBUG] [7ff35ec2-e934-421f-bfd0-d3fe733e9aad] Blender Output: Fra:128 Mem:119.13M (Peak 150.77M) | Time:00:00.44 | Rendering 64 / 64 samples

[2025-07-27T17:08:13.725Z] [DEBUG] [7ff35ec2-e934-421f-bfd0-d3fe733e9aad] Blender Output: Append frame 128
Time: 00:00.52 (Saving: 00:00.03)


[2025-07-27T17:08:13.761Z] [DEBUG] [7ff35ec2-e934-421f-bfd0-d3fe733e9aad] Blender Output: Fra:129 Mem:119.13M (Peak 150.77M) | Time:00:00.03 | Rendering 1 / 64 samples

[2025-07-27T17:08:13.913Z] [DEBUG] [7ff35ec2-e934-421f-bfd0-d3fe733e9aad] Blender Output: Fra:129 Mem:119.13M (Peak 150.77M) | Time:00:00.18 | Rendering 25 / 64 samples

[2025-07-27T17:08:14.068Z] [DEBUG] [7ff35ec2-e934-421f-bfd0-d3fe733e9aad] Blender Output: Fra:129 Mem:119.13M (Peak 150.77M) | Time:00:00.34 | Rendering 50 / 64 samples

[2025-07-27T17:08:14.155Z] [DEBUG] [7ff35ec2-e934-421f-bfd0-d3fe733e9aad] Blender Output: Fra:129 Mem:119.13M (Peak 150.77M) | Time:00:00.42 | Rendering 64 / 64 samples

[2025-07-27T17:08:14.227Z] [DEBUG] [7ff35ec2-e934-421f-bfd0-d3fe733e9aad] Blender Output: Append frame 129
Time: 00:00.50 (Saving: 00:00.03)


[2025-07-27T17:08:14.262Z] [DEBUG] [7ff35ec2-e934-421f-bfd0-d3fe733e9aad] Blender Output: Fra:130 Mem:119.13M (Peak 150.77M) | Time:00:00.03 | Rendering 1 / 64 samples

[2025-07-27T17:08:14.415Z] [DEBUG] [7ff35ec2-e934-421f-bfd0-d3fe733e9aad] Blender Output: Fra:130 Mem:119.13M (Peak 150.77M) | Time:00:00.18 | Rendering 25 / 64 samples

[2025-07-27T17:08:14.572Z] [DEBUG] [7ff35ec2-e934-421f-bfd0-d3fe733e9aad] Blender Output: Fra:130 Mem:119.13M (Peak 150.77M) | Time:00:00.34 | Rendering 50 / 64 samples

[2025-07-27T17:08:14.660Z] [DEBUG] [7ff35ec2-e934-421f-bfd0-d3fe733e9aad] Blender Output: Fra:130 Mem:119.13M (Peak 150.77M) | Time:00:00.43 | Rendering 64 / 64 samples

[2025-07-27T17:08:14.734Z] [DEBUG] [7ff35ec2-e934-421f-bfd0-d3fe733e9aad] Blender Output: Append frame 130
Time: 00:00.50 (Saving: 00:00.03)


[2025-07-27T17:08:14.770Z] [DEBUG] [7ff35ec2-e934-421f-bfd0-d3fe733e9aad] Blender Output: Fra:131 Mem:119.13M (Peak 150.77M) | Time:00:00.03 | Rendering 1 / 64 samples

[2025-07-27T17:08:14.924Z] [DEBUG] [7ff35ec2-e934-421f-bfd0-d3fe733e9aad] Blender Output: Fra:131 Mem:119.13M (Peak 150.77M) | Time:00:00.19 | Rendering 25 / 64 samples

[2025-07-27T17:08:15.081Z] [DEBUG] [7ff35ec2-e934-421f-bfd0-d3fe733e9aad] Blender Output: Fra:131 Mem:119.13M (Peak 150.77M) | Time:00:00.34 | Rendering 50 / 64 samples

[2025-07-27T17:08:15.169Z] [DEBUG] [7ff35ec2-e934-421f-bfd0-d3fe733e9aad] Blender Output: Fra:131 Mem:119.13M (Peak 150.77M) | Time:00:00.43 | Rendering 64 / 64 samples

[2025-07-27T17:08:15.241Z] [DEBUG] [7ff35ec2-e934-421f-bfd0-d3fe733e9aad] Blender Output: Append frame 131
Time: 00:00.50 (Saving: 00:00.03)


[2025-07-27T17:08:15.276Z] [DEBUG] [7ff35ec2-e934-421f-bfd0-d3fe733e9aad] Blender Output: Fra:132 Mem:119.13M (Peak 150.77M) | Time:00:00.03 | Rendering 1 / 64 samples

[2025-07-27T17:08:15.431Z] [DEBUG] [7ff35ec2-e934-421f-bfd0-d3fe733e9aad] Blender Output: Fra:132 Mem:119.13M (Peak 150.77M) | Time:00:00.19 | Rendering 25 / 64 samples

[2025-07-27T17:08:15.589Z] [DEBUG] [7ff35ec2-e934-421f-bfd0-d3fe733e9aad] Blender Output: Fra:132 Mem:119.13M (Peak 150.77M) | Time:00:00.34 | Rendering 50 / 64 samples

[2025-07-27T17:08:15.677Z] [DEBUG] [7ff35ec2-e934-421f-bfd0-d3fe733e9aad] Blender Output: Fra:132 Mem:119.13M (Peak 150.77M) | Time:00:00.43 | Rendering 64 / 64 samples

[2025-07-27T17:08:15.749Z] [DEBUG] [7ff35ec2-e934-421f-bfd0-d3fe733e9aad] Blender Output: Append frame 132
Time: 00:00.50 (Saving: 00:00.03)


[2025-07-27T17:08:15.797Z] [DEBUG] [7ff35ec2-e934-421f-bfd0-d3fe733e9aad] Blender Output: Fra:133 Mem:119.13M (Peak 150.77M) | Time:00:00.04 | Rendering 1 / 64 samples

[2025-07-27T17:08:15.947Z] [DEBUG] [7ff35ec2-e934-421f-bfd0-d3fe733e9aad] Blender Output: Fra:133 Mem:119.13M (Peak 150.77M) | Time:00:00.19 | Rendering 25 / 64 samples

[2025-07-27T17:08:16.100Z] [DEBUG] [7ff35ec2-e934-421f-bfd0-d3fe733e9aad] Blender Output: Fra:133 Mem:119.13M (Peak 150.77M) | Time:00:00.35 | Rendering 50 / 64 samples

[2025-07-27T17:08:16.186Z] [DEBUG] [7ff35ec2-e934-421f-bfd0-d3fe733e9aad] Blender Output: Fra:133 Mem:119.13M (Peak 150.77M) | Time:00:00.43 | Rendering 64 / 64 samples

[2025-07-27T17:08:16.260Z] [DEBUG] [7ff35ec2-e934-421f-bfd0-d3fe733e9aad] Blender Output: Append frame 133
Time: 00:00.51 (Saving: 00:00.03)


[2025-07-27T17:08:16.296Z] [DEBUG] [7ff35ec2-e934-421f-bfd0-d3fe733e9aad] Blender Output: Fra:134 Mem:119.13M (Peak 150.77M) | Time:00:00.03 | Rendering 1 / 64 samples

[2025-07-27T17:08:16.451Z] [DEBUG] [7ff35ec2-e934-421f-bfd0-d3fe733e9aad] Blender Output: Fra:134 Mem:119.13M (Peak 150.77M) | Time:00:00.19 | Rendering 25 / 64 samples

[2025-07-27T17:08:16.609Z] [DEBUG] [7ff35ec2-e934-421f-bfd0-d3fe733e9aad] Blender Output: Fra:134 Mem:119.13M (Peak 150.77M) | Time:00:00.34 | Rendering 50 / 64 samples

[2025-07-27T17:08:16.697Z] [DEBUG] [7ff35ec2-e934-421f-bfd0-d3fe733e9aad] Blender Output: Fra:134 Mem:119.13M (Peak 150.77M) | Time:00:00.43 | Rendering 64 / 64 samples

[2025-07-27T17:08:16.769Z] [DEBUG] [7ff35ec2-e934-421f-bfd0-d3fe733e9aad] Blender Output: Append frame 134
Time: 00:00.50 (Saving: 00:00.03)


[2025-07-27T17:08:16.804Z] [DEBUG] [7ff35ec2-e934-421f-bfd0-d3fe733e9aad] Blender Output: Fra:135 Mem:119.13M (Peak 150.77M) | Time:00:00.03 | Rendering 1 / 64 samples

[2025-07-27T17:08:16.958Z] [DEBUG] [7ff35ec2-e934-421f-bfd0-d3fe733e9aad] Blender Output: Fra:135 Mem:119.13M (Peak 150.77M) | Time:00:00.18 | Rendering 25 / 64 samples

[2025-07-27T17:08:17.112Z] [DEBUG] [7ff35ec2-e934-421f-bfd0-d3fe733e9aad] Blender Output: Fra:135 Mem:119.13M (Peak 150.77M) | Time:00:00.34 | Rendering 50 / 64 samples

[2025-07-27T17:08:17.198Z] [DEBUG] [7ff35ec2-e934-421f-bfd0-d3fe733e9aad] Blender Output: Fra:135 Mem:119.13M (Peak 150.77M) | Time:00:00.42 | Rendering 64 / 64 samples

[2025-07-27T17:08:17.274Z] [DEBUG] [7ff35ec2-e934-421f-bfd0-d3fe733e9aad] Blender Output: Append frame 135
Time: 00:00.50 (Saving: 00:00.03)


[2025-07-27T17:08:17.310Z] [DEBUG] [7ff35ec2-e934-421f-bfd0-d3fe733e9aad] Blender Output: Fra:136 Mem:119.13M (Peak 150.77M) | Time:00:00.03 | Rendering 1 / 64 samples

[2025-07-27T17:08:17.461Z] [DEBUG] [7ff35ec2-e934-421f-bfd0-d3fe733e9aad] Blender Output: Fra:136 Mem:119.13M (Peak 150.77M) | Time:00:00.18 | Rendering 25 / 64 samples

[2025-07-27T17:08:17.616Z] [DEBUG] [7ff35ec2-e934-421f-bfd0-d3fe733e9aad] Blender Output: Fra:136 Mem:119.13M (Peak 150.77M) | Time:00:00.34 | Rendering 50 / 64 samples

[2025-07-27T17:08:17.703Z] [DEBUG] [7ff35ec2-e934-421f-bfd0-d3fe733e9aad] Blender Output: Fra:136 Mem:119.13M (Peak 150.77M) | Time:00:00.42 | Rendering 64 / 64 samples

[2025-07-27T17:08:17.781Z] [DEBUG] [7ff35ec2-e934-421f-bfd0-d3fe733e9aad] Blender Output: Append frame 136
Time: 00:00.50 (Saving: 00:00.03)


[2025-07-27T17:08:17.818Z] [DEBUG] [7ff35ec2-e934-421f-bfd0-d3fe733e9aad] Blender Output: Fra:137 Mem:119.13M (Peak 150.77M) | Time:00:00.03 | Rendering 1 / 64 samples

[2025-07-27T17:08:17.973Z] [DEBUG] [7ff35ec2-e934-421f-bfd0-d3fe733e9aad] Blender Output: Fra:137 Mem:119.13M (Peak 150.77M) | Time:00:00.19 | Rendering 25 / 64 samples

[2025-07-27T17:08:18.128Z] [DEBUG] [7ff35ec2-e934-421f-bfd0-d3fe733e9aad] Blender Output: Fra:137 Mem:119.13M (Peak 150.77M) | Time:00:00.34 | Rendering 50 / 64 samples

[2025-07-27T17:08:18.216Z] [DEBUG] [7ff35ec2-e934-421f-bfd0-d3fe733e9aad] Blender Output: Fra:137 Mem:119.13M (Peak 150.77M) | Time:00:00.43 | Rendering 64 / 64 samples

[2025-07-27T17:08:18.292Z] [DEBUG] [7ff35ec2-e934-421f-bfd0-d3fe733e9aad] Blender Output: Append frame 137
Time: 00:00.51 (Saving: 00:00.03)


[2025-07-27T17:08:18.327Z] [DEBUG] [7ff35ec2-e934-421f-bfd0-d3fe733e9aad] Blender Output: Fra:138 Mem:119.13M (Peak 150.77M) | Time:00:00.03 | Rendering 1 / 64 samples

[2025-07-27T17:08:18.480Z] [DEBUG] [7ff35ec2-e934-421f-bfd0-d3fe733e9aad] Blender Output: Fra:138 Mem:119.13M (Peak 150.77M) | Time:00:00.18 | Rendering 25 / 64 samples

[2025-07-27T17:08:18.637Z] [DEBUG] [7ff35ec2-e934-421f-bfd0-d3fe733e9aad] Blender Output: Fra:138 Mem:119.13M (Peak 150.77M) | Time:00:00.34 | Rendering 50 / 64 samples

[2025-07-27T17:08:18.724Z] [DEBUG] [7ff35ec2-e934-421f-bfd0-d3fe733e9aad] Blender Output: Fra:138 Mem:119.13M (Peak 150.77M) | Time:00:00.43 | Rendering 64 / 64 samples

[2025-07-27T17:08:18.801Z] [DEBUG] [7ff35ec2-e934-421f-bfd0-d3fe733e9aad] Blender Output: Append frame 138
Time: 00:00.50 (Saving: 00:00.03)


[2025-07-27T17:08:18.836Z] [DEBUG] [7ff35ec2-e934-421f-bfd0-d3fe733e9aad] Blender Output: Fra:139 Mem:119.13M (Peak 150.77M) | Time:00:00.03 | Rendering 1 / 64 samples

[2025-07-27T17:08:18.988Z] [DEBUG] [7ff35ec2-e934-421f-bfd0-d3fe733e9aad] Blender Output: Fra:139 Mem:119.13M (Peak 150.77M) | Time:00:00.18 | Rendering 25 / 64 samples

[2025-07-27T17:08:19.141Z] [DEBUG] [7ff35ec2-e934-421f-bfd0-d3fe733e9aad] Blender Output: Fra:139 Mem:119.13M (Peak 150.77M) | Time:00:00.34 | Rendering 50 / 64 samples

[2025-07-27T17:08:19.227Z] [DEBUG] [7ff35ec2-e934-421f-bfd0-d3fe733e9aad] Blender Output: Fra:139 Mem:119.13M (Peak 150.77M) | Time:00:00.42 | Rendering 64 / 64 samples

[2025-07-27T17:08:19.304Z] [DEBUG] [7ff35ec2-e934-421f-bfd0-d3fe733e9aad] Blender Output: Append frame 139
Time: 00:00.50 (Saving: 00:00.03)


[2025-07-27T17:08:19.340Z] [DEBUG] [7ff35ec2-e934-421f-bfd0-d3fe733e9aad] Blender Output: Fra:140 Mem:119.13M (Peak 150.77M) | Time:00:00.03 | Rendering 1 / 64 samples

[2025-07-27T17:08:19.492Z] [DEBUG] [7ff35ec2-e934-421f-bfd0-d3fe733e9aad] Blender Output: Fra:140 Mem:119.13M (Peak 150.77M) | Time:00:00.18 | Rendering 25 / 64 samples

[2025-07-27T17:08:19.645Z] [DEBUG] [7ff35ec2-e934-421f-bfd0-d3fe733e9aad] Blender Output: Fra:140 Mem:119.13M (Peak 150.77M) | Time:00:00.34 | Rendering 50 / 64 samples

[2025-07-27T17:08:19.732Z] [DEBUG] [7ff35ec2-e934-421f-bfd0-d3fe733e9aad] Blender Output: Fra:140 Mem:119.13M (Peak 150.77M) | Time:00:00.42 | Rendering 64 / 64 samples

[2025-07-27T17:08:19.808Z] [DEBUG] [7ff35ec2-e934-421f-bfd0-d3fe733e9aad] Blender Output: Append frame 140
Time: 00:00.50 (Saving: 00:00.03)


[2025-07-27T17:08:19.844Z] [DEBUG] [7ff35ec2-e934-421f-bfd0-d3fe733e9aad] Blender Output: Fra:141 Mem:119.13M (Peak 150.77M) | Time:00:00.03 | Rendering 1 / 64 samples

[2025-07-27T17:08:19.995Z] [DEBUG] [7ff35ec2-e934-421f-bfd0-d3fe733e9aad] Blender Output: Fra:141 Mem:119.13M (Peak 150.77M) | Time:00:00.18 | Rendering 25 / 64 samples

[2025-07-27T17:08:20.149Z] [DEBUG] [7ff35ec2-e934-421f-bfd0-d3fe733e9aad] Blender Output: Fra:141 Mem:119.13M (Peak 150.77M) | Time:00:00.34 | Rendering 50 / 64 samples

[2025-07-27T17:08:20.235Z] [DEBUG] [7ff35ec2-e934-421f-bfd0-d3fe733e9aad] Blender Output: Fra:141 Mem:119.13M (Peak 150.77M) | Time:00:00.42 | Rendering 64 / 64 samples

[2025-07-27T17:08:20.314Z] [DEBUG] [7ff35ec2-e934-421f-bfd0-d3fe733e9aad] Blender Output: Append frame 141
Time: 00:00.50 (Saving: 00:00.03)


[2025-07-27T17:08:20.351Z] [DEBUG] [7ff35ec2-e934-421f-bfd0-d3fe733e9aad] Blender Output: Fra:142 Mem:119.13M (Peak 150.77M) | Time:00:00.03 | Rendering 1 / 64 samples

[2025-07-27T17:08:20.505Z] [DEBUG] [7ff35ec2-e934-421f-bfd0-d3fe733e9aad] Blender Output: Fra:142 Mem:119.13M (Peak 150.77M) | Time:00:00.19 | Rendering 25 / 64 samples

[2025-07-27T17:08:20.662Z] [DEBUG] [7ff35ec2-e934-421f-bfd0-d3fe733e9aad] Blender Output: Fra:142 Mem:119.13M (Peak 150.77M) | Time:00:00.34 | Rendering 50 / 64 samples

[2025-07-27T17:08:20.750Z] [DEBUG] [7ff35ec2-e934-421f-bfd0-d3fe733e9aad] Blender Output: Fra:142 Mem:119.13M (Peak 150.77M) | Time:00:00.43 | Rendering 64 / 64 samples

[2025-07-27T17:08:20.827Z] [DEBUG] [7ff35ec2-e934-421f-bfd0-d3fe733e9aad] Blender Output: Append frame 142
Time: 00:00.51 (Saving: 00:00.03)


[2025-07-27T17:08:21.010Z] [DEBUG] [7ff35ec2-e934-421f-bfd0-d3fe733e9aad] Blender Output: 🎯 V1.4.0.a.8.1 - HOTFIX BLENDER 4.5+ INICIADO
🛡️ BLINDAGEM: V1.4.0.a.7 sync perfeito preservado
🔧 HOTFIX: APIs compatíveis com Blender 4.5+ e EEVEE_NEXT
📂 Working directory: C:\Users\Denys Victoriano\Documents\GitHub\clone\zentraw\Zentraw\3d_visualizer\Blender
🐍 Python script: C:\Users\Denys Victoriano\Documents\GitHub\clone\zentraw\Zentraw\3d_visualizer\Blender\render_audio_visualizer_v1.4.0.a.8.1.py
🔍 Verificando existência dos arquivos...
✅ Todos os arquivos validados com sucesso
🎵 Áudio: C:\Users\Denys Victoriano\Documents\GitHub\clone\zentraw\Zentraw\3d_visualizer\uploads\1753636022826_audio.wav
🖼️ Imagem: C:\Users\Denys Victoriano\Documents\GitHub\clone\zentraw\Zentraw\3d_visualizer\uploads\1753636022832_image.jpg
📁 Output: C:\Users\Denys Victoriano\Documents\GitHub\clone\zentraw\Zentraw\3d_visualizer\outputs\output_v1.4.0.a.8.mp4
⚙️ Config: C:\Users\Denys Victoriano\Documents\GitHub\clone\zentraw\Zentraw\3d_visualizer\temp\config_7ff35ec2-e934-421f-bfd0-d3fe733e9aad.json
📊 CONFIGURAÇÕES APLICADAS V1.4.0.a.8.1 HOTFIX:
   🎬 Resolução: 1920x1080 (Full HD padrão)
   🎞️ FPS: 30
   🔍 Samples: 128
   ⚡ Engine: BLENDER_EEVEE_NEXT (Eevee Next padrão - Blender 4.5+)
   📊 Amplitude Multiplier: 3.0x (V1.4.0.a.7 BLINDADO)
   🌊 Suavização: 1
   🎧 Canais: mono
   📦 Escala Base: 1.0x
   📈 Escala Máxima: 5.0x
   🎯 Partículas: 64
   📏 Espaçamento: 1.2
🎬 Setting up scene...
🚀 Render engine: BLENDER_EEVEE_NEXT
📐 Resolução: 1920x1080
⚡ Eevee configurado para velocidade (samples: 64)
✅ Samples Eevee configurados
🎵 Carregando áudio...
🎵 Áudio carregado: 227324 samples, 48000Hz, 2 canais
⏱️ Duração: 4.74s, 142 frames @ 30fps
🎯 Criando sistema de cubos...
✅ 64 cubos criados
🎵 Animando baseado no áudio...
✅ Animação completa
🖼️ Adicionando imagem de fundo: C:\Users\Denys Victoriano\Documents\GitHub\clone\zentraw\Zentraw\3d_visualizer\uploads\1753636022832_image.jpg
🎵 Configurando áudio no sequencer...
🎬 Iniciando render...
📊 Engine: BLENDER_EEVEE_NEXT
📐 Resolução: 1920x1080
⏱️ Frames: 142
🎵 Com áudio: True
🎉 Render concluído com sucesso!

[2025-07-27T17:08:21.371Z] [DEBUG] [7ff35ec2-e934-421f-bfd0-d3fe733e9aad] Blender Output: 
Blender quit

[2025-07-27T17:08:21.436Z] [INFO] [7ff35ec2-e934-421f-bfd0-d3fe733e9aad] Blender process finalizado com código: 0
[2025-07-27T17:08:21.437Z] [SUCCESS] [7ff35ec2-e934-421f-bfd0-d3fe733e9aad] Render concluído: C:\Users\Denys Victoriano\Documents\GitHub\clone\zentraw\Zentraw\3d_visualizer\outputs\output_v1.4.0.a.8.mp4
[2025-07-27T17:31:50.716Z] [INFO] Health check solicitado
[2025-07-27T17:32:06.275Z] [INFO] [12c063d9-8c7c-4ecd-8437-199c1b5ca32b] Iniciando render parametrizado
[2025-07-27T17:32:06.276Z] [DEBUG] [12c063d9-8c7c-4ecd-8437-199c1b5ca32b] 🔍 DEBUG - audioFile: {"fieldname":"audio","originalname":"sample_audio3.wav","encoding":"7bit","mimetype":"audio/wav","destination":"C:\\Users\\Denys Victoriano\\Documents\\GitHub\\clone\\zentraw\\Zentraw\\3d_visualizer\\uploads","filename":"1753637526234_audio.wav","path":"C:\\Users\\Denys Victoriano\\Documents\\GitHub\\clone\\zentraw\\Zentraw\\3d_visualizer\\uploads\\1753637526234_audio.wav","size":909502}
[2025-07-27T17:32:06.276Z] [DEBUG] [12c063d9-8c7c-4ecd-8437-199c1b5ca32b] 🔍 DEBUG - imageFile: {"fieldname":"image","originalname":"cover_spotify.png","encoding":"7bit","mimetype":"image/png","destination":"C:\\Users\\Denys Victoriano\\Documents\\GitHub\\clone\\zentraw\\Zentraw\\3d_visualizer\\uploads","filename":"1753637526239_image.png","path":"C:\\Users\\Denys Victoriano\\Documents\\GitHub\\clone\\zentraw\\Zentraw\\3d_visualizer\\uploads\\1753637526239_image.png","size":6594976}
[2025-07-27T17:32:06.385Z] [INFO] [12c063d9-8c7c-4ecd-8437-199c1b5ca32b] Executando Blender: C:\Program Files\Blender Foundation\Blender 4.5\blender.exe C:\Users\Denys Victoriano\Documents\GitHub\clone\zentraw\Zentraw\3d_visualizer\Blender\template.blend --background --python C:\Users\Denys Victoriano\Documents\GitHub\clone\zentraw\Zentraw\3d_visualizer\Blender\render_audio_visualizer_v1.4.0.a.8.1.py -- C:\Users\Denys Victoriano\Documents\GitHub\clone\zentraw\Zentraw\3d_visualizer\uploads\1753637526234_audio.wav C:\Users\Denys Victoriano\Documents\GitHub\clone\zentraw\Zentraw\3d_visualizer\uploads\1753637526239_image.png C:\Users\Denys Victoriano\Documents\GitHub\clone\zentraw\Zentraw\3d_visualizer\outputs\output_v1.4.0.a.8.mp4 C:\Users\Denys Victoriano\Documents\GitHub\clone\zentraw\Zentraw\3d_visualizer\temp\config_12c063d9-8c7c-4ecd-8437-199c1b5ca32b.json
[2025-07-27T17:32:09.873Z] [DEBUG] [12c063d9-8c7c-4ecd-8437-199c1b5ca32b] Blender Output: Blender 4.5.0 (hash 8cb6b388974a built 2025-07-15 01:36:24)
Read blend: "C:\Users\Denys Victoriano\Documents\GitHub\clone\zentraw\Zentraw\3d_visualizer\Blender\template.blend"
Fra:1 Mem:119.40M (Peak 128.71M) | Time:00:00.55 | Rendering 1 / 64 samples

[2025-07-27T17:32:10.014Z] [DEBUG] [12c063d9-8c7c-4ecd-8437-199c1b5ca32b] Blender Output: Fra:1 Mem:119.72M (Peak 128.71M) | Time:00:00.69 | Rendering 25 / 64 samples

[2025-07-27T17:32:10.151Z] [DEBUG] [12c063d9-8c7c-4ecd-8437-199c1b5ca32b] Blender Output: Fra:1 Mem:119.72M (Peak 128.71M) | Time:00:00.83 | Rendering 50 / 64 samples

[2025-07-27T17:32:10.226Z] [DEBUG] [12c063d9-8c7c-4ecd-8437-199c1b5ca32b] Blender Output: Fra:1 Mem:119.72M (Peak 128.71M) | Time:00:00.90 | Rendering 64 / 64 samples

[2025-07-27T17:32:10.486Z] [DEBUG] [12c063d9-8c7c-4ecd-8437-199c1b5ca32b] Blender Output: Append frame 1
Time: 00:01.16 (Saving: 00:00.21)


[2025-07-27T17:32:10.539Z] [DEBUG] [12c063d9-8c7c-4ecd-8437-199c1b5ca32b] Blender Output: Fra:2 Mem:119.86M (Peak 151.36M) | Time:00:00.05 | Rendering 1 / 64 samples

[2025-07-27T17:32:10.689Z] [DEBUG] [12c063d9-8c7c-4ecd-8437-199c1b5ca32b] Blender Output: Fra:2 Mem:119.91M (Peak 151.36M) | Time:00:00.20 | Rendering 25 / 64 samples

[2025-07-27T17:32:10.843Z] [DEBUG] [12c063d9-8c7c-4ecd-8437-199c1b5ca32b] Blender Output: Fra:2 Mem:119.91M (Peak 151.36M) | Time:00:00.35 | Rendering 50 / 64 samples

[2025-07-27T17:32:10.931Z] [DEBUG] [12c063d9-8c7c-4ecd-8437-199c1b5ca32b] Blender Output: Fra:2 Mem:119.91M (Peak 151.36M) | Time:00:00.44 | Rendering 64 / 64 samples

[2025-07-27T17:32:11.026Z] [DEBUG] [12c063d9-8c7c-4ecd-8437-199c1b5ca32b] Blender Output: Append frame 2
Time: 00:00.54 (Saving: 00:00.04)


[2025-07-27T17:32:11.062Z] [DEBUG] [12c063d9-8c7c-4ecd-8437-199c1b5ca32b] Blender Output: Fra:3 Mem:119.91M (Peak 151.55M) | Time:00:00.03 | Rendering 1 / 64 samples

[2025-07-27T17:32:11.213Z] [DEBUG] [12c063d9-8c7c-4ecd-8437-199c1b5ca32b] Blender Output: Fra:3 Mem:119.91M (Peak 151.55M) | Time:00:00.18 | Rendering 25 / 64 samples

[2025-07-27T17:32:11.366Z] [DEBUG] [12c063d9-8c7c-4ecd-8437-199c1b5ca32b] Blender Output: Fra:3 Mem:119.91M (Peak 151.55M) | Time:00:00.33 | Rendering 50 / 64 samples

[2025-07-27T17:32:11.453Z] [DEBUG] [12c063d9-8c7c-4ecd-8437-199c1b5ca32b] Blender Output: Fra:3 Mem:119.91M (Peak 151.55M) | Time:00:00.42 | Rendering 64 / 64 samples

[2025-07-27T17:32:11.536Z] [DEBUG] [12c063d9-8c7c-4ecd-8437-199c1b5ca32b] Blender Output: Append frame 3
Time: 00:00.50 (Saving: 00:00.03)


[2025-07-27T17:32:11.572Z] [DEBUG] [12c063d9-8c7c-4ecd-8437-199c1b5ca32b] Blender Output: Fra:4 Mem:119.91M (Peak 151.55M) | Time:00:00.03 | Rendering 1 / 64 samples

[2025-07-27T17:32:11.721Z] [DEBUG] [12c063d9-8c7c-4ecd-8437-199c1b5ca32b] Blender Output: Fra:4 Mem:119.91M (Peak 151.55M) | Time:00:00.18 | Rendering 25 / 64 samples

[2025-07-27T17:32:11.875Z] [DEBUG] [12c063d9-8c7c-4ecd-8437-199c1b5ca32b] Blender Output: Fra:4 Mem:119.91M (Peak 151.55M) | Time:00:00.33 | Rendering 50 / 64 samples

[2025-07-27T17:32:11.961Z] [DEBUG] [12c063d9-8c7c-4ecd-8437-199c1b5ca32b] Blender Output: Fra:4 Mem:119.91M (Peak 151.55M) | Time:00:00.42 | Rendering 64 / 64 samples

[2025-07-27T17:32:12.040Z] [DEBUG] [12c063d9-8c7c-4ecd-8437-199c1b5ca32b] Blender Output: Append frame 4
Time: 00:00.50 (Saving: 00:00.03)


[2025-07-27T17:32:12.075Z] [DEBUG] [12c063d9-8c7c-4ecd-8437-199c1b5ca32b] Blender Output: Fra:5 Mem:119.91M (Peak 151.55M) | Time:00:00.03 | Rendering 1 / 64 samples

[2025-07-27T17:32:12.226Z] [DEBUG] [12c063d9-8c7c-4ecd-8437-199c1b5ca32b] Blender Output: Fra:5 Mem:119.91M (Peak 151.55M) | Time:00:00.18 | Rendering 25 / 64 samples

[2025-07-27T17:32:12.381Z] [DEBUG] [12c063d9-8c7c-4ecd-8437-199c1b5ca32b] Blender Output: Fra:5 Mem:119.91M (Peak 151.55M) | Time:00:00.34 | Rendering 50 / 64 samples

[2025-07-27T17:32:12.468Z] [DEBUG] [12c063d9-8c7c-4ecd-8437-199c1b5ca32b] Blender Output: Fra:5 Mem:119.91M (Peak 151.55M) | Time:00:00.42 | Rendering 64 / 64 samples

[2025-07-27T17:32:12.545Z] [DEBUG] [12c063d9-8c7c-4ecd-8437-199c1b5ca32b] Blender Output: Append frame 5
Time: 00:00.50 (Saving: 00:00.03)


[2025-07-27T17:32:12.583Z] [DEBUG] [12c063d9-8c7c-4ecd-8437-199c1b5ca32b] Blender Output: Fra:6 Mem:119.91M (Peak 151.55M) | Time:00:00.03 | Rendering 1 / 64 samples

[2025-07-27T17:32:12.734Z] [DEBUG] [12c063d9-8c7c-4ecd-8437-199c1b5ca32b] Blender Output: Fra:6 Mem:119.91M (Peak 151.55M) | Time:00:00.18 | Rendering 25 / 64 samples

[2025-07-27T17:32:12.887Z] [DEBUG] [12c063d9-8c7c-4ecd-8437-199c1b5ca32b] Blender Output: Fra:6 Mem:119.91M (Peak 151.55M) | Time:00:00.34 | Rendering 50 / 64 samples

[2025-07-27T17:32:12.974Z] [DEBUG] [12c063d9-8c7c-4ecd-8437-199c1b5ca32b] Blender Output: Fra:6 Mem:119.91M (Peak 151.55M) | Time:00:00.42 | Rendering 64 / 64 samples

[2025-07-27T17:32:13.055Z] [DEBUG] [12c063d9-8c7c-4ecd-8437-199c1b5ca32b] Blender Output: Append frame 6
Time: 00:00.50 (Saving: 00:00.03)


[2025-07-27T17:32:13.091Z] [DEBUG] [12c063d9-8c7c-4ecd-8437-199c1b5ca32b] Blender Output: Fra:7 Mem:119.91M (Peak 151.55M) | Time:00:00.03 | Rendering 1 / 64 samples

[2025-07-27T17:32:13.242Z] [DEBUG] [12c063d9-8c7c-4ecd-8437-199c1b5ca32b] Blender Output: Fra:7 Mem:119.91M (Peak 151.55M) | Time:00:00.18 | Rendering 25 / 64 samples

[2025-07-27T17:32:13.396Z] [DEBUG] [12c063d9-8c7c-4ecd-8437-199c1b5ca32b] Blender Output: Fra:7 Mem:119.91M (Peak 151.55M) | Time:00:00.34 | Rendering 50 / 64 samples

[2025-07-27T17:32:13.482Z] [DEBUG] [12c063d9-8c7c-4ecd-8437-199c1b5ca32b] Blender Output: Fra:7 Mem:119.91M (Peak 151.55M) | Time:00:00.42 | Rendering 64 / 64 samples

[2025-07-27T17:32:13.565Z] [DEBUG] [12c063d9-8c7c-4ecd-8437-199c1b5ca32b] Blender Output: Append frame 7
Time: 00:00.51 (Saving: 00:00.03)


[2025-07-27T17:32:13.602Z] [DEBUG] [12c063d9-8c7c-4ecd-8437-199c1b5ca32b] Blender Output: Fra:8 Mem:119.91M (Peak 151.55M) | Time:00:00.03 | Rendering 1 / 64 samples

[2025-07-27T17:32:13.760Z] [DEBUG] [12c063d9-8c7c-4ecd-8437-199c1b5ca32b] Blender Output: Fra:8 Mem:119.91M (Peak 151.55M) | Time:00:00.19 | Rendering 25 / 64 samples

[2025-07-27T17:32:13.923Z] [DEBUG] [12c063d9-8c7c-4ecd-8437-199c1b5ca32b] Blender Output: Fra:8 Mem:119.91M (Peak 151.55M) | Time:00:00.35 | Rendering 50 / 64 samples

[2025-07-27T17:32:14.012Z] [DEBUG] [12c063d9-8c7c-4ecd-8437-199c1b5ca32b] Blender Output: Fra:8 Mem:119.91M (Peak 151.55M) | Time:00:00.44 | Rendering 64 / 64 samples

[2025-07-27T17:32:14.090Z] [DEBUG] [12c063d9-8c7c-4ecd-8437-199c1b5ca32b] Blender Output: Append frame 8
Time: 00:00.52 (Saving: 00:00.03)


[2025-07-27T17:32:14.131Z] [DEBUG] [12c063d9-8c7c-4ecd-8437-199c1b5ca32b] Blender Output: Fra:9 Mem:119.91M (Peak 151.55M) | Time:00:00.04 | Rendering 1 / 64 samples

[2025-07-27T17:32:14.290Z] [DEBUG] [12c063d9-8c7c-4ecd-8437-199c1b5ca32b] Blender Output: Fra:9 Mem:119.91M (Peak 151.55M) | Time:00:00.19 | Rendering 25 / 64 samples

[2025-07-27T17:32:14.449Z] [DEBUG] [12c063d9-8c7c-4ecd-8437-199c1b5ca32b] Blender Output: Fra:9 Mem:119.91M (Peak 151.55M) | Time:00:00.35 | Rendering 50 / 64 samples

[2025-07-27T17:32:14.537Z] [DEBUG] [12c063d9-8c7c-4ecd-8437-199c1b5ca32b] Blender Output: Fra:9 Mem:119.91M (Peak 151.55M) | Time:00:00.44 | Rendering 64 / 64 samples

[2025-07-27T17:32:14.613Z] [DEBUG] [12c063d9-8c7c-4ecd-8437-199c1b5ca32b] Blender Output: Append frame 9
Time: 00:00.52 (Saving: 00:00.03)


[2025-07-27T17:32:14.665Z] [DEBUG] [12c063d9-8c7c-4ecd-8437-199c1b5ca32b] Blender Output: Fra:10 Mem:119.91M (Peak 151.55M) | Time:00:00.05 | Rendering 1 / 64 samples

[2025-07-27T17:32:14.815Z] [DEBUG] [12c063d9-8c7c-4ecd-8437-199c1b5ca32b] Blender Output: Fra:10 Mem:119.91M (Peak 151.55M) | Time:00:00.20 | Rendering 25 / 64 samples

[2025-07-27T17:32:14.969Z] [DEBUG] [12c063d9-8c7c-4ecd-8437-199c1b5ca32b] Blender Output: Fra:10 Mem:119.91M (Peak 151.55M) | Time:00:00.35 | Rendering 50 / 64 samples

[2025-07-27T17:32:15.055Z] [DEBUG] [12c063d9-8c7c-4ecd-8437-199c1b5ca32b] Blender Output: Fra:10 Mem:119.91M (Peak 151.55M) | Time:00:00.44 | Rendering 64 / 64 samples

[2025-07-27T17:32:15.134Z] [DEBUG] [12c063d9-8c7c-4ecd-8437-199c1b5ca32b] Blender Output: Append frame 10
Time: 00:00.52 (Saving: 00:00.03)


[2025-07-27T17:32:15.170Z] [DEBUG] [12c063d9-8c7c-4ecd-8437-199c1b5ca32b] Blender Output: Fra:11 Mem:119.91M (Peak 151.55M) | Time:00:00.03 | Rendering 1 / 64 samples

[2025-07-27T17:32:15.321Z] [DEBUG] [12c063d9-8c7c-4ecd-8437-199c1b5ca32b] Blender Output: Fra:11 Mem:119.91M (Peak 151.55M) | Time:00:00.18 | Rendering 25 / 64 samples

[2025-07-27T17:32:15.474Z] [DEBUG] [12c063d9-8c7c-4ecd-8437-199c1b5ca32b] Blender Output: Fra:11 Mem:119.91M (Peak 151.55M) | Time:00:00.33 | Rendering 50 / 64 samples

[2025-07-27T17:32:15.559Z] [DEBUG] [12c063d9-8c7c-4ecd-8437-199c1b5ca32b] Blender Output: Fra:11 Mem:119.91M (Peak 151.55M) | Time:00:00.42 | Rendering 64 / 64 samples

[2025-07-27T17:32:15.635Z] [DEBUG] [12c063d9-8c7c-4ecd-8437-199c1b5ca32b] Blender Output: Append frame 11
Time: 00:00.50 (Saving: 00:00.03)


[2025-07-27T17:32:15.672Z] [DEBUG] [12c063d9-8c7c-4ecd-8437-199c1b5ca32b] Blender Output: Fra:12 Mem:119.91M (Peak 151.55M) | Time:00:00.03 | Rendering 1 / 64 samples

[2025-07-27T17:32:15.822Z] [DEBUG] [12c063d9-8c7c-4ecd-8437-199c1b5ca32b] Blender Output: Fra:12 Mem:119.91M (Peak 151.55M) | Time:00:00.18 | Rendering 25 / 64 samples

[2025-07-27T17:32:15.976Z] [DEBUG] [12c063d9-8c7c-4ecd-8437-199c1b5ca32b] Blender Output: Fra:12 Mem:119.91M (Peak 151.55M) | Time:00:00.34 | Rendering 50 / 64 samples

[2025-07-27T17:32:16.063Z] [DEBUG] [12c063d9-8c7c-4ecd-8437-199c1b5ca32b] Blender Output: Fra:12 Mem:119.91M (Peak 151.55M) | Time:00:00.42 | Rendering 64 / 64 samples

[2025-07-27T17:32:16.139Z] [DEBUG] [12c063d9-8c7c-4ecd-8437-199c1b5ca32b] Blender Output: Append frame 12
Time: 00:00.50 (Saving: 00:00.03)


[2025-07-27T17:32:16.175Z] [DEBUG] [12c063d9-8c7c-4ecd-8437-199c1b5ca32b] Blender Output: Fra:13 Mem:119.91M (Peak 151.55M) | Time:00:00.03 | Rendering 1 / 64 samples

[2025-07-27T17:32:16.327Z] [DEBUG] [12c063d9-8c7c-4ecd-8437-199c1b5ca32b] Blender Output: Fra:13 Mem:119.91M (Peak 151.55M) | Time:00:00.18 | Rendering 25 / 64 samples

[2025-07-27T17:32:16.480Z] [DEBUG] [12c063d9-8c7c-4ecd-8437-199c1b5ca32b] Blender Output: Fra:13 Mem:119.91M (Peak 151.55M) | Time:00:00.34 | Rendering 50 / 64 samples

[2025-07-27T17:32:16.566Z] [DEBUG] [12c063d9-8c7c-4ecd-8437-199c1b5ca32b] Blender Output: Fra:13 Mem:119.91M (Peak 151.55M) | Time:00:00.42 | Rendering 64 / 64 samples

[2025-07-27T17:32:16.643Z] [DEBUG] [12c063d9-8c7c-4ecd-8437-199c1b5ca32b] Blender Output: Append frame 13
Time: 00:00.50 (Saving: 00:00.03)


[2025-07-27T17:32:16.714Z] [DEBUG] [12c063d9-8c7c-4ecd-8437-199c1b5ca32b] Blender Output: Fra:14 Mem:119.91M (Peak 151.55M) | Time:00:00.07 | Rendering 1 / 64 samples

[2025-07-27T17:32:16.866Z] [DEBUG] [12c063d9-8c7c-4ecd-8437-199c1b5ca32b] Blender Output: Fra:14 Mem:119.91M (Peak 151.55M) | Time:00:00.22 | Rendering 25 / 64 samples

[2025-07-27T17:32:17.017Z] [DEBUG] [12c063d9-8c7c-4ecd-8437-199c1b5ca32b] Blender Output: Fra:14 Mem:119.91M (Peak 151.55M) | Time:00:00.37 | Rendering 50 / 64 samples

[2025-07-27T17:32:17.103Z] [DEBUG] [12c063d9-8c7c-4ecd-8437-199c1b5ca32b] Blender Output: Fra:14 Mem:119.91M (Peak 151.55M) | Time:00:00.46 | Rendering 64 / 64 samples

[2025-07-27T17:32:17.182Z] [DEBUG] [12c063d9-8c7c-4ecd-8437-199c1b5ca32b] Blender Output: Append frame 14
Time: 00:00.53 (Saving: 00:00.03)


[2025-07-27T17:32:17.218Z] [DEBUG] [12c063d9-8c7c-4ecd-8437-199c1b5ca32b] Blender Output: Fra:15 Mem:119.91M (Peak 151.55M) | Time:00:00.03 | Rendering 1 / 64 samples

[2025-07-27T17:32:17.372Z] [DEBUG] [12c063d9-8c7c-4ecd-8437-199c1b5ca32b] Blender Output: Fra:15 Mem:119.91M (Peak 151.55M) | Time:00:00.18 | Rendering 25 / 64 samples

[2025-07-27T17:32:17.530Z] [DEBUG] [12c063d9-8c7c-4ecd-8437-199c1b5ca32b] Blender Output: Fra:15 Mem:119.91M (Peak 151.55M) | Time:00:00.34 | Rendering 50 / 64 samples

[2025-07-27T17:32:17.619Z] [DEBUG] [12c063d9-8c7c-4ecd-8437-199c1b5ca32b] Blender Output: Fra:15 Mem:119.91M (Peak 151.55M) | Time:00:00.43 | Rendering 64 / 64 samples

[2025-07-27T17:32:17.699Z] [DEBUG] [12c063d9-8c7c-4ecd-8437-199c1b5ca32b] Blender Output: Append frame 15
Time: 00:00.51 (Saving: 00:00.03)


[2025-07-27T17:32:17.736Z] [DEBUG] [12c063d9-8c7c-4ecd-8437-199c1b5ca32b] Blender Output: Fra:16 Mem:119.91M (Peak 151.55M) | Time:00:00.03 | Rendering 1 / 64 samples

[2025-07-27T17:32:17.885Z] [DEBUG] [12c063d9-8c7c-4ecd-8437-199c1b5ca32b] Blender Output: Fra:16 Mem:119.91M (Peak 151.55M) | Time:00:00.18 | Rendering 25 / 64 samples

[2025-07-27T17:32:18.038Z] [DEBUG] [12c063d9-8c7c-4ecd-8437-199c1b5ca32b] Blender Output: Fra:16 Mem:119.91M (Peak 151.55M) | Time:00:00.33 | Rendering 50 / 64 samples

[2025-07-27T17:32:18.124Z] [DEBUG] [12c063d9-8c7c-4ecd-8437-199c1b5ca32b] Blender Output: Fra:16 Mem:119.91M (Peak 151.55M) | Time:00:00.42 | Rendering 64 / 64 samples

[2025-07-27T17:32:18.205Z] [DEBUG] [12c063d9-8c7c-4ecd-8437-199c1b5ca32b] Blender Output: Append frame 16
Time: 00:00.50 (Saving: 00:00.03)


[2025-07-27T17:32:18.242Z] [DEBUG] [12c063d9-8c7c-4ecd-8437-199c1b5ca32b] Blender Output: Fra:17 Mem:119.91M (Peak 151.55M) | Time:00:00.03 | Rendering 1 / 64 samples

[2025-07-27T17:32:18.398Z] [DEBUG] [12c063d9-8c7c-4ecd-8437-199c1b5ca32b] Blender Output: Fra:17 Mem:119.91M (Peak 151.55M) | Time:00:00.19 | Rendering 25 / 64 samples

[2025-07-27T17:32:18.553Z] [DEBUG] [12c063d9-8c7c-4ecd-8437-199c1b5ca32b] Blender Output: Fra:17 Mem:119.91M (Peak 151.55M) | Time:00:00.34 | Rendering 50 / 64 samples

[2025-07-27T17:32:18.640Z] [DEBUG] [12c063d9-8c7c-4ecd-8437-199c1b5ca32b] Blender Output: Fra:17 Mem:119.91M (Peak 151.55M) | Time:00:00.43 | Rendering 64 / 64 samples

[2025-07-27T17:32:18.719Z] [DEBUG] [12c063d9-8c7c-4ecd-8437-199c1b5ca32b] Blender Output: Append frame 17
Time: 00:00.51 (Saving: 00:00.03)


[2025-07-27T17:32:18.755Z] [DEBUG] [12c063d9-8c7c-4ecd-8437-199c1b5ca32b] Blender Output: Fra:18 Mem:119.91M (Peak 151.55M) | Time:00:00.03 | Rendering 1 / 64 samples

[2025-07-27T17:32:18.904Z] [DEBUG] [12c063d9-8c7c-4ecd-8437-199c1b5ca32b] Blender Output: Fra:18 Mem:119.91M (Peak 151.55M) | Time:00:00.18 | Rendering 25 / 64 samples

[2025-07-27T17:32:19.058Z] [DEBUG] [12c063d9-8c7c-4ecd-8437-199c1b5ca32b] Blender Output: Fra:18 Mem:119.91M (Peak 151.55M) | Time:00:00.33 | Rendering 50 / 64 samples

[2025-07-27T17:32:19.144Z] [DEBUG] [12c063d9-8c7c-4ecd-8437-199c1b5ca32b] Blender Output: Fra:18 Mem:119.91M (Peak 151.55M) | Time:00:00.42 | Rendering 64 / 64 samples

[2025-07-27T17:32:19.222Z] [DEBUG] [12c063d9-8c7c-4ecd-8437-199c1b5ca32b] Blender Output: Append frame 18
Time: 00:00.50 (Saving: 00:00.03)


[2025-07-27T17:32:19.258Z] [DEBUG] [12c063d9-8c7c-4ecd-8437-199c1b5ca32b] Blender Output: Fra:19 Mem:119.91M (Peak 151.55M) | Time:00:00.03 | Rendering 1 / 64 samples

[2025-07-27T17:32:19.410Z] [DEBUG] [12c063d9-8c7c-4ecd-8437-199c1b5ca32b] Blender Output: Fra:19 Mem:119.91M (Peak 151.55M) | Time:00:00.18 | Rendering 25 / 64 samples

[2025-07-27T17:32:19.564Z] [DEBUG] [12c063d9-8c7c-4ecd-8437-199c1b5ca32b] Blender Output: Fra:19 Mem:119.91M (Peak 151.55M) | Time:00:00.34 | Rendering 50 / 64 samples

[2025-07-27T17:32:19.651Z] [DEBUG] [12c063d9-8c7c-4ecd-8437-199c1b5ca32b] Blender Output: Fra:19 Mem:119.91M (Peak 151.55M) | Time:00:00.42 | Rendering 64 / 64 samples

[2025-07-27T17:32:19.734Z] [DEBUG] [12c063d9-8c7c-4ecd-8437-199c1b5ca32b] Blender Output: Append frame 19
Time: 00:00.51 (Saving: 00:00.03)


[2025-07-27T17:32:19.770Z] [DEBUG] [12c063d9-8c7c-4ecd-8437-199c1b5ca32b] Blender Output: Fra:20 Mem:119.91M (Peak 151.55M) | Time:00:00.03 | Rendering 1 / 64 samples

[2025-07-27T17:32:19.921Z] [DEBUG] [12c063d9-8c7c-4ecd-8437-199c1b5ca32b] Blender Output: Fra:20 Mem:119.91M (Peak 151.55M) | Time:00:00.18 | Rendering 25 / 64 samples

[2025-07-27T17:32:20.075Z] [DEBUG] [12c063d9-8c7c-4ecd-8437-199c1b5ca32b] Blender Output: Fra:20 Mem:119.91M (Peak 151.55M) | Time:00:00.34 | Rendering 50 / 64 samples

[2025-07-27T17:32:20.161Z] [DEBUG] [12c063d9-8c7c-4ecd-8437-199c1b5ca32b] Blender Output: Fra:20 Mem:119.91M (Peak 151.55M) | Time:00:00.42 | Rendering 64 / 64 samples

[2025-07-27T17:32:20.240Z] [DEBUG] [12c063d9-8c7c-4ecd-8437-199c1b5ca32b] Blender Output: Append frame 20
Time: 00:00.50 (Saving: 00:00.03)


[2025-07-27T17:32:20.277Z] [DEBUG] [12c063d9-8c7c-4ecd-8437-199c1b5ca32b] Blender Output: Fra:21 Mem:119.91M (Peak 151.55M) | Time:00:00.03 | Rendering 1 / 64 samples

[2025-07-27T17:32:20.428Z] [DEBUG] [12c063d9-8c7c-4ecd-8437-199c1b5ca32b] Blender Output: Fra:21 Mem:119.91M (Peak 151.55M) | Time:00:00.18 | Rendering 25 / 64 samples

[2025-07-27T17:32:20.581Z] [DEBUG] [12c063d9-8c7c-4ecd-8437-199c1b5ca32b] Blender Output: Fra:21 Mem:119.91M (Peak 151.55M) | Time:00:00.34 | Rendering 50 / 64 samples

[2025-07-27T17:32:20.667Z] [DEBUG] [12c063d9-8c7c-4ecd-8437-199c1b5ca32b] Blender Output: Fra:21 Mem:119.91M (Peak 151.55M) | Time:00:00.42 | Rendering 64 / 64 samples

[2025-07-27T17:32:20.747Z] [DEBUG] [12c063d9-8c7c-4ecd-8437-199c1b5ca32b] Blender Output: Append frame 21
Time: 00:00.50 (Saving: 00:00.03)


[2025-07-27T17:32:20.783Z] [DEBUG] [12c063d9-8c7c-4ecd-8437-199c1b5ca32b] Blender Output: Fra:22 Mem:119.91M (Peak 151.55M) | Time:00:00.03 | Rendering 1 / 64 samples

[2025-07-27T17:32:20.935Z] [DEBUG] [12c063d9-8c7c-4ecd-8437-199c1b5ca32b] Blender Output: Fra:22 Mem:119.91M (Peak 151.55M) | Time:00:00.18 | Rendering 25 / 64 samples

[2025-07-27T17:32:21.091Z] [DEBUG] [12c063d9-8c7c-4ecd-8437-199c1b5ca32b] Blender Output: Fra:22 Mem:119.91M (Peak 151.55M) | Time:00:00.34 | Rendering 50 / 64 samples

[2025-07-27T17:32:21.179Z] [DEBUG] [12c063d9-8c7c-4ecd-8437-199c1b5ca32b] Blender Output: Fra:22 Mem:119.91M (Peak 151.55M) | Time:00:00.43 | Rendering 64 / 64 samples

[2025-07-27T17:32:21.256Z] [DEBUG] [12c063d9-8c7c-4ecd-8437-199c1b5ca32b] Blender Output: Append frame 22
Time: 00:00.50 (Saving: 00:00.03)


[2025-07-27T17:32:21.295Z] [DEBUG] [12c063d9-8c7c-4ecd-8437-199c1b5ca32b] Blender Output: Fra:23 Mem:119.91M (Peak 151.55M) | Time:00:00.03 | Rendering 1 / 64 samples

[2025-07-27T17:32:21.446Z] [DEBUG] [12c063d9-8c7c-4ecd-8437-199c1b5ca32b] Blender Output: Fra:23 Mem:119.91M (Peak 151.55M) | Time:00:00.18 | Rendering 25 / 64 samples

[2025-07-27T17:32:21.601Z] [DEBUG] [12c063d9-8c7c-4ecd-8437-199c1b5ca32b] Blender Output: Fra:23 Mem:119.91M (Peak 151.55M) | Time:00:00.34 | Rendering 50 / 64 samples

[2025-07-27T17:32:21.688Z] [DEBUG] [12c063d9-8c7c-4ecd-8437-199c1b5ca32b] Blender Output: Fra:23 Mem:119.91M (Peak 151.55M) | Time:00:00.43 | Rendering 64 / 64 samples

[2025-07-27T17:32:21.765Z] [DEBUG] [12c063d9-8c7c-4ecd-8437-199c1b5ca32b] Blender Output: Append frame 23
Time: 00:00.50 (Saving: 00:00.03)


[2025-07-27T17:32:21.802Z] [DEBUG] [12c063d9-8c7c-4ecd-8437-199c1b5ca32b] Blender Output: Fra:24 Mem:119.91M (Peak 151.55M) | Time:00:00.03 | Rendering 1 / 64 samples

[2025-07-27T17:32:21.953Z] [DEBUG] [12c063d9-8c7c-4ecd-8437-199c1b5ca32b] Blender Output: Fra:24 Mem:119.91M (Peak 151.55M) | Time:00:00.18 | Rendering 25 / 64 samples

[2025-07-27T17:32:22.106Z] [DEBUG] [12c063d9-8c7c-4ecd-8437-199c1b5ca32b] Blender Output: Fra:24 Mem:119.91M (Peak 151.55M) | Time:00:00.34 | Rendering 50 / 64 samples

[2025-07-27T17:32:22.193Z] [DEBUG] [12c063d9-8c7c-4ecd-8437-199c1b5ca32b] Blender Output: Fra:24 Mem:119.91M (Peak 151.55M) | Time:00:00.42 | Rendering 64 / 64 samples

[2025-07-27T17:32:22.273Z] [DEBUG] [12c063d9-8c7c-4ecd-8437-199c1b5ca32b] Blender Output: Append frame 24
Time: 00:00.50 (Saving: 00:00.03)


[2025-07-27T17:32:22.311Z] [DEBUG] [12c063d9-8c7c-4ecd-8437-199c1b5ca32b] Blender Output: Fra:25 Mem:119.91M (Peak 151.55M) | Time:00:00.03 | Rendering 1 / 64 samples

[2025-07-27T17:32:22.463Z] [DEBUG] [12c063d9-8c7c-4ecd-8437-199c1b5ca32b] Blender Output: Fra:25 Mem:119.91M (Peak 151.55M) | Time:00:00.18 | Rendering 25 / 64 samples

[2025-07-27T17:32:22.617Z] [DEBUG] [12c063d9-8c7c-4ecd-8437-199c1b5ca32b] Blender Output: Fra:25 Mem:119.91M (Peak 151.55M) | Time:00:00.34 | Rendering 50 / 64 samples

[2025-07-27T17:32:22.706Z] [DEBUG] [12c063d9-8c7c-4ecd-8437-199c1b5ca32b] Blender Output: Fra:25 Mem:119.91M (Peak 151.55M) | Time:00:00.43 | Rendering 64 / 64 samples

[2025-07-27T17:32:22.785Z] [DEBUG] [12c063d9-8c7c-4ecd-8437-199c1b5ca32b] Blender Output: Append frame 25
Time: 00:00.51 (Saving: 00:00.03)


[2025-07-27T17:32:22.822Z] [DEBUG] [12c063d9-8c7c-4ecd-8437-199c1b5ca32b] Blender Output: Fra:26 Mem:119.91M (Peak 151.55M) | Time:00:00.03 | Rendering 1 / 64 samples

[2025-07-27T17:32:22.975Z] [DEBUG] [12c063d9-8c7c-4ecd-8437-199c1b5ca32b] Blender Output: Fra:26 Mem:119.91M (Peak 151.55M) | Time:00:00.18 | Rendering 25 / 64 samples

[2025-07-27T17:32:23.130Z] [DEBUG] [12c063d9-8c7c-4ecd-8437-199c1b5ca32b] Blender Output: Fra:26 Mem:119.91M (Peak 151.55M) | Time:00:00.34 | Rendering 50 / 64 samples

[2025-07-27T17:32:23.219Z] [DEBUG] [12c063d9-8c7c-4ecd-8437-199c1b5ca32b] Blender Output: Fra:26 Mem:119.91M (Peak 151.55M) | Time:00:00.43 | Rendering 64 / 64 samples

[2025-07-27T17:32:23.297Z] [DEBUG] [12c063d9-8c7c-4ecd-8437-199c1b5ca32b] Blender Output: Append frame 26
Time: 00:00.51 (Saving: 00:00.03)


[2025-07-27T17:32:23.334Z] [DEBUG] [12c063d9-8c7c-4ecd-8437-199c1b5ca32b] Blender Output: Fra:27 Mem:119.91M (Peak 151.55M) | Time:00:00.03 | Rendering 1 / 64 samples

[2025-07-27T17:32:23.486Z] [DEBUG] [12c063d9-8c7c-4ecd-8437-199c1b5ca32b] Blender Output: Fra:27 Mem:119.91M (Peak 151.55M) | Time:00:00.18 | Rendering 25 / 64 samples

[2025-07-27T17:32:23.640Z] [DEBUG] [12c063d9-8c7c-4ecd-8437-199c1b5ca32b] Blender Output: Fra:27 Mem:119.91M (Peak 151.55M) | Time:00:00.34 | Rendering 50 / 64 samples

[2025-07-27T17:32:23.727Z] [DEBUG] [12c063d9-8c7c-4ecd-8437-199c1b5ca32b] Blender Output: Fra:27 Mem:119.91M (Peak 151.55M) | Time:00:00.42 | Rendering 64 / 64 samples

[2025-07-27T17:32:23.805Z] [DEBUG] [12c063d9-8c7c-4ecd-8437-199c1b5ca32b] Blender Output: Append frame 27
Time: 00:00.50 (Saving: 00:00.03)


[2025-07-27T17:32:23.842Z] [DEBUG] [12c063d9-8c7c-4ecd-8437-199c1b5ca32b] Blender Output: Fra:28 Mem:119.91M (Peak 151.55M) | Time:00:00.03 | Rendering 1 / 64 samples

[2025-07-27T17:32:23.993Z] [DEBUG] [12c063d9-8c7c-4ecd-8437-199c1b5ca32b] Blender Output: Fra:28 Mem:119.91M (Peak 151.55M) | Time:00:00.18 | Rendering 25 / 64 samples

[2025-07-27T17:32:24.147Z] [DEBUG] [12c063d9-8c7c-4ecd-8437-199c1b5ca32b] Blender Output: Fra:28 Mem:119.91M (Peak 151.55M) | Time:00:00.34 | Rendering 50 / 64 samples

[2025-07-27T17:32:24.234Z] [DEBUG] [12c063d9-8c7c-4ecd-8437-199c1b5ca32b] Blender Output: Fra:28 Mem:119.91M (Peak 151.55M) | Time:00:00.42 | Rendering 64 / 64 samples

[2025-07-27T17:32:24.314Z] [DEBUG] [12c063d9-8c7c-4ecd-8437-199c1b5ca32b] Blender Output: Append frame 28
Time: 00:00.50 (Saving: 00:00.03)


[2025-07-27T17:32:24.349Z] [DEBUG] [12c063d9-8c7c-4ecd-8437-199c1b5ca32b] Blender Output: Fra:29 Mem:119.91M (Peak 151.55M) | Time:00:00.03 | Rendering 1 / 64 samples

[2025-07-27T17:32:24.507Z] [DEBUG] [12c063d9-8c7c-4ecd-8437-199c1b5ca32b] Blender Output: Fra:29 Mem:119.91M (Peak 151.55M) | Time:00:00.19 | Rendering 25 / 64 samples

[2025-07-27T17:32:24.667Z] [DEBUG] [12c063d9-8c7c-4ecd-8437-199c1b5ca32b] Blender Output: Fra:29 Mem:119.91M (Peak 151.55M) | Time:00:00.35 | Rendering 50 / 64 samples

[2025-07-27T17:32:24.757Z] [DEBUG] [12c063d9-8c7c-4ecd-8437-199c1b5ca32b] Blender Output: Fra:29 Mem:119.91M (Peak 151.55M) | Time:00:00.44 | Rendering 64 / 64 samples

[2025-07-27T17:32:24.836Z] [DEBUG] [12c063d9-8c7c-4ecd-8437-199c1b5ca32b] Blender Output: Append frame 29
Time: 00:00.52 (Saving: 00:00.03)


[2025-07-27T17:32:24.874Z] [DEBUG] [12c063d9-8c7c-4ecd-8437-199c1b5ca32b] Blender Output: Fra:30 Mem:119.91M (Peak 151.55M) | Time:00:00.03 | Rendering 1 / 64 samples

[2025-07-27T17:32:25.032Z] [DEBUG] [12c063d9-8c7c-4ecd-8437-199c1b5ca32b] Blender Output: Fra:30 Mem:119.91M (Peak 151.55M) | Time:00:00.19 | Rendering 25 / 64 samples

[2025-07-27T17:32:25.195Z] [DEBUG] [12c063d9-8c7c-4ecd-8437-199c1b5ca32b] Blender Output: Fra:30 Mem:119.91M (Peak 151.55M) | Time:00:00.35 | Rendering 50 / 64 samples

[2025-07-27T17:32:25.283Z] [DEBUG] [12c063d9-8c7c-4ecd-8437-199c1b5ca32b] Blender Output: Fra:30 Mem:119.91M (Peak 151.55M) | Time:00:00.44 | Rendering 64 / 64 samples

[2025-07-27T17:32:25.363Z] [DEBUG] [12c063d9-8c7c-4ecd-8437-199c1b5ca32b] Blender Output: Append frame 30
Time: 00:00.52 (Saving: 00:00.03)


[2025-07-27T17:32:25.400Z] [DEBUG] [12c063d9-8c7c-4ecd-8437-199c1b5ca32b] Blender Output: Fra:31 Mem:119.91M (Peak 151.55M) | Time:00:00.03 | Rendering 1 / 64 samples

[2025-07-27T17:32:25.554Z] [DEBUG] [12c063d9-8c7c-4ecd-8437-199c1b5ca32b] Blender Output: Fra:31 Mem:119.91M (Peak 151.55M) | Time:00:00.19 | Rendering 25 / 64 samples

[2025-07-27T17:32:25.712Z] [DEBUG] [12c063d9-8c7c-4ecd-8437-199c1b5ca32b] Blender Output: Fra:31 Mem:119.91M (Peak 151.55M) | Time:00:00.34 | Rendering 50 / 64 samples

[2025-07-27T17:32:25.800Z] [DEBUG] [12c063d9-8c7c-4ecd-8437-199c1b5ca32b] Blender Output: Fra:31 Mem:119.91M (Peak 151.55M) | Time:00:00.43 | Rendering 64 / 64 samples

[2025-07-27T17:32:25.877Z] [DEBUG] [12c063d9-8c7c-4ecd-8437-199c1b5ca32b] Blender Output: Append frame 31
Time: 00:00.51 (Saving: 00:00.03)


[2025-07-27T17:32:25.914Z] [DEBUG] [12c063d9-8c7c-4ecd-8437-199c1b5ca32b] Blender Output: Fra:32 Mem:119.91M (Peak 151.55M) | Time:00:00.03 | Rendering 1 / 64 samples

[2025-07-27T17:32:26.067Z] [DEBUG] [12c063d9-8c7c-4ecd-8437-199c1b5ca32b] Blender Output: Fra:32 Mem:119.91M (Peak 151.55M) | Time:00:00.18 | Rendering 25 / 64 samples

[2025-07-27T17:32:26.224Z] [DEBUG] [12c063d9-8c7c-4ecd-8437-199c1b5ca32b] Blender Output: Fra:32 Mem:119.91M (Peak 151.55M) | Time:00:00.34 | Rendering 50 / 64 samples

[2025-07-27T17:32:26.313Z] [DEBUG] [12c063d9-8c7c-4ecd-8437-199c1b5ca32b] Blender Output: Fra:32 Mem:119.91M (Peak 151.55M) | Time:00:00.43 | Rendering 64 / 64 samples

[2025-07-27T17:32:26.393Z] [DEBUG] [12c063d9-8c7c-4ecd-8437-199c1b5ca32b] Blender Output: Append frame 32
Time: 00:00.51 (Saving: 00:00.03)


[2025-07-27T17:32:26.430Z] [DEBUG] [12c063d9-8c7c-4ecd-8437-199c1b5ca32b] Blender Output: Fra:33 Mem:119.91M (Peak 151.55M) | Time:00:00.03 | Rendering 1 / 64 samples

[2025-07-27T17:32:26.583Z] [DEBUG] [12c063d9-8c7c-4ecd-8437-199c1b5ca32b] Blender Output: Fra:33 Mem:119.91M (Peak 151.55M) | Time:00:00.18 | Rendering 25 / 64 samples

[2025-07-27T17:32:26.739Z] [DEBUG] [12c063d9-8c7c-4ecd-8437-199c1b5ca32b] Blender Output: Fra:33 Mem:119.91M (Peak 151.55M) | Time:00:00.34 | Rendering 50 / 64 samples

[2025-07-27T17:32:26.827Z] [DEBUG] [12c063d9-8c7c-4ecd-8437-199c1b5ca32b] Blender Output: Fra:33 Mem:119.91M (Peak 151.55M) | Time:00:00.43 | Rendering 64 / 64 samples

[2025-07-27T17:32:26.906Z] [DEBUG] [12c063d9-8c7c-4ecd-8437-199c1b5ca32b] Blender Output: Append frame 33
Time: 00:00.51 (Saving: 00:00.03)


[2025-07-27T17:32:26.943Z] [DEBUG] [12c063d9-8c7c-4ecd-8437-199c1b5ca32b] Blender Output: Fra:34 Mem:119.91M (Peak 151.55M) | Time:00:00.03 | Rendering 1 / 64 samples

[2025-07-27T17:32:27.096Z] [DEBUG] [12c063d9-8c7c-4ecd-8437-199c1b5ca32b] Blender Output: Fra:34 Mem:119.91M (Peak 151.55M) | Time:00:00.18 | Rendering 25 / 64 samples

[2025-07-27T17:32:27.250Z] [DEBUG] [12c063d9-8c7c-4ecd-8437-199c1b5ca32b] Blender Output: Fra:34 Mem:119.91M (Peak 151.55M) | Time:00:00.34 | Rendering 50 / 64 samples

[2025-07-27T17:32:27.338Z] [DEBUG] [12c063d9-8c7c-4ecd-8437-199c1b5ca32b] Blender Output: Fra:34 Mem:119.91M (Peak 151.55M) | Time:00:00.43 | Rendering 64 / 64 samples

[2025-07-27T17:32:27.418Z] [DEBUG] [12c063d9-8c7c-4ecd-8437-199c1b5ca32b] Blender Output: Append frame 34
Time: 00:00.51 (Saving: 00:00.03)


[2025-07-27T17:32:27.454Z] [DEBUG] [12c063d9-8c7c-4ecd-8437-199c1b5ca32b] Blender Output: Fra:35 Mem:119.91M (Peak 151.55M) | Time:00:00.03 | Rendering 1 / 64 samples

[2025-07-27T17:32:27.608Z] [DEBUG] [12c063d9-8c7c-4ecd-8437-199c1b5ca32b] Blender Output: Fra:35 Mem:119.91M (Peak 151.55M) | Time:00:00.19 | Rendering 25 / 64 samples

[2025-07-27T17:32:27.767Z] [DEBUG] [12c063d9-8c7c-4ecd-8437-199c1b5ca32b] Blender Output: Fra:35 Mem:119.91M (Peak 151.55M) | Time:00:00.34 | Rendering 50 / 64 samples

[2025-07-27T17:32:27.855Z] [DEBUG] [12c063d9-8c7c-4ecd-8437-199c1b5ca32b] Blender Output: Fra:35 Mem:119.91M (Peak 151.55M) | Time:00:00.43 | Rendering 64 / 64 samples

[2025-07-27T17:32:27.935Z] [DEBUG] [12c063d9-8c7c-4ecd-8437-199c1b5ca32b] Blender Output: Append frame 35
Time: 00:00.51 (Saving: 00:00.03)


[2025-07-27T17:32:27.972Z] [DEBUG] [12c063d9-8c7c-4ecd-8437-199c1b5ca32b] Blender Output: Fra:36 Mem:119.91M (Peak 151.55M) | Time:00:00.03 | Rendering 1 / 64 samples

[2025-07-27T17:32:28.125Z] [DEBUG] [12c063d9-8c7c-4ecd-8437-199c1b5ca32b] Blender Output: Fra:36 Mem:119.91M (Peak 151.55M) | Time:00:00.18 | Rendering 25 / 64 samples

[2025-07-27T17:32:28.280Z] [DEBUG] [12c063d9-8c7c-4ecd-8437-199c1b5ca32b] Blender Output: Fra:36 Mem:119.91M (Peak 151.55M) | Time:00:00.34 | Rendering 50 / 64 samples

[2025-07-27T17:32:28.367Z] [DEBUG] [12c063d9-8c7c-4ecd-8437-199c1b5ca32b] Blender Output: Fra:36 Mem:119.91M (Peak 151.55M) | Time:00:00.43 | Rendering 64 / 64 samples

[2025-07-27T17:32:28.446Z] [DEBUG] [12c063d9-8c7c-4ecd-8437-199c1b5ca32b] Blender Output: Append frame 36
Time: 00:00.51 (Saving: 00:00.03)


[2025-07-27T17:32:28.483Z] [DEBUG] [12c063d9-8c7c-4ecd-8437-199c1b5ca32b] Blender Output: Fra:37 Mem:119.91M (Peak 151.55M) | Time:00:00.03 | Rendering 1 / 64 samples

[2025-07-27T17:32:28.639Z] [DEBUG] [12c063d9-8c7c-4ecd-8437-199c1b5ca32b] Blender Output: Fra:37 Mem:119.91M (Peak 151.55M) | Time:00:00.19 | Rendering 25 / 64 samples

[2025-07-27T17:32:28.798Z] [DEBUG] [12c063d9-8c7c-4ecd-8437-199c1b5ca32b] Blender Output: Fra:37 Mem:119.91M (Peak 151.55M) | Time:00:00.35 | Rendering 50 / 64 samples

[2025-07-27T17:32:28.887Z] [DEBUG] [12c063d9-8c7c-4ecd-8437-199c1b5ca32b] Blender Output: Fra:37 Mem:119.91M (Peak 151.55M) | Time:00:00.44 | Rendering 64 / 64 samples

[2025-07-27T17:32:28.962Z] [DEBUG] [12c063d9-8c7c-4ecd-8437-199c1b5ca32b] Blender Output: Append frame 37
Time: 00:00.51 (Saving: 00:00.03)


[2025-07-27T17:32:28.998Z] [DEBUG] [12c063d9-8c7c-4ecd-8437-199c1b5ca32b] Blender Output: Fra:38 Mem:119.91M (Peak 151.55M) | Time:00:00.03 | Rendering 1 / 64 samples

[2025-07-27T17:32:29.149Z] [DEBUG] [12c063d9-8c7c-4ecd-8437-199c1b5ca32b] Blender Output: Fra:38 Mem:119.91M (Peak 151.55M) | Time:00:00.18 | Rendering 25 / 64 samples

[2025-07-27T17:32:29.302Z] [DEBUG] [12c063d9-8c7c-4ecd-8437-199c1b5ca32b] Blender Output: Fra:38 Mem:119.91M (Peak 151.55M) | Time:00:00.34 | Rendering 50 / 64 samples

[2025-07-27T17:32:29.388Z] [DEBUG] [12c063d9-8c7c-4ecd-8437-199c1b5ca32b] Blender Output: Fra:38 Mem:119.91M (Peak 151.55M) | Time:00:00.42 | Rendering 64 / 64 samples

[2025-07-27T17:32:29.468Z] [DEBUG] [12c063d9-8c7c-4ecd-8437-199c1b5ca32b] Blender Output: Append frame 38
Time: 00:00.50 (Saving: 00:00.03)


[2025-07-27T17:32:29.505Z] [DEBUG] [12c063d9-8c7c-4ecd-8437-199c1b5ca32b] Blender Output: Fra:39 Mem:119.91M (Peak 151.55M) | Time:00:00.03 | Rendering 1 / 64 samples

[2025-07-27T17:32:29.656Z] [DEBUG] [12c063d9-8c7c-4ecd-8437-199c1b5ca32b] Blender Output: Fra:39 Mem:119.91M (Peak 151.55M) | Time:00:00.18 | Rendering 25 / 64 samples

[2025-07-27T17:32:29.811Z] [DEBUG] [12c063d9-8c7c-4ecd-8437-199c1b5ca32b] Blender Output: Fra:39 Mem:119.91M (Peak 151.55M) | Time:00:00.34 | Rendering 50 / 64 samples

[2025-07-27T17:32:29.898Z] [DEBUG] [12c063d9-8c7c-4ecd-8437-199c1b5ca32b] Blender Output: Fra:39 Mem:119.91M (Peak 151.55M) | Time:00:00.42 | Rendering 64 / 64 samples

[2025-07-27T17:32:29.976Z] [DEBUG] [12c063d9-8c7c-4ecd-8437-199c1b5ca32b] Blender Output: Append frame 39
Time: 00:00.50 (Saving: 00:00.03)


[2025-07-27T17:32:30.014Z] [DEBUG] [12c063d9-8c7c-4ecd-8437-199c1b5ca32b] Blender Output: Fra:40 Mem:119.91M (Peak 151.55M) | Time:00:00.03 | Rendering 1 / 64 samples

[2025-07-27T17:32:30.164Z] [DEBUG] [12c063d9-8c7c-4ecd-8437-199c1b5ca32b] Blender Output: Fra:40 Mem:119.91M (Peak 151.55M) | Time:00:00.18 | Rendering 25 / 64 samples

[2025-07-27T17:32:30.318Z] [DEBUG] [12c063d9-8c7c-4ecd-8437-199c1b5ca32b] Blender Output: Fra:40 Mem:119.91M (Peak 151.55M) | Time:00:00.34 | Rendering 50 / 64 samples

[2025-07-27T17:32:30.406Z] [DEBUG] [12c063d9-8c7c-4ecd-8437-199c1b5ca32b] Blender Output: Fra:40 Mem:119.91M (Peak 151.55M) | Time:00:00.42 | Rendering 64 / 64 samples

[2025-07-27T17:32:30.484Z] [DEBUG] [12c063d9-8c7c-4ecd-8437-199c1b5ca32b] Blender Output: Append frame 40
Time: 00:00.50 (Saving: 00:00.03)


[2025-07-27T17:32:30.521Z] [DEBUG] [12c063d9-8c7c-4ecd-8437-199c1b5ca32b] Blender Output: Fra:41 Mem:119.91M (Peak 151.55M) | Time:00:00.03 | Rendering 1 / 64 samples

[2025-07-27T17:32:30.672Z] [DEBUG] [12c063d9-8c7c-4ecd-8437-199c1b5ca32b] Blender Output: Fra:41 Mem:119.91M (Peak 151.55M) | Time:00:00.18 | Rendering 25 / 64 samples

[2025-07-27T17:32:30.826Z] [DEBUG] [12c063d9-8c7c-4ecd-8437-199c1b5ca32b] Blender Output: Fra:41 Mem:119.91M (Peak 151.55M) | Time:00:00.34 | Rendering 50 / 64 samples

[2025-07-27T17:32:30.913Z] [DEBUG] [12c063d9-8c7c-4ecd-8437-199c1b5ca32b] Blender Output: Fra:41 Mem:119.91M (Peak 151.55M) | Time:00:00.42 | Rendering 64 / 64 samples

[2025-07-27T17:32:30.994Z] [DEBUG] [12c063d9-8c7c-4ecd-8437-199c1b5ca32b] Blender Output: Append frame 41
Time: 00:00.50 (Saving: 00:00.03)


[2025-07-27T17:32:31.030Z] [DEBUG] [12c063d9-8c7c-4ecd-8437-199c1b5ca32b] Blender Output: Fra:42 Mem:119.91M (Peak 151.55M) | Time:00:00.03 | Rendering 1 / 64 samples

[2025-07-27T17:32:31.180Z] [DEBUG] [12c063d9-8c7c-4ecd-8437-199c1b5ca32b] Blender Output: Fra:42 Mem:119.91M (Peak 151.55M) | Time:00:00.18 | Rendering 25 / 64 samples

[2025-07-27T17:32:31.334Z] [DEBUG] [12c063d9-8c7c-4ecd-8437-199c1b5ca32b] Blender Output: Fra:42 Mem:119.91M (Peak 151.55M) | Time:00:00.34 | Rendering 50 / 64 samples

[2025-07-27T17:32:31.420Z] [DEBUG] [12c063d9-8c7c-4ecd-8437-199c1b5ca32b] Blender Output: Fra:42 Mem:119.91M (Peak 151.55M) | Time:00:00.42 | Rendering 64 / 64 samples

[2025-07-27T17:32:31.497Z] [DEBUG] [12c063d9-8c7c-4ecd-8437-199c1b5ca32b] Blender Output: Append frame 42
Time: 00:00.50 (Saving: 00:00.03)


[2025-07-27T17:32:31.534Z] [DEBUG] [12c063d9-8c7c-4ecd-8437-199c1b5ca32b] Blender Output: Fra:43 Mem:119.91M (Peak 151.55M) | Time:00:00.03 | Rendering 1 / 64 samples

[2025-07-27T17:32:31.685Z] [DEBUG] [12c063d9-8c7c-4ecd-8437-199c1b5ca32b] Blender Output: Fra:43 Mem:119.91M (Peak 151.55M) | Time:00:00.18 | Rendering 25 / 64 samples

[2025-07-27T17:32:31.838Z] [DEBUG] [12c063d9-8c7c-4ecd-8437-199c1b5ca32b] Blender Output: Fra:43 Mem:119.91M (Peak 151.55M) | Time:00:00.34 | Rendering 50 / 64 samples

[2025-07-27T17:32:31.925Z] [DEBUG] [12c063d9-8c7c-4ecd-8437-199c1b5ca32b] Blender Output: Fra:43 Mem:119.91M (Peak 151.55M) | Time:00:00.42 | Rendering 64 / 64 samples

[2025-07-27T17:32:32.006Z] [DEBUG] [12c063d9-8c7c-4ecd-8437-199c1b5ca32b] Blender Output: Append frame 43
Time: 00:00.50 (Saving: 00:00.03)


[2025-07-27T17:32:32.043Z] [DEBUG] [12c063d9-8c7c-4ecd-8437-199c1b5ca32b] Blender Output: Fra:44 Mem:119.91M (Peak 151.55M) | Time:00:00.03 | Rendering 1 / 64 samples

[2025-07-27T17:32:32.195Z] [DEBUG] [12c063d9-8c7c-4ecd-8437-199c1b5ca32b] Blender Output: Fra:44 Mem:119.91M (Peak 151.55M) | Time:00:00.18 | Rendering 25 / 64 samples

[2025-07-27T17:32:32.352Z] [DEBUG] [12c063d9-8c7c-4ecd-8437-199c1b5ca32b] Blender Output: Fra:44 Mem:119.91M (Peak 151.55M) | Time:00:00.34 | Rendering 50 / 64 samples

[2025-07-27T17:32:32.439Z] [DEBUG] [12c063d9-8c7c-4ecd-8437-199c1b5ca32b] Blender Output: Fra:44 Mem:119.91M (Peak 151.55M) | Time:00:00.43 | Rendering 64 / 64 samples

[2025-07-27T17:32:32.518Z] [DEBUG] [12c063d9-8c7c-4ecd-8437-199c1b5ca32b] Blender Output: Append frame 44
Time: 00:00.51 (Saving: 00:00.03)


[2025-07-27T17:32:32.554Z] [DEBUG] [12c063d9-8c7c-4ecd-8437-199c1b5ca32b] Blender Output: Fra:45 Mem:119.91M (Peak 151.55M) | Time:00:00.03 | Rendering 1 / 64 samples

[2025-07-27T17:32:32.709Z] [DEBUG] [12c063d9-8c7c-4ecd-8437-199c1b5ca32b] Blender Output: Fra:45 Mem:119.91M (Peak 151.55M) | Time:00:00.19 | Rendering 25 / 64 samples

[2025-07-27T17:32:32.865Z] [DEBUG] [12c063d9-8c7c-4ecd-8437-199c1b5ca32b] Blender Output: Fra:45 Mem:119.91M (Peak 151.55M) | Time:00:00.34 | Rendering 50 / 64 samples

[2025-07-27T17:32:32.954Z] [DEBUG] [12c063d9-8c7c-4ecd-8437-199c1b5ca32b] Blender Output: Fra:45 Mem:119.91M (Peak 151.55M) | Time:00:00.43 | Rendering 64 / 64 samples

[2025-07-27T17:32:33.034Z] [DEBUG] [12c063d9-8c7c-4ecd-8437-199c1b5ca32b] Blender Output: Append frame 45
Time: 00:00.51 (Saving: 00:00.03)


[2025-07-27T17:32:33.071Z] [DEBUG] [12c063d9-8c7c-4ecd-8437-199c1b5ca32b] Blender Output: Fra:46 Mem:119.91M (Peak 151.55M) | Time:00:00.03 | Rendering 1 / 64 samples

[2025-07-27T17:32:33.224Z] [DEBUG] [12c063d9-8c7c-4ecd-8437-199c1b5ca32b] Blender Output: Fra:46 Mem:119.91M (Peak 151.55M) | Time:00:00.19 | Rendering 25 / 64 samples

[2025-07-27T17:32:33.381Z] [DEBUG] [12c063d9-8c7c-4ecd-8437-199c1b5ca32b] Blender Output: Fra:46 Mem:119.91M (Peak 151.55M) | Time:00:00.34 | Rendering 50 / 64 samples

[2025-07-27T17:32:33.469Z] [DEBUG] [12c063d9-8c7c-4ecd-8437-199c1b5ca32b] Blender Output: Fra:46 Mem:119.91M (Peak 151.55M) | Time:00:00.43 | Rendering 64 / 64 samples

[2025-07-27T17:32:33.548Z] [DEBUG] [12c063d9-8c7c-4ecd-8437-199c1b5ca32b] Blender Output: Append frame 46
Time: 00:00.51 (Saving: 00:00.03)


[2025-07-27T17:32:33.584Z] [DEBUG] [12c063d9-8c7c-4ecd-8437-199c1b5ca32b] Blender Output: Fra:47 Mem:119.91M (Peak 151.55M) | Time:00:00.03 | Rendering 1 / 64 samples

[2025-07-27T17:32:33.739Z] [DEBUG] [12c063d9-8c7c-4ecd-8437-199c1b5ca32b] Blender Output: Fra:47 Mem:119.91M (Peak 151.55M) | Time:00:00.19 | Rendering 25 / 64 samples

[2025-07-27T17:32:33.898Z] [DEBUG] [12c063d9-8c7c-4ecd-8437-199c1b5ca32b] Blender Output: Fra:47 Mem:119.91M (Peak 151.55M) | Time:00:00.34 | Rendering 50 / 64 samples

[2025-07-27T17:32:33.988Z] [DEBUG] [12c063d9-8c7c-4ecd-8437-199c1b5ca32b] Blender Output: Fra:47 Mem:119.91M (Peak 151.55M) | Time:00:00.43 | Rendering 64 / 64 samples

[2025-07-27T17:32:34.067Z] [DEBUG] [12c063d9-8c7c-4ecd-8437-199c1b5ca32b] Blender Output: Append frame 47
Time: 00:00.51 (Saving: 00:00.03)


[2025-07-27T17:32:34.104Z] [DEBUG] [12c063d9-8c7c-4ecd-8437-199c1b5ca32b] Blender Output: Fra:48 Mem:119.91M (Peak 151.55M) | Time:00:00.03 | Rendering 1 / 64 samples

[2025-07-27T17:32:34.258Z] [DEBUG] [12c063d9-8c7c-4ecd-8437-199c1b5ca32b] Blender Output: Fra:48 Mem:119.91M (Peak 151.55M) | Time:00:00.19 | Rendering 25 / 64 samples

[2025-07-27T17:32:34.418Z] [DEBUG] [12c063d9-8c7c-4ecd-8437-199c1b5ca32b] Blender Output: Fra:48 Mem:119.91M (Peak 151.55M) | Time:00:00.35 | Rendering 50 / 64 samples

[2025-07-27T17:32:34.506Z] [DEBUG] [12c063d9-8c7c-4ecd-8437-199c1b5ca32b] Blender Output: Fra:48 Mem:119.91M (Peak 151.55M) | Time:00:00.43 | Rendering 64 / 64 samples

[2025-07-27T17:32:34.587Z] [DEBUG] [12c063d9-8c7c-4ecd-8437-199c1b5ca32b] Blender Output: Append frame 48
Time: 00:00.51 (Saving: 00:00.03)


[2025-07-27T17:32:34.625Z] [DEBUG] [12c063d9-8c7c-4ecd-8437-199c1b5ca32b] Blender Output: Fra:49 Mem:119.91M (Peak 151.55M) | Time:00:00.03 | Rendering 1 / 64 samples

[2025-07-27T17:32:34.779Z] [DEBUG] [12c063d9-8c7c-4ecd-8437-199c1b5ca32b] Blender Output: Fra:49 Mem:119.91M (Peak 151.55M) | Time:00:00.19 | Rendering 25 / 64 samples

[2025-07-27T17:32:34.936Z] [DEBUG] [12c063d9-8c7c-4ecd-8437-199c1b5ca32b] Blender Output: Fra:49 Mem:119.91M (Peak 151.55M) | Time:00:00.34 | Rendering 50 / 64 samples

[2025-07-27T17:32:35.023Z] [DEBUG] [12c063d9-8c7c-4ecd-8437-199c1b5ca32b] Blender Output: Fra:49 Mem:119.91M (Peak 151.55M) | Time:00:00.43 | Rendering 64 / 64 samples

[2025-07-27T17:32:35.101Z] [DEBUG] [12c063d9-8c7c-4ecd-8437-199c1b5ca32b] Blender Output: Append frame 49
Time: 00:00.51 (Saving: 00:00.03)


[2025-07-27T17:32:35.138Z] [DEBUG] [12c063d9-8c7c-4ecd-8437-199c1b5ca32b] Blender Output: Fra:50 Mem:119.91M (Peak 151.55M) | Time:00:00.03 | Rendering 1 / 64 samples

[2025-07-27T17:32:35.289Z] [DEBUG] [12c063d9-8c7c-4ecd-8437-199c1b5ca32b] Blender Output: Fra:50 Mem:119.91M (Peak 151.55M) | Time:00:00.18 | Rendering 25 / 64 samples

[2025-07-27T17:32:35.444Z] [DEBUG] [12c063d9-8c7c-4ecd-8437-199c1b5ca32b] Blender Output: Fra:50 Mem:119.91M (Peak 151.55M) | Time:00:00.34 | Rendering 50 / 64 samples

[2025-07-27T17:32:35.531Z] [DEBUG] [12c063d9-8c7c-4ecd-8437-199c1b5ca32b] Blender Output: Fra:50 Mem:119.91M (Peak 151.55M) | Time:00:00.43 | Rendering 64 / 64 samples

[2025-07-27T17:32:35.611Z] [DEBUG] [12c063d9-8c7c-4ecd-8437-199c1b5ca32b] Blender Output: Append frame 50
Time: 00:00.51 (Saving: 00:00.03)


[2025-07-27T17:32:35.648Z] [DEBUG] [12c063d9-8c7c-4ecd-8437-199c1b5ca32b] Blender Output: Fra:51 Mem:119.91M (Peak 151.55M) | Time:00:00.03 | Rendering 1 / 64 samples

[2025-07-27T17:32:35.803Z] [DEBUG] [12c063d9-8c7c-4ecd-8437-199c1b5ca32b] Blender Output: Fra:51 Mem:119.91M (Peak 151.55M) | Time:00:00.19 | Rendering 25 / 64 samples

[2025-07-27T17:32:35.961Z] [DEBUG] [12c063d9-8c7c-4ecd-8437-199c1b5ca32b] Blender Output: Fra:51 Mem:119.91M (Peak 151.55M) | Time:00:00.35 | Rendering 50 / 64 samples

[2025-07-27T17:32:36.050Z] [DEBUG] [12c063d9-8c7c-4ecd-8437-199c1b5ca32b] Blender Output: Fra:51 Mem:119.91M (Peak 151.55M) | Time:00:00.43 | Rendering 64 / 64 samples

[2025-07-27T17:32:36.128Z] [DEBUG] [12c063d9-8c7c-4ecd-8437-199c1b5ca32b] Blender Output: Append frame 51
Time: 00:00.51 (Saving: 00:00.03)


[2025-07-27T17:32:36.164Z] [DEBUG] [12c063d9-8c7c-4ecd-8437-199c1b5ca32b] Blender Output: Fra:52 Mem:119.91M (Peak 151.55M) | Time:00:00.03 | Rendering 1 / 64 samples

[2025-07-27T17:32:36.317Z] [DEBUG] [12c063d9-8c7c-4ecd-8437-199c1b5ca32b] Blender Output: Fra:52 Mem:119.91M (Peak 151.55M) | Time:00:00.18 | Rendering 25 / 64 samples

[2025-07-27T17:32:36.471Z] [DEBUG] [12c063d9-8c7c-4ecd-8437-199c1b5ca32b] Blender Output: Fra:52 Mem:119.91M (Peak 151.55M) | Time:00:00.34 | Rendering 50 / 64 samples

[2025-07-27T17:32:36.558Z] [DEBUG] [12c063d9-8c7c-4ecd-8437-199c1b5ca32b] Blender Output: Fra:52 Mem:119.91M (Peak 151.55M) | Time:00:00.43 | Rendering 64 / 64 samples

[2025-07-27T17:32:36.637Z] [DEBUG] [12c063d9-8c7c-4ecd-8437-199c1b5ca32b] Blender Output: Append frame 52
Time: 00:00.50 (Saving: 00:00.03)


[2025-07-27T17:32:36.673Z] [DEBUG] [12c063d9-8c7c-4ecd-8437-199c1b5ca32b] Blender Output: Fra:53 Mem:119.91M (Peak 151.55M) | Time:00:00.03 | Rendering 1 / 64 samples

[2025-07-27T17:32:36.825Z] [DEBUG] [12c063d9-8c7c-4ecd-8437-199c1b5ca32b] Blender Output: Fra:53 Mem:119.91M (Peak 151.55M) | Time:00:00.18 | Rendering 25 / 64 samples

[2025-07-27T17:32:36.978Z] [DEBUG] [12c063d9-8c7c-4ecd-8437-199c1b5ca32b] Blender Output: Fra:53 Mem:119.91M (Peak 151.55M) | Time:00:00.34 | Rendering 50 / 64 samples

[2025-07-27T17:32:37.065Z] [DEBUG] [12c063d9-8c7c-4ecd-8437-199c1b5ca32b] Blender Output: Fra:53 Mem:119.91M (Peak 151.55M) | Time:00:00.42 | Rendering 64 / 64 samples

[2025-07-27T17:32:37.145Z] [DEBUG] [12c063d9-8c7c-4ecd-8437-199c1b5ca32b] Blender Output: Append frame 53
Time: 00:00.50 (Saving: 00:00.03)


[2025-07-27T17:32:37.182Z] [DEBUG] [12c063d9-8c7c-4ecd-8437-199c1b5ca32b] Blender Output: Fra:54 Mem:119.91M (Peak 151.55M) | Time:00:00.03 | Rendering 1 / 64 samples

[2025-07-27T17:32:37.336Z] [DEBUG] [12c063d9-8c7c-4ecd-8437-199c1b5ca32b] Blender Output: Fra:54 Mem:119.91M (Peak 151.55M) | Time:00:00.19 | Rendering 25 / 64 samples

[2025-07-27T17:32:37.495Z] [DEBUG] [12c063d9-8c7c-4ecd-8437-199c1b5ca32b] Blender Output: Fra:54 Mem:119.91M (Peak 151.55M) | Time:00:00.35 | Rendering 50 / 64 samples

[2025-07-27T17:32:37.584Z] [DEBUG] [12c063d9-8c7c-4ecd-8437-199c1b5ca32b] Blender Output: Fra:54 Mem:119.91M (Peak 151.55M) | Time:00:00.43 | Rendering 64 / 64 samples

[2025-07-27T17:32:37.664Z] [DEBUG] [12c063d9-8c7c-4ecd-8437-199c1b5ca32b] Blender Output: Append frame 54
Time: 00:00.51 (Saving: 00:00.03)


[2025-07-27T17:32:37.700Z] [DEBUG] [12c063d9-8c7c-4ecd-8437-199c1b5ca32b] Blender Output: Fra:55 Mem:119.91M (Peak 151.55M) | Time:00:00.03 | Rendering 1 / 64 samples

[2025-07-27T17:32:37.852Z] [DEBUG] [12c063d9-8c7c-4ecd-8437-199c1b5ca32b] Blender Output: Fra:55 Mem:119.91M (Peak 151.55M) | Time:00:00.18 | Rendering 25 / 64 samples

[2025-07-27T17:32:38.006Z] [DEBUG] [12c063d9-8c7c-4ecd-8437-199c1b5ca32b] Blender Output: Fra:55 Mem:119.91M (Peak 151.55M) | Time:00:00.34 | Rendering 50 / 64 samples

[2025-07-27T17:32:38.092Z] [DEBUG] [12c063d9-8c7c-4ecd-8437-199c1b5ca32b] Blender Output: Fra:55 Mem:119.91M (Peak 151.55M) | Time:00:00.42 | Rendering 64 / 64 samples

[2025-07-27T17:32:38.169Z] [DEBUG] [12c063d9-8c7c-4ecd-8437-199c1b5ca32b] Blender Output: Append frame 55
Time: 00:00.50 (Saving: 00:00.03)


[2025-07-27T17:32:38.206Z] [DEBUG] [12c063d9-8c7c-4ecd-8437-199c1b5ca32b] Blender Output: Fra:56 Mem:119.91M (Peak 151.55M) | Time:00:00.03 | Rendering 1 / 64 samples

[2025-07-27T17:32:38.362Z] [DEBUG] [12c063d9-8c7c-4ecd-8437-199c1b5ca32b] Blender Output: Fra:56 Mem:119.91M (Peak 151.55M) | Time:00:00.19 | Rendering 25 / 64 samples

[2025-07-27T17:32:38.520Z] [DEBUG] [12c063d9-8c7c-4ecd-8437-199c1b5ca32b] Blender Output: Fra:56 Mem:119.91M (Peak 151.55M) | Time:00:00.35 | Rendering 50 / 64 samples

[2025-07-27T17:32:38.609Z] [DEBUG] [12c063d9-8c7c-4ecd-8437-199c1b5ca32b] Blender Output: Fra:56 Mem:119.91M (Peak 151.55M) | Time:00:00.44 | Rendering 64 / 64 samples

[2025-07-27T17:32:38.684Z] [DEBUG] [12c063d9-8c7c-4ecd-8437-199c1b5ca32b] Blender Output: Append frame 56
Time: 00:00.51 (Saving: 00:00.03)


[2025-07-27T17:32:38.720Z] [DEBUG] [12c063d9-8c7c-4ecd-8437-199c1b5ca32b] Blender Output: Fra:57 Mem:119.91M (Peak 151.55M) | Time:00:00.03 | Rendering 1 / 64 samples

[2025-07-27T17:32:38.872Z] [DEBUG] [12c063d9-8c7c-4ecd-8437-199c1b5ca32b] Blender Output: Fra:57 Mem:119.91M (Peak 151.55M) | Time:00:00.18 | Rendering 25 / 64 samples

[2025-07-27T17:32:39.025Z] [DEBUG] [12c063d9-8c7c-4ecd-8437-199c1b5ca32b] Blender Output: Fra:57 Mem:119.91M (Peak 151.55M) | Time:00:00.34 | Rendering 50 / 64 samples

[2025-07-27T17:32:39.112Z] [DEBUG] [12c063d9-8c7c-4ecd-8437-199c1b5ca32b] Blender Output: Fra:57 Mem:119.91M (Peak 151.55M) | Time:00:00.42 | Rendering 64 / 64 samples

[2025-07-27T17:32:39.188Z] [DEBUG] [12c063d9-8c7c-4ecd-8437-199c1b5ca32b] Blender Output: Append frame 57
Time: 00:00.50 (Saving: 00:00.03)


[2025-07-27T17:32:39.224Z] [DEBUG] [12c063d9-8c7c-4ecd-8437-199c1b5ca32b] Blender Output: Fra:58 Mem:119.91M (Peak 151.55M) | Time:00:00.03 | Rendering 1 / 64 samples

[2025-07-27T17:32:39.376Z] [DEBUG] [12c063d9-8c7c-4ecd-8437-199c1b5ca32b] Blender Output: Fra:58 Mem:119.91M (Peak 151.55M) | Time:00:00.18 | Rendering 25 / 64 samples

[2025-07-27T17:32:39.532Z] [DEBUG] [12c063d9-8c7c-4ecd-8437-199c1b5ca32b] Blender Output: Fra:58 Mem:119.91M (Peak 151.55M) | Time:00:00.34 | Rendering 50 / 64 samples

[2025-07-27T17:32:39.621Z] [DEBUG] [12c063d9-8c7c-4ecd-8437-199c1b5ca32b] Blender Output: Fra:58 Mem:119.91M (Peak 151.55M) | Time:00:00.43 | Rendering 64 / 64 samples

[2025-07-27T17:32:39.697Z] [DEBUG] [12c063d9-8c7c-4ecd-8437-199c1b5ca32b] Blender Output: Append frame 58
Time: 00:00.50 (Saving: 00:00.03)


[2025-07-27T17:32:39.734Z] [DEBUG] [12c063d9-8c7c-4ecd-8437-199c1b5ca32b] Blender Output: Fra:59 Mem:119.91M (Peak 151.55M) | Time:00:00.03 | Rendering 1 / 64 samples

[2025-07-27T17:32:39.889Z] [DEBUG] [12c063d9-8c7c-4ecd-8437-199c1b5ca32b] Blender Output: Fra:59 Mem:119.91M (Peak 151.55M) | Time:00:00.19 | Rendering 25 / 64 samples

[2025-07-27T17:32:40.047Z] [DEBUG] [12c063d9-8c7c-4ecd-8437-199c1b5ca32b] Blender Output: Fra:59 Mem:119.91M (Peak 151.55M) | Time:00:00.35 | Rendering 50 / 64 samples

[2025-07-27T17:32:40.135Z] [DEBUG] [12c063d9-8c7c-4ecd-8437-199c1b5ca32b] Blender Output: Fra:59 Mem:119.91M (Peak 151.55M) | Time:00:00.43 | Rendering 64 / 64 samples

[2025-07-27T17:32:40.210Z] [DEBUG] [12c063d9-8c7c-4ecd-8437-199c1b5ca32b] Blender Output: Append frame 59
Time: 00:00.51 (Saving: 00:00.03)


[2025-07-27T17:32:40.247Z] [DEBUG] [12c063d9-8c7c-4ecd-8437-199c1b5ca32b] Blender Output: Fra:60 Mem:119.91M (Peak 151.55M) | Time:00:00.03 | Rendering 1 / 64 samples

[2025-07-27T17:32:40.403Z] [DEBUG] [12c063d9-8c7c-4ecd-8437-199c1b5ca32b] Blender Output: Fra:60 Mem:119.91M (Peak 151.55M) | Time:00:00.19 | Rendering 25 / 64 samples

[2025-07-27T17:32:40.562Z] [DEBUG] [12c063d9-8c7c-4ecd-8437-199c1b5ca32b] Blender Output: Fra:60 Mem:119.91M (Peak 151.55M) | Time:00:00.35 | Rendering 50 / 64 samples

[2025-07-27T17:32:40.652Z] [DEBUG] [12c063d9-8c7c-4ecd-8437-199c1b5ca32b] Blender Output: Fra:60 Mem:119.91M (Peak 151.55M) | Time:00:00.44 | Rendering 64 / 64 samples

[2025-07-27T17:32:40.733Z] [DEBUG] [12c063d9-8c7c-4ecd-8437-199c1b5ca32b] Blender Output: Append frame 60
Time: 00:00.52 (Saving: 00:00.03)


[2025-07-27T17:32:40.770Z] [DEBUG] [12c063d9-8c7c-4ecd-8437-199c1b5ca32b] Blender Output: Fra:61 Mem:119.91M (Peak 151.55M) | Time:00:00.03 | Rendering 1 / 64 samples

[2025-07-27T17:32:40.928Z] [DEBUG] [12c063d9-8c7c-4ecd-8437-199c1b5ca32b] Blender Output: Fra:61 Mem:119.91M (Peak 151.55M) | Time:00:00.19 | Rendering 25 / 64 samples

[2025-07-27T17:32:41.089Z] [DEBUG] [12c063d9-8c7c-4ecd-8437-199c1b5ca32b] Blender Output: Fra:61 Mem:119.91M (Peak 151.55M) | Time:00:00.35 | Rendering 50 / 64 samples

[2025-07-27T17:32:41.180Z] [DEBUG] [12c063d9-8c7c-4ecd-8437-199c1b5ca32b] Blender Output: Fra:61 Mem:119.91M (Peak 151.55M) | Time:00:00.44 | Rendering 64 / 64 samples

[2025-07-27T17:32:41.258Z] [DEBUG] [12c063d9-8c7c-4ecd-8437-199c1b5ca32b] Blender Output: Append frame 61
Time: 00:00.52 (Saving: 00:00.03)


[2025-07-27T17:32:41.296Z] [DEBUG] [12c063d9-8c7c-4ecd-8437-199c1b5ca32b] Blender Output: Fra:62 Mem:119.91M (Peak 151.55M) | Time:00:00.03 | Rendering 1 / 64 samples

[2025-07-27T17:32:41.455Z] [DEBUG] [12c063d9-8c7c-4ecd-8437-199c1b5ca32b] Blender Output: Fra:62 Mem:119.91M (Peak 151.55M) | Time:00:00.19 | Rendering 25 / 64 samples

[2025-07-27T17:32:41.617Z] [DEBUG] [12c063d9-8c7c-4ecd-8437-199c1b5ca32b] Blender Output: Fra:62 Mem:119.91M (Peak 151.55M) | Time:00:00.35 | Rendering 50 / 64 samples

[2025-07-27T17:32:41.709Z] [DEBUG] [12c063d9-8c7c-4ecd-8437-199c1b5ca32b] Blender Output: Fra:62 Mem:119.91M (Peak 151.55M) | Time:00:00.45 | Rendering 64 / 64 samples

[2025-07-27T17:32:41.785Z] [DEBUG] [12c063d9-8c7c-4ecd-8437-199c1b5ca32b] Blender Output: Append frame 62
Time: 00:00.52 (Saving: 00:00.03)


[2025-07-27T17:32:41.821Z] [DEBUG] [12c063d9-8c7c-4ecd-8437-199c1b5ca32b] Blender Output: Fra:63 Mem:119.91M (Peak 151.55M) | Time:00:00.03 | Rendering 1 / 64 samples

[2025-07-27T17:32:41.974Z] [DEBUG] [12c063d9-8c7c-4ecd-8437-199c1b5ca32b] Blender Output: Fra:63 Mem:119.91M (Peak 151.55M) | Time:00:00.18 | Rendering 25 / 64 samples

[2025-07-27T17:32:42.129Z] [DEBUG] [12c063d9-8c7c-4ecd-8437-199c1b5ca32b] Blender Output: Fra:63 Mem:119.91M (Peak 151.55M) | Time:00:00.34 | Rendering 50 / 64 samples

[2025-07-27T17:32:42.218Z] [DEBUG] [12c063d9-8c7c-4ecd-8437-199c1b5ca32b] Blender Output: Fra:63 Mem:119.91M (Peak 151.55M) | Time:00:00.43 | Rendering 64 / 64 samples

[2025-07-27T17:32:42.296Z] [DEBUG] [12c063d9-8c7c-4ecd-8437-199c1b5ca32b] Blender Output: Append frame 63
Time: 00:00.51 (Saving: 00:00.03)


[2025-07-27T17:32:42.333Z] [DEBUG] [12c063d9-8c7c-4ecd-8437-199c1b5ca32b] Blender Output: Fra:64 Mem:119.91M (Peak 151.55M) | Time:00:00.03 | Rendering 1 / 64 samples

[2025-07-27T17:32:42.487Z] [DEBUG] [12c063d9-8c7c-4ecd-8437-199c1b5ca32b] Blender Output: Fra:64 Mem:119.91M (Peak 151.55M) | Time:00:00.19 | Rendering 25 / 64 samples

[2025-07-27T17:32:42.643Z] [DEBUG] [12c063d9-8c7c-4ecd-8437-199c1b5ca32b] Blender Output: Fra:64 Mem:119.91M (Peak 151.55M) | Time:00:00.34 | Rendering 50 / 64 samples

[2025-07-27T17:32:42.731Z] [DEBUG] [12c063d9-8c7c-4ecd-8437-199c1b5ca32b] Blender Output: Fra:64 Mem:119.91M (Peak 151.55M) | Time:00:00.43 | Rendering 64 / 64 samples

[2025-07-27T17:32:42.808Z] [DEBUG] [12c063d9-8c7c-4ecd-8437-199c1b5ca32b] Blender Output: Append frame 64
Time: 00:00.51 (Saving: 00:00.03)


[2025-07-27T17:32:42.845Z] [DEBUG] [12c063d9-8c7c-4ecd-8437-199c1b5ca32b] Blender Output: Fra:65 Mem:119.91M (Peak 151.55M) | Time:00:00.03 | Rendering 1 / 64 samples

[2025-07-27T17:32:43.000Z] [DEBUG] [12c063d9-8c7c-4ecd-8437-199c1b5ca32b] Blender Output: Fra:65 Mem:119.91M (Peak 151.55M) | Time:00:00.19 | Rendering 25 / 64 samples

[2025-07-27T17:32:43.154Z] [DEBUG] [12c063d9-8c7c-4ecd-8437-199c1b5ca32b] Blender Output: Fra:65 Mem:119.91M (Peak 151.55M) | Time:00:00.34 | Rendering 50 / 64 samples

[2025-07-27T17:32:43.241Z] [DEBUG] [12c063d9-8c7c-4ecd-8437-199c1b5ca32b] Blender Output: Fra:65 Mem:119.91M (Peak 151.55M) | Time:00:00.43 | Rendering 64 / 64 samples

[2025-07-27T17:32:43.320Z] [DEBUG] [12c063d9-8c7c-4ecd-8437-199c1b5ca32b] Blender Output: Append frame 65
Time: 00:00.51 (Saving: 00:00.03)


[2025-07-27T17:32:43.357Z] [DEBUG] [12c063d9-8c7c-4ecd-8437-199c1b5ca32b] Blender Output: Fra:66 Mem:119.91M (Peak 151.55M) | Time:00:00.03 | Rendering 1 / 64 samples

[2025-07-27T17:32:43.509Z] [DEBUG] [12c063d9-8c7c-4ecd-8437-199c1b5ca32b] Blender Output: Fra:66 Mem:119.91M (Peak 151.55M) | Time:00:00.18 | Rendering 25 / 64 samples

[2025-07-27T17:32:43.665Z] [DEBUG] [12c063d9-8c7c-4ecd-8437-199c1b5ca32b] Blender Output: Fra:66 Mem:119.91M (Peak 151.55M) | Time:00:00.34 | Rendering 50 / 64 samples

[2025-07-27T17:32:43.752Z] [DEBUG] [12c063d9-8c7c-4ecd-8437-199c1b5ca32b] Blender Output: Fra:66 Mem:119.91M (Peak 151.55M) | Time:00:00.43 | Rendering 64 / 64 samples

[2025-07-27T17:32:43.831Z] [DEBUG] [12c063d9-8c7c-4ecd-8437-199c1b5ca32b] Blender Output: Append frame 66
Time: 00:00.51 (Saving: 00:00.03)


[2025-07-27T17:32:43.868Z] [DEBUG] [12c063d9-8c7c-4ecd-8437-199c1b5ca32b] Blender Output: Fra:67 Mem:119.91M (Peak 151.55M) | Time:00:00.03 | Rendering 1 / 64 samples

[2025-07-27T17:32:44.019Z] [DEBUG] [12c063d9-8c7c-4ecd-8437-199c1b5ca32b] Blender Output: Fra:67 Mem:119.91M (Peak 151.55M) | Time:00:00.18 | Rendering 25 / 64 samples

[2025-07-27T17:32:44.174Z] [DEBUG] [12c063d9-8c7c-4ecd-8437-199c1b5ca32b] Blender Output: Fra:67 Mem:119.91M (Peak 151.55M) | Time:00:00.34 | Rendering 50 / 64 samples

[2025-07-27T17:32:44.261Z] [DEBUG] [12c063d9-8c7c-4ecd-8437-199c1b5ca32b] Blender Output: Fra:67 Mem:119.91M (Peak 151.55M) | Time:00:00.42 | Rendering 64 / 64 samples

[2025-07-27T17:32:44.341Z] [DEBUG] [12c063d9-8c7c-4ecd-8437-199c1b5ca32b] Blender Output: Append frame 67
Time: 00:00.51 (Saving: 00:00.03)


[2025-07-27T17:32:44.378Z] [DEBUG] [12c063d9-8c7c-4ecd-8437-199c1b5ca32b] Blender Output: Fra:68 Mem:119.91M (Peak 151.55M) | Time:00:00.03 | Rendering 1 / 64 samples

[2025-07-27T17:32:44.529Z] [DEBUG] [12c063d9-8c7c-4ecd-8437-199c1b5ca32b] Blender Output: Fra:68 Mem:119.91M (Peak 151.55M) | Time:00:00.18 | Rendering 25 / 64 samples

[2025-07-27T17:32:44.684Z] [DEBUG] [12c063d9-8c7c-4ecd-8437-199c1b5ca32b] Blender Output: Fra:68 Mem:119.91M (Peak 151.55M) | Time:00:00.34 | Rendering 50 / 64 samples

[2025-07-27T17:32:44.770Z] [DEBUG] [12c063d9-8c7c-4ecd-8437-199c1b5ca32b] Blender Output: Fra:68 Mem:119.91M (Peak 151.55M) | Time:00:00.42 | Rendering 64 / 64 samples

[2025-07-27T17:32:44.845Z] [DEBUG] [12c063d9-8c7c-4ecd-8437-199c1b5ca32b] Blender Output: Append frame 68
Time: 00:00.50 (Saving: 00:00.03)


[2025-07-27T17:32:44.881Z] [DEBUG] [12c063d9-8c7c-4ecd-8437-199c1b5ca32b] Blender Output: Fra:69 Mem:119.91M (Peak 151.55M) | Time:00:00.03 | Rendering 1 / 64 samples

[2025-07-27T17:32:45.036Z] [DEBUG] [12c063d9-8c7c-4ecd-8437-199c1b5ca32b] Blender Output: Fra:69 Mem:119.91M (Peak 151.55M) | Time:00:00.19 | Rendering 25 / 64 samples

[2025-07-27T17:32:45.193Z] [DEBUG] [12c063d9-8c7c-4ecd-8437-199c1b5ca32b] Blender Output: Fra:69 Mem:119.91M (Peak 151.55M) | Time:00:00.34 | Rendering 50 / 64 samples

[2025-07-27T17:32:45.283Z] [DEBUG] [12c063d9-8c7c-4ecd-8437-199c1b5ca32b] Blender Output: Fra:69 Mem:119.91M (Peak 151.55M) | Time:00:00.43 | Rendering 64 / 64 samples

[2025-07-27T17:32:45.360Z] [DEBUG] [12c063d9-8c7c-4ecd-8437-199c1b5ca32b] Blender Output: Append frame 69
Time: 00:00.51 (Saving: 00:00.03)


[2025-07-27T17:32:45.397Z] [DEBUG] [12c063d9-8c7c-4ecd-8437-199c1b5ca32b] Blender Output: Fra:70 Mem:119.91M (Peak 151.55M) | Time:00:00.03 | Rendering 1 / 64 samples

[2025-07-27T17:32:45.547Z] [DEBUG] [12c063d9-8c7c-4ecd-8437-199c1b5ca32b] Blender Output: Fra:70 Mem:119.91M (Peak 151.55M) | Time:00:00.18 | Rendering 25 / 64 samples

[2025-07-27T17:32:45.700Z] [DEBUG] [12c063d9-8c7c-4ecd-8437-199c1b5ca32b] Blender Output: Fra:70 Mem:119.91M (Peak 151.55M) | Time:00:00.33 | Rendering 50 / 64 samples

[2025-07-27T17:32:45.785Z] [DEBUG] [12c063d9-8c7c-4ecd-8437-199c1b5ca32b] Blender Output: Fra:70 Mem:119.91M (Peak 151.55M) | Time:00:00.42 | Rendering 64 / 64 samples

[2025-07-27T17:32:45.861Z] [DEBUG] [12c063d9-8c7c-4ecd-8437-199c1b5ca32b] Blender Output: Append frame 70
Time: 00:00.50 (Saving: 00:00.03)


[2025-07-27T17:32:45.897Z] [DEBUG] [12c063d9-8c7c-4ecd-8437-199c1b5ca32b] Blender Output: Fra:71 Mem:119.91M (Peak 151.55M) | Time:00:00.03 | Rendering 1 / 64 samples

[2025-07-27T17:32:46.048Z] [DEBUG] [12c063d9-8c7c-4ecd-8437-199c1b5ca32b] Blender Output: Fra:71 Mem:119.91M (Peak 151.55M) | Time:00:00.18 | Rendering 25 / 64 samples

[2025-07-27T17:32:46.202Z] [DEBUG] [12c063d9-8c7c-4ecd-8437-199c1b5ca32b] Blender Output: Fra:71 Mem:119.91M (Peak 151.55M) | Time:00:00.34 | Rendering 50 / 64 samples

[2025-07-27T17:32:46.289Z] [DEBUG] [12c063d9-8c7c-4ecd-8437-199c1b5ca32b] Blender Output: Fra:71 Mem:119.91M (Peak 151.55M) | Time:00:00.42 | Rendering 64 / 64 samples

[2025-07-27T17:32:46.365Z] [DEBUG] [12c063d9-8c7c-4ecd-8437-199c1b5ca32b] Blender Output: Append frame 71
Time: 00:00.50 (Saving: 00:00.03)


[2025-07-27T17:32:46.402Z] [DEBUG] [12c063d9-8c7c-4ecd-8437-199c1b5ca32b] Blender Output: Fra:72 Mem:119.91M (Peak 151.55M) | Time:00:00.03 | Rendering 1 / 64 samples

[2025-07-27T17:32:46.555Z] [DEBUG] [12c063d9-8c7c-4ecd-8437-199c1b5ca32b] Blender Output: Fra:72 Mem:119.91M (Peak 151.55M) | Time:00:00.18 | Rendering 25 / 64 samples

[2025-07-27T17:32:46.712Z] [DEBUG] [12c063d9-8c7c-4ecd-8437-199c1b5ca32b] Blender Output: Fra:72 Mem:119.91M (Peak 151.55M) | Time:00:00.34 | Rendering 50 / 64 samples

[2025-07-27T17:32:46.800Z] [DEBUG] [12c063d9-8c7c-4ecd-8437-199c1b5ca32b] Blender Output: Fra:72 Mem:119.91M (Peak 151.55M) | Time:00:00.43 | Rendering 64 / 64 samples

[2025-07-27T17:32:46.875Z] [DEBUG] [12c063d9-8c7c-4ecd-8437-199c1b5ca32b] Blender Output: Append frame 72
Time: 00:00.51 (Saving: 00:00.03)


[2025-07-27T17:32:46.912Z] [DEBUG] [12c063d9-8c7c-4ecd-8437-199c1b5ca32b] Blender Output: Fra:73 Mem:119.91M (Peak 151.55M) | Time:00:00.03 | Rendering 1 / 64 samples

[2025-07-27T17:32:47.066Z] [DEBUG] [12c063d9-8c7c-4ecd-8437-199c1b5ca32b] Blender Output: Fra:73 Mem:119.91M (Peak 151.55M) | Time:00:00.19 | Rendering 25 / 64 samples

[2025-07-27T17:32:47.222Z] [DEBUG] [12c063d9-8c7c-4ecd-8437-199c1b5ca32b] Blender Output: Fra:73 Mem:119.91M (Peak 151.55M) | Time:00:00.34 | Rendering 50 / 64 samples

[2025-07-27T17:32:47.309Z] [DEBUG] [12c063d9-8c7c-4ecd-8437-199c1b5ca32b] Blender Output: Fra:73 Mem:119.91M (Peak 151.55M) | Time:00:00.43 | Rendering 64 / 64 samples

[2025-07-27T17:32:47.386Z] [DEBUG] [12c063d9-8c7c-4ecd-8437-199c1b5ca32b] Blender Output: Append frame 73
Time: 00:00.51 (Saving: 00:00.03)


[2025-07-27T17:32:47.423Z] [DEBUG] [12c063d9-8c7c-4ecd-8437-199c1b5ca32b] Blender Output: Fra:74 Mem:119.91M (Peak 151.55M) | Time:00:00.03 | Rendering 1 / 64 samples

[2025-07-27T17:32:47.576Z] [DEBUG] [12c063d9-8c7c-4ecd-8437-199c1b5ca32b] Blender Output: Fra:74 Mem:119.91M (Peak 151.55M) | Time:00:00.19 | Rendering 25 / 64 samples

[2025-07-27T17:32:47.733Z] [DEBUG] [12c063d9-8c7c-4ecd-8437-199c1b5ca32b] Blender Output: Fra:74 Mem:119.91M (Peak 151.55M) | Time:00:00.34 | Rendering 50 / 64 samples

[2025-07-27T17:32:47.821Z] [DEBUG] [12c063d9-8c7c-4ecd-8437-199c1b5ca32b] Blender Output: Fra:74 Mem:119.91M (Peak 151.55M) | Time:00:00.43 | Rendering 64 / 64 samples

[2025-07-27T17:32:47.898Z] [DEBUG] [12c063d9-8c7c-4ecd-8437-199c1b5ca32b] Blender Output: Append frame 74
Time: 00:00.51 (Saving: 00:00.03)


[2025-07-27T17:32:47.935Z] [DEBUG] [12c063d9-8c7c-4ecd-8437-199c1b5ca32b] Blender Output: Fra:75 Mem:119.91M (Peak 151.55M) | Time:00:00.03 | Rendering 1 / 64 samples

[2025-07-27T17:32:48.087Z] [DEBUG] [12c063d9-8c7c-4ecd-8437-199c1b5ca32b] Blender Output: Fra:75 Mem:119.91M (Peak 151.55M) | Time:00:00.18 | Rendering 25 / 64 samples

[2025-07-27T17:32:48.246Z] [DEBUG] [12c063d9-8c7c-4ecd-8437-199c1b5ca32b] Blender Output: Fra:75 Mem:119.91M (Peak 151.55M) | Time:00:00.34 | Rendering 50 / 64 samples

[2025-07-27T17:32:48.336Z] [DEBUG] [12c063d9-8c7c-4ecd-8437-199c1b5ca32b] Blender Output: Fra:75 Mem:119.91M (Peak 151.55M) | Time:00:00.43 | Rendering 64 / 64 samples

[2025-07-27T17:32:48.413Z] [DEBUG] [12c063d9-8c7c-4ecd-8437-199c1b5ca32b] Blender Output: Append frame 75
Time: 00:00.51 (Saving: 00:00.03)


[2025-07-27T17:32:48.450Z] [DEBUG] [12c063d9-8c7c-4ecd-8437-199c1b5ca32b] Blender Output: Fra:76 Mem:119.91M (Peak 151.55M) | Time:00:00.03 | Rendering 1 / 64 samples

[2025-07-27T17:32:48.602Z] [DEBUG] [12c063d9-8c7c-4ecd-8437-199c1b5ca32b] Blender Output: Fra:76 Mem:119.91M (Peak 151.55M) | Time:00:00.18 | Rendering 25 / 64 samples

[2025-07-27T17:32:48.758Z] [DEBUG] [12c063d9-8c7c-4ecd-8437-199c1b5ca32b] Blender Output: Fra:76 Mem:119.91M (Peak 151.55M) | Time:00:00.34 | Rendering 50 / 64 samples

[2025-07-27T17:32:48.845Z] [DEBUG] [12c063d9-8c7c-4ecd-8437-199c1b5ca32b] Blender Output: Fra:76 Mem:119.91M (Peak 151.55M) | Time:00:00.43 | Rendering 64 / 64 samples

[2025-07-27T17:32:48.924Z] [DEBUG] [12c063d9-8c7c-4ecd-8437-199c1b5ca32b] Blender Output: Append frame 76
Time: 00:00.51 (Saving: 00:00.03)


[2025-07-27T17:32:48.961Z] [DEBUG] [12c063d9-8c7c-4ecd-8437-199c1b5ca32b] Blender Output: Fra:77 Mem:119.91M (Peak 151.55M) | Time:00:00.03 | Rendering 1 / 64 samples

[2025-07-27T17:32:49.112Z] [DEBUG] [12c063d9-8c7c-4ecd-8437-199c1b5ca32b] Blender Output: Fra:77 Mem:119.91M (Peak 151.55M) | Time:00:00.18 | Rendering 25 / 64 samples

[2025-07-27T17:32:49.269Z] [DEBUG] [12c063d9-8c7c-4ecd-8437-199c1b5ca32b] Blender Output: Fra:77 Mem:119.91M (Peak 151.55M) | Time:00:00.34 | Rendering 50 / 64 samples

[2025-07-27T17:32:49.357Z] [DEBUG] [12c063d9-8c7c-4ecd-8437-199c1b5ca32b] Blender Output: Fra:77 Mem:119.91M (Peak 151.55M) | Time:00:00.43 | Rendering 64 / 64 samples

[2025-07-27T17:32:49.435Z] [DEBUG] [12c063d9-8c7c-4ecd-8437-199c1b5ca32b] Blender Output: Append frame 77
Time: 00:00.51 (Saving: 00:00.03)


[2025-07-27T17:32:49.472Z] [DEBUG] [12c063d9-8c7c-4ecd-8437-199c1b5ca32b] Blender Output: Fra:78 Mem:119.91M (Peak 151.55M) | Time:00:00.03 | Rendering 1 / 64 samples

[2025-07-27T17:32:49.626Z] [DEBUG] [12c063d9-8c7c-4ecd-8437-199c1b5ca32b] Blender Output: Fra:78 Mem:119.91M (Peak 151.55M) | Time:00:00.19 | Rendering 25 / 64 samples

[2025-07-27T17:32:49.782Z] [DEBUG] [12c063d9-8c7c-4ecd-8437-199c1b5ca32b] Blender Output: Fra:78 Mem:119.91M (Peak 151.55M) | Time:00:00.34 | Rendering 50 / 64 samples

[2025-07-27T17:32:49.870Z] [DEBUG] [12c063d9-8c7c-4ecd-8437-199c1b5ca32b] Blender Output: Fra:78 Mem:119.91M (Peak 151.55M) | Time:00:00.43 | Rendering 64 / 64 samples

[2025-07-27T17:32:49.944Z] [DEBUG] [12c063d9-8c7c-4ecd-8437-199c1b5ca32b] Blender Output: Append frame 78
Time: 00:00.50 (Saving: 00:00.03)


[2025-07-27T17:32:49.981Z] [DEBUG] [12c063d9-8c7c-4ecd-8437-199c1b5ca32b] Blender Output: Fra:79 Mem:119.91M (Peak 151.55M) | Time:00:00.03 | Rendering 1 / 64 samples

[2025-07-27T17:32:50.133Z] [DEBUG] [12c063d9-8c7c-4ecd-8437-199c1b5ca32b] Blender Output: Fra:79 Mem:119.91M (Peak 151.55M) | Time:00:00.18 | Rendering 25 / 64 samples

[2025-07-27T17:32:50.287Z] [DEBUG] [12c063d9-8c7c-4ecd-8437-199c1b5ca32b] Blender Output: Fra:79 Mem:119.91M (Peak 151.55M) | Time:00:00.34 | Rendering 50 / 64 samples

[2025-07-27T17:32:50.376Z] [DEBUG] [12c063d9-8c7c-4ecd-8437-199c1b5ca32b] Blender Output: Fra:79 Mem:119.91M (Peak 151.55M) | Time:00:00.43 | Rendering 64 / 64 samples

[2025-07-27T17:32:50.452Z] [DEBUG] [12c063d9-8c7c-4ecd-8437-199c1b5ca32b] Blender Output: Append frame 79
Time: 00:00.50 (Saving: 00:00.03)


[2025-07-27T17:32:50.490Z] [DEBUG] [12c063d9-8c7c-4ecd-8437-199c1b5ca32b] Blender Output: Fra:80 Mem:119.91M (Peak 151.55M) | Time:00:00.03 | Rendering 1 / 64 samples

[2025-07-27T17:32:50.642Z] [DEBUG] [12c063d9-8c7c-4ecd-8437-199c1b5ca32b] Blender Output: Fra:80 Mem:119.91M (Peak 151.55M) | Time:00:00.18 | Rendering 25 / 64 samples

[2025-07-27T17:32:50.798Z] [DEBUG] [12c063d9-8c7c-4ecd-8437-199c1b5ca32b] Blender Output: Fra:80 Mem:119.91M (Peak 151.55M) | Time:00:00.34 | Rendering 50 / 64 samples

[2025-07-27T17:32:50.886Z] [DEBUG] [12c063d9-8c7c-4ecd-8437-199c1b5ca32b] Blender Output: Fra:80 Mem:119.91M (Peak 151.55M) | Time:00:00.43 | Rendering 64 / 64 samples

[2025-07-27T17:32:50.960Z] [DEBUG] [12c063d9-8c7c-4ecd-8437-199c1b5ca32b] Blender Output: Append frame 80
Time: 00:00.50 (Saving: 00:00.03)


[2025-07-27T17:32:50.996Z] [DEBUG] [12c063d9-8c7c-4ecd-8437-199c1b5ca32b] Blender Output: Fra:81 Mem:119.91M (Peak 151.55M) | Time:00:00.03 | Rendering 1 / 64 samples

[2025-07-27T17:32:51.148Z] [DEBUG] [12c063d9-8c7c-4ecd-8437-199c1b5ca32b] Blender Output: Fra:81 Mem:119.91M (Peak 151.55M) | Time:00:00.18 | Rendering 25 / 64 samples

[2025-07-27T17:32:51.302Z] [DEBUG] [12c063d9-8c7c-4ecd-8437-199c1b5ca32b] Blender Output: Fra:81 Mem:119.91M (Peak 151.55M) | Time:00:00.34 | Rendering 50 / 64 samples

[2025-07-27T17:32:51.390Z] [DEBUG] [12c063d9-8c7c-4ecd-8437-199c1b5ca32b] Blender Output: Fra:81 Mem:119.91M (Peak 151.55M) | Time:00:00.43 | Rendering 64 / 64 samples

[2025-07-27T17:32:51.466Z] [DEBUG] [12c063d9-8c7c-4ecd-8437-199c1b5ca32b] Blender Output: Append frame 81
Time: 00:00.50 (Saving: 00:00.03)


[2025-07-27T17:32:51.503Z] [DEBUG] [12c063d9-8c7c-4ecd-8437-199c1b5ca32b] Blender Output: Fra:82 Mem:119.91M (Peak 151.55M) | Time:00:00.03 | Rendering 1 / 64 samples

[2025-07-27T17:32:51.655Z] [DEBUG] [12c063d9-8c7c-4ecd-8437-199c1b5ca32b] Blender Output: Fra:82 Mem:119.91M (Peak 151.55M) | Time:00:00.18 | Rendering 25 / 64 samples

[2025-07-27T17:32:51.811Z] [DEBUG] [12c063d9-8c7c-4ecd-8437-199c1b5ca32b] Blender Output: Fra:82 Mem:119.91M (Peak 151.55M) | Time:00:00.34 | Rendering 50 / 64 samples

[2025-07-27T17:32:51.898Z] [DEBUG] [12c063d9-8c7c-4ecd-8437-199c1b5ca32b] Blender Output: Fra:82 Mem:119.91M (Peak 151.55M) | Time:00:00.43 | Rendering 64 / 64 samples

[2025-07-27T17:32:51.976Z] [DEBUG] [12c063d9-8c7c-4ecd-8437-199c1b5ca32b] Blender Output: Append frame 82
Time: 00:00.50 (Saving: 00:00.03)


[2025-07-27T17:32:52.012Z] [DEBUG] [12c063d9-8c7c-4ecd-8437-199c1b5ca32b] Blender Output: Fra:83 Mem:119.91M (Peak 151.55M) | Time:00:00.03 | Rendering 1 / 64 samples

[2025-07-27T17:32:52.163Z] [DEBUG] [12c063d9-8c7c-4ecd-8437-199c1b5ca32b] Blender Output: Fra:83 Mem:119.91M (Peak 151.55M) | Time:00:00.18 | Rendering 25 / 64 samples

[2025-07-27T17:32:52.316Z] [DEBUG] [12c063d9-8c7c-4ecd-8437-199c1b5ca32b] Blender Output: Fra:83 Mem:119.91M (Peak 151.55M) | Time:00:00.34 | Rendering 50 / 64 samples

[2025-07-27T17:32:52.403Z] [DEBUG] [12c063d9-8c7c-4ecd-8437-199c1b5ca32b] Blender Output: Fra:83 Mem:119.91M (Peak 151.55M) | Time:00:00.42 | Rendering 64 / 64 samples

[2025-07-27T17:32:52.478Z] [DEBUG] [12c063d9-8c7c-4ecd-8437-199c1b5ca32b] Blender Output: Append frame 83
Time: 00:00.50 (Saving: 00:00.03)


[2025-07-27T17:32:52.515Z] [DEBUG] [12c063d9-8c7c-4ecd-8437-199c1b5ca32b] Blender Output: Fra:84 Mem:119.91M (Peak 151.55M) | Time:00:00.03 | Rendering 1 / 64 samples

[2025-07-27T17:32:52.666Z] [DEBUG] [12c063d9-8c7c-4ecd-8437-199c1b5ca32b] Blender Output: Fra:84 Mem:119.91M (Peak 151.55M) | Time:00:00.18 | Rendering 25 / 64 samples

[2025-07-27T17:32:52.820Z] [DEBUG] [12c063d9-8c7c-4ecd-8437-199c1b5ca32b] Blender Output: Fra:84 Mem:119.91M (Peak 151.55M) | Time:00:00.34 | Rendering 50 / 64 samples

[2025-07-27T17:32:52.907Z] [DEBUG] [12c063d9-8c7c-4ecd-8437-199c1b5ca32b] Blender Output: Fra:84 Mem:119.91M (Peak 151.55M) | Time:00:00.42 | Rendering 64 / 64 samples

[2025-07-27T17:32:52.986Z] [DEBUG] [12c063d9-8c7c-4ecd-8437-199c1b5ca32b] Blender Output: Append frame 84
Time: 00:00.50 (Saving: 00:00.03)


[2025-07-27T17:32:53.023Z] [DEBUG] [12c063d9-8c7c-4ecd-8437-199c1b5ca32b] Blender Output: Fra:85 Mem:119.91M (Peak 151.55M) | Time:00:00.03 | Rendering 1 / 64 samples

[2025-07-27T17:32:53.173Z] [DEBUG] [12c063d9-8c7c-4ecd-8437-199c1b5ca32b] Blender Output: Fra:85 Mem:119.91M (Peak 151.55M) | Time:00:00.18 | Rendering 25 / 64 samples

[2025-07-27T17:32:53.328Z] [DEBUG] [12c063d9-8c7c-4ecd-8437-199c1b5ca32b] Blender Output: Fra:85 Mem:119.91M (Peak 151.55M) | Time:00:00.34 | Rendering 50 / 64 samples

[2025-07-27T17:32:53.415Z] [DEBUG] [12c063d9-8c7c-4ecd-8437-199c1b5ca32b] Blender Output: Fra:85 Mem:119.91M (Peak 151.55M) | Time:00:00.42 | Rendering 64 / 64 samples

[2025-07-27T17:32:53.492Z] [DEBUG] [12c063d9-8c7c-4ecd-8437-199c1b5ca32b] Blender Output: Append frame 85
Time: 00:00.50 (Saving: 00:00.03)


[2025-07-27T17:32:53.529Z] [DEBUG] [12c063d9-8c7c-4ecd-8437-199c1b5ca32b] Blender Output: Fra:86 Mem:119.91M (Peak 151.55M) | Time:00:00.03 | Rendering 1 / 64 samples

[2025-07-27T17:32:53.681Z] [DEBUG] [12c063d9-8c7c-4ecd-8437-199c1b5ca32b] Blender Output: Fra:86 Mem:119.91M (Peak 151.55M) | Time:00:00.18 | Rendering 25 / 64 samples

[2025-07-27T17:32:53.835Z] [DEBUG] [12c063d9-8c7c-4ecd-8437-199c1b5ca32b] Blender Output: Fra:86 Mem:119.91M (Peak 151.55M) | Time:00:00.34 | Rendering 50 / 64 samples

[2025-07-27T17:32:53.922Z] [DEBUG] [12c063d9-8c7c-4ecd-8437-199c1b5ca32b] Blender Output: Fra:86 Mem:119.91M (Peak 151.55M) | Time:00:00.43 | Rendering 64 / 64 samples

[2025-07-27T17:32:53.999Z] [DEBUG] [12c063d9-8c7c-4ecd-8437-199c1b5ca32b] Blender Output: Append frame 86
Time: 00:00.50 (Saving: 00:00.03)


[2025-07-27T17:32:54.036Z] [DEBUG] [12c063d9-8c7c-4ecd-8437-199c1b5ca32b] Blender Output: Fra:87 Mem:119.91M (Peak 151.55M) | Time:00:00.03 | Rendering 1 / 64 samples

[2025-07-27T17:32:54.190Z] [DEBUG] [12c063d9-8c7c-4ecd-8437-199c1b5ca32b] Blender Output: Fra:87 Mem:119.91M (Peak 151.55M) | Time:00:00.19 | Rendering 25 / 64 samples

[2025-07-27T17:32:54.348Z] [DEBUG] [12c063d9-8c7c-4ecd-8437-199c1b5ca32b] Blender Output: Fra:87 Mem:119.91M (Peak 151.55M) | Time:00:00.34 | Rendering 50 / 64 samples

[2025-07-27T17:32:54.435Z] [DEBUG] [12c063d9-8c7c-4ecd-8437-199c1b5ca32b] Blender Output: Fra:87 Mem:119.91M (Peak 151.55M) | Time:00:00.43 | Rendering 64 / 64 samples

[2025-07-27T17:32:54.513Z] [DEBUG] [12c063d9-8c7c-4ecd-8437-199c1b5ca32b] Blender Output: Append frame 87
Time: 00:00.51 (Saving: 00:00.03)


[2025-07-27T17:32:54.550Z] [DEBUG] [12c063d9-8c7c-4ecd-8437-199c1b5ca32b] Blender Output: Fra:88 Mem:119.91M (Peak 151.55M) | Time:00:00.03 | Rendering 1 / 64 samples

[2025-07-27T17:32:54.704Z] [DEBUG] [12c063d9-8c7c-4ecd-8437-199c1b5ca32b] Blender Output: Fra:88 Mem:119.91M (Peak 151.55M) | Time:00:00.19 | Rendering 25 / 64 samples

[2025-07-27T17:32:54.862Z] [DEBUG] [12c063d9-8c7c-4ecd-8437-199c1b5ca32b] Blender Output: Fra:88 Mem:119.91M (Peak 151.55M) | Time:00:00.34 | Rendering 50 / 64 samples

[2025-07-27T17:32:54.951Z] [DEBUG] [12c063d9-8c7c-4ecd-8437-199c1b5ca32b] Blender Output: Fra:88 Mem:119.91M (Peak 151.55M) | Time:00:00.43 | Rendering 64 / 64 samples

[2025-07-27T17:32:55.029Z] [DEBUG] [12c063d9-8c7c-4ecd-8437-199c1b5ca32b] Blender Output: Append frame 88
Time: 00:00.51 (Saving: 00:00.03)


[2025-07-27T17:32:55.066Z] [DEBUG] [12c063d9-8c7c-4ecd-8437-199c1b5ca32b] Blender Output: Fra:89 Mem:119.91M (Peak 151.55M) | Time:00:00.03 | Rendering 1 / 64 samples

[2025-07-27T17:32:55.220Z] [DEBUG] [12c063d9-8c7c-4ecd-8437-199c1b5ca32b] Blender Output: Fra:89 Mem:119.91M (Peak 151.55M) | Time:00:00.19 | Rendering 25 / 64 samples

[2025-07-27T17:32:55.379Z] [DEBUG] [12c063d9-8c7c-4ecd-8437-199c1b5ca32b] Blender Output: Fra:89 Mem:119.91M (Peak 151.55M) | Time:00:00.34 | Rendering 50 / 64 samples

[2025-07-27T17:32:55.468Z] [DEBUG] [12c063d9-8c7c-4ecd-8437-199c1b5ca32b] Blender Output: Fra:89 Mem:119.91M (Peak 151.55M) | Time:00:00.43 | Rendering 64 / 64 samples

[2025-07-27T17:32:55.546Z] [DEBUG] [12c063d9-8c7c-4ecd-8437-199c1b5ca32b] Blender Output: Append frame 89
Time: 00:00.51 (Saving: 00:00.03)


[2025-07-27T17:32:55.582Z] [DEBUG] [12c063d9-8c7c-4ecd-8437-199c1b5ca32b] Blender Output: Fra:90 Mem:119.91M (Peak 151.55M) | Time:00:00.03 | Rendering 1 / 64 samples

[2025-07-27T17:32:55.735Z] [DEBUG] [12c063d9-8c7c-4ecd-8437-199c1b5ca32b] Blender Output: Fra:90 Mem:119.91M (Peak 151.55M) | Time:00:00.18 | Rendering 25 / 64 samples

[2025-07-27T17:32:55.892Z] [DEBUG] [12c063d9-8c7c-4ecd-8437-199c1b5ca32b] Blender Output: Fra:90 Mem:119.91M (Peak 151.55M) | Time:00:00.34 | Rendering 50 / 64 samples

[2025-07-27T17:32:55.979Z] [DEBUG] [12c063d9-8c7c-4ecd-8437-199c1b5ca32b] Blender Output: Fra:90 Mem:119.91M (Peak 151.55M) | Time:00:00.43 | Rendering 64 / 64 samples

[2025-07-27T17:32:56.058Z] [DEBUG] [12c063d9-8c7c-4ecd-8437-199c1b5ca32b] Blender Output: Append frame 90
Time: 00:00.51 (Saving: 00:00.03)


[2025-07-27T17:32:56.095Z] [DEBUG] [12c063d9-8c7c-4ecd-8437-199c1b5ca32b] Blender Output: Fra:91 Mem:119.91M (Peak 151.55M) | Time:00:00.03 | Rendering 1 / 64 samples

[2025-07-27T17:32:56.247Z] [DEBUG] [12c063d9-8c7c-4ecd-8437-199c1b5ca32b] Blender Output: Fra:91 Mem:119.91M (Peak 151.55M) | Time:00:00.18 | Rendering 25 / 64 samples

[2025-07-27T17:32:56.405Z] [DEBUG] [12c063d9-8c7c-4ecd-8437-199c1b5ca32b] Blender Output: Fra:91 Mem:119.91M (Peak 151.55M) | Time:00:00.34 | Rendering 50 / 64 samples

[2025-07-27T17:32:56.491Z] [DEBUG] [12c063d9-8c7c-4ecd-8437-199c1b5ca32b] Blender Output: Fra:91 Mem:119.91M (Peak 151.55M) | Time:00:00.43 | Rendering 64 / 64 samples

[2025-07-27T17:32:56.567Z] [DEBUG] [12c063d9-8c7c-4ecd-8437-199c1b5ca32b] Blender Output: Append frame 91
Time: 00:00.50 (Saving: 00:00.03)


[2025-07-27T17:32:56.604Z] [DEBUG] [12c063d9-8c7c-4ecd-8437-199c1b5ca32b] Blender Output: Fra:92 Mem:119.91M (Peak 151.55M) | Time:00:00.03 | Rendering 1 / 64 samples

[2025-07-27T17:32:56.757Z] [DEBUG] [12c063d9-8c7c-4ecd-8437-199c1b5ca32b] Blender Output: Fra:92 Mem:119.91M (Peak 151.55M) | Time:00:00.19 | Rendering 25 / 64 samples

[2025-07-27T17:32:56.914Z] [DEBUG] [12c063d9-8c7c-4ecd-8437-199c1b5ca32b] Blender Output: Fra:92 Mem:119.91M (Peak 151.55M) | Time:00:00.34 | Rendering 50 / 64 samples

[2025-07-27T17:32:57.003Z] [DEBUG] [12c063d9-8c7c-4ecd-8437-199c1b5ca32b] Blender Output: Fra:92 Mem:119.91M (Peak 151.55M) | Time:00:00.43 | Rendering 64 / 64 samples

[2025-07-27T17:32:57.082Z] [DEBUG] [12c063d9-8c7c-4ecd-8437-199c1b5ca32b] Blender Output: Append frame 92
Time: 00:00.51 (Saving: 00:00.03)


[2025-07-27T17:32:57.118Z] [DEBUG] [12c063d9-8c7c-4ecd-8437-199c1b5ca32b] Blender Output: Fra:93 Mem:119.91M (Peak 151.55M) | Time:00:00.03 | Rendering 1 / 64 samples

[2025-07-27T17:32:57.270Z] [DEBUG] [12c063d9-8c7c-4ecd-8437-199c1b5ca32b] Blender Output: Fra:93 Mem:119.91M (Peak 151.55M) | Time:00:00.18 | Rendering 25 / 64 samples

[2025-07-27T17:32:57.425Z] [DEBUG] [12c063d9-8c7c-4ecd-8437-199c1b5ca32b] Blender Output: Fra:93 Mem:119.91M (Peak 151.55M) | Time:00:00.34 | Rendering 50 / 64 samples

[2025-07-27T17:32:57.513Z] [DEBUG] [12c063d9-8c7c-4ecd-8437-199c1b5ca32b] Blender Output: Fra:93 Mem:119.91M (Peak 151.55M) | Time:00:00.43 | Rendering 64 / 64 samples

[2025-07-27T17:32:57.590Z] [DEBUG] [12c063d9-8c7c-4ecd-8437-199c1b5ca32b] Blender Output: Append frame 93
Time: 00:00.50 (Saving: 00:00.03)


[2025-07-27T17:32:57.627Z] [DEBUG] [12c063d9-8c7c-4ecd-8437-199c1b5ca32b] Blender Output: Fra:94 Mem:119.91M (Peak 151.55M) | Time:00:00.03 | Rendering 1 / 64 samples

[2025-07-27T17:32:57.781Z] [DEBUG] [12c063d9-8c7c-4ecd-8437-199c1b5ca32b] Blender Output: Fra:94 Mem:119.91M (Peak 151.55M) | Time:00:00.19 | Rendering 25 / 64 samples

[2025-07-27T17:32:57.937Z] [DEBUG] [12c063d9-8c7c-4ecd-8437-199c1b5ca32b] Blender Output: Fra:94 Mem:119.91M (Peak 151.55M) | Time:00:00.34 | Rendering 50 / 64 samples

[2025-07-27T17:32:58.026Z] [DEBUG] [12c063d9-8c7c-4ecd-8437-199c1b5ca32b] Blender Output: Fra:94 Mem:119.91M (Peak 151.55M) | Time:00:00.43 | Rendering 64 / 64 samples

[2025-07-27T17:32:58.102Z] [DEBUG] [12c063d9-8c7c-4ecd-8437-199c1b5ca32b] Blender Output: Append frame 94
Time: 00:00.51 (Saving: 00:00.03)


[2025-07-27T17:32:58.139Z] [DEBUG] [12c063d9-8c7c-4ecd-8437-199c1b5ca32b] Blender Output: Fra:95 Mem:119.91M (Peak 151.55M) | Time:00:00.03 | Rendering 1 / 64 samples

[2025-07-27T17:32:58.291Z] [DEBUG] [12c063d9-8c7c-4ecd-8437-199c1b5ca32b] Blender Output: Fra:95 Mem:119.91M (Peak 151.55M) | Time:00:00.18 | Rendering 25 / 64 samples

[2025-07-27T17:32:58.448Z] [DEBUG] [12c063d9-8c7c-4ecd-8437-199c1b5ca32b] Blender Output: Fra:95 Mem:119.91M (Peak 151.55M) | Time:00:00.34 | Rendering 50 / 64 samples

[2025-07-27T17:32:58.535Z] [DEBUG] [12c063d9-8c7c-4ecd-8437-199c1b5ca32b] Blender Output: Fra:95 Mem:119.91M (Peak 151.55M) | Time:00:00.43 | Rendering 64 / 64 samples

[2025-07-27T17:32:58.611Z] [DEBUG] [12c063d9-8c7c-4ecd-8437-199c1b5ca32b] Blender Output: Append frame 95
Time: 00:00.50 (Saving: 00:00.03)


[2025-07-27T17:32:58.648Z] [DEBUG] [12c063d9-8c7c-4ecd-8437-199c1b5ca32b] Blender Output: Fra:96 Mem:119.91M (Peak 151.55M) | Time:00:00.03 | Rendering 1 / 64 samples

[2025-07-27T17:32:58.798Z] [DEBUG] [12c063d9-8c7c-4ecd-8437-199c1b5ca32b] Blender Output: Fra:96 Mem:119.91M (Peak 151.55M) | Time:00:00.18 | Rendering 25 / 64 samples

[2025-07-27T17:32:58.953Z] [DEBUG] [12c063d9-8c7c-4ecd-8437-199c1b5ca32b] Blender Output: Fra:96 Mem:119.91M (Peak 151.55M) | Time:00:00.34 | Rendering 50 / 64 samples

[2025-07-27T17:32:59.041Z] [DEBUG] [12c063d9-8c7c-4ecd-8437-199c1b5ca32b] Blender Output: Fra:96 Mem:119.91M (Peak 151.55M) | Time:00:00.42 | Rendering 64 / 64 samples

[2025-07-27T17:32:59.118Z] [DEBUG] [12c063d9-8c7c-4ecd-8437-199c1b5ca32b] Blender Output: Append frame 96
Time: 00:00.50 (Saving: 00:00.03)


[2025-07-27T17:32:59.154Z] [DEBUG] [12c063d9-8c7c-4ecd-8437-199c1b5ca32b] Blender Output: Fra:97 Mem:119.91M (Peak 151.55M) | Time:00:00.03 | Rendering 1 / 64 samples

[2025-07-27T17:32:59.306Z] [DEBUG] [12c063d9-8c7c-4ecd-8437-199c1b5ca32b] Blender Output: Fra:97 Mem:119.91M (Peak 151.55M) | Time:00:00.18 | Rendering 25 / 64 samples

[2025-07-27T17:32:59.461Z] [DEBUG] [12c063d9-8c7c-4ecd-8437-199c1b5ca32b] Blender Output: Fra:97 Mem:119.91M (Peak 151.55M) | Time:00:00.34 | Rendering 50 / 64 samples

[2025-07-27T17:32:59.548Z] [DEBUG] [12c063d9-8c7c-4ecd-8437-199c1b5ca32b] Blender Output: Fra:97 Mem:119.91M (Peak 151.55M) | Time:00:00.42 | Rendering 64 / 64 samples

[2025-07-27T17:32:59.625Z] [DEBUG] [12c063d9-8c7c-4ecd-8437-199c1b5ca32b] Blender Output: Append frame 97
Time: 00:00.50 (Saving: 00:00.03)


[2025-07-27T17:32:59.662Z] [DEBUG] [12c063d9-8c7c-4ecd-8437-199c1b5ca32b] Blender Output: Fra:98 Mem:119.91M (Peak 151.55M) | Time:00:00.03 | Rendering 1 / 64 samples

[2025-07-27T17:32:59.813Z] [DEBUG] [12c063d9-8c7c-4ecd-8437-199c1b5ca32b] Blender Output: Fra:98 Mem:119.91M (Peak 151.55M) | Time:00:00.18 | Rendering 25 / 64 samples

[2025-07-27T17:32:59.969Z] [DEBUG] [12c063d9-8c7c-4ecd-8437-199c1b5ca32b] Blender Output: Fra:98 Mem:119.91M (Peak 151.55M) | Time:00:00.34 | Rendering 50 / 64 samples

[2025-07-27T17:33:00.056Z] [DEBUG] [12c063d9-8c7c-4ecd-8437-199c1b5ca32b] Blender Output: Fra:98 Mem:119.91M (Peak 151.55M) | Time:00:00.43 | Rendering 64 / 64 samples

[2025-07-27T17:33:00.133Z] [DEBUG] [12c063d9-8c7c-4ecd-8437-199c1b5ca32b] Blender Output: Append frame 98
Time: 00:00.50 (Saving: 00:00.03)


[2025-07-27T17:33:00.170Z] [DEBUG] [12c063d9-8c7c-4ecd-8437-199c1b5ca32b] Blender Output: Fra:99 Mem:119.91M (Peak 151.55M) | Time:00:00.03 | Rendering 1 / 64 samples

[2025-07-27T17:33:00.323Z] [DEBUG] [12c063d9-8c7c-4ecd-8437-199c1b5ca32b] Blender Output: Fra:99 Mem:119.91M (Peak 151.55M) | Time:00:00.19 | Rendering 25 / 64 samples

[2025-07-27T17:33:00.480Z] [DEBUG] [12c063d9-8c7c-4ecd-8437-199c1b5ca32b] Blender Output: Fra:99 Mem:119.91M (Peak 151.55M) | Time:00:00.34 | Rendering 50 / 64 samples

[2025-07-27T17:33:00.566Z] [DEBUG] [12c063d9-8c7c-4ecd-8437-199c1b5ca32b] Blender Output: Fra:99 Mem:119.91M (Peak 151.55M) | Time:00:00.43 | Rendering 64 / 64 samples

[2025-07-27T17:33:00.641Z] [DEBUG] [12c063d9-8c7c-4ecd-8437-199c1b5ca32b] Blender Output: Append frame 99
Time: 00:00.50 (Saving: 00:00.03)


[2025-07-27T17:33:00.678Z] [DEBUG] [12c063d9-8c7c-4ecd-8437-199c1b5ca32b] Blender Output: Fra:100 Mem:119.91M (Peak 151.55M) | Time:00:00.03 | Rendering 1 / 64 samples

[2025-07-27T17:33:00.835Z] [DEBUG] [12c063d9-8c7c-4ecd-8437-199c1b5ca32b] Blender Output: Fra:100 Mem:119.91M (Peak 151.55M) | Time:00:00.19 | Rendering 25 / 64 samples

[2025-07-27T17:33:00.996Z] [DEBUG] [12c063d9-8c7c-4ecd-8437-199c1b5ca32b] Blender Output: Fra:100 Mem:119.91M (Peak 151.55M) | Time:00:00.35 | Rendering 50 / 64 samples

[2025-07-27T17:33:01.087Z] [DEBUG] [12c063d9-8c7c-4ecd-8437-199c1b5ca32b] Blender Output: Fra:100 Mem:119.91M (Peak 151.55M) | Time:00:00.44 | Rendering 64 / 64 samples

[2025-07-27T17:33:01.163Z] [DEBUG] [12c063d9-8c7c-4ecd-8437-199c1b5ca32b] Blender Output: Append frame 100
Time: 00:00.52 (Saving: 00:00.03)


[2025-07-27T17:33:01.220Z] [DEBUG] [12c063d9-8c7c-4ecd-8437-199c1b5ca32b] Blender Output: Fra:101 Mem:119.91M (Peak 151.55M) | Time:00:00.05 | Rendering 1 / 64 samples

[2025-07-27T17:33:01.375Z] [DEBUG] [12c063d9-8c7c-4ecd-8437-199c1b5ca32b] Blender Output: Fra:101 Mem:119.91M (Peak 151.55M) | Time:00:00.21 | Rendering 25 / 64 samples

[2025-07-27T17:33:01.535Z] [DEBUG] [12c063d9-8c7c-4ecd-8437-199c1b5ca32b] Blender Output: Fra:101 Mem:119.91M (Peak 151.55M) | Time:00:00.37 | Rendering 50 / 64 samples

[2025-07-27T17:33:01.624Z] [DEBUG] [12c063d9-8c7c-4ecd-8437-199c1b5ca32b] Blender Output: Fra:101 Mem:119.91M (Peak 151.55M) | Time:00:00.46 | Rendering 64 / 64 samples

[2025-07-27T17:33:01.702Z] [DEBUG] [12c063d9-8c7c-4ecd-8437-199c1b5ca32b] Blender Output: Append frame 101
Time: 00:00.53 (Saving: 00:00.03)


[2025-07-27T17:33:01.738Z] [DEBUG] [12c063d9-8c7c-4ecd-8437-199c1b5ca32b] Blender Output: Fra:102 Mem:119.91M (Peak 151.55M) | Time:00:00.03 | Rendering 1 / 64 samples

[2025-07-27T17:33:01.889Z] [DEBUG] [12c063d9-8c7c-4ecd-8437-199c1b5ca32b] Blender Output: Fra:102 Mem:119.91M (Peak 151.55M) | Time:00:00.18 | Rendering 25 / 64 samples

[2025-07-27T17:33:02.046Z] [DEBUG] [12c063d9-8c7c-4ecd-8437-199c1b5ca32b] Blender Output: Fra:102 Mem:119.91M (Peak 151.55M) | Time:00:00.34 | Rendering 50 / 64 samples

[2025-07-27T17:33:02.134Z] [DEBUG] [12c063d9-8c7c-4ecd-8437-199c1b5ca32b] Blender Output: Fra:102 Mem:119.91M (Peak 151.55M) | Time:00:00.43 | Rendering 64 / 64 samples

[2025-07-27T17:33:02.208Z] [DEBUG] [12c063d9-8c7c-4ecd-8437-199c1b5ca32b] Blender Output: Append frame 102
Time: 00:00.50 (Saving: 00:00.03)


[2025-07-27T17:33:02.245Z] [DEBUG] [12c063d9-8c7c-4ecd-8437-199c1b5ca32b] Blender Output: Fra:103 Mem:119.91M (Peak 151.55M) | Time:00:00.03 | Rendering 1 / 64 samples

[2025-07-27T17:33:02.399Z] [DEBUG] [12c063d9-8c7c-4ecd-8437-199c1b5ca32b] Blender Output: Fra:103 Mem:119.91M (Peak 151.55M) | Time:00:00.19 | Rendering 25 / 64 samples

[2025-07-27T17:33:02.557Z] [DEBUG] [12c063d9-8c7c-4ecd-8437-199c1b5ca32b] Blender Output: Fra:103 Mem:119.91M (Peak 151.55M) | Time:00:00.34 | Rendering 50 / 64 samples

[2025-07-27T17:33:02.644Z] [DEBUG] [12c063d9-8c7c-4ecd-8437-199c1b5ca32b] Blender Output: Fra:103 Mem:119.91M (Peak 151.55M) | Time:00:00.43 | Rendering 64 / 64 samples

[2025-07-27T17:33:02.718Z] [DEBUG] [12c063d9-8c7c-4ecd-8437-199c1b5ca32b] Blender Output: Append frame 103
Time: 00:00.51 (Saving: 00:00.03)


[2025-07-27T17:33:02.755Z] [DEBUG] [12c063d9-8c7c-4ecd-8437-199c1b5ca32b] Blender Output: Fra:104 Mem:119.91M (Peak 151.55M) | Time:00:00.03 | Rendering 1 / 64 samples

[2025-07-27T17:33:02.910Z] [DEBUG] [12c063d9-8c7c-4ecd-8437-199c1b5ca32b] Blender Output: Fra:104 Mem:119.91M (Peak 151.55M) | Time:00:00.19 | Rendering 25 / 64 samples

[2025-07-27T17:33:03.067Z] [DEBUG] [12c063d9-8c7c-4ecd-8437-199c1b5ca32b] Blender Output: Fra:104 Mem:119.91M (Peak 151.55M) | Time:00:00.34 | Rendering 50 / 64 samples

[2025-07-27T17:33:03.155Z] [DEBUG] [12c063d9-8c7c-4ecd-8437-199c1b5ca32b] Blender Output: Fra:104 Mem:119.91M (Peak 151.55M) | Time:00:00.43 | Rendering 64 / 64 samples

[2025-07-27T17:33:03.233Z] [DEBUG] [12c063d9-8c7c-4ecd-8437-199c1b5ca32b] Blender Output: Append frame 104
Time: 00:00.51 (Saving: 00:00.03)


[2025-07-27T17:33:03.270Z] [DEBUG] [12c063d9-8c7c-4ecd-8437-199c1b5ca32b] Blender Output: Fra:105 Mem:119.91M (Peak 151.55M) | Time:00:00.03 | Rendering 1 / 64 samples

[2025-07-27T17:33:03.421Z] [DEBUG] [12c063d9-8c7c-4ecd-8437-199c1b5ca32b] Blender Output: Fra:105 Mem:119.91M (Peak 151.55M) | Time:00:00.18 | Rendering 25 / 64 samples

[2025-07-27T17:33:03.575Z] [DEBUG] [12c063d9-8c7c-4ecd-8437-199c1b5ca32b] Blender Output: Fra:105 Mem:119.91M (Peak 151.55M) | Time:00:00.34 | Rendering 50 / 64 samples

[2025-07-27T17:33:03.661Z] [DEBUG] [12c063d9-8c7c-4ecd-8437-199c1b5ca32b] Blender Output: Fra:105 Mem:119.91M (Peak 151.55M) | Time:00:00.42 | Rendering 64 / 64 samples

[2025-07-27T17:33:03.739Z] [DEBUG] [12c063d9-8c7c-4ecd-8437-199c1b5ca32b] Blender Output: Append frame 105
Time: 00:00.50 (Saving: 00:00.03)


[2025-07-27T17:33:03.776Z] [DEBUG] [12c063d9-8c7c-4ecd-8437-199c1b5ca32b] Blender Output: Fra:106 Mem:119.91M (Peak 151.55M) | Time:00:00.03 | Rendering 1 / 64 samples

[2025-07-27T17:33:03.934Z] [DEBUG] [12c063d9-8c7c-4ecd-8437-199c1b5ca32b] Blender Output: Fra:106 Mem:119.91M (Peak 151.55M) | Time:00:00.19 | Rendering 25 / 64 samples

[2025-07-27T17:33:04.096Z] [DEBUG] [12c063d9-8c7c-4ecd-8437-199c1b5ca32b] Blender Output: Fra:106 Mem:119.91M (Peak 151.55M) | Time:00:00.35 | Rendering 50 / 64 samples

[2025-07-27T17:33:04.187Z] [DEBUG] [12c063d9-8c7c-4ecd-8437-199c1b5ca32b] Blender Output: Fra:106 Mem:119.91M (Peak 151.55M) | Time:00:00.44 | Rendering 64 / 64 samples

[2025-07-27T17:33:04.263Z] [DEBUG] [12c063d9-8c7c-4ecd-8437-199c1b5ca32b] Blender Output: Append frame 106
Time: 00:00.52 (Saving: 00:00.03)


[2025-07-27T17:33:04.301Z] [DEBUG] [12c063d9-8c7c-4ecd-8437-199c1b5ca32b] Blender Output: Fra:107 Mem:119.91M (Peak 151.55M) | Time:00:00.03 | Rendering 1 / 64 samples

[2025-07-27T17:33:04.453Z] [DEBUG] [12c063d9-8c7c-4ecd-8437-199c1b5ca32b] Blender Output: Fra:107 Mem:119.91M (Peak 151.55M) | Time:00:00.18 | Rendering 25 / 64 samples

[2025-07-27T17:33:04.609Z] [DEBUG] [12c063d9-8c7c-4ecd-8437-199c1b5ca32b] Blender Output: Fra:107 Mem:119.91M (Peak 151.55M) | Time:00:00.34 | Rendering 50 / 64 samples

[2025-07-27T17:33:04.697Z] [DEBUG] [12c063d9-8c7c-4ecd-8437-199c1b5ca32b] Blender Output: Fra:107 Mem:119.91M (Peak 151.55M) | Time:00:00.43 | Rendering 64 / 64 samples

[2025-07-27T17:33:04.777Z] [DEBUG] [12c063d9-8c7c-4ecd-8437-199c1b5ca32b] Blender Output: Append frame 107
Time: 00:00.51 (Saving: 00:00.03)


[2025-07-27T17:33:04.813Z] [DEBUG] [12c063d9-8c7c-4ecd-8437-199c1b5ca32b] Blender Output: Fra:108 Mem:119.91M (Peak 151.55M) | Time:00:00.03 | Rendering 1 / 64 samples

[2025-07-27T17:33:04.965Z] [DEBUG] [12c063d9-8c7c-4ecd-8437-199c1b5ca32b] Blender Output: Fra:108 Mem:119.91M (Peak 151.55M) | Time:00:00.18 | Rendering 25 / 64 samples

[2025-07-27T17:33:05.120Z] [DEBUG] [12c063d9-8c7c-4ecd-8437-199c1b5ca32b] Blender Output: Fra:108 Mem:119.91M (Peak 151.55M) | Time:00:00.34 | Rendering 50 / 64 samples

[2025-07-27T17:33:05.207Z] [DEBUG] [12c063d9-8c7c-4ecd-8437-199c1b5ca32b] Blender Output: Fra:108 Mem:119.91M (Peak 151.55M) | Time:00:00.42 | Rendering 64 / 64 samples

[2025-07-27T17:33:05.285Z] [DEBUG] [12c063d9-8c7c-4ecd-8437-199c1b5ca32b] Blender Output: Append frame 108
Time: 00:00.50 (Saving: 00:00.03)


[2025-07-27T17:33:05.322Z] [DEBUG] [12c063d9-8c7c-4ecd-8437-199c1b5ca32b] Blender Output: Fra:109 Mem:119.91M (Peak 151.55M) | Time:00:00.03 | Rendering 1 / 64 samples

[2025-07-27T17:33:05.478Z] [DEBUG] [12c063d9-8c7c-4ecd-8437-199c1b5ca32b] Blender Output: Fra:109 Mem:119.91M (Peak 151.55M) | Time:00:00.19 | Rendering 25 / 64 samples

[2025-07-27T17:33:05.637Z] [DEBUG] [12c063d9-8c7c-4ecd-8437-199c1b5ca32b] Blender Output: Fra:109 Mem:119.91M (Peak 151.55M) | Time:00:00.35 | Rendering 50 / 64 samples

[2025-07-27T17:33:05.725Z] [DEBUG] [12c063d9-8c7c-4ecd-8437-199c1b5ca32b] Blender Output: Fra:109 Mem:119.91M (Peak 151.55M) | Time:00:00.44 | Rendering 64 / 64 samples

[2025-07-27T17:33:05.803Z] [DEBUG] [12c063d9-8c7c-4ecd-8437-199c1b5ca32b] Blender Output: Append frame 109
Time: 00:00.51 (Saving: 00:00.03)


[2025-07-27T17:33:05.839Z] [DEBUG] [12c063d9-8c7c-4ecd-8437-199c1b5ca32b] Blender Output: Fra:110 Mem:119.91M (Peak 151.55M) | Time:00:00.03 | Rendering 1 / 64 samples

[2025-07-27T17:33:05.991Z] [DEBUG] [12c063d9-8c7c-4ecd-8437-199c1b5ca32b] Blender Output: Fra:110 Mem:119.91M (Peak 151.55M) | Time:00:00.18 | Rendering 25 / 64 samples

[2025-07-27T17:33:06.145Z] [DEBUG] [12c063d9-8c7c-4ecd-8437-199c1b5ca32b] Blender Output: Fra:110 Mem:119.91M (Peak 151.55M) | Time:00:00.34 | Rendering 50 / 64 samples

[2025-07-27T17:33:06.231Z] [DEBUG] [12c063d9-8c7c-4ecd-8437-199c1b5ca32b] Blender Output: Fra:110 Mem:119.91M (Peak 151.55M) | Time:00:00.42 | Rendering 64 / 64 samples

[2025-07-27T17:33:06.307Z] [DEBUG] [12c063d9-8c7c-4ecd-8437-199c1b5ca32b] Blender Output: Append frame 110
Time: 00:00.50 (Saving: 00:00.03)


[2025-07-27T17:33:06.344Z] [DEBUG] [12c063d9-8c7c-4ecd-8437-199c1b5ca32b] Blender Output: Fra:111 Mem:119.91M (Peak 151.55M) | Time:00:00.03 | Rendering 1 / 64 samples

[2025-07-27T17:33:06.496Z] [DEBUG] [12c063d9-8c7c-4ecd-8437-199c1b5ca32b] Blender Output: Fra:111 Mem:119.91M (Peak 151.55M) | Time:00:00.18 | Rendering 25 / 64 samples

[2025-07-27T17:33:06.649Z] [DEBUG] [12c063d9-8c7c-4ecd-8437-199c1b5ca32b] Blender Output: Fra:111 Mem:119.91M (Peak 151.55M) | Time:00:00.34 | Rendering 50 / 64 samples

[2025-07-27T17:33:06.735Z] [DEBUG] [12c063d9-8c7c-4ecd-8437-199c1b5ca32b] Blender Output: Fra:111 Mem:119.91M (Peak 151.55M) | Time:00:00.42 | Rendering 64 / 64 samples

[2025-07-27T17:33:06.811Z] [DEBUG] [12c063d9-8c7c-4ecd-8437-199c1b5ca32b] Blender Output: Append frame 111
Time: 00:00.50 (Saving: 00:00.03)


[2025-07-27T17:33:06.848Z] [DEBUG] [12c063d9-8c7c-4ecd-8437-199c1b5ca32b] Blender Output: Fra:112 Mem:119.91M (Peak 151.55M) | Time:00:00.03 | Rendering 1 / 64 samples

[2025-07-27T17:33:06.998Z] [DEBUG] [12c063d9-8c7c-4ecd-8437-199c1b5ca32b] Blender Output: Fra:112 Mem:119.91M (Peak 151.55M) | Time:00:00.18 | Rendering 25 / 64 samples

[2025-07-27T17:33:07.151Z] [DEBUG] [12c063d9-8c7c-4ecd-8437-199c1b5ca32b] Blender Output: Fra:112 Mem:119.91M (Peak 151.55M) | Time:00:00.33 | Rendering 50 / 64 samples

[2025-07-27T17:33:07.237Z] [DEBUG] [12c063d9-8c7c-4ecd-8437-199c1b5ca32b] Blender Output: Fra:112 Mem:119.91M (Peak 151.55M) | Time:00:00.42 | Rendering 64 / 64 samples

[2025-07-27T17:33:07.314Z] [DEBUG] [12c063d9-8c7c-4ecd-8437-199c1b5ca32b] Blender Output: Append frame 112
Time: 00:00.50 (Saving: 00:00.03)


[2025-07-27T17:33:07.351Z] [DEBUG] [12c063d9-8c7c-4ecd-8437-199c1b5ca32b] Blender Output: Fra:113 Mem:119.91M (Peak 151.55M) | Time:00:00.03 | Rendering 1 / 64 samples

[2025-07-27T17:33:07.502Z] [DEBUG] [12c063d9-8c7c-4ecd-8437-199c1b5ca32b] Blender Output: Fra:113 Mem:119.91M (Peak 151.55M) | Time:00:00.18 | Rendering 25 / 64 samples

[2025-07-27T17:33:07.655Z] [DEBUG] [12c063d9-8c7c-4ecd-8437-199c1b5ca32b] Blender Output: Fra:113 Mem:119.91M (Peak 151.55M) | Time:00:00.34 | Rendering 50 / 64 samples

[2025-07-27T17:33:07.742Z] [DEBUG] [12c063d9-8c7c-4ecd-8437-199c1b5ca32b] Blender Output: Fra:113 Mem:119.91M (Peak 151.55M) | Time:00:00.42 | Rendering 64 / 64 samples

[2025-07-27T17:33:07.819Z] [DEBUG] [12c063d9-8c7c-4ecd-8437-199c1b5ca32b] Blender Output: Append frame 113
Time: 00:00.50 (Saving: 00:00.03)


[2025-07-27T17:33:07.856Z] [DEBUG] [12c063d9-8c7c-4ecd-8437-199c1b5ca32b] Blender Output: Fra:114 Mem:119.91M (Peak 151.55M) | Time:00:00.03 | Rendering 1 / 64 samples

[2025-07-27T17:33:08.006Z] [DEBUG] [12c063d9-8c7c-4ecd-8437-199c1b5ca32b] Blender Output: Fra:114 Mem:119.91M (Peak 151.55M) | Time:00:00.18 | Rendering 25 / 64 samples

[2025-07-27T17:33:08.160Z] [DEBUG] [12c063d9-8c7c-4ecd-8437-199c1b5ca32b] Blender Output: Fra:114 Mem:119.91M (Peak 151.55M) | Time:00:00.34 | Rendering 50 / 64 samples

[2025-07-27T17:33:08.247Z] [DEBUG] [12c063d9-8c7c-4ecd-8437-199c1b5ca32b] Blender Output: Fra:114 Mem:119.91M (Peak 151.55M) | Time:00:00.42 | Rendering 64 / 64 samples

[2025-07-27T17:33:08.324Z] [DEBUG] [12c063d9-8c7c-4ecd-8437-199c1b5ca32b] Blender Output: Append frame 114
Time: 00:00.50 (Saving: 00:00.03)


[2025-07-27T17:33:08.365Z] [DEBUG] [12c063d9-8c7c-4ecd-8437-199c1b5ca32b] Blender Output: Fra:115 Mem:119.91M (Peak 151.55M) | Time:00:00.04 | Rendering 1 / 64 samples

[2025-07-27T17:33:08.523Z] [DEBUG] [12c063d9-8c7c-4ecd-8437-199c1b5ca32b] Blender Output: Fra:115 Mem:119.91M (Peak 151.55M) | Time:00:00.19 | Rendering 25 / 64 samples

[2025-07-27T17:33:08.680Z] [DEBUG] [12c063d9-8c7c-4ecd-8437-199c1b5ca32b] Blender Output: Fra:115 Mem:119.91M (Peak 151.55M) | Time:00:00.35 | Rendering 50 / 64 samples

[2025-07-27T17:33:08.768Z] [DEBUG] [12c063d9-8c7c-4ecd-8437-199c1b5ca32b] Blender Output: Fra:115 Mem:119.91M (Peak 151.55M) | Time:00:00.44 | Rendering 64 / 64 samples

[2025-07-27T17:33:08.846Z] [DEBUG] [12c063d9-8c7c-4ecd-8437-199c1b5ca32b] Blender Output: Append frame 115
Time: 00:00.52 (Saving: 00:00.03)


[2025-07-27T17:33:08.882Z] [DEBUG] [12c063d9-8c7c-4ecd-8437-199c1b5ca32b] Blender Output: Fra:116 Mem:119.91M (Peak 151.55M) | Time:00:00.03 | Rendering 1 / 64 samples

[2025-07-27T17:33:09.036Z] [DEBUG] [12c063d9-8c7c-4ecd-8437-199c1b5ca32b] Blender Output: Fra:116 Mem:119.91M (Peak 151.55M) | Time:00:00.19 | Rendering 25 / 64 samples

[2025-07-27T17:33:09.193Z] [DEBUG] [12c063d9-8c7c-4ecd-8437-199c1b5ca32b] Blender Output: Fra:116 Mem:119.91M (Peak 151.55M) | Time:00:00.34 | Rendering 50 / 64 samples

[2025-07-27T17:33:09.282Z] [DEBUG] [12c063d9-8c7c-4ecd-8437-199c1b5ca32b] Blender Output: Fra:116 Mem:119.91M (Peak 151.55M) | Time:00:00.43 | Rendering 64 / 64 samples

[2025-07-27T17:33:09.364Z] [DEBUG] [12c063d9-8c7c-4ecd-8437-199c1b5ca32b] Blender Output: Append frame 116
Time: 00:00.51 (Saving: 00:00.03)


[2025-07-27T17:33:09.400Z] [DEBUG] [12c063d9-8c7c-4ecd-8437-199c1b5ca32b] Blender Output: Fra:117 Mem:119.91M (Peak 151.55M) | Time:00:00.03 | Rendering 1 / 64 samples

[2025-07-27T17:33:09.555Z] [DEBUG] [12c063d9-8c7c-4ecd-8437-199c1b5ca32b] Blender Output: Fra:117 Mem:119.91M (Peak 151.55M) | Time:00:00.19 | Rendering 25 / 64 samples

[2025-07-27T17:33:09.712Z] [DEBUG] [12c063d9-8c7c-4ecd-8437-199c1b5ca32b] Blender Output: Fra:117 Mem:119.91M (Peak 151.55M) | Time:00:00.34 | Rendering 50 / 64 samples

[2025-07-27T17:33:09.800Z] [DEBUG] [12c063d9-8c7c-4ecd-8437-199c1b5ca32b] Blender Output: Fra:117 Mem:119.91M (Peak 151.55M) | Time:00:00.43 | Rendering 64 / 64 samples

[2025-07-27T17:33:09.876Z] [DEBUG] [12c063d9-8c7c-4ecd-8437-199c1b5ca32b] Blender Output: Append frame 117
Time: 00:00.51 (Saving: 00:00.03)


[2025-07-27T17:33:09.912Z] [DEBUG] [12c063d9-8c7c-4ecd-8437-199c1b5ca32b] Blender Output: Fra:118 Mem:119.91M (Peak 151.55M) | Time:00:00.03 | Rendering 1 / 64 samples

[2025-07-27T17:33:10.066Z] [DEBUG] [12c063d9-8c7c-4ecd-8437-199c1b5ca32b] Blender Output: Fra:118 Mem:119.91M (Peak 151.55M) | Time:00:00.18 | Rendering 25 / 64 samples

[2025-07-27T17:33:10.222Z] [DEBUG] [12c063d9-8c7c-4ecd-8437-199c1b5ca32b] Blender Output: Fra:118 Mem:119.91M (Peak 151.55M) | Time:00:00.34 | Rendering 50 / 64 samples

[2025-07-27T17:33:10.312Z] [DEBUG] [12c063d9-8c7c-4ecd-8437-199c1b5ca32b] Blender Output: Fra:118 Mem:119.91M (Peak 151.55M) | Time:00:00.43 | Rendering 64 / 64 samples

[2025-07-27T17:33:10.387Z] [DEBUG] [12c063d9-8c7c-4ecd-8437-199c1b5ca32b] Blender Output: Append frame 118
Time: 00:00.51 (Saving: 00:00.03)


[2025-07-27T17:33:10.423Z] [DEBUG] [12c063d9-8c7c-4ecd-8437-199c1b5ca32b] Blender Output: Fra:119 Mem:119.91M (Peak 151.55M) | Time:00:00.03 | Rendering 1 / 64 samples

[2025-07-27T17:33:10.579Z] [DEBUG] [12c063d9-8c7c-4ecd-8437-199c1b5ca32b] Blender Output: Fra:119 Mem:119.91M (Peak 151.55M) | Time:00:00.19 | Rendering 25 / 64 samples

[2025-07-27T17:33:10.737Z] [DEBUG] [12c063d9-8c7c-4ecd-8437-199c1b5ca32b] Blender Output: Fra:119 Mem:119.91M (Peak 151.55M) | Time:00:00.34 | Rendering 50 / 64 samples

[2025-07-27T17:33:10.825Z] [DEBUG] [12c063d9-8c7c-4ecd-8437-199c1b5ca32b] Blender Output: Fra:119 Mem:119.91M (Peak 151.55M) | Time:00:00.43 | Rendering 64 / 64 samples

[2025-07-27T17:33:10.901Z] [DEBUG] [12c063d9-8c7c-4ecd-8437-199c1b5ca32b] Blender Output: Append frame 119
Time: 00:00.51 (Saving: 00:00.03)


[2025-07-27T17:33:10.939Z] [DEBUG] [12c063d9-8c7c-4ecd-8437-199c1b5ca32b] Blender Output: Fra:120 Mem:119.91M (Peak 151.55M) | Time:00:00.03 | Rendering 1 / 64 samples

[2025-07-27T17:33:11.092Z] [DEBUG] [12c063d9-8c7c-4ecd-8437-199c1b5ca32b] Blender Output: Fra:120 Mem:119.91M (Peak 151.55M) | Time:00:00.19 | Rendering 25 / 64 samples

[2025-07-27T17:33:11.249Z] [DEBUG] [12c063d9-8c7c-4ecd-8437-199c1b5ca32b] Blender Output: Fra:120 Mem:119.91M (Peak 151.55M) | Time:00:00.34 | Rendering 50 / 64 samples

[2025-07-27T17:33:11.337Z] [DEBUG] [12c063d9-8c7c-4ecd-8437-199c1b5ca32b] Blender Output: Fra:120 Mem:119.91M (Peak 151.55M) | Time:00:00.43 | Rendering 64 / 64 samples

[2025-07-27T17:33:11.413Z] [DEBUG] [12c063d9-8c7c-4ecd-8437-199c1b5ca32b] Blender Output: Append frame 120
Time: 00:00.51 (Saving: 00:00.03)


[2025-07-27T17:33:11.450Z] [DEBUG] [12c063d9-8c7c-4ecd-8437-199c1b5ca32b] Blender Output: Fra:121 Mem:119.91M (Peak 151.55M) | Time:00:00.03 | Rendering 1 / 64 samples

[2025-07-27T17:33:11.602Z] [DEBUG] [12c063d9-8c7c-4ecd-8437-199c1b5ca32b] Blender Output: Fra:121 Mem:119.91M (Peak 151.55M) | Time:00:00.18 | Rendering 25 / 64 samples

[2025-07-27T17:33:11.758Z] [DEBUG] [12c063d9-8c7c-4ecd-8437-199c1b5ca32b] Blender Output: Fra:121 Mem:119.91M (Peak 151.55M) | Time:00:00.34 | Rendering 50 / 64 samples

[2025-07-27T17:33:11.845Z] [DEBUG] [12c063d9-8c7c-4ecd-8437-199c1b5ca32b] Blender Output: Fra:121 Mem:119.91M (Peak 151.55M) | Time:00:00.43 | Rendering 64 / 64 samples

[2025-07-27T17:33:11.922Z] [DEBUG] [12c063d9-8c7c-4ecd-8437-199c1b5ca32b] Blender Output: Append frame 121
Time: 00:00.50 (Saving: 00:00.03)


[2025-07-27T17:33:11.959Z] [DEBUG] [12c063d9-8c7c-4ecd-8437-199c1b5ca32b] Blender Output: Fra:122 Mem:119.91M (Peak 151.55M) | Time:00:00.03 | Rendering 1 / 64 samples

[2025-07-27T17:33:12.116Z] [DEBUG] [12c063d9-8c7c-4ecd-8437-199c1b5ca32b] Blender Output: Fra:122 Mem:119.91M (Peak 151.55M) | Time:00:00.19 | Rendering 25 / 64 samples

[2025-07-27T17:33:12.272Z] [DEBUG] [12c063d9-8c7c-4ecd-8437-199c1b5ca32b] Blender Output: Fra:122 Mem:119.91M (Peak 151.55M) | Time:00:00.34 | Rendering 50 / 64 samples

[2025-07-27T17:33:12.360Z] [DEBUG] [12c063d9-8c7c-4ecd-8437-199c1b5ca32b] Blender Output: Fra:122 Mem:119.91M (Peak 151.55M) | Time:00:00.43 | Rendering 64 / 64 samples

[2025-07-27T17:33:12.437Z] [DEBUG] [12c063d9-8c7c-4ecd-8437-199c1b5ca32b] Blender Output: Append frame 122
Time: 00:00.51 (Saving: 00:00.03)


[2025-07-27T17:33:12.474Z] [DEBUG] [12c063d9-8c7c-4ecd-8437-199c1b5ca32b] Blender Output: Fra:123 Mem:119.91M (Peak 151.55M) | Time:00:00.03 | Rendering 1 / 64 samples

[2025-07-27T17:33:12.626Z] [DEBUG] [12c063d9-8c7c-4ecd-8437-199c1b5ca32b] Blender Output: Fra:123 Mem:119.91M (Peak 151.55M) | Time:00:00.18 | Rendering 25 / 64 samples

[2025-07-27T17:33:12.780Z] [DEBUG] [12c063d9-8c7c-4ecd-8437-199c1b5ca32b] Blender Output: Fra:123 Mem:119.91M (Peak 151.55M) | Time:00:00.34 | Rendering 50 / 64 samples

[2025-07-27T17:33:12.867Z] [DEBUG] [12c063d9-8c7c-4ecd-8437-199c1b5ca32b] Blender Output: Fra:123 Mem:119.91M (Peak 151.55M) | Time:00:00.43 | Rendering 64 / 64 samples

[2025-07-27T17:33:12.944Z] [DEBUG] [12c063d9-8c7c-4ecd-8437-199c1b5ca32b] Blender Output: Append frame 123
Time: 00:00.50 (Saving: 00:00.03)


[2025-07-27T17:33:12.981Z] [DEBUG] [12c063d9-8c7c-4ecd-8437-199c1b5ca32b] Blender Output: Fra:124 Mem:119.91M (Peak 151.55M) | Time:00:00.03 | Rendering 1 / 64 samples

[2025-07-27T17:33:13.133Z] [DEBUG] [12c063d9-8c7c-4ecd-8437-199c1b5ca32b] Blender Output: Fra:124 Mem:119.91M (Peak 151.55M) | Time:00:00.18 | Rendering 25 / 64 samples

[2025-07-27T17:33:13.287Z] [DEBUG] [12c063d9-8c7c-4ecd-8437-199c1b5ca32b] Blender Output: Fra:124 Mem:119.91M (Peak 151.55M) | Time:00:00.34 | Rendering 50 / 64 samples

[2025-07-27T17:33:13.373Z] [DEBUG] [12c063d9-8c7c-4ecd-8437-199c1b5ca32b] Blender Output: Fra:124 Mem:119.91M (Peak 151.55M) | Time:00:00.42 | Rendering 64 / 64 samples

[2025-07-27T17:33:13.450Z] [DEBUG] [12c063d9-8c7c-4ecd-8437-199c1b5ca32b] Blender Output: Append frame 124
Time: 00:00.50 (Saving: 00:00.03)


[2025-07-27T17:33:13.487Z] [DEBUG] [12c063d9-8c7c-4ecd-8437-199c1b5ca32b] Blender Output: Fra:125 Mem:119.91M (Peak 151.55M) | Time:00:00.03 | Rendering 1 / 64 samples

[2025-07-27T17:33:13.643Z] [DEBUG] [12c063d9-8c7c-4ecd-8437-199c1b5ca32b] Blender Output: Fra:125 Mem:119.91M (Peak 151.55M) | Time:00:00.19 | Rendering 25 / 64 samples

[2025-07-27T17:33:13.799Z] [DEBUG] [12c063d9-8c7c-4ecd-8437-199c1b5ca32b] Blender Output: Fra:125 Mem:119.91M (Peak 151.55M) | Time:00:00.34 | Rendering 50 / 64 samples

[2025-07-27T17:33:13.886Z] [DEBUG] [12c063d9-8c7c-4ecd-8437-199c1b5ca32b] Blender Output: Fra:125 Mem:119.91M (Peak 151.55M) | Time:00:00.43 | Rendering 64 / 64 samples

[2025-07-27T17:33:13.959Z] [DEBUG] [12c063d9-8c7c-4ecd-8437-199c1b5ca32b] Blender Output: Append frame 125
Time: 00:00.50 (Saving: 00:00.03)


[2025-07-27T17:33:13.998Z] [DEBUG] [12c063d9-8c7c-4ecd-8437-199c1b5ca32b] Blender Output: Fra:126 Mem:119.91M (Peak 151.55M) | Time:00:00.03 | Rendering 1 / 64 samples

[2025-07-27T17:33:14.150Z] [DEBUG] [12c063d9-8c7c-4ecd-8437-199c1b5ca32b] Blender Output: Fra:126 Mem:119.91M (Peak 151.55M) | Time:00:00.19 | Rendering 25 / 64 samples

[2025-07-27T17:33:14.304Z] [DEBUG] [12c063d9-8c7c-4ecd-8437-199c1b5ca32b] Blender Output: Fra:126 Mem:119.91M (Peak 151.55M) | Time:00:00.34 | Rendering 50 / 64 samples

[2025-07-27T17:33:14.390Z] [DEBUG] [12c063d9-8c7c-4ecd-8437-199c1b5ca32b] Blender Output: Fra:126 Mem:119.91M (Peak 151.55M) | Time:00:00.43 | Rendering 64 / 64 samples

[2025-07-27T17:33:14.467Z] [DEBUG] [12c063d9-8c7c-4ecd-8437-199c1b5ca32b] Blender Output: Append frame 126
Time: 00:00.50 (Saving: 00:00.03)


[2025-07-27T17:33:14.503Z] [DEBUG] [12c063d9-8c7c-4ecd-8437-199c1b5ca32b] Blender Output: Fra:127 Mem:119.91M (Peak 151.55M) | Time:00:00.03 | Rendering 1 / 64 samples

[2025-07-27T17:33:14.653Z] [DEBUG] [12c063d9-8c7c-4ecd-8437-199c1b5ca32b] Blender Output: Fra:127 Mem:119.91M (Peak 151.55M) | Time:00:00.18 | Rendering 25 / 64 samples

[2025-07-27T17:33:14.806Z] [DEBUG] [12c063d9-8c7c-4ecd-8437-199c1b5ca32b] Blender Output: Fra:127 Mem:119.91M (Peak 151.55M) | Time:00:00.33 | Rendering 50 / 64 samples

[2025-07-27T17:33:14.892Z] [DEBUG] [12c063d9-8c7c-4ecd-8437-199c1b5ca32b] Blender Output: Fra:127 Mem:119.91M (Peak 151.55M) | Time:00:00.42 | Rendering 64 / 64 samples

[2025-07-27T17:33:14.967Z] [DEBUG] [12c063d9-8c7c-4ecd-8437-199c1b5ca32b] Blender Output: Append frame 127
Time: 00:00.49 (Saving: 00:00.03)


[2025-07-27T17:33:15.004Z] [DEBUG] [12c063d9-8c7c-4ecd-8437-199c1b5ca32b] Blender Output: Fra:128 Mem:119.91M (Peak 151.55M) | Time:00:00.03 | Rendering 1 / 64 samples

[2025-07-27T17:33:15.154Z] [DEBUG] [12c063d9-8c7c-4ecd-8437-199c1b5ca32b] Blender Output: Fra:128 Mem:119.91M (Peak 151.55M) | Time:00:00.18 | Rendering 25 / 64 samples

[2025-07-27T17:33:15.308Z] [DEBUG] [12c063d9-8c7c-4ecd-8437-199c1b5ca32b] Blender Output: Fra:128 Mem:119.91M (Peak 151.55M) | Time:00:00.34 | Rendering 50 / 64 samples

[2025-07-27T17:33:15.395Z] [DEBUG] [12c063d9-8c7c-4ecd-8437-199c1b5ca32b] Blender Output: Fra:128 Mem:119.91M (Peak 151.55M) | Time:00:00.42 | Rendering 64 / 64 samples

[2025-07-27T17:33:15.471Z] [DEBUG] [12c063d9-8c7c-4ecd-8437-199c1b5ca32b] Blender Output: Append frame 128
Time: 00:00.50 (Saving: 00:00.03)


[2025-07-27T17:33:15.507Z] [DEBUG] [12c063d9-8c7c-4ecd-8437-199c1b5ca32b] Blender Output: Fra:129 Mem:119.91M (Peak 151.55M) | Time:00:00.03 | Rendering 1 / 64 samples

[2025-07-27T17:33:15.659Z] [DEBUG] [12c063d9-8c7c-4ecd-8437-199c1b5ca32b] Blender Output: Fra:129 Mem:119.91M (Peak 151.55M) | Time:00:00.18 | Rendering 25 / 64 samples

[2025-07-27T17:33:15.814Z] [DEBUG] [12c063d9-8c7c-4ecd-8437-199c1b5ca32b] Blender Output: Fra:129 Mem:119.91M (Peak 151.55M) | Time:00:00.34 | Rendering 50 / 64 samples

[2025-07-27T17:33:15.900Z] [DEBUG] [12c063d9-8c7c-4ecd-8437-199c1b5ca32b] Blender Output: Fra:129 Mem:119.91M (Peak 151.55M) | Time:00:00.42 | Rendering 64 / 64 samples

[2025-07-27T17:33:15.975Z] [DEBUG] [12c063d9-8c7c-4ecd-8437-199c1b5ca32b] Blender Output: Append frame 129
Time: 00:00.50 (Saving: 00:00.03)


[2025-07-27T17:33:16.012Z] [DEBUG] [12c063d9-8c7c-4ecd-8437-199c1b5ca32b] Blender Output: Fra:130 Mem:119.91M (Peak 151.55M) | Time:00:00.03 | Rendering 1 / 64 samples

[2025-07-27T17:33:16.163Z] [DEBUG] [12c063d9-8c7c-4ecd-8437-199c1b5ca32b] Blender Output: Fra:130 Mem:119.91M (Peak 151.55M) | Time:00:00.18 | Rendering 25 / 64 samples

[2025-07-27T17:33:16.319Z] [DEBUG] [12c063d9-8c7c-4ecd-8437-199c1b5ca32b] Blender Output: Fra:130 Mem:119.91M (Peak 151.55M) | Time:00:00.34 | Rendering 50 / 64 samples

[2025-07-27T17:33:16.405Z] [DEBUG] [12c063d9-8c7c-4ecd-8437-199c1b5ca32b] Blender Output: Fra:130 Mem:119.91M (Peak 151.55M) | Time:00:00.42 | Rendering 64 / 64 samples

[2025-07-27T17:33:16.478Z] [DEBUG] [12c063d9-8c7c-4ecd-8437-199c1b5ca32b] Blender Output: Append frame 130
Time: 00:00.50 (Saving: 00:00.03)


[2025-07-27T17:33:16.515Z] [DEBUG] [12c063d9-8c7c-4ecd-8437-199c1b5ca32b] Blender Output: Fra:131 Mem:119.91M (Peak 151.55M) | Time:00:00.03 | Rendering 1 / 64 samples

[2025-07-27T17:33:16.668Z] [DEBUG] [12c063d9-8c7c-4ecd-8437-199c1b5ca32b] Blender Output: Fra:131 Mem:119.91M (Peak 151.55M) | Time:00:00.18 | Rendering 25 / 64 samples

[2025-07-27T17:33:16.823Z] [DEBUG] [12c063d9-8c7c-4ecd-8437-199c1b5ca32b] Blender Output: Fra:131 Mem:119.91M (Peak 151.55M) | Time:00:00.34 | Rendering 50 / 64 samples

[2025-07-27T17:33:16.910Z] [DEBUG] [12c063d9-8c7c-4ecd-8437-199c1b5ca32b] Blender Output: Fra:131 Mem:119.91M (Peak 151.55M) | Time:00:00.43 | Rendering 64 / 64 samples

[2025-07-27T17:33:16.985Z] [DEBUG] [12c063d9-8c7c-4ecd-8437-199c1b5ca32b] Blender Output: Append frame 131
Time: 00:00.50 (Saving: 00:00.03)


[2025-07-27T17:33:17.022Z] [DEBUG] [12c063d9-8c7c-4ecd-8437-199c1b5ca32b] Blender Output: Fra:132 Mem:119.91M (Peak 151.55M) | Time:00:00.03 | Rendering 1 / 64 samples

[2025-07-27T17:33:17.175Z] [DEBUG] [12c063d9-8c7c-4ecd-8437-199c1b5ca32b] Blender Output: Fra:132 Mem:119.91M (Peak 151.55M) | Time:00:00.18 | Rendering 25 / 64 samples

[2025-07-27T17:33:17.331Z] [DEBUG] [12c063d9-8c7c-4ecd-8437-199c1b5ca32b] Blender Output: Fra:132 Mem:119.91M (Peak 151.55M) | Time:00:00.34 | Rendering 50 / 64 samples

[2025-07-27T17:33:17.418Z] [DEBUG] [12c063d9-8c7c-4ecd-8437-199c1b5ca32b] Blender Output: Fra:132 Mem:119.91M (Peak 151.55M) | Time:00:00.43 | Rendering 64 / 64 samples

[2025-07-27T17:33:17.496Z] [DEBUG] [12c063d9-8c7c-4ecd-8437-199c1b5ca32b] Blender Output: Append frame 132
Time: 00:00.51 (Saving: 00:00.03)


[2025-07-27T17:33:17.544Z] [DEBUG] [12c063d9-8c7c-4ecd-8437-199c1b5ca32b] Blender Output: Fra:133 Mem:119.91M (Peak 151.55M) | Time:00:00.04 | Rendering 1 / 64 samples

[2025-07-27T17:33:17.695Z] [DEBUG] [12c063d9-8c7c-4ecd-8437-199c1b5ca32b] Blender Output: Fra:133 Mem:119.91M (Peak 151.55M) | Time:00:00.19 | Rendering 25 / 64 samples

[2025-07-27T17:33:17.851Z] [DEBUG] [12c063d9-8c7c-4ecd-8437-199c1b5ca32b] Blender Output: Fra:133 Mem:119.91M (Peak 151.55M) | Time:00:00.35 | Rendering 50 / 64 samples

[2025-07-27T17:33:17.938Z] [DEBUG] [12c063d9-8c7c-4ecd-8437-199c1b5ca32b] Blender Output: Fra:133 Mem:119.91M (Peak 151.55M) | Time:00:00.44 | Rendering 64 / 64 samples

[2025-07-27T17:33:18.017Z] [DEBUG] [12c063d9-8c7c-4ecd-8437-199c1b5ca32b] Blender Output: Append frame 133
Time: 00:00.52 (Saving: 00:00.03)


[2025-07-27T17:33:18.054Z] [DEBUG] [12c063d9-8c7c-4ecd-8437-199c1b5ca32b] Blender Output: Fra:134 Mem:119.91M (Peak 151.55M) | Time:00:00.03 | Rendering 1 / 64 samples

[2025-07-27T17:33:18.208Z] [DEBUG] [12c063d9-8c7c-4ecd-8437-199c1b5ca32b] Blender Output: Fra:134 Mem:119.91M (Peak 151.55M) | Time:00:00.19 | Rendering 25 / 64 samples

[2025-07-27T17:33:18.374Z] [DEBUG] [12c063d9-8c7c-4ecd-8437-199c1b5ca32b] Blender Output: Fra:134 Mem:119.91M (Peak 151.55M) | Time:00:00.35 | Rendering 50 / 64 samples

[2025-07-27T17:33:18.462Z] [DEBUG] [12c063d9-8c7c-4ecd-8437-199c1b5ca32b] Blender Output: Fra:134 Mem:119.91M (Peak 151.55M) | Time:00:00.44 | Rendering 64 / 64 samples

[2025-07-27T17:33:18.540Z] [DEBUG] [12c063d9-8c7c-4ecd-8437-199c1b5ca32b] Blender Output: Append frame 134
Time: 00:00.52 (Saving: 00:00.03)


[2025-07-27T17:33:18.577Z] [DEBUG] [12c063d9-8c7c-4ecd-8437-199c1b5ca32b] Blender Output: Fra:135 Mem:119.91M (Peak 151.55M) | Time:00:00.03 | Rendering 1 / 64 samples

[2025-07-27T17:33:18.730Z] [DEBUG] [12c063d9-8c7c-4ecd-8437-199c1b5ca32b] Blender Output: Fra:135 Mem:119.91M (Peak 151.55M) | Time:00:00.18 | Rendering 25 / 64 samples

[2025-07-27T17:33:18.886Z] [DEBUG] [12c063d9-8c7c-4ecd-8437-199c1b5ca32b] Blender Output: Fra:135 Mem:119.91M (Peak 151.55M) | Time:00:00.34 | Rendering 50 / 64 samples

[2025-07-27T17:33:18.975Z] [DEBUG] [12c063d9-8c7c-4ecd-8437-199c1b5ca32b] Blender Output: Fra:135 Mem:119.91M (Peak 151.55M) | Time:00:00.43 | Rendering 64 / 64 samples

[2025-07-27T17:33:19.052Z] [DEBUG] [12c063d9-8c7c-4ecd-8437-199c1b5ca32b] Blender Output: Append frame 135
Time: 00:00.51 (Saving: 00:00.03)


[2025-07-27T17:33:19.089Z] [DEBUG] [12c063d9-8c7c-4ecd-8437-199c1b5ca32b] Blender Output: Fra:136 Mem:119.91M (Peak 151.55M) | Time:00:00.03 | Rendering 1 / 64 samples

[2025-07-27T17:33:19.241Z] [DEBUG] [12c063d9-8c7c-4ecd-8437-199c1b5ca32b] Blender Output: Fra:136 Mem:119.91M (Peak 151.55M) | Time:00:00.18 | Rendering 25 / 64 samples

[2025-07-27T17:33:19.394Z] [DEBUG] [12c063d9-8c7c-4ecd-8437-199c1b5ca32b] Blender Output: Fra:136 Mem:119.91M (Peak 151.55M) | Time:00:00.34 | Rendering 50 / 64 samples

[2025-07-27T17:33:19.481Z] [DEBUG] [12c063d9-8c7c-4ecd-8437-199c1b5ca32b] Blender Output: Fra:136 Mem:119.91M (Peak 151.55M) | Time:00:00.42 | Rendering 64 / 64 samples

[2025-07-27T17:33:19.557Z] [DEBUG] [12c063d9-8c7c-4ecd-8437-199c1b5ca32b] Blender Output: Append frame 136
Time: 00:00.50 (Saving: 00:00.03)


[2025-07-27T17:33:19.594Z] [DEBUG] [12c063d9-8c7c-4ecd-8437-199c1b5ca32b] Blender Output: Fra:137 Mem:119.91M (Peak 151.55M) | Time:00:00.03 | Rendering 1 / 64 samples

[2025-07-27T17:33:19.745Z] [DEBUG] [12c063d9-8c7c-4ecd-8437-199c1b5ca32b] Blender Output: Fra:137 Mem:119.91M (Peak 151.55M) | Time:00:00.18 | Rendering 25 / 64 samples

[2025-07-27T17:33:19.900Z] [DEBUG] [12c063d9-8c7c-4ecd-8437-199c1b5ca32b] Blender Output: Fra:137 Mem:119.91M (Peak 151.55M) | Time:00:00.34 | Rendering 50 / 64 samples

[2025-07-27T17:33:19.986Z] [DEBUG] [12c063d9-8c7c-4ecd-8437-199c1b5ca32b] Blender Output: Fra:137 Mem:119.91M (Peak 151.55M) | Time:00:00.42 | Rendering 64 / 64 samples

[2025-07-27T17:33:20.063Z] [DEBUG] [12c063d9-8c7c-4ecd-8437-199c1b5ca32b] Blender Output: Append frame 137
Time: 00:00.50 (Saving: 00:00.03)


[2025-07-27T17:33:20.100Z] [DEBUG] [12c063d9-8c7c-4ecd-8437-199c1b5ca32b] Blender Output: Fra:138 Mem:119.91M (Peak 151.55M) | Time:00:00.03 | Rendering 1 / 64 samples

[2025-07-27T17:33:20.251Z] [DEBUG] [12c063d9-8c7c-4ecd-8437-199c1b5ca32b] Blender Output: Fra:138 Mem:119.91M (Peak 151.55M) | Time:00:00.18 | Rendering 25 / 64 samples

[2025-07-27T17:33:20.407Z] [DEBUG] [12c063d9-8c7c-4ecd-8437-199c1b5ca32b] Blender Output: Fra:138 Mem:119.91M (Peak 151.55M) | Time:00:00.34 | Rendering 50 / 64 samples

[2025-07-27T17:33:20.493Z] [DEBUG] [12c063d9-8c7c-4ecd-8437-199c1b5ca32b] Blender Output: Fra:138 Mem:119.91M (Peak 151.55M) | Time:00:00.42 | Rendering 64 / 64 samples

[2025-07-27T17:33:20.568Z] [DEBUG] [12c063d9-8c7c-4ecd-8437-199c1b5ca32b] Blender Output: Append frame 138
Time: 00:00.50 (Saving: 00:00.03)


[2025-07-27T17:33:20.604Z] [DEBUG] [12c063d9-8c7c-4ecd-8437-199c1b5ca32b] Blender Output: Fra:139 Mem:119.91M (Peak 151.55M) | Time:00:00.03 | Rendering 1 / 64 samples

[2025-07-27T17:33:20.755Z] [DEBUG] [12c063d9-8c7c-4ecd-8437-199c1b5ca32b] Blender Output: Fra:139 Mem:119.91M (Peak 151.55M) | Time:00:00.18 | Rendering 25 / 64 samples

[2025-07-27T17:33:20.908Z] [DEBUG] [12c063d9-8c7c-4ecd-8437-199c1b5ca32b] Blender Output: Fra:139 Mem:119.91M (Peak 151.55M) | Time:00:00.34 | Rendering 50 / 64 samples

[2025-07-27T17:33:20.994Z] [DEBUG] [12c063d9-8c7c-4ecd-8437-199c1b5ca32b] Blender Output: Fra:139 Mem:119.91M (Peak 151.55M) | Time:00:00.42 | Rendering 64 / 64 samples

[2025-07-27T17:33:21.069Z] [DEBUG] [12c063d9-8c7c-4ecd-8437-199c1b5ca32b] Blender Output: Append frame 139
Time: 00:00.50 (Saving: 00:00.03)


[2025-07-27T17:33:21.106Z] [DEBUG] [12c063d9-8c7c-4ecd-8437-199c1b5ca32b] Blender Output: Fra:140 Mem:119.91M (Peak 151.55M) | Time:00:00.03 | Rendering 1 / 64 samples

[2025-07-27T17:33:21.256Z] [DEBUG] [12c063d9-8c7c-4ecd-8437-199c1b5ca32b] Blender Output: Fra:140 Mem:119.91M (Peak 151.55M) | Time:00:00.18 | Rendering 25 / 64 samples

[2025-07-27T17:33:21.409Z] [DEBUG] [12c063d9-8c7c-4ecd-8437-199c1b5ca32b] Blender Output: Fra:140 Mem:119.91M (Peak 151.55M) | Time:00:00.33 | Rendering 50 / 64 samples

[2025-07-27T17:33:21.495Z] [DEBUG] [12c063d9-8c7c-4ecd-8437-199c1b5ca32b] Blender Output: Fra:140 Mem:119.91M (Peak 151.55M) | Time:00:00.42 | Rendering 64 / 64 samples

[2025-07-27T17:33:21.573Z] [DEBUG] [12c063d9-8c7c-4ecd-8437-199c1b5ca32b] Blender Output: Append frame 140
Time: 00:00.50 (Saving: 00:00.03)


[2025-07-27T17:33:21.609Z] [DEBUG] [12c063d9-8c7c-4ecd-8437-199c1b5ca32b] Blender Output: Fra:141 Mem:119.91M (Peak 151.55M) | Time:00:00.03 | Rendering 1 / 64 samples

[2025-07-27T17:33:21.760Z] [DEBUG] [12c063d9-8c7c-4ecd-8437-199c1b5ca32b] Blender Output: Fra:141 Mem:119.91M (Peak 151.55M) | Time:00:00.18 | Rendering 25 / 64 samples

[2025-07-27T17:33:21.914Z] [DEBUG] [12c063d9-8c7c-4ecd-8437-199c1b5ca32b] Blender Output: Fra:141 Mem:119.91M (Peak 151.55M) | Time:00:00.34 | Rendering 50 / 64 samples

[2025-07-27T17:33:22.001Z] [DEBUG] [12c063d9-8c7c-4ecd-8437-199c1b5ca32b] Blender Output: Fra:141 Mem:119.91M (Peak 151.55M) | Time:00:00.42 | Rendering 64 / 64 samples

[2025-07-27T17:33:22.079Z] [DEBUG] [12c063d9-8c7c-4ecd-8437-199c1b5ca32b] Blender Output: Append frame 141
Time: 00:00.50 (Saving: 00:00.03)


[2025-07-27T17:33:22.116Z] [DEBUG] [12c063d9-8c7c-4ecd-8437-199c1b5ca32b] Blender Output: Fra:142 Mem:119.91M (Peak 151.55M) | Time:00:00.03 | Rendering 1 / 64 samples

[2025-07-27T17:33:22.268Z] [DEBUG] [12c063d9-8c7c-4ecd-8437-199c1b5ca32b] Blender Output: Fra:142 Mem:119.91M (Peak 151.55M) | Time:00:00.18 | Rendering 25 / 64 samples

[2025-07-27T17:33:22.422Z] [DEBUG] [12c063d9-8c7c-4ecd-8437-199c1b5ca32b] Blender Output: Fra:142 Mem:119.91M (Peak 151.55M) | Time:00:00.34 | Rendering 50 / 64 samples

[2025-07-27T17:33:22.508Z] [DEBUG] [12c063d9-8c7c-4ecd-8437-199c1b5ca32b] Blender Output: Fra:142 Mem:119.91M (Peak 151.55M) | Time:00:00.42 | Rendering 64 / 64 samples

[2025-07-27T17:33:22.584Z] [DEBUG] [12c063d9-8c7c-4ecd-8437-199c1b5ca32b] Blender Output: Append frame 142
Time: 00:00.50 (Saving: 00:00.03)


[2025-07-27T17:33:22.773Z] [DEBUG] [12c063d9-8c7c-4ecd-8437-199c1b5ca32b] Blender Output: 🎯 V1.4.0.a.8.1 - HOTFIX BLENDER 4.5+ INICIADO
🛡️ BLINDAGEM: V1.4.0.a.7 sync perfeito preservado
🔧 HOTFIX: APIs compatíveis com Blender 4.5+ e EEVEE_NEXT
📂 Working directory: C:\Users\Denys Victoriano\Documents\GitHub\clone\zentraw\Zentraw\3d_visualizer\Blender
🐍 Python script: C:\Users\Denys Victoriano\Documents\GitHub\clone\zentraw\Zentraw\3d_visualizer\Blender\render_audio_visualizer_v1.4.0.a.8.1.py
🔍 Verificando existência dos arquivos...
✅ Todos os arquivos validados com sucesso
🎵 Áudio: C:\Users\Denys Victoriano\Documents\GitHub\clone\zentraw\Zentraw\3d_visualizer\uploads\1753637526234_audio.wav
🖼️ Imagem: C:\Users\Denys Victoriano\Documents\GitHub\clone\zentraw\Zentraw\3d_visualizer\uploads\1753637526239_image.png
📁 Output (absoluto): C:\Users\Denys Victoriano\Documents\GitHub\clone\zentraw\Zentraw\3d_visualizer\outputs\output_v1.4.0.a.8.mp4
⚙️ Config: C:\Users\Denys Victoriano\Documents\GitHub\clone\zentraw\Zentraw\3d_visualizer\temp\config_12c063d9-8c7c-4ecd-8437-199c1b5ca32b.json
📊 CONFIGURAÇÕES APLICADAS V1.4.0.a.8.1 HOTFIX:
   🎬 Resolução: 1920x1080 (Full HD padrão)
   🎞️ FPS: 30
   🔍 Samples: 128
   ⚡ Engine: BLENDER_EEVEE_NEXT (Eevee Next padrão - Blender 4.5+)
   📊 Amplitude Multiplier: 3.0x (V1.4.0.a.7 BLINDADO)
   🌊 Suavização: 1
   🎧 Canais: mono
   📦 Escala Base: 1.0x
   📈 Escala Máxima: 5.0x
   🎯 Partículas: 64
   📏 Espaçamento: 1.2
🎬 Setting up scene...
🚀 Render engine: BLENDER_EEVEE_NEXT
📐 Resolução: 1920x1080
⚡ Eevee configurado para velocidade (samples: 64)
✅ Samples Eevee configurados
🔒 Definindo caminho de saída do render: C:\Users\Denys Victoriano\Documents\GitHub\clone\zentraw\Zentraw\3d_visualizer\outputs\output_v1.4.0.a.8.mp4
🎵 Carregando áudio...
🎵 Áudio carregado: 227324 samples, 48000Hz, 2 canais
⏱️ Duração: 4.74s, 142 frames @ 30fps
🎯 Criando sistema de cubos...
✅ 64 cubos criados
🎵 Animando baseado no áudio...
✅ Animação completa
🖼️ Adicionando imagem de fundo: C:\Users\Denys Victoriano\Documents\GitHub\clone\zentraw\Zentraw\3d_visualizer\uploads\1753637526239_image.png
🎵 Configurando áudio no sequencer...
🎬 Iniciando render...
📊 Engine: BLENDER_EEVEE_NEXT
📐 Resolução: 1920x1080
⏱️ Frames: 142
🎵 Com áudio: True
🎉 Render concluído com sucesso!
📂 Arquivos no diretório de saída (C:\Users\Denys Victoriano\Documents\GitHub\clone\zentraw\Zentraw\3d_visualizer\outputs):
 - output_v1.4.0.a.8.mp4
✅ Arquivo MP4 gerado: C:\Users\Denys Victoriano\Documents\GitHub\clone\zentraw\Zentraw\3d_visualizer\outputs\output_v1.4.0.a.8.mp4

[2025-07-27T17:33:23.028Z] [DEBUG] [12c063d9-8c7c-4ecd-8437-199c1b5ca32b] Blender Output: 
Blender quit

[2025-07-27T17:33:23.091Z] [INFO] [12c063d9-8c7c-4ecd-8437-199c1b5ca32b] Blender process finalizado com código: 0
[2025-07-27T17:33:23.092Z] [SUCCESS] [12c063d9-8c7c-4ecd-8437-199c1b5ca32b] Render concluído: C:\Users\Denys Victoriano\Documents\GitHub\clone\zentraw\Zentraw\3d_visualizer\outputs\output_v1.4.0.a.8.mp4
[2025-07-27T17:35:28.272Z] [INFO] Health check solicitado
[2025-07-27T17:35:44.209Z] [INFO] [c07d6ee6-4066-4889-9eed-c5f08e703280] Iniciando render parametrizado
[2025-07-27T17:35:44.210Z] [DEBUG] [c07d6ee6-4066-4889-9eed-c5f08e703280] 🔍 DEBUG - audioFile: {"fieldname":"audio","originalname":"sample_audio3.wav","encoding":"7bit","mimetype":"audio/wav","destination":"C:\\Users\\Denys Victoriano\\Documents\\GitHub\\clone\\zentraw\\Zentraw\\3d_visualizer\\uploads","filename":"1753637744203_audio.wav","path":"C:\\Users\\Denys Victoriano\\Documents\\GitHub\\clone\\zentraw\\Zentraw\\3d_visualizer\\uploads\\1753637744203_audio.wav","size":909502}
[2025-07-27T17:35:44.211Z] [DEBUG] [c07d6ee6-4066-4889-9eed-c5f08e703280] 🔍 DEBUG - imageFile: {"fieldname":"image","originalname":"sample_cover.jpg","encoding":"7bit","mimetype":"image/jpeg","destination":"C:\\Users\\Denys Victoriano\\Documents\\GitHub\\clone\\zentraw\\Zentraw\\3d_visualizer\\uploads","filename":"1753637744207_image.jpg","path":"C:\\Users\\Denys Victoriano\\Documents\\GitHub\\clone\\zentraw\\Zentraw\\3d_visualizer\\uploads\\1753637744207_image.jpg","size":362360}
[2025-07-27T17:35:44.324Z] [INFO] [c07d6ee6-4066-4889-9eed-c5f08e703280] Executando Blender: C:\Program Files\Blender Foundation\Blender 4.5\blender.exe C:\Users\Denys Victoriano\Documents\GitHub\clone\zentraw\Zentraw\3d_visualizer\Blender\template.blend --background --python C:\Users\Denys Victoriano\Documents\GitHub\clone\zentraw\Zentraw\3d_visualizer\Blender\render_audio_visualizer_v1.4.0.a.8.1.py -- C:\Users\Denys Victoriano\Documents\GitHub\clone\zentraw\Zentraw\3d_visualizer\uploads\1753637744203_audio.wav C:\Users\Denys Victoriano\Documents\GitHub\clone\zentraw\Zentraw\3d_visualizer\uploads\1753637744207_image.jpg C:\Users\Denys Victoriano\Documents\GitHub\clone\zentraw\Zentraw\3d_visualizer\outputs\output_v1.4.0.a.8.mp4 C:\Users\Denys Victoriano\Documents\GitHub\clone\zentraw\Zentraw\3d_visualizer\temp\config_c07d6ee6-4066-4889-9eed-c5f08e703280.json
[2025-07-27T17:35:47.577Z] [DEBUG] [c07d6ee6-4066-4889-9eed-c5f08e703280] Blender Output: Blender 4.5.0 (hash 8cb6b388974a built 2025-07-15 01:36:24)
Read blend: "C:\Users\Denys Victoriano\Documents\GitHub\clone\zentraw\Zentraw\3d_visualizer\Blender\template.blend"
Fra:1 Mem:118.68M (Peak 127.29M) | Time:00:00.47 | Rendering 1 / 64 samples

[2025-07-27T17:35:47.719Z] [DEBUG] [c07d6ee6-4066-4889-9eed-c5f08e703280] Blender Output: Fra:1 Mem:119.01M (Peak 127.29M) | Time:00:00.62 | Rendering 25 / 64 samples

[2025-07-27T17:35:47.859Z] [DEBUG] [c07d6ee6-4066-4889-9eed-c5f08e703280] Blender Output: Fra:1 Mem:119.01M (Peak 127.29M) | Time:00:00.75 | Rendering 50 / 64 samples

[2025-07-27T17:35:47.934Z] [DEBUG] [c07d6ee6-4066-4889-9eed-c5f08e703280] Blender Output: Fra:1 Mem:119.01M (Peak 127.29M) | Time:00:00.83 | Rendering 64 / 64 samples

[2025-07-27T17:35:48.189Z] [DEBUG] [c07d6ee6-4066-4889-9eed-c5f08e703280] Blender Output: Append frame 1
Time: 00:01.08 (Saving: 00:00.21)


[2025-07-27T17:35:48.240Z] [DEBUG] [c07d6ee6-4066-4889-9eed-c5f08e703280] Blender Output: Fra:2 Mem:119.15M (Peak 150.65M) | Time:00:00.05 | Rendering 1 / 64 samples

[2025-07-27T17:35:48.391Z] [DEBUG] [c07d6ee6-4066-4889-9eed-c5f08e703280] Blender Output: Fra:2 Mem:119.20M (Peak 150.65M) | Time:00:00.20 | Rendering 25 / 64 samples

[2025-07-27T17:35:48.544Z] [DEBUG] [c07d6ee6-4066-4889-9eed-c5f08e703280] Blender Output: Fra:2 Mem:119.20M (Peak 150.65M) | Time:00:00.35 | Rendering 50 / 64 samples

[2025-07-27T17:35:48.630Z] [DEBUG] [c07d6ee6-4066-4889-9eed-c5f08e703280] Blender Output: Fra:2 Mem:119.20M (Peak 150.65M) | Time:00:00.44 | Rendering 64 / 64 samples

[2025-07-27T17:35:48.732Z] [DEBUG] [c07d6ee6-4066-4889-9eed-c5f08e703280] Blender Output: Append frame 2
Time: 00:00.54 (Saving: 00:00.04)


[2025-07-27T17:35:48.768Z] [DEBUG] [c07d6ee6-4066-4889-9eed-c5f08e703280] Blender Output: Fra:3 Mem:119.20M (Peak 150.84M) | Time:00:00.03 | Rendering 1 / 64 samples

[2025-07-27T17:35:48.918Z] [DEBUG] [c07d6ee6-4066-4889-9eed-c5f08e703280] Blender Output: Fra:3 Mem:119.20M (Peak 150.84M) | Time:00:00.18 | Rendering 25 / 64 samples

[2025-07-27T17:35:49.072Z] [DEBUG] [c07d6ee6-4066-4889-9eed-c5f08e703280] Blender Output: Fra:3 Mem:119.20M (Peak 150.84M) | Time:00:00.33 | Rendering 50 / 64 samples

[2025-07-27T17:35:49.157Z] [DEBUG] [c07d6ee6-4066-4889-9eed-c5f08e703280] Blender Output: Fra:3 Mem:119.20M (Peak 150.84M) | Time:00:00.42 | Rendering 64 / 64 samples

[2025-07-27T17:35:49.241Z] [DEBUG] [c07d6ee6-4066-4889-9eed-c5f08e703280] Blender Output: Append frame 3
Time: 00:00.50 (Saving: 00:00.03)


[2025-07-27T17:35:49.277Z] [DEBUG] [c07d6ee6-4066-4889-9eed-c5f08e703280] Blender Output: Fra:4 Mem:119.20M (Peak 150.84M) | Time:00:00.03 | Rendering 1 / 64 samples

[2025-07-27T17:35:49.427Z] [DEBUG] [c07d6ee6-4066-4889-9eed-c5f08e703280] Blender Output: Fra:4 Mem:119.20M (Peak 150.84M) | Time:00:00.18 | Rendering 25 / 64 samples

[2025-07-27T17:35:49.581Z] [DEBUG] [c07d6ee6-4066-4889-9eed-c5f08e703280] Blender Output: Fra:4 Mem:119.20M (Peak 150.84M) | Time:00:00.34 | Rendering 50 / 64 samples

[2025-07-27T17:35:49.669Z] [DEBUG] [c07d6ee6-4066-4889-9eed-c5f08e703280] Blender Output: Fra:4 Mem:119.20M (Peak 150.84M) | Time:00:00.42 | Rendering 64 / 64 samples

[2025-07-27T17:35:49.750Z] [DEBUG] [c07d6ee6-4066-4889-9eed-c5f08e703280] Blender Output: Append frame 4
Time: 00:00.50 (Saving: 00:00.03)


[2025-07-27T17:35:49.785Z] [DEBUG] [c07d6ee6-4066-4889-9eed-c5f08e703280] Blender Output: Fra:5 Mem:119.20M (Peak 150.84M) | Time:00:00.03 | Rendering 1 / 64 samples

[2025-07-27T17:35:49.936Z] [DEBUG] [c07d6ee6-4066-4889-9eed-c5f08e703280] Blender Output: Fra:5 Mem:119.20M (Peak 150.84M) | Time:00:00.18 | Rendering 25 / 64 samples

[2025-07-27T17:35:50.090Z] [DEBUG] [c07d6ee6-4066-4889-9eed-c5f08e703280] Blender Output: Fra:5 Mem:119.20M (Peak 150.84M) | Time:00:00.34 | Rendering 50 / 64 samples

[2025-07-27T17:35:50.178Z] [DEBUG] [c07d6ee6-4066-4889-9eed-c5f08e703280] Blender Output: Fra:5 Mem:119.20M (Peak 150.84M) | Time:00:00.42 | Rendering 64 / 64 samples

[2025-07-27T17:35:50.259Z] [DEBUG] [c07d6ee6-4066-4889-9eed-c5f08e703280] Blender Output: Append frame 5
Time: 00:00.50 (Saving: 00:00.03)


[2025-07-27T17:35:50.296Z] [DEBUG] [c07d6ee6-4066-4889-9eed-c5f08e703280] Blender Output: Fra:6 Mem:119.20M (Peak 150.84M) | Time:00:00.03 | Rendering 1 / 64 samples

[2025-07-27T17:35:50.447Z] [DEBUG] [c07d6ee6-4066-4889-9eed-c5f08e703280] Blender Output: Fra:6 Mem:119.20M (Peak 150.84M) | Time:00:00.18 | Rendering 25 / 64 samples

[2025-07-27T17:35:50.601Z] [DEBUG] [c07d6ee6-4066-4889-9eed-c5f08e703280] Blender Output: Fra:6 Mem:119.20M (Peak 150.84M) | Time:00:00.34 | Rendering 50 / 64 samples

[2025-07-27T17:35:50.687Z] [DEBUG] [c07d6ee6-4066-4889-9eed-c5f08e703280] Blender Output: Fra:6 Mem:119.20M (Peak 150.84M) | Time:00:00.42 | Rendering 64 / 64 samples

[2025-07-27T17:35:50.763Z] [DEBUG] [c07d6ee6-4066-4889-9eed-c5f08e703280] Blender Output: Append frame 6
Time: 00:00.50 (Saving: 00:00.03)


[2025-07-27T17:35:50.798Z] [DEBUG] [c07d6ee6-4066-4889-9eed-c5f08e703280] Blender Output: Fra:7 Mem:119.20M (Peak 150.84M) | Time:00:00.03 | Rendering 1 / 64 samples

[2025-07-27T17:35:50.949Z] [DEBUG] [c07d6ee6-4066-4889-9eed-c5f08e703280] Blender Output: Fra:7 Mem:119.20M (Peak 150.84M) | Time:00:00.18 | Rendering 25 / 64 samples

[2025-07-27T17:35:51.101Z] [DEBUG] [c07d6ee6-4066-4889-9eed-c5f08e703280] Blender Output: Fra:7 Mem:119.20M (Peak 150.84M) | Time:00:00.33 | Rendering 50 / 64 samples

[2025-07-27T17:35:51.188Z] [DEBUG] [c07d6ee6-4066-4889-9eed-c5f08e703280] Blender Output: Fra:7 Mem:119.20M (Peak 150.84M) | Time:00:00.42 | Rendering 64 / 64 samples

[2025-07-27T17:35:51.266Z] [DEBUG] [c07d6ee6-4066-4889-9eed-c5f08e703280] Blender Output: Append frame 7
Time: 00:00.50 (Saving: 00:00.03)


[2025-07-27T17:35:51.302Z] [DEBUG] [c07d6ee6-4066-4889-9eed-c5f08e703280] Blender Output: Fra:8 Mem:119.20M (Peak 150.84M) | Time:00:00.03 | Rendering 1 / 64 samples

[2025-07-27T17:35:51.458Z] [DEBUG] [c07d6ee6-4066-4889-9eed-c5f08e703280] Blender Output: Fra:8 Mem:119.20M (Peak 150.84M) | Time:00:00.19 | Rendering 25 / 64 samples

[2025-07-27T17:35:51.618Z] [DEBUG] [c07d6ee6-4066-4889-9eed-c5f08e703280] Blender Output: Fra:8 Mem:119.20M (Peak 150.84M) | Time:00:00.35 | Rendering 50 / 64 samples

[2025-07-27T17:35:51.708Z] [DEBUG] [c07d6ee6-4066-4889-9eed-c5f08e703280] Blender Output: Fra:8 Mem:119.20M (Peak 150.84M) | Time:00:00.44 | Rendering 64 / 64 samples

[2025-07-27T17:35:51.785Z] [DEBUG] [c07d6ee6-4066-4889-9eed-c5f08e703280] Blender Output: Append frame 8
Time: 00:00.51 (Saving: 00:00.03)


[2025-07-27T17:35:51.826Z] [DEBUG] [c07d6ee6-4066-4889-9eed-c5f08e703280] Blender Output: Fra:9 Mem:119.20M (Peak 150.84M) | Time:00:00.04 | Rendering 1 / 64 samples

[2025-07-27T17:35:51.985Z] [DEBUG] [c07d6ee6-4066-4889-9eed-c5f08e703280] Blender Output: Fra:9 Mem:119.20M (Peak 150.84M) | Time:00:00.20 | Rendering 25 / 64 samples

[2025-07-27T17:35:52.145Z] [DEBUG] [c07d6ee6-4066-4889-9eed-c5f08e703280] Blender Output: Fra:9 Mem:119.20M (Peak 150.84M) | Time:00:00.35 | Rendering 50 / 64 samples

[2025-07-27T17:35:52.234Z] [DEBUG] [c07d6ee6-4066-4889-9eed-c5f08e703280] Blender Output: Fra:9 Mem:119.20M (Peak 150.84M) | Time:00:00.44 | Rendering 64 / 64 samples

[2025-07-27T17:35:52.315Z] [DEBUG] [c07d6ee6-4066-4889-9eed-c5f08e703280] Blender Output: Append frame 9
Time: 00:00.53 (Saving: 00:00.03)


[2025-07-27T17:35:52.351Z] [DEBUG] [c07d6ee6-4066-4889-9eed-c5f08e703280] Blender Output: Fra:10 Mem:119.20M (Peak 150.84M) | Time:00:00.03 | Rendering 1 / 64 samples

[2025-07-27T17:35:52.502Z] [DEBUG] [c07d6ee6-4066-4889-9eed-c5f08e703280] Blender Output: Fra:10 Mem:119.20M (Peak 150.84M) | Time:00:00.18 | Rendering 25 / 64 samples

[2025-07-27T17:35:52.655Z] [DEBUG] [c07d6ee6-4066-4889-9eed-c5f08e703280] Blender Output: Fra:10 Mem:119.20M (Peak 150.84M) | Time:00:00.33 | Rendering 50 / 64 samples

[2025-07-27T17:35:52.742Z] [DEBUG] [c07d6ee6-4066-4889-9eed-c5f08e703280] Blender Output: Fra:10 Mem:119.20M (Peak 150.84M) | Time:00:00.42 | Rendering 64 / 64 samples

[2025-07-27T17:35:52.824Z] [DEBUG] [c07d6ee6-4066-4889-9eed-c5f08e703280] Blender Output: Append frame 10
Time: 00:00.50 (Saving: 00:00.03)


[2025-07-27T17:35:52.865Z] [DEBUG] [c07d6ee6-4066-4889-9eed-c5f08e703280] Blender Output: Fra:11 Mem:119.20M (Peak 150.84M) | Time:00:00.04 | Rendering 1 / 64 samples

[2025-07-27T17:35:53.020Z] [DEBUG] [c07d6ee6-4066-4889-9eed-c5f08e703280] Blender Output: Fra:11 Mem:119.20M (Peak 150.84M) | Time:00:00.19 | Rendering 25 / 64 samples

[2025-07-27T17:35:53.174Z] [DEBUG] [c07d6ee6-4066-4889-9eed-c5f08e703280] Blender Output: Fra:11 Mem:119.20M (Peak 150.84M) | Time:00:00.35 | Rendering 50 / 64 samples

[2025-07-27T17:35:53.260Z] [DEBUG] [c07d6ee6-4066-4889-9eed-c5f08e703280] Blender Output: Fra:11 Mem:119.20M (Peak 150.84M) | Time:00:00.43 | Rendering 64 / 64 samples

[2025-07-27T17:35:53.338Z] [DEBUG] [c07d6ee6-4066-4889-9eed-c5f08e703280] Blender Output: Append frame 11
Time: 00:00.51 (Saving: 00:00.03)


[2025-07-27T17:35:53.375Z] [DEBUG] [c07d6ee6-4066-4889-9eed-c5f08e703280] Blender Output: Fra:12 Mem:119.20M (Peak 150.84M) | Time:00:00.03 | Rendering 1 / 64 samples

[2025-07-27T17:35:53.526Z] [DEBUG] [c07d6ee6-4066-4889-9eed-c5f08e703280] Blender Output: Fra:12 Mem:119.20M (Peak 150.84M) | Time:00:00.18 | Rendering 25 / 64 samples

[2025-07-27T17:35:53.681Z] [DEBUG] [c07d6ee6-4066-4889-9eed-c5f08e703280] Blender Output: Fra:12 Mem:119.20M (Peak 150.84M) | Time:00:00.34 | Rendering 50 / 64 samples

[2025-07-27T17:35:53.768Z] [DEBUG] [c07d6ee6-4066-4889-9eed-c5f08e703280] Blender Output: Fra:12 Mem:119.20M (Peak 150.84M) | Time:00:00.42 | Rendering 64 / 64 samples

[2025-07-27T17:35:53.850Z] [DEBUG] [c07d6ee6-4066-4889-9eed-c5f08e703280] Blender Output: Append frame 12
Time: 00:00.51 (Saving: 00:00.03)


[2025-07-27T17:35:53.885Z] [DEBUG] [c07d6ee6-4066-4889-9eed-c5f08e703280] Blender Output: Fra:13 Mem:119.20M (Peak 150.84M) | Time:00:00.03 | Rendering 1 / 64 samples

[2025-07-27T17:35:54.037Z] [DEBUG] [c07d6ee6-4066-4889-9eed-c5f08e703280] Blender Output: Fra:13 Mem:119.20M (Peak 150.84M) | Time:00:00.18 | Rendering 25 / 64 samples

[2025-07-27T17:35:54.192Z] [DEBUG] [c07d6ee6-4066-4889-9eed-c5f08e703280] Blender Output: Fra:13 Mem:119.20M (Peak 150.84M) | Time:00:00.34 | Rendering 50 / 64 samples

[2025-07-27T17:35:54.280Z] [DEBUG] [c07d6ee6-4066-4889-9eed-c5f08e703280] Blender Output: Fra:13 Mem:119.20M (Peak 150.84M) | Time:00:00.42 | Rendering 64 / 64 samples

[2025-07-27T17:35:54.359Z] [DEBUG] [c07d6ee6-4066-4889-9eed-c5f08e703280] Blender Output: Append frame 13
Time: 00:00.50 (Saving: 00:00.03)


[2025-07-27T17:35:54.395Z] [DEBUG] [c07d6ee6-4066-4889-9eed-c5f08e703280] Blender Output: Fra:14 Mem:119.20M (Peak 150.84M) | Time:00:00.03 | Rendering 1 / 64 samples

[2025-07-27T17:35:54.545Z] [DEBUG] [c07d6ee6-4066-4889-9eed-c5f08e703280] Blender Output: Fra:14 Mem:119.20M (Peak 150.84M) | Time:00:00.18 | Rendering 25 / 64 samples

[2025-07-27T17:35:54.698Z] [DEBUG] [c07d6ee6-4066-4889-9eed-c5f08e703280] Blender Output: Fra:14 Mem:119.20M (Peak 150.84M) | Time:00:00.33 | Rendering 50 / 64 samples

[2025-07-27T17:35:54.784Z] [DEBUG] [c07d6ee6-4066-4889-9eed-c5f08e703280] Blender Output: Fra:14 Mem:119.20M (Peak 150.84M) | Time:00:00.42 | Rendering 64 / 64 samples

[2025-07-27T17:35:54.860Z] [DEBUG] [c07d6ee6-4066-4889-9eed-c5f08e703280] Blender Output: Append frame 14
Time: 00:00.50 (Saving: 00:00.03)


[2025-07-27T17:35:54.897Z] [DEBUG] [c07d6ee6-4066-4889-9eed-c5f08e703280] Blender Output: Fra:15 Mem:119.20M (Peak 150.84M) | Time:00:00.03 | Rendering 1 / 64 samples

[2025-07-27T17:35:55.053Z] [DEBUG] [c07d6ee6-4066-4889-9eed-c5f08e703280] Blender Output: Fra:15 Mem:119.20M (Peak 150.84M) | Time:00:00.19 | Rendering 25 / 64 samples

[2025-07-27T17:35:55.212Z] [DEBUG] [c07d6ee6-4066-4889-9eed-c5f08e703280] Blender Output: Fra:15 Mem:119.20M (Peak 150.84M) | Time:00:00.35 | Rendering 50 / 64 samples

[2025-07-27T17:35:55.302Z] [DEBUG] [c07d6ee6-4066-4889-9eed-c5f08e703280] Blender Output: Fra:15 Mem:119.20M (Peak 150.84M) | Time:00:00.44 | Rendering 64 / 64 samples

[2025-07-27T17:35:55.380Z] [DEBUG] [c07d6ee6-4066-4889-9eed-c5f08e703280] Blender Output: Append frame 15
Time: 00:00.51 (Saving: 00:00.03)


[2025-07-27T17:35:55.416Z] [DEBUG] [c07d6ee6-4066-4889-9eed-c5f08e703280] Blender Output: Fra:16 Mem:119.20M (Peak 150.84M) | Time:00:00.03 | Rendering 1 / 64 samples

[2025-07-27T17:35:55.566Z] [DEBUG] [c07d6ee6-4066-4889-9eed-c5f08e703280] Blender Output: Fra:16 Mem:119.20M (Peak 150.84M) | Time:00:00.18 | Rendering 25 / 64 samples

[2025-07-27T17:35:55.720Z] [DEBUG] [c07d6ee6-4066-4889-9eed-c5f08e703280] Blender Output: Fra:16 Mem:119.20M (Peak 150.84M) | Time:00:00.34 | Rendering 50 / 64 samples

[2025-07-27T17:35:55.808Z] [DEBUG] [c07d6ee6-4066-4889-9eed-c5f08e703280] Blender Output: Fra:16 Mem:119.20M (Peak 150.84M) | Time:00:00.42 | Rendering 64 / 64 samples

[2025-07-27T17:35:55.885Z] [DEBUG] [c07d6ee6-4066-4889-9eed-c5f08e703280] Blender Output: Append frame 16
Time: 00:00.50 (Saving: 00:00.03)


[2025-07-27T17:35:55.921Z] [DEBUG] [c07d6ee6-4066-4889-9eed-c5f08e703280] Blender Output: Fra:17 Mem:119.20M (Peak 150.84M) | Time:00:00.03 | Rendering 1 / 64 samples

[2025-07-27T17:35:56.073Z] [DEBUG] [c07d6ee6-4066-4889-9eed-c5f08e703280] Blender Output: Fra:17 Mem:119.20M (Peak 150.84M) | Time:00:00.18 | Rendering 25 / 64 samples

[2025-07-27T17:35:56.228Z] [DEBUG] [c07d6ee6-4066-4889-9eed-c5f08e703280] Blender Output: Fra:17 Mem:119.20M (Peak 150.84M) | Time:00:00.34 | Rendering 50 / 64 samples

[2025-07-27T17:35:56.316Z] [DEBUG] [c07d6ee6-4066-4889-9eed-c5f08e703280] Blender Output: Fra:17 Mem:119.20M (Peak 150.84M) | Time:00:00.43 | Rendering 64 / 64 samples

[2025-07-27T17:35:56.400Z] [DEBUG] [c07d6ee6-4066-4889-9eed-c5f08e703280] Blender Output: Append frame 17
Time: 00:00.51 (Saving: 00:00.03)


[2025-07-27T17:35:56.436Z] [DEBUG] [c07d6ee6-4066-4889-9eed-c5f08e703280] Blender Output: Fra:18 Mem:119.20M (Peak 150.84M) | Time:00:00.03 | Rendering 1 / 64 samples

[2025-07-27T17:35:56.587Z] [DEBUG] [c07d6ee6-4066-4889-9eed-c5f08e703280] Blender Output: Fra:18 Mem:119.20M (Peak 150.84M) | Time:00:00.18 | Rendering 25 / 64 samples

[2025-07-27T17:35:56.741Z] [DEBUG] [c07d6ee6-4066-4889-9eed-c5f08e703280] Blender Output: Fra:18 Mem:119.20M (Peak 150.84M) | Time:00:00.34 | Rendering 50 / 64 samples

[2025-07-27T17:35:56.828Z] [DEBUG] [c07d6ee6-4066-4889-9eed-c5f08e703280] Blender Output: Fra:18 Mem:119.20M (Peak 150.84M) | Time:00:00.42 | Rendering 64 / 64 samples

[2025-07-27T17:35:56.907Z] [DEBUG] [c07d6ee6-4066-4889-9eed-c5f08e703280] Blender Output: Append frame 18
Time: 00:00.50 (Saving: 00:00.03)


[2025-07-27T17:35:56.943Z] [DEBUG] [c07d6ee6-4066-4889-9eed-c5f08e703280] Blender Output: Fra:19 Mem:119.20M (Peak 150.84M) | Time:00:00.03 | Rendering 1 / 64 samples

[2025-07-27T17:35:57.093Z] [DEBUG] [c07d6ee6-4066-4889-9eed-c5f08e703280] Blender Output: Fra:19 Mem:119.20M (Peak 150.84M) | Time:00:00.18 | Rendering 25 / 64 samples

[2025-07-27T17:35:57.249Z] [DEBUG] [c07d6ee6-4066-4889-9eed-c5f08e703280] Blender Output: Fra:19 Mem:119.20M (Peak 150.84M) | Time:00:00.34 | Rendering 50 / 64 samples

[2025-07-27T17:35:57.336Z] [DEBUG] [c07d6ee6-4066-4889-9eed-c5f08e703280] Blender Output: Fra:19 Mem:119.20M (Peak 150.84M) | Time:00:00.42 | Rendering 64 / 64 samples

[2025-07-27T17:35:57.414Z] [DEBUG] [c07d6ee6-4066-4889-9eed-c5f08e703280] Blender Output: Append frame 19
Time: 00:00.50 (Saving: 00:00.03)


[2025-07-27T17:35:57.450Z] [DEBUG] [c07d6ee6-4066-4889-9eed-c5f08e703280] Blender Output: Fra:20 Mem:119.20M (Peak 150.84M) | Time:00:00.03 | Rendering 1 / 64 samples

[2025-07-27T17:35:57.600Z] [DEBUG] [c07d6ee6-4066-4889-9eed-c5f08e703280] Blender Output: Fra:20 Mem:119.20M (Peak 150.84M) | Time:00:00.18 | Rendering 25 / 64 samples

[2025-07-27T17:35:57.754Z] [DEBUG] [c07d6ee6-4066-4889-9eed-c5f08e703280] Blender Output: Fra:20 Mem:119.20M (Peak 150.84M) | Time:00:00.33 | Rendering 50 / 64 samples

[2025-07-27T17:35:57.842Z] [DEBUG] [c07d6ee6-4066-4889-9eed-c5f08e703280] Blender Output: Fra:20 Mem:119.20M (Peak 150.84M) | Time:00:00.42 | Rendering 64 / 64 samples

[2025-07-27T17:35:57.919Z] [DEBUG] [c07d6ee6-4066-4889-9eed-c5f08e703280] Blender Output: Append frame 20
Time: 00:00.50 (Saving: 00:00.03)


[2025-07-27T17:35:57.957Z] [DEBUG] [c07d6ee6-4066-4889-9eed-c5f08e703280] Blender Output: Fra:21 Mem:119.20M (Peak 150.84M) | Time:00:00.03 | Rendering 1 / 64 samples

[2025-07-27T17:35:58.108Z] [DEBUG] [c07d6ee6-4066-4889-9eed-c5f08e703280] Blender Output: Fra:21 Mem:119.20M (Peak 150.84M) | Time:00:00.18 | Rendering 25 / 64 samples

[2025-07-27T17:35:58.263Z] [DEBUG] [c07d6ee6-4066-4889-9eed-c5f08e703280] Blender Output: Fra:21 Mem:119.20M (Peak 150.84M) | Time:00:00.34 | Rendering 50 / 64 samples

[2025-07-27T17:35:58.349Z] [DEBUG] [c07d6ee6-4066-4889-9eed-c5f08e703280] Blender Output: Fra:21 Mem:119.20M (Peak 150.84M) | Time:00:00.42 | Rendering 64 / 64 samples

[2025-07-27T17:35:58.428Z] [DEBUG] [c07d6ee6-4066-4889-9eed-c5f08e703280] Blender Output: Append frame 21
Time: 00:00.50 (Saving: 00:00.03)


[2025-07-27T17:35:58.465Z] [DEBUG] [c07d6ee6-4066-4889-9eed-c5f08e703280] Blender Output: Fra:22 Mem:119.20M (Peak 150.84M) | Time:00:00.03 | Rendering 1 / 64 samples

[2025-07-27T17:35:58.616Z] [DEBUG] [c07d6ee6-4066-4889-9eed-c5f08e703280] Blender Output: Fra:22 Mem:119.20M (Peak 150.84M) | Time:00:00.18 | Rendering 25 / 64 samples

[2025-07-27T17:35:58.770Z] [DEBUG] [c07d6ee6-4066-4889-9eed-c5f08e703280] Blender Output: Fra:22 Mem:119.20M (Peak 150.84M) | Time:00:00.34 | Rendering 50 / 64 samples

[2025-07-27T17:35:58.855Z] [DEBUG] [c07d6ee6-4066-4889-9eed-c5f08e703280] Blender Output: Fra:22 Mem:119.20M (Peak 150.84M) | Time:00:00.42 | Rendering 64 / 64 samples

[2025-07-27T17:35:58.934Z] [DEBUG] [c07d6ee6-4066-4889-9eed-c5f08e703280] Blender Output: Append frame 22
Time: 00:00.50 (Saving: 00:00.03)


[2025-07-27T17:35:58.972Z] [DEBUG] [c07d6ee6-4066-4889-9eed-c5f08e703280] Blender Output: Fra:23 Mem:119.20M (Peak 150.84M) | Time:00:00.03 | Rendering 1 / 64 samples

[2025-07-27T17:35:59.124Z] [DEBUG] [c07d6ee6-4066-4889-9eed-c5f08e703280] Blender Output: Fra:23 Mem:119.20M (Peak 150.84M) | Time:00:00.18 | Rendering 25 / 64 samples

[2025-07-27T17:35:59.281Z] [DEBUG] [c07d6ee6-4066-4889-9eed-c5f08e703280] Blender Output: Fra:23 Mem:119.20M (Peak 150.84M) | Time:00:00.34 | Rendering 50 / 64 samples

[2025-07-27T17:35:59.369Z] [DEBUG] [c07d6ee6-4066-4889-9eed-c5f08e703280] Blender Output: Fra:23 Mem:119.20M (Peak 150.84M) | Time:00:00.43 | Rendering 64 / 64 samples

[2025-07-27T17:35:59.445Z] [DEBUG] [c07d6ee6-4066-4889-9eed-c5f08e703280] Blender Output: Append frame 23
Time: 00:00.51 (Saving: 00:00.03)


[2025-07-27T17:35:59.482Z] [DEBUG] [c07d6ee6-4066-4889-9eed-c5f08e703280] Blender Output: Fra:24 Mem:119.20M (Peak 150.84M) | Time:00:00.03 | Rendering 1 / 64 samples

[2025-07-27T17:35:59.632Z] [DEBUG] [c07d6ee6-4066-4889-9eed-c5f08e703280] Blender Output: Fra:24 Mem:119.20M (Peak 150.84M) | Time:00:00.18 | Rendering 25 / 64 samples

[2025-07-27T17:35:59.786Z] [DEBUG] [c07d6ee6-4066-4889-9eed-c5f08e703280] Blender Output: Fra:24 Mem:119.20M (Peak 150.84M) | Time:00:00.34 | Rendering 50 / 64 samples

[2025-07-27T17:35:59.872Z] [DEBUG] [c07d6ee6-4066-4889-9eed-c5f08e703280] Blender Output: Fra:24 Mem:119.20M (Peak 150.84M) | Time:00:00.42 | Rendering 64 / 64 samples

[2025-07-27T17:35:59.949Z] [DEBUG] [c07d6ee6-4066-4889-9eed-c5f08e703280] Blender Output: Append frame 24
Time: 00:00.50 (Saving: 00:00.03)


[2025-07-27T17:35:59.986Z] [DEBUG] [c07d6ee6-4066-4889-9eed-c5f08e703280] Blender Output: Fra:25 Mem:119.20M (Peak 150.84M) | Time:00:00.03 | Rendering 1 / 64 samples

[2025-07-27T17:36:00.138Z] [DEBUG] [c07d6ee6-4066-4889-9eed-c5f08e703280] Blender Output: Fra:25 Mem:119.20M (Peak 150.84M) | Time:00:00.18 | Rendering 25 / 64 samples

[2025-07-27T17:36:00.295Z] [DEBUG] [c07d6ee6-4066-4889-9eed-c5f08e703280] Blender Output: Fra:25 Mem:119.20M (Peak 150.84M) | Time:00:00.34 | Rendering 50 / 64 samples

[2025-07-27T17:36:00.382Z] [DEBUG] [c07d6ee6-4066-4889-9eed-c5f08e703280] Blender Output: Fra:25 Mem:119.20M (Peak 150.84M) | Time:00:00.43 | Rendering 64 / 64 samples

[2025-07-27T17:36:00.457Z] [DEBUG] [c07d6ee6-4066-4889-9eed-c5f08e703280] Blender Output: Append frame 25
Time: 00:00.50 (Saving: 00:00.03)


[2025-07-27T17:36:00.494Z] [DEBUG] [c07d6ee6-4066-4889-9eed-c5f08e703280] Blender Output: Fra:26 Mem:119.20M (Peak 150.84M) | Time:00:00.03 | Rendering 1 / 64 samples

[2025-07-27T17:36:00.646Z] [DEBUG] [c07d6ee6-4066-4889-9eed-c5f08e703280] Blender Output: Fra:26 Mem:119.20M (Peak 150.84M) | Time:00:00.18 | Rendering 25 / 64 samples

[2025-07-27T17:36:00.802Z] [DEBUG] [c07d6ee6-4066-4889-9eed-c5f08e703280] Blender Output: Fra:26 Mem:119.20M (Peak 150.84M) | Time:00:00.34 | Rendering 50 / 64 samples

[2025-07-27T17:36:00.889Z] [DEBUG] [c07d6ee6-4066-4889-9eed-c5f08e703280] Blender Output: Fra:26 Mem:119.20M (Peak 150.84M) | Time:00:00.43 | Rendering 64 / 64 samples

[2025-07-27T17:36:00.968Z] [DEBUG] [c07d6ee6-4066-4889-9eed-c5f08e703280] Blender Output: Append frame 26
Time: 00:00.51 (Saving: 00:00.03)


[2025-07-27T17:36:01.004Z] [DEBUG] [c07d6ee6-4066-4889-9eed-c5f08e703280] Blender Output: Fra:27 Mem:119.20M (Peak 150.84M) | Time:00:00.03 | Rendering 1 / 64 samples

[2025-07-27T17:36:01.157Z] [DEBUG] [c07d6ee6-4066-4889-9eed-c5f08e703280] Blender Output: Fra:27 Mem:119.20M (Peak 150.84M) | Time:00:00.18 | Rendering 25 / 64 samples

[2025-07-27T17:36:01.313Z] [DEBUG] [c07d6ee6-4066-4889-9eed-c5f08e703280] Blender Output: Fra:27 Mem:119.20M (Peak 150.84M) | Time:00:00.34 | Rendering 50 / 64 samples

[2025-07-27T17:36:01.401Z] [DEBUG] [c07d6ee6-4066-4889-9eed-c5f08e703280] Blender Output: Fra:27 Mem:119.20M (Peak 150.84M) | Time:00:00.43 | Rendering 64 / 64 samples

[2025-07-27T17:36:01.480Z] [DEBUG] [c07d6ee6-4066-4889-9eed-c5f08e703280] Blender Output: Append frame 27
Time: 00:00.51 (Saving: 00:00.03)


[2025-07-27T17:36:01.517Z] [DEBUG] [c07d6ee6-4066-4889-9eed-c5f08e703280] Blender Output: Fra:28 Mem:119.20M (Peak 150.84M) | Time:00:00.03 | Rendering 1 / 64 samples

[2025-07-27T17:36:01.669Z] [DEBUG] [c07d6ee6-4066-4889-9eed-c5f08e703280] Blender Output: Fra:28 Mem:119.20M (Peak 150.84M) | Time:00:00.18 | Rendering 25 / 64 samples

[2025-07-27T17:36:01.824Z] [DEBUG] [c07d6ee6-4066-4889-9eed-c5f08e703280] Blender Output: Fra:28 Mem:119.20M (Peak 150.84M) | Time:00:00.34 | Rendering 50 / 64 samples

[2025-07-27T17:36:01.911Z] [DEBUG] [c07d6ee6-4066-4889-9eed-c5f08e703280] Blender Output: Fra:28 Mem:119.20M (Peak 150.84M) | Time:00:00.43 | Rendering 64 / 64 samples

[2025-07-27T17:36:01.990Z] [DEBUG] [c07d6ee6-4066-4889-9eed-c5f08e703280] Blender Output: Append frame 28
Time: 00:00.50 (Saving: 00:00.03)


[2025-07-27T17:36:02.027Z] [DEBUG] [c07d6ee6-4066-4889-9eed-c5f08e703280] Blender Output: Fra:29 Mem:119.20M (Peak 150.84M) | Time:00:00.03 | Rendering 1 / 64 samples

[2025-07-27T17:36:02.179Z] [DEBUG] [c07d6ee6-4066-4889-9eed-c5f08e703280] Blender Output: Fra:29 Mem:119.20M (Peak 150.84M) | Time:00:00.18 | Rendering 25 / 64 samples

[2025-07-27T17:36:02.335Z] [DEBUG] [c07d6ee6-4066-4889-9eed-c5f08e703280] Blender Output: Fra:29 Mem:119.20M (Peak 150.84M) | Time:00:00.34 | Rendering 50 / 64 samples

[2025-07-27T17:36:02.422Z] [DEBUG] [c07d6ee6-4066-4889-9eed-c5f08e703280] Blender Output: Fra:29 Mem:119.20M (Peak 150.84M) | Time:00:00.43 | Rendering 64 / 64 samples

[2025-07-27T17:36:02.502Z] [DEBUG] [c07d6ee6-4066-4889-9eed-c5f08e703280] Blender Output: Append frame 29
Time: 00:00.51 (Saving: 00:00.03)


[2025-07-27T17:36:02.539Z] [DEBUG] [c07d6ee6-4066-4889-9eed-c5f08e703280] Blender Output: Fra:30 Mem:119.20M (Peak 150.84M) | Time:00:00.03 | Rendering 1 / 64 samples

[2025-07-27T17:36:02.691Z] [DEBUG] [c07d6ee6-4066-4889-9eed-c5f08e703280] Blender Output: Fra:30 Mem:119.20M (Peak 150.84M) | Time:00:00.18 | Rendering 25 / 64 samples

[2025-07-27T17:36:02.846Z] [DEBUG] [c07d6ee6-4066-4889-9eed-c5f08e703280] Blender Output: Fra:30 Mem:119.20M (Peak 150.84M) | Time:00:00.34 | Rendering 50 / 64 samples

[2025-07-27T17:36:02.935Z] [DEBUG] [c07d6ee6-4066-4889-9eed-c5f08e703280] Blender Output: Fra:30 Mem:119.20M (Peak 150.84M) | Time:00:00.43 | Rendering 64 / 64 samples

[2025-07-27T17:36:03.014Z] [DEBUG] [c07d6ee6-4066-4889-9eed-c5f08e703280] Blender Output: Append frame 30
Time: 00:00.51 (Saving: 00:00.03)


[2025-07-27T17:36:03.052Z] [DEBUG] [c07d6ee6-4066-4889-9eed-c5f08e703280] Blender Output: Fra:31 Mem:119.20M (Peak 150.84M) | Time:00:00.03 | Rendering 1 / 64 samples

[2025-07-27T17:36:03.205Z] [DEBUG] [c07d6ee6-4066-4889-9eed-c5f08e703280] Blender Output: Fra:31 Mem:119.20M (Peak 150.84M) | Time:00:00.19 | Rendering 25 / 64 samples

[2025-07-27T17:36:03.362Z] [DEBUG] [c07d6ee6-4066-4889-9eed-c5f08e703280] Blender Output: Fra:31 Mem:119.20M (Peak 150.84M) | Time:00:00.34 | Rendering 50 / 64 samples

[2025-07-27T17:36:03.450Z] [DEBUG] [c07d6ee6-4066-4889-9eed-c5f08e703280] Blender Output: Fra:31 Mem:119.20M (Peak 150.84M) | Time:00:00.43 | Rendering 64 / 64 samples

[2025-07-27T17:36:03.527Z] [DEBUG] [c07d6ee6-4066-4889-9eed-c5f08e703280] Blender Output: Append frame 31
Time: 00:00.51 (Saving: 00:00.03)


[2025-07-27T17:36:03.564Z] [DEBUG] [c07d6ee6-4066-4889-9eed-c5f08e703280] Blender Output: Fra:32 Mem:119.20M (Peak 150.84M) | Time:00:00.03 | Rendering 1 / 64 samples

[2025-07-27T17:36:03.718Z] [DEBUG] [c07d6ee6-4066-4889-9eed-c5f08e703280] Blender Output: Fra:32 Mem:119.20M (Peak 150.84M) | Time:00:00.19 | Rendering 25 / 64 samples

[2025-07-27T17:36:03.876Z] [DEBUG] [c07d6ee6-4066-4889-9eed-c5f08e703280] Blender Output: Fra:32 Mem:119.20M (Peak 150.84M) | Time:00:00.34 | Rendering 50 / 64 samples

[2025-07-27T17:36:03.964Z] [DEBUG] [c07d6ee6-4066-4889-9eed-c5f08e703280] Blender Output: Fra:32 Mem:119.20M (Peak 150.84M) | Time:00:00.43 | Rendering 64 / 64 samples

[2025-07-27T17:36:04.042Z] [DEBUG] [c07d6ee6-4066-4889-9eed-c5f08e703280] Blender Output: Append frame 32
Time: 00:00.51 (Saving: 00:00.03)


[2025-07-27T17:36:04.078Z] [DEBUG] [c07d6ee6-4066-4889-9eed-c5f08e703280] Blender Output: Fra:33 Mem:119.20M (Peak 150.84M) | Time:00:00.03 | Rendering 1 / 64 samples

[2025-07-27T17:36:04.232Z] [DEBUG] [c07d6ee6-4066-4889-9eed-c5f08e703280] Blender Output: Fra:33 Mem:119.20M (Peak 150.84M) | Time:00:00.18 | Rendering 25 / 64 samples

[2025-07-27T17:36:04.390Z] [DEBUG] [c07d6ee6-4066-4889-9eed-c5f08e703280] Blender Output: Fra:33 Mem:119.20M (Peak 150.84M) | Time:00:00.34 | Rendering 50 / 64 samples

[2025-07-27T17:36:04.479Z] [DEBUG] [c07d6ee6-4066-4889-9eed-c5f08e703280] Blender Output: Fra:33 Mem:119.20M (Peak 150.84M) | Time:00:00.43 | Rendering 64 / 64 samples

[2025-07-27T17:36:04.560Z] [DEBUG] [c07d6ee6-4066-4889-9eed-c5f08e703280] Blender Output: Append frame 33
Time: 00:00.51 (Saving: 00:00.03)


[2025-07-27T17:36:04.597Z] [DEBUG] [c07d6ee6-4066-4889-9eed-c5f08e703280] Blender Output: Fra:34 Mem:119.20M (Peak 150.84M) | Time:00:00.03 | Rendering 1 / 64 samples

[2025-07-27T17:36:04.749Z] [DEBUG] [c07d6ee6-4066-4889-9eed-c5f08e703280] Blender Output: Fra:34 Mem:119.20M (Peak 150.84M) | Time:00:00.18 | Rendering 25 / 64 samples

[2025-07-27T17:36:04.905Z] [DEBUG] [c07d6ee6-4066-4889-9eed-c5f08e703280] Blender Output: Fra:34 Mem:119.20M (Peak 150.84M) | Time:00:00.34 | Rendering 50 / 64 samples

[2025-07-27T17:36:04.992Z] [DEBUG] [c07d6ee6-4066-4889-9eed-c5f08e703280] Blender Output: Fra:34 Mem:119.20M (Peak 150.84M) | Time:00:00.43 | Rendering 64 / 64 samples

[2025-07-27T17:36:05.071Z] [DEBUG] [c07d6ee6-4066-4889-9eed-c5f08e703280] Blender Output: Append frame 34
Time: 00:00.51 (Saving: 00:00.03)


[2025-07-27T17:36:05.108Z] [DEBUG] [c07d6ee6-4066-4889-9eed-c5f08e703280] Blender Output: Fra:35 Mem:119.20M (Peak 150.84M) | Time:00:00.03 | Rendering 1 / 64 samples

[2025-07-27T17:36:05.262Z] [DEBUG] [c07d6ee6-4066-4889-9eed-c5f08e703280] Blender Output: Fra:35 Mem:119.20M (Peak 150.84M) | Time:00:00.19 | Rendering 25 / 64 samples

[2025-07-27T17:36:05.419Z] [DEBUG] [c07d6ee6-4066-4889-9eed-c5f08e703280] Blender Output: Fra:35 Mem:119.20M (Peak 150.84M) | Time:00:00.34 | Rendering 50 / 64 samples

[2025-07-27T17:36:05.506Z] [DEBUG] [c07d6ee6-4066-4889-9eed-c5f08e703280] Blender Output: Fra:35 Mem:119.20M (Peak 150.84M) | Time:00:00.43 | Rendering 64 / 64 samples

[2025-07-27T17:36:05.585Z] [DEBUG] [c07d6ee6-4066-4889-9eed-c5f08e703280] Blender Output: Append frame 35
Time: 00:00.51 (Saving: 00:00.03)


[2025-07-27T17:36:05.620Z] [DEBUG] [c07d6ee6-4066-4889-9eed-c5f08e703280] Blender Output: Fra:36 Mem:119.20M (Peak 150.84M) | Time:00:00.03 | Rendering 1 / 64 samples

[2025-07-27T17:36:05.772Z] [DEBUG] [c07d6ee6-4066-4889-9eed-c5f08e703280] Blender Output: Fra:36 Mem:119.20M (Peak 150.84M) | Time:00:00.18 | Rendering 25 / 64 samples

[2025-07-27T17:36:05.927Z] [DEBUG] [c07d6ee6-4066-4889-9eed-c5f08e703280] Blender Output: Fra:36 Mem:119.20M (Peak 150.84M) | Time:00:00.34 | Rendering 50 / 64 samples

[2025-07-27T17:36:06.015Z] [DEBUG] [c07d6ee6-4066-4889-9eed-c5f08e703280] Blender Output: Fra:36 Mem:119.20M (Peak 150.84M) | Time:00:00.43 | Rendering 64 / 64 samples

[2025-07-27T17:36:06.092Z] [DEBUG] [c07d6ee6-4066-4889-9eed-c5f08e703280] Blender Output: Append frame 36
Time: 00:00.50 (Saving: 00:00.03)


[2025-07-27T17:36:06.129Z] [DEBUG] [c07d6ee6-4066-4889-9eed-c5f08e703280] Blender Output: Fra:37 Mem:119.20M (Peak 150.84M) | Time:00:00.03 | Rendering 1 / 64 samples

[2025-07-27T17:36:06.287Z] [DEBUG] [c07d6ee6-4066-4889-9eed-c5f08e703280] Blender Output: Fra:37 Mem:119.20M (Peak 150.84M) | Time:00:00.19 | Rendering 25 / 64 samples

[2025-07-27T17:36:06.447Z] [DEBUG] [c07d6ee6-4066-4889-9eed-c5f08e703280] Blender Output: Fra:37 Mem:119.20M (Peak 150.84M) | Time:00:00.35 | Rendering 50 / 64 samples

[2025-07-27T17:36:06.537Z] [DEBUG] [c07d6ee6-4066-4889-9eed-c5f08e703280] Blender Output: Fra:37 Mem:119.20M (Peak 150.84M) | Time:00:00.44 | Rendering 64 / 64 samples

[2025-07-27T17:36:06.614Z] [DEBUG] [c07d6ee6-4066-4889-9eed-c5f08e703280] Blender Output: Append frame 37
Time: 00:00.52 (Saving: 00:00.03)


[2025-07-27T17:36:06.650Z] [DEBUG] [c07d6ee6-4066-4889-9eed-c5f08e703280] Blender Output: Fra:38 Mem:119.20M (Peak 150.84M) | Time:00:00.03 | Rendering 1 / 64 samples

[2025-07-27T17:36:06.801Z] [DEBUG] [c07d6ee6-4066-4889-9eed-c5f08e703280] Blender Output: Fra:38 Mem:119.20M (Peak 150.84M) | Time:00:00.18 | Rendering 25 / 64 samples

[2025-07-27T17:36:06.956Z] [DEBUG] [c07d6ee6-4066-4889-9eed-c5f08e703280] Blender Output: Fra:38 Mem:119.20M (Peak 150.84M) | Time:00:00.34 | Rendering 50 / 64 samples

[2025-07-27T17:36:07.044Z] [DEBUG] [c07d6ee6-4066-4889-9eed-c5f08e703280] Blender Output: Fra:38 Mem:119.20M (Peak 150.84M) | Time:00:00.43 | Rendering 64 / 64 samples

[2025-07-27T17:36:07.125Z] [DEBUG] [c07d6ee6-4066-4889-9eed-c5f08e703280] Blender Output: Append frame 38
Time: 00:00.51 (Saving: 00:00.03)


[2025-07-27T17:36:07.162Z] [DEBUG] [c07d6ee6-4066-4889-9eed-c5f08e703280] Blender Output: Fra:39 Mem:119.20M (Peak 150.84M) | Time:00:00.03 | Rendering 1 / 64 samples

[2025-07-27T17:36:07.314Z] [DEBUG] [c07d6ee6-4066-4889-9eed-c5f08e703280] Blender Output: Fra:39 Mem:119.20M (Peak 150.84M) | Time:00:00.18 | Rendering 25 / 64 samples

[2025-07-27T17:36:07.468Z] [DEBUG] [c07d6ee6-4066-4889-9eed-c5f08e703280] Blender Output: Fra:39 Mem:119.20M (Peak 150.84M) | Time:00:00.34 | Rendering 50 / 64 samples

[2025-07-27T17:36:07.556Z] [DEBUG] [c07d6ee6-4066-4889-9eed-c5f08e703280] Blender Output: Fra:39 Mem:119.20M (Peak 150.84M) | Time:00:00.43 | Rendering 64 / 64 samples

[2025-07-27T17:36:07.633Z] [DEBUG] [c07d6ee6-4066-4889-9eed-c5f08e703280] Blender Output: Append frame 39
Time: 00:00.50 (Saving: 00:00.03)


[2025-07-27T17:36:07.670Z] [DEBUG] [c07d6ee6-4066-4889-9eed-c5f08e703280] Blender Output: Fra:40 Mem:119.20M (Peak 150.84M) | Time:00:00.03 | Rendering 1 / 64 samples

[2025-07-27T17:36:07.821Z] [DEBUG] [c07d6ee6-4066-4889-9eed-c5f08e703280] Blender Output: Fra:40 Mem:119.20M (Peak 150.84M) | Time:00:00.18 | Rendering 25 / 64 samples

[2025-07-27T17:36:07.976Z] [DEBUG] [c07d6ee6-4066-4889-9eed-c5f08e703280] Blender Output: Fra:40 Mem:119.20M (Peak 150.84M) | Time:00:00.34 | Rendering 50 / 64 samples

[2025-07-27T17:36:08.062Z] [DEBUG] [c07d6ee6-4066-4889-9eed-c5f08e703280] Blender Output: Fra:40 Mem:119.20M (Peak 150.84M) | Time:00:00.42 | Rendering 64 / 64 samples

[2025-07-27T17:36:08.138Z] [DEBUG] [c07d6ee6-4066-4889-9eed-c5f08e703280] Blender Output: Append frame 40
Time: 00:00.50 (Saving: 00:00.03)


[2025-07-27T17:36:08.174Z] [DEBUG] [c07d6ee6-4066-4889-9eed-c5f08e703280] Blender Output: Fra:41 Mem:119.20M (Peak 150.84M) | Time:00:00.03 | Rendering 1 / 64 samples

[2025-07-27T17:36:08.328Z] [DEBUG] [c07d6ee6-4066-4889-9eed-c5f08e703280] Blender Output: Fra:41 Mem:119.20M (Peak 150.84M) | Time:00:00.19 | Rendering 25 / 64 samples

[2025-07-27T17:36:08.483Z] [DEBUG] [c07d6ee6-4066-4889-9eed-c5f08e703280] Blender Output: Fra:41 Mem:119.20M (Peak 150.84M) | Time:00:00.34 | Rendering 50 / 64 samples

[2025-07-27T17:36:08.571Z] [DEBUG] [c07d6ee6-4066-4889-9eed-c5f08e703280] Blender Output: Fra:41 Mem:119.20M (Peak 150.84M) | Time:00:00.43 | Rendering 64 / 64 samples

[2025-07-27T17:36:08.649Z] [DEBUG] [c07d6ee6-4066-4889-9eed-c5f08e703280] Blender Output: Append frame 41
Time: 00:00.51 (Saving: 00:00.03)


[2025-07-27T17:36:08.685Z] [DEBUG] [c07d6ee6-4066-4889-9eed-c5f08e703280] Blender Output: Fra:42 Mem:119.20M (Peak 150.84M) | Time:00:00.03 | Rendering 1 / 64 samples

[2025-07-27T17:36:08.836Z] [DEBUG] [c07d6ee6-4066-4889-9eed-c5f08e703280] Blender Output: Fra:42 Mem:119.20M (Peak 150.84M) | Time:00:00.18 | Rendering 25 / 64 samples

[2025-07-27T17:36:08.991Z] [DEBUG] [c07d6ee6-4066-4889-9eed-c5f08e703280] Blender Output: Fra:42 Mem:119.20M (Peak 150.84M) | Time:00:00.34 | Rendering 50 / 64 samples

[2025-07-27T17:36:09.078Z] [DEBUG] [c07d6ee6-4066-4889-9eed-c5f08e703280] Blender Output: Fra:42 Mem:119.20M (Peak 150.84M) | Time:00:00.42 | Rendering 64 / 64 samples

[2025-07-27T17:36:09.155Z] [DEBUG] [c07d6ee6-4066-4889-9eed-c5f08e703280] Blender Output: Append frame 42
Time: 00:00.50 (Saving: 00:00.03)


[2025-07-27T17:36:09.192Z] [DEBUG] [c07d6ee6-4066-4889-9eed-c5f08e703280] Blender Output: Fra:43 Mem:119.20M (Peak 150.84M) | Time:00:00.03 | Rendering 1 / 64 samples

[2025-07-27T17:36:09.343Z] [DEBUG] [c07d6ee6-4066-4889-9eed-c5f08e703280] Blender Output: Fra:43 Mem:119.20M (Peak 150.84M) | Time:00:00.18 | Rendering 25 / 64 samples

[2025-07-27T17:36:09.496Z] [DEBUG] [c07d6ee6-4066-4889-9eed-c5f08e703280] Blender Output: Fra:43 Mem:119.20M (Peak 150.84M) | Time:00:00.34 | Rendering 50 / 64 samples

[2025-07-27T17:36:09.583Z] [DEBUG] [c07d6ee6-4066-4889-9eed-c5f08e703280] Blender Output: Fra:43 Mem:119.20M (Peak 150.84M) | Time:00:00.42 | Rendering 64 / 64 samples

[2025-07-27T17:36:09.660Z] [DEBUG] [c07d6ee6-4066-4889-9eed-c5f08e703280] Blender Output: Append frame 43
Time: 00:00.50 (Saving: 00:00.03)


[2025-07-27T17:36:09.697Z] [DEBUG] [c07d6ee6-4066-4889-9eed-c5f08e703280] Blender Output: Fra:44 Mem:119.20M (Peak 150.84M) | Time:00:00.03 | Rendering 1 / 64 samples

[2025-07-27T17:36:09.849Z] [DEBUG] [c07d6ee6-4066-4889-9eed-c5f08e703280] Blender Output: Fra:44 Mem:119.20M (Peak 150.84M) | Time:00:00.18 | Rendering 25 / 64 samples

[2025-07-27T17:36:10.006Z] [DEBUG] [c07d6ee6-4066-4889-9eed-c5f08e703280] Blender Output: Fra:44 Mem:119.20M (Peak 150.84M) | Time:00:00.34 | Rendering 50 / 64 samples

[2025-07-27T17:36:10.092Z] [DEBUG] [c07d6ee6-4066-4889-9eed-c5f08e703280] Blender Output: Fra:44 Mem:119.20M (Peak 150.84M) | Time:00:00.43 | Rendering 64 / 64 samples

[2025-07-27T17:36:10.171Z] [DEBUG] [c07d6ee6-4066-4889-9eed-c5f08e703280] Blender Output: Append frame 44
Time: 00:00.51 (Saving: 00:00.03)


[2025-07-27T17:36:10.207Z] [DEBUG] [c07d6ee6-4066-4889-9eed-c5f08e703280] Blender Output: Fra:45 Mem:119.20M (Peak 150.84M) | Time:00:00.03 | Rendering 1 / 64 samples

[2025-07-27T17:36:10.362Z] [DEBUG] [c07d6ee6-4066-4889-9eed-c5f08e703280] Blender Output: Fra:45 Mem:119.20M (Peak 150.84M) | Time:00:00.19 | Rendering 25 / 64 samples

[2025-07-27T17:36:10.518Z] [DEBUG] [c07d6ee6-4066-4889-9eed-c5f08e703280] Blender Output: Fra:45 Mem:119.20M (Peak 150.84M) | Time:00:00.34 | Rendering 50 / 64 samples

[2025-07-27T17:36:10.606Z] [DEBUG] [c07d6ee6-4066-4889-9eed-c5f08e703280] Blender Output: Fra:45 Mem:119.20M (Peak 150.84M) | Time:00:00.43 | Rendering 64 / 64 samples

[2025-07-27T17:36:10.685Z] [DEBUG] [c07d6ee6-4066-4889-9eed-c5f08e703280] Blender Output: Append frame 45
Time: 00:00.51 (Saving: 00:00.03)


[2025-07-27T17:36:10.722Z] [DEBUG] [c07d6ee6-4066-4889-9eed-c5f08e703280] Blender Output: Fra:46 Mem:119.20M (Peak 150.84M) | Time:00:00.03 | Rendering 1 / 64 samples

[2025-07-27T17:36:10.876Z] [DEBUG] [c07d6ee6-4066-4889-9eed-c5f08e703280] Blender Output: Fra:46 Mem:119.20M (Peak 150.84M) | Time:00:00.19 | Rendering 25 / 64 samples

[2025-07-27T17:36:11.032Z] [DEBUG] [c07d6ee6-4066-4889-9eed-c5f08e703280] Blender Output: Fra:46 Mem:119.20M (Peak 150.84M) | Time:00:00.34 | Rendering 50 / 64 samples

[2025-07-27T17:36:11.119Z] [DEBUG] [c07d6ee6-4066-4889-9eed-c5f08e703280] Blender Output: Fra:46 Mem:119.20M (Peak 150.84M) | Time:00:00.43 | Rendering 64 / 64 samples

[2025-07-27T17:36:11.196Z] [DEBUG] [c07d6ee6-4066-4889-9eed-c5f08e703280] Blender Output: Append frame 46
Time: 00:00.51 (Saving: 00:00.03)


[2025-07-27T17:36:11.233Z] [DEBUG] [c07d6ee6-4066-4889-9eed-c5f08e703280] Blender Output: Fra:47 Mem:119.20M (Peak 150.84M) | Time:00:00.03 | Rendering 1 / 64 samples

[2025-07-27T17:36:11.388Z] [DEBUG] [c07d6ee6-4066-4889-9eed-c5f08e703280] Blender Output: Fra:47 Mem:119.20M (Peak 150.84M) | Time:00:00.19 | Rendering 25 / 64 samples

[2025-07-27T17:36:11.548Z] [DEBUG] [c07d6ee6-4066-4889-9eed-c5f08e703280] Blender Output: Fra:47 Mem:119.20M (Peak 150.84M) | Time:00:00.35 | Rendering 50 / 64 samples

[2025-07-27T17:36:11.637Z] [DEBUG] [c07d6ee6-4066-4889-9eed-c5f08e703280] Blender Output: Fra:47 Mem:119.20M (Peak 150.84M) | Time:00:00.44 | Rendering 64 / 64 samples

[2025-07-27T17:36:11.715Z] [DEBUG] [c07d6ee6-4066-4889-9eed-c5f08e703280] Blender Output: Append frame 47
Time: 00:00.51 (Saving: 00:00.03)


[2025-07-27T17:36:11.752Z] [DEBUG] [c07d6ee6-4066-4889-9eed-c5f08e703280] Blender Output: Fra:48 Mem:119.20M (Peak 150.84M) | Time:00:00.03 | Rendering 1 / 64 samples

[2025-07-27T17:36:11.907Z] [DEBUG] [c07d6ee6-4066-4889-9eed-c5f08e703280] Blender Output: Fra:48 Mem:119.20M (Peak 150.84M) | Time:00:00.19 | Rendering 25 / 64 samples

[2025-07-27T17:36:12.064Z] [DEBUG] [c07d6ee6-4066-4889-9eed-c5f08e703280] Blender Output: Fra:48 Mem:119.20M (Peak 150.84M) | Time:00:00.34 | Rendering 50 / 64 samples

[2025-07-27T17:36:12.151Z] [DEBUG] [c07d6ee6-4066-4889-9eed-c5f08e703280] Blender Output: Fra:48 Mem:119.20M (Peak 150.84M) | Time:00:00.43 | Rendering 64 / 64 samples

[2025-07-27T17:36:12.230Z] [DEBUG] [c07d6ee6-4066-4889-9eed-c5f08e703280] Blender Output: Append frame 48
Time: 00:00.51 (Saving: 00:00.03)


[2025-07-27T17:36:12.266Z] [DEBUG] [c07d6ee6-4066-4889-9eed-c5f08e703280] Blender Output: Fra:49 Mem:119.20M (Peak 150.84M) | Time:00:00.03 | Rendering 1 / 64 samples

[2025-07-27T17:36:12.420Z] [DEBUG] [c07d6ee6-4066-4889-9eed-c5f08e703280] Blender Output: Fra:49 Mem:119.20M (Peak 150.84M) | Time:00:00.19 | Rendering 25 / 64 samples

[2025-07-27T17:36:12.577Z] [DEBUG] [c07d6ee6-4066-4889-9eed-c5f08e703280] Blender Output: Fra:49 Mem:119.20M (Peak 150.84M) | Time:00:00.34 | Rendering 50 / 64 samples

[2025-07-27T17:36:12.665Z] [DEBUG] [c07d6ee6-4066-4889-9eed-c5f08e703280] Blender Output: Fra:49 Mem:119.20M (Peak 150.84M) | Time:00:00.43 | Rendering 64 / 64 samples

[2025-07-27T17:36:12.741Z] [DEBUG] [c07d6ee6-4066-4889-9eed-c5f08e703280] Blender Output: Append frame 49
Time: 00:00.51 (Saving: 00:00.03)


[2025-07-27T17:36:12.778Z] [DEBUG] [c07d6ee6-4066-4889-9eed-c5f08e703280] Blender Output: Fra:50 Mem:119.20M (Peak 150.84M) | Time:00:00.03 | Rendering 1 / 64 samples

[2025-07-27T17:36:12.930Z] [DEBUG] [c07d6ee6-4066-4889-9eed-c5f08e703280] Blender Output: Fra:50 Mem:119.20M (Peak 150.84M) | Time:00:00.18 | Rendering 25 / 64 samples

[2025-07-27T17:36:13.084Z] [DEBUG] [c07d6ee6-4066-4889-9eed-c5f08e703280] Blender Output: Fra:50 Mem:119.20M (Peak 150.84M) | Time:00:00.34 | Rendering 50 / 64 samples

[2025-07-27T17:36:13.173Z] [DEBUG] [c07d6ee6-4066-4889-9eed-c5f08e703280] Blender Output: Fra:50 Mem:119.20M (Peak 150.84M) | Time:00:00.43 | Rendering 64 / 64 samples

[2025-07-27T17:36:13.249Z] [DEBUG] [c07d6ee6-4066-4889-9eed-c5f08e703280] Blender Output: Append frame 50
Time: 00:00.50 (Saving: 00:00.03)


[2025-07-27T17:36:13.289Z] [DEBUG] [c07d6ee6-4066-4889-9eed-c5f08e703280] Blender Output: Fra:51 Mem:119.20M (Peak 150.84M) | Time:00:00.04 | Rendering 1 / 64 samples

[2025-07-27T17:36:13.444Z] [DEBUG] [c07d6ee6-4066-4889-9eed-c5f08e703280] Blender Output: Fra:51 Mem:119.20M (Peak 150.84M) | Time:00:00.19 | Rendering 25 / 64 samples

[2025-07-27T17:36:13.604Z] [DEBUG] [c07d6ee6-4066-4889-9eed-c5f08e703280] Blender Output: Fra:51 Mem:119.20M (Peak 150.84M) | Time:00:00.35 | Rendering 50 / 64 samples

[2025-07-27T17:36:13.694Z] [DEBUG] [c07d6ee6-4066-4889-9eed-c5f08e703280] Blender Output: Fra:51 Mem:119.20M (Peak 150.84M) | Time:00:00.44 | Rendering 64 / 64 samples

[2025-07-27T17:36:13.773Z] [DEBUG] [c07d6ee6-4066-4889-9eed-c5f08e703280] Blender Output: Append frame 51
Time: 00:00.52 (Saving: 00:00.03)


[2025-07-27T17:36:13.812Z] [DEBUG] [c07d6ee6-4066-4889-9eed-c5f08e703280] Blender Output: Fra:52 Mem:119.20M (Peak 150.84M) | Time:00:00.03 | Rendering 1 / 64 samples

[2025-07-27T17:36:13.967Z] [DEBUG] [c07d6ee6-4066-4889-9eed-c5f08e703280] Blender Output: Fra:52 Mem:119.20M (Peak 150.84M) | Time:00:00.19 | Rendering 25 / 64 samples

[2025-07-27T17:36:14.121Z] [DEBUG] [c07d6ee6-4066-4889-9eed-c5f08e703280] Blender Output: Fra:52 Mem:119.20M (Peak 150.84M) | Time:00:00.34 | Rendering 50 / 64 samples

[2025-07-27T17:36:14.208Z] [DEBUG] [c07d6ee6-4066-4889-9eed-c5f08e703280] Blender Output: Fra:52 Mem:119.20M (Peak 150.84M) | Time:00:00.43 | Rendering 64 / 64 samples

[2025-07-27T17:36:14.285Z] [DEBUG] [c07d6ee6-4066-4889-9eed-c5f08e703280] Blender Output: Append frame 52
Time: 00:00.51 (Saving: 00:00.03)


[2025-07-27T17:36:14.322Z] [DEBUG] [c07d6ee6-4066-4889-9eed-c5f08e703280] Blender Output: Fra:53 Mem:119.20M (Peak 150.84M) | Time:00:00.03 | Rendering 1 / 64 samples

[2025-07-27T17:36:14.472Z] [DEBUG] [c07d6ee6-4066-4889-9eed-c5f08e703280] Blender Output: Fra:53 Mem:119.20M (Peak 150.84M) | Time:00:00.18 | Rendering 25 / 64 samples

[2025-07-27T17:36:14.626Z] [DEBUG] [c07d6ee6-4066-4889-9eed-c5f08e703280] Blender Output: Fra:53 Mem:119.20M (Peak 150.84M) | Time:00:00.34 | Rendering 50 / 64 samples

[2025-07-27T17:36:14.711Z] [DEBUG] [c07d6ee6-4066-4889-9eed-c5f08e703280] Blender Output: Fra:53 Mem:119.20M (Peak 150.84M) | Time:00:00.42 | Rendering 64 / 64 samples

[2025-07-27T17:36:14.789Z] [DEBUG] [c07d6ee6-4066-4889-9eed-c5f08e703280] Blender Output: Append frame 53
Time: 00:00.50 (Saving: 00:00.03)


[2025-07-27T17:36:14.826Z] [DEBUG] [c07d6ee6-4066-4889-9eed-c5f08e703280] Blender Output: Fra:54 Mem:119.20M (Peak 150.84M) | Time:00:00.03 | Rendering 1 / 64 samples

[2025-07-27T17:36:14.981Z] [DEBUG] [c07d6ee6-4066-4889-9eed-c5f08e703280] Blender Output: Fra:54 Mem:119.20M (Peak 150.84M) | Time:00:00.19 | Rendering 25 / 64 samples

[2025-07-27T17:36:15.138Z] [DEBUG] [c07d6ee6-4066-4889-9eed-c5f08e703280] Blender Output: Fra:54 Mem:119.20M (Peak 150.84M) | Time:00:00.34 | Rendering 50 / 64 samples

[2025-07-27T17:36:15.227Z] [DEBUG] [c07d6ee6-4066-4889-9eed-c5f08e703280] Blender Output: Fra:54 Mem:119.20M (Peak 150.84M) | Time:00:00.43 | Rendering 64 / 64 samples

[2025-07-27T17:36:15.306Z] [DEBUG] [c07d6ee6-4066-4889-9eed-c5f08e703280] Blender Output: Append frame 54
Time: 00:00.51 (Saving: 00:00.03)


[2025-07-27T17:36:15.342Z] [DEBUG] [c07d6ee6-4066-4889-9eed-c5f08e703280] Blender Output: Fra:55 Mem:119.20M (Peak 150.84M) | Time:00:00.03 | Rendering 1 / 64 samples

[2025-07-27T17:36:15.493Z] [DEBUG] [c07d6ee6-4066-4889-9eed-c5f08e703280] Blender Output: Fra:55 Mem:119.20M (Peak 150.84M) | Time:00:00.18 | Rendering 25 / 64 samples

[2025-07-27T17:36:15.645Z] [DEBUG] [c07d6ee6-4066-4889-9eed-c5f08e703280] Blender Output: Fra:55 Mem:119.20M (Peak 150.84M) | Time:00:00.33 | Rendering 50 / 64 samples

[2025-07-27T17:36:15.731Z] [DEBUG] [c07d6ee6-4066-4889-9eed-c5f08e703280] Blender Output: Fra:55 Mem:119.20M (Peak 150.84M) | Time:00:00.42 | Rendering 64 / 64 samples

[2025-07-27T17:36:15.809Z] [DEBUG] [c07d6ee6-4066-4889-9eed-c5f08e703280] Blender Output: Append frame 55
Time: 00:00.50 (Saving: 00:00.03)


[2025-07-27T17:36:15.846Z] [DEBUG] [c07d6ee6-4066-4889-9eed-c5f08e703280] Blender Output: Fra:56 Mem:119.20M (Peak 150.84M) | Time:00:00.03 | Rendering 1 / 64 samples

[2025-07-27T17:36:15.999Z] [DEBUG] [c07d6ee6-4066-4889-9eed-c5f08e703280] Blender Output: Fra:56 Mem:119.20M (Peak 150.84M) | Time:00:00.18 | Rendering 25 / 64 samples

[2025-07-27T17:36:16.156Z] [DEBUG] [c07d6ee6-4066-4889-9eed-c5f08e703280] Blender Output: Fra:56 Mem:119.20M (Peak 150.84M) | Time:00:00.34 | Rendering 50 / 64 samples

[2025-07-27T17:36:16.244Z] [DEBUG] [c07d6ee6-4066-4889-9eed-c5f08e703280] Blender Output: Fra:56 Mem:119.20M (Peak 150.84M) | Time:00:00.43 | Rendering 64 / 64 samples

[2025-07-27T17:36:16.320Z] [DEBUG] [c07d6ee6-4066-4889-9eed-c5f08e703280] Blender Output: Append frame 56
Time: 00:00.51 (Saving: 00:00.03)


[2025-07-27T17:36:16.357Z] [DEBUG] [c07d6ee6-4066-4889-9eed-c5f08e703280] Blender Output: Fra:57 Mem:119.20M (Peak 150.84M) | Time:00:00.03 | Rendering 1 / 64 samples

[2025-07-27T17:36:16.506Z] [DEBUG] [c07d6ee6-4066-4889-9eed-c5f08e703280] Blender Output: Fra:57 Mem:119.20M (Peak 150.84M) | Time:00:00.18 | Rendering 25 / 64 samples

[2025-07-27T17:36:16.659Z] [DEBUG] [c07d6ee6-4066-4889-9eed-c5f08e703280] Blender Output: Fra:57 Mem:119.20M (Peak 150.84M) | Time:00:00.33 | Rendering 50 / 64 samples

[2025-07-27T17:36:16.743Z] [DEBUG] [c07d6ee6-4066-4889-9eed-c5f08e703280] Blender Output: Fra:57 Mem:119.20M (Peak 150.84M) | Time:00:00.42 | Rendering 64 / 64 samples

[2025-07-27T17:36:16.820Z] [DEBUG] [c07d6ee6-4066-4889-9eed-c5f08e703280] Blender Output: Append frame 57
Time: 00:00.49 (Saving: 00:00.03)


[2025-07-27T17:36:16.857Z] [DEBUG] [c07d6ee6-4066-4889-9eed-c5f08e703280] Blender Output: Fra:58 Mem:119.20M (Peak 150.84M) | Time:00:00.03 | Rendering 1 / 64 samples

[2025-07-27T17:36:17.009Z] [DEBUG] [c07d6ee6-4066-4889-9eed-c5f08e703280] Blender Output: Fra:58 Mem:119.20M (Peak 150.84M) | Time:00:00.18 | Rendering 25 / 64 samples

[2025-07-27T17:36:17.163Z] [DEBUG] [c07d6ee6-4066-4889-9eed-c5f08e703280] Blender Output: Fra:58 Mem:119.20M (Peak 150.84M) | Time:00:00.34 | Rendering 50 / 64 samples

[2025-07-27T17:36:17.250Z] [DEBUG] [c07d6ee6-4066-4889-9eed-c5f08e703280] Blender Output: Fra:58 Mem:119.20M (Peak 150.84M) | Time:00:00.42 | Rendering 64 / 64 samples

[2025-07-27T17:36:17.329Z] [DEBUG] [c07d6ee6-4066-4889-9eed-c5f08e703280] Blender Output: Append frame 58
Time: 00:00.50 (Saving: 00:00.03)


[2025-07-27T17:36:17.365Z] [DEBUG] [c07d6ee6-4066-4889-9eed-c5f08e703280] Blender Output: Fra:59 Mem:119.20M (Peak 150.84M) | Time:00:00.03 | Rendering 1 / 64 samples

[2025-07-27T17:36:17.519Z] [DEBUG] [c07d6ee6-4066-4889-9eed-c5f08e703280] Blender Output: Fra:59 Mem:119.20M (Peak 150.84M) | Time:00:00.18 | Rendering 25 / 64 samples

[2025-07-27T17:36:17.675Z] [DEBUG] [c07d6ee6-4066-4889-9eed-c5f08e703280] Blender Output: Fra:59 Mem:119.20M (Peak 150.84M) | Time:00:00.34 | Rendering 50 / 64 samples

[2025-07-27T17:36:17.764Z] [DEBUG] [c07d6ee6-4066-4889-9eed-c5f08e703280] Blender Output: Fra:59 Mem:119.20M (Peak 150.84M) | Time:00:00.43 | Rendering 64 / 64 samples

[2025-07-27T17:36:17.841Z] [DEBUG] [c07d6ee6-4066-4889-9eed-c5f08e703280] Blender Output: Append frame 59
Time: 00:00.51 (Saving: 00:00.03)


[2025-07-27T17:36:17.878Z] [DEBUG] [c07d6ee6-4066-4889-9eed-c5f08e703280] Blender Output: Fra:60 Mem:119.20M (Peak 150.84M) | Time:00:00.03 | Rendering 1 / 64 samples

[2025-07-27T17:36:18.033Z] [DEBUG] [c07d6ee6-4066-4889-9eed-c5f08e703280] Blender Output: Fra:60 Mem:119.20M (Peak 150.84M) | Time:00:00.19 | Rendering 25 / 64 samples

[2025-07-27T17:36:18.192Z] [DEBUG] [c07d6ee6-4066-4889-9eed-c5f08e703280] Blender Output: Fra:60 Mem:119.20M (Peak 150.84M) | Time:00:00.35 | Rendering 50 / 64 samples

[2025-07-27T17:36:18.284Z] [DEBUG] [c07d6ee6-4066-4889-9eed-c5f08e703280] Blender Output: Fra:60 Mem:119.20M (Peak 150.84M) | Time:00:00.44 | Rendering 64 / 64 samples

[2025-07-27T17:36:18.357Z] [DEBUG] [c07d6ee6-4066-4889-9eed-c5f08e703280] Blender Output: Append frame 60
Time: 00:00.51 (Saving: 00:00.03)


[2025-07-27T17:36:18.396Z] [DEBUG] [c07d6ee6-4066-4889-9eed-c5f08e703280] Blender Output: Fra:61 Mem:119.20M (Peak 150.84M) | Time:00:00.03 | Rendering 1 / 64 samples

[2025-07-27T17:36:18.555Z] [DEBUG] [c07d6ee6-4066-4889-9eed-c5f08e703280] Blender Output: Fra:61 Mem:119.20M (Peak 150.84M) | Time:00:00.19 | Rendering 25 / 64 samples

[2025-07-27T17:36:18.716Z] [DEBUG] [c07d6ee6-4066-4889-9eed-c5f08e703280] Blender Output: Fra:61 Mem:119.20M (Peak 150.84M) | Time:00:00.35 | Rendering 50 / 64 samples

[2025-07-27T17:36:18.806Z] [DEBUG] [c07d6ee6-4066-4889-9eed-c5f08e703280] Blender Output: Fra:61 Mem:119.20M (Peak 150.84M) | Time:00:00.44 | Rendering 64 / 64 samples

[2025-07-27T17:36:18.885Z] [DEBUG] [c07d6ee6-4066-4889-9eed-c5f08e703280] Blender Output: Append frame 61
Time: 00:00.52 (Saving: 00:00.03)


[2025-07-27T17:36:18.922Z] [DEBUG] [c07d6ee6-4066-4889-9eed-c5f08e703280] Blender Output: Fra:62 Mem:119.20M (Peak 150.84M) | Time:00:00.03 | Rendering 1 / 64 samples

[2025-07-27T17:36:19.080Z] [DEBUG] [c07d6ee6-4066-4889-9eed-c5f08e703280] Blender Output: Fra:62 Mem:119.20M (Peak 150.84M) | Time:00:00.19 | Rendering 25 / 64 samples

[2025-07-27T17:36:19.243Z] [DEBUG] [c07d6ee6-4066-4889-9eed-c5f08e703280] Blender Output: Fra:62 Mem:119.20M (Peak 150.84M) | Time:00:00.35 | Rendering 50 / 64 samples

[2025-07-27T17:36:19.333Z] [DEBUG] [c07d6ee6-4066-4889-9eed-c5f08e703280] Blender Output: Fra:62 Mem:119.20M (Peak 150.84M) | Time:00:00.44 | Rendering 64 / 64 samples

[2025-07-27T17:36:19.408Z] [DEBUG] [c07d6ee6-4066-4889-9eed-c5f08e703280] Blender Output: Append frame 62
Time: 00:00.52 (Saving: 00:00.03)


[2025-07-27T17:36:19.444Z] [DEBUG] [c07d6ee6-4066-4889-9eed-c5f08e703280] Blender Output: Fra:63 Mem:119.20M (Peak 150.84M) | Time:00:00.03 | Rendering 1 / 64 samples

[2025-07-27T17:36:19.597Z] [DEBUG] [c07d6ee6-4066-4889-9eed-c5f08e703280] Blender Output: Fra:63 Mem:119.20M (Peak 150.84M) | Time:00:00.18 | Rendering 25 / 64 samples

[2025-07-27T17:36:19.753Z] [DEBUG] [c07d6ee6-4066-4889-9eed-c5f08e703280] Blender Output: Fra:63 Mem:119.20M (Peak 150.84M) | Time:00:00.34 | Rendering 50 / 64 samples

[2025-07-27T17:36:19.840Z] [DEBUG] [c07d6ee6-4066-4889-9eed-c5f08e703280] Blender Output: Fra:63 Mem:119.20M (Peak 150.84M) | Time:00:00.43 | Rendering 64 / 64 samples

[2025-07-27T17:36:19.919Z] [DEBUG] [c07d6ee6-4066-4889-9eed-c5f08e703280] Blender Output: Append frame 63
Time: 00:00.51 (Saving: 00:00.03)


[2025-07-27T17:36:19.957Z] [DEBUG] [c07d6ee6-4066-4889-9eed-c5f08e703280] Blender Output: Fra:64 Mem:119.20M (Peak 150.84M) | Time:00:00.03 | Rendering 1 / 64 samples

[2025-07-27T17:36:20.109Z] [DEBUG] [c07d6ee6-4066-4889-9eed-c5f08e703280] Blender Output: Fra:64 Mem:119.20M (Peak 150.84M) | Time:00:00.18 | Rendering 25 / 64 samples

[2025-07-27T17:36:20.266Z] [DEBUG] [c07d6ee6-4066-4889-9eed-c5f08e703280] Blender Output: Fra:64 Mem:119.20M (Peak 150.84M) | Time:00:00.34 | Rendering 50 / 64 samples

[2025-07-27T17:36:20.353Z] [DEBUG] [c07d6ee6-4066-4889-9eed-c5f08e703280] Blender Output: Fra:64 Mem:119.20M (Peak 150.84M) | Time:00:00.43 | Rendering 64 / 64 samples

[2025-07-27T17:36:20.429Z] [DEBUG] [c07d6ee6-4066-4889-9eed-c5f08e703280] Blender Output: Append frame 64
Time: 00:00.50 (Saving: 00:00.03)


[2025-07-27T17:36:20.466Z] [DEBUG] [c07d6ee6-4066-4889-9eed-c5f08e703280] Blender Output: Fra:65 Mem:119.20M (Peak 150.84M) | Time:00:00.03 | Rendering 1 / 64 samples

[2025-07-27T17:36:20.616Z] [DEBUG] [c07d6ee6-4066-4889-9eed-c5f08e703280] Blender Output: Fra:65 Mem:119.20M (Peak 150.84M) | Time:00:00.18 | Rendering 25 / 64 samples

[2025-07-27T17:36:20.771Z] [DEBUG] [c07d6ee6-4066-4889-9eed-c5f08e703280] Blender Output: Fra:65 Mem:119.20M (Peak 150.84M) | Time:00:00.34 | Rendering 50 / 64 samples

[2025-07-27T17:36:20.858Z] [DEBUG] [c07d6ee6-4066-4889-9eed-c5f08e703280] Blender Output: Fra:65 Mem:119.20M (Peak 150.84M) | Time:00:00.42 | Rendering 64 / 64 samples

[2025-07-27T17:36:20.933Z] [DEBUG] [c07d6ee6-4066-4889-9eed-c5f08e703280] Blender Output: Append frame 65
Time: 00:00.50 (Saving: 00:00.03)


[2025-07-27T17:36:20.970Z] [DEBUG] [c07d6ee6-4066-4889-9eed-c5f08e703280] Blender Output: Fra:66 Mem:119.20M (Peak 150.84M) | Time:00:00.03 | Rendering 1 / 64 samples

[2025-07-27T17:36:21.122Z] [DEBUG] [c07d6ee6-4066-4889-9eed-c5f08e703280] Blender Output: Fra:66 Mem:119.20M (Peak 150.84M) | Time:00:00.18 | Rendering 25 / 64 samples

[2025-07-27T17:36:21.278Z] [DEBUG] [c07d6ee6-4066-4889-9eed-c5f08e703280] Blender Output: Fra:66 Mem:119.20M (Peak 150.84M) | Time:00:00.34 | Rendering 50 / 64 samples

[2025-07-27T17:36:21.366Z] [DEBUG] [c07d6ee6-4066-4889-9eed-c5f08e703280] Blender Output: Fra:66 Mem:119.20M (Peak 150.84M) | Time:00:00.43 | Rendering 64 / 64 samples

[2025-07-27T17:36:21.444Z] [DEBUG] [c07d6ee6-4066-4889-9eed-c5f08e703280] Blender Output: Append frame 66
Time: 00:00.51 (Saving: 00:00.03)


[2025-07-27T17:36:21.481Z] [DEBUG] [c07d6ee6-4066-4889-9eed-c5f08e703280] Blender Output: Fra:67 Mem:119.20M (Peak 150.84M) | Time:00:00.03 | Rendering 1 / 64 samples

[2025-07-27T17:36:21.632Z] [DEBUG] [c07d6ee6-4066-4889-9eed-c5f08e703280] Blender Output: Fra:67 Mem:119.20M (Peak 150.84M) | Time:00:00.18 | Rendering 25 / 64 samples

[2025-07-27T17:36:21.787Z] [DEBUG] [c07d6ee6-4066-4889-9eed-c5f08e703280] Blender Output: Fra:67 Mem:119.20M (Peak 150.84M) | Time:00:00.34 | Rendering 50 / 64 samples

[2025-07-27T17:36:21.874Z] [DEBUG] [c07d6ee6-4066-4889-9eed-c5f08e703280] Blender Output: Fra:67 Mem:119.20M (Peak 150.84M) | Time:00:00.42 | Rendering 64 / 64 samples

[2025-07-27T17:36:21.953Z] [DEBUG] [c07d6ee6-4066-4889-9eed-c5f08e703280] Blender Output: Append frame 67
Time: 00:00.50 (Saving: 00:00.03)


[2025-07-27T17:36:21.989Z] [DEBUG] [c07d6ee6-4066-4889-9eed-c5f08e703280] Blender Output: Fra:68 Mem:119.20M (Peak 150.84M) | Time:00:00.03 | Rendering 1 / 64 samples

[2025-07-27T17:36:22.141Z] [DEBUG] [c07d6ee6-4066-4889-9eed-c5f08e703280] Blender Output: Fra:68 Mem:119.20M (Peak 150.84M) | Time:00:00.18 | Rendering 25 / 64 samples

[2025-07-27T17:36:22.298Z] [DEBUG] [c07d6ee6-4066-4889-9eed-c5f08e703280] Blender Output: Fra:68 Mem:119.20M (Peak 150.84M) | Time:00:00.34 | Rendering 50 / 64 samples

[2025-07-27T17:36:22.384Z] [DEBUG] [c07d6ee6-4066-4889-9eed-c5f08e703280] Blender Output: Fra:68 Mem:119.20M (Peak 150.84M) | Time:00:00.43 | Rendering 64 / 64 samples

[2025-07-27T17:36:22.459Z] [DEBUG] [c07d6ee6-4066-4889-9eed-c5f08e703280] Blender Output: Append frame 68
Time: 00:00.50 (Saving: 00:00.03)


[2025-07-27T17:36:22.495Z] [DEBUG] [c07d6ee6-4066-4889-9eed-c5f08e703280] Blender Output: Fra:69 Mem:119.20M (Peak 150.84M) | Time:00:00.03 | Rendering 1 / 64 samples

[2025-07-27T17:36:22.650Z] [DEBUG] [c07d6ee6-4066-4889-9eed-c5f08e703280] Blender Output: Fra:69 Mem:119.20M (Peak 150.84M) | Time:00:00.19 | Rendering 25 / 64 samples

[2025-07-27T17:36:22.808Z] [DEBUG] [c07d6ee6-4066-4889-9eed-c5f08e703280] Blender Output: Fra:69 Mem:119.20M (Peak 150.84M) | Time:00:00.34 | Rendering 50 / 64 samples

[2025-07-27T17:36:22.897Z] [DEBUG] [c07d6ee6-4066-4889-9eed-c5f08e703280] Blender Output: Fra:69 Mem:119.20M (Peak 150.84M) | Time:00:00.43 | Rendering 64 / 64 samples

[2025-07-27T17:36:22.972Z] [DEBUG] [c07d6ee6-4066-4889-9eed-c5f08e703280] Blender Output: Append frame 69
Time: 00:00.51 (Saving: 00:00.03)


[2025-07-27T17:36:23.008Z] [DEBUG] [c07d6ee6-4066-4889-9eed-c5f08e703280] Blender Output: Fra:70 Mem:119.20M (Peak 150.84M) | Time:00:00.03 | Rendering 1 / 64 samples

[2025-07-27T17:36:23.159Z] [DEBUG] [c07d6ee6-4066-4889-9eed-c5f08e703280] Blender Output: Fra:70 Mem:119.20M (Peak 150.84M) | Time:00:00.18 | Rendering 25 / 64 samples

[2025-07-27T17:36:23.312Z] [DEBUG] [c07d6ee6-4066-4889-9eed-c5f08e703280] Blender Output: Fra:70 Mem:119.20M (Peak 150.84M) | Time:00:00.34 | Rendering 50 / 64 samples

[2025-07-27T17:36:23.399Z] [DEBUG] [c07d6ee6-4066-4889-9eed-c5f08e703280] Blender Output: Fra:70 Mem:119.20M (Peak 150.84M) | Time:00:00.42 | Rendering 64 / 64 samples

[2025-07-27T17:36:23.477Z] [DEBUG] [c07d6ee6-4066-4889-9eed-c5f08e703280] Blender Output: Append frame 70
Time: 00:00.50 (Saving: 00:00.03)


[2025-07-27T17:36:23.513Z] [DEBUG] [c07d6ee6-4066-4889-9eed-c5f08e703280] Blender Output: Fra:71 Mem:119.20M (Peak 150.84M) | Time:00:00.03 | Rendering 1 / 64 samples

[2025-07-27T17:36:23.664Z] [DEBUG] [c07d6ee6-4066-4889-9eed-c5f08e703280] Blender Output: Fra:71 Mem:119.20M (Peak 150.84M) | Time:00:00.18 | Rendering 25 / 64 samples

[2025-07-27T17:36:23.818Z] [DEBUG] [c07d6ee6-4066-4889-9eed-c5f08e703280] Blender Output: Fra:71 Mem:119.20M (Peak 150.84M) | Time:00:00.34 | Rendering 50 / 64 samples

[2025-07-27T17:36:23.906Z] [DEBUG] [c07d6ee6-4066-4889-9eed-c5f08e703280] Blender Output: Fra:71 Mem:119.20M (Peak 150.84M) | Time:00:00.42 | Rendering 64 / 64 samples

[2025-07-27T17:36:23.980Z] [DEBUG] [c07d6ee6-4066-4889-9eed-c5f08e703280] Blender Output: Append frame 71
Time: 00:00.50 (Saving: 00:00.03)


[2025-07-27T17:36:24.017Z] [DEBUG] [c07d6ee6-4066-4889-9eed-c5f08e703280] Blender Output: Fra:72 Mem:119.20M (Peak 150.84M) | Time:00:00.03 | Rendering 1 / 64 samples

[2025-07-27T17:36:24.169Z] [DEBUG] [c07d6ee6-4066-4889-9eed-c5f08e703280] Blender Output: Fra:72 Mem:119.20M (Peak 150.84M) | Time:00:00.18 | Rendering 25 / 64 samples

[2025-07-27T17:36:24.326Z] [DEBUG] [c07d6ee6-4066-4889-9eed-c5f08e703280] Blender Output: Fra:72 Mem:119.20M (Peak 150.84M) | Time:00:00.34 | Rendering 50 / 64 samples

[2025-07-27T17:36:24.413Z] [DEBUG] [c07d6ee6-4066-4889-9eed-c5f08e703280] Blender Output: Fra:72 Mem:119.20M (Peak 150.84M) | Time:00:00.43 | Rendering 64 / 64 samples

[2025-07-27T17:36:24.486Z] [DEBUG] [c07d6ee6-4066-4889-9eed-c5f08e703280] Blender Output: Append frame 72
Time: 00:00.50 (Saving: 00:00.03)


[2025-07-27T17:36:24.523Z] [DEBUG] [c07d6ee6-4066-4889-9eed-c5f08e703280] Blender Output: Fra:73 Mem:119.20M (Peak 150.84M) | Time:00:00.03 | Rendering 1 / 64 samples

[2025-07-27T17:36:24.678Z] [DEBUG] [c07d6ee6-4066-4889-9eed-c5f08e703280] Blender Output: Fra:73 Mem:119.20M (Peak 150.84M) | Time:00:00.19 | Rendering 25 / 64 samples

[2025-07-27T17:36:24.834Z] [DEBUG] [c07d6ee6-4066-4889-9eed-c5f08e703280] Blender Output: Fra:73 Mem:119.20M (Peak 150.84M) | Time:00:00.34 | Rendering 50 / 64 samples

[2025-07-27T17:36:24.922Z] [DEBUG] [c07d6ee6-4066-4889-9eed-c5f08e703280] Blender Output: Fra:73 Mem:119.20M (Peak 150.84M) | Time:00:00.43 | Rendering 64 / 64 samples

[2025-07-27T17:36:25.001Z] [DEBUG] [c07d6ee6-4066-4889-9eed-c5f08e703280] Blender Output: Append frame 73
Time: 00:00.51 (Saving: 00:00.03)


[2025-07-27T17:36:25.037Z] [DEBUG] [c07d6ee6-4066-4889-9eed-c5f08e703280] Blender Output: Fra:74 Mem:119.20M (Peak 150.84M) | Time:00:00.03 | Rendering 1 / 64 samples

[2025-07-27T17:36:25.190Z] [DEBUG] [c07d6ee6-4066-4889-9eed-c5f08e703280] Blender Output: Fra:74 Mem:119.20M (Peak 150.84M) | Time:00:00.18 | Rendering 25 / 64 samples

[2025-07-27T17:36:25.347Z] [DEBUG] [c07d6ee6-4066-4889-9eed-c5f08e703280] Blender Output: Fra:74 Mem:119.20M (Peak 150.84M) | Time:00:00.34 | Rendering 50 / 64 samples

[2025-07-27T17:36:25.435Z] [DEBUG] [c07d6ee6-4066-4889-9eed-c5f08e703280] Blender Output: Fra:74 Mem:119.20M (Peak 150.84M) | Time:00:00.43 | Rendering 64 / 64 samples

[2025-07-27T17:36:25.512Z] [DEBUG] [c07d6ee6-4066-4889-9eed-c5f08e703280] Blender Output: Append frame 74
Time: 00:00.51 (Saving: 00:00.03)


[2025-07-27T17:36:25.548Z] [DEBUG] [c07d6ee6-4066-4889-9eed-c5f08e703280] Blender Output: Fra:75 Mem:119.20M (Peak 150.84M) | Time:00:00.03 | Rendering 1 / 64 samples

[2025-07-27T17:36:25.703Z] [DEBUG] [c07d6ee6-4066-4889-9eed-c5f08e703280] Blender Output: Fra:75 Mem:119.20M (Peak 150.84M) | Time:00:00.19 | Rendering 25 / 64 samples

[2025-07-27T17:36:25.860Z] [DEBUG] [c07d6ee6-4066-4889-9eed-c5f08e703280] Blender Output: Fra:75 Mem:119.20M (Peak 150.84M) | Time:00:00.34 | Rendering 50 / 64 samples

[2025-07-27T17:36:25.949Z] [DEBUG] [c07d6ee6-4066-4889-9eed-c5f08e703280] Blender Output: Fra:75 Mem:119.20M (Peak 150.84M) | Time:00:00.43 | Rendering 64 / 64 samples

[2025-07-27T17:36:26.023Z] [DEBUG] [c07d6ee6-4066-4889-9eed-c5f08e703280] Blender Output: Append frame 75
Time: 00:00.51 (Saving: 00:00.03)


[2025-07-27T17:36:26.059Z] [DEBUG] [c07d6ee6-4066-4889-9eed-c5f08e703280] Blender Output: Fra:76 Mem:119.20M (Peak 150.84M) | Time:00:00.03 | Rendering 1 / 64 samples

[2025-07-27T17:36:26.211Z] [DEBUG] [c07d6ee6-4066-4889-9eed-c5f08e703280] Blender Output: Fra:76 Mem:119.20M (Peak 150.84M) | Time:00:00.18 | Rendering 25 / 64 samples

[2025-07-27T17:36:26.368Z] [DEBUG] [c07d6ee6-4066-4889-9eed-c5f08e703280] Blender Output: Fra:76 Mem:119.20M (Peak 150.84M) | Time:00:00.34 | Rendering 50 / 64 samples

[2025-07-27T17:36:26.455Z] [DEBUG] [c07d6ee6-4066-4889-9eed-c5f08e703280] Blender Output: Fra:76 Mem:119.20M (Peak 150.84M) | Time:00:00.43 | Rendering 64 / 64 samples

[2025-07-27T17:36:26.529Z] [DEBUG] [c07d6ee6-4066-4889-9eed-c5f08e703280] Blender Output: Append frame 76
Time: 00:00.50 (Saving: 00:00.03)


[2025-07-27T17:36:26.566Z] [DEBUG] [c07d6ee6-4066-4889-9eed-c5f08e703280] Blender Output: Fra:77 Mem:119.20M (Peak 150.84M) | Time:00:00.03 | Rendering 1 / 64 samples

[2025-07-27T17:36:26.718Z] [DEBUG] [c07d6ee6-4066-4889-9eed-c5f08e703280] Blender Output: Fra:77 Mem:119.20M (Peak 150.84M) | Time:00:00.18 | Rendering 25 / 64 samples

[2025-07-27T17:36:26.874Z] [DEBUG] [c07d6ee6-4066-4889-9eed-c5f08e703280] Blender Output: Fra:77 Mem:119.20M (Peak 150.84M) | Time:00:00.34 | Rendering 50 / 64 samples

[2025-07-27T17:36:26.961Z] [DEBUG] [c07d6ee6-4066-4889-9eed-c5f08e703280] Blender Output: Fra:77 Mem:119.20M (Peak 150.84M) | Time:00:00.43 | Rendering 64 / 64 samples

[2025-07-27T17:36:27.037Z] [DEBUG] [c07d6ee6-4066-4889-9eed-c5f08e703280] Blender Output: Append frame 77
Time: 00:00.50 (Saving: 00:00.03)


[2025-07-27T17:36:27.073Z] [DEBUG] [c07d6ee6-4066-4889-9eed-c5f08e703280] Blender Output: Fra:78 Mem:119.20M (Peak 150.84M) | Time:00:00.03 | Rendering 1 / 64 samples

[2025-07-27T17:36:27.224Z] [DEBUG] [c07d6ee6-4066-4889-9eed-c5f08e703280] Blender Output: Fra:78 Mem:119.20M (Peak 150.84M) | Time:00:00.18 | Rendering 25 / 64 samples

[2025-07-27T17:36:27.379Z] [DEBUG] [c07d6ee6-4066-4889-9eed-c5f08e703280] Blender Output: Fra:78 Mem:119.20M (Peak 150.84M) | Time:00:00.34 | Rendering 50 / 64 samples

[2025-07-27T17:36:27.466Z] [DEBUG] [c07d6ee6-4066-4889-9eed-c5f08e703280] Blender Output: Fra:78 Mem:119.20M (Peak 150.84M) | Time:00:00.42 | Rendering 64 / 64 samples

[2025-07-27T17:36:27.541Z] [DEBUG] [c07d6ee6-4066-4889-9eed-c5f08e703280] Blender Output: Append frame 78
Time: 00:00.50 (Saving: 00:00.03)


[2025-07-27T17:36:27.577Z] [DEBUG] [c07d6ee6-4066-4889-9eed-c5f08e703280] Blender Output: Fra:79 Mem:119.20M (Peak 150.84M) | Time:00:00.03 | Rendering 1 / 64 samples

[2025-07-27T17:36:27.728Z] [DEBUG] [c07d6ee6-4066-4889-9eed-c5f08e703280] Blender Output: Fra:79 Mem:119.20M (Peak 150.84M) | Time:00:00.18 | Rendering 25 / 64 samples

[2025-07-27T17:36:27.882Z] [DEBUG] [c07d6ee6-4066-4889-9eed-c5f08e703280] Blender Output: Fra:79 Mem:119.20M (Peak 150.84M) | Time:00:00.34 | Rendering 50 / 64 samples

[2025-07-27T17:36:27.970Z] [DEBUG] [c07d6ee6-4066-4889-9eed-c5f08e703280] Blender Output: Fra:79 Mem:119.20M (Peak 150.84M) | Time:00:00.42 | Rendering 64 / 64 samples

[2025-07-27T17:36:28.048Z] [DEBUG] [c07d6ee6-4066-4889-9eed-c5f08e703280] Blender Output: Append frame 79
Time: 00:00.50 (Saving: 00:00.03)


[2025-07-27T17:36:28.085Z] [DEBUG] [c07d6ee6-4066-4889-9eed-c5f08e703280] Blender Output: Fra:80 Mem:119.20M (Peak 150.84M) | Time:00:00.03 | Rendering 1 / 64 samples

[2025-07-27T17:36:28.238Z] [DEBUG] [c07d6ee6-4066-4889-9eed-c5f08e703280] Blender Output: Fra:80 Mem:119.20M (Peak 150.84M) | Time:00:00.19 | Rendering 25 / 64 samples

[2025-07-27T17:36:28.394Z] [DEBUG] [c07d6ee6-4066-4889-9eed-c5f08e703280] Blender Output: Fra:80 Mem:119.20M (Peak 150.84M) | Time:00:00.34 | Rendering 50 / 64 samples

[2025-07-27T17:36:28.480Z] [DEBUG] [c07d6ee6-4066-4889-9eed-c5f08e703280] Blender Output: Fra:80 Mem:119.20M (Peak 150.84M) | Time:00:00.43 | Rendering 64 / 64 samples

[2025-07-27T17:36:28.555Z] [DEBUG] [c07d6ee6-4066-4889-9eed-c5f08e703280] Blender Output: Append frame 80
Time: 00:00.50 (Saving: 00:00.03)


[2025-07-27T17:36:28.592Z] [DEBUG] [c07d6ee6-4066-4889-9eed-c5f08e703280] Blender Output: Fra:81 Mem:119.20M (Peak 150.84M) | Time:00:00.03 | Rendering 1 / 64 samples

[2025-07-27T17:36:28.743Z] [DEBUG] [c07d6ee6-4066-4889-9eed-c5f08e703280] Blender Output: Fra:81 Mem:119.20M (Peak 150.84M) | Time:00:00.18 | Rendering 25 / 64 samples

[2025-07-27T17:36:28.897Z] [DEBUG] [c07d6ee6-4066-4889-9eed-c5f08e703280] Blender Output: Fra:81 Mem:119.20M (Peak 150.84M) | Time:00:00.34 | Rendering 50 / 64 samples

[2025-07-27T17:36:28.983Z] [DEBUG] [c07d6ee6-4066-4889-9eed-c5f08e703280] Blender Output: Fra:81 Mem:119.20M (Peak 150.84M) | Time:00:00.42 | Rendering 64 / 64 samples

[2025-07-27T17:36:29.059Z] [DEBUG] [c07d6ee6-4066-4889-9eed-c5f08e703280] Blender Output: Append frame 81
Time: 00:00.50 (Saving: 00:00.03)


[2025-07-27T17:36:29.096Z] [DEBUG] [c07d6ee6-4066-4889-9eed-c5f08e703280] Blender Output: Fra:82 Mem:119.20M (Peak 150.84M) | Time:00:00.03 | Rendering 1 / 64 samples

[2025-07-27T17:36:29.246Z] [DEBUG] [c07d6ee6-4066-4889-9eed-c5f08e703280] Blender Output: Fra:82 Mem:119.20M (Peak 150.84M) | Time:00:00.18 | Rendering 25 / 64 samples

[2025-07-27T17:36:29.399Z] [DEBUG] [c07d6ee6-4066-4889-9eed-c5f08e703280] Blender Output: Fra:82 Mem:119.20M (Peak 150.84M) | Time:00:00.33 | Rendering 50 / 64 samples

[2025-07-27T17:36:29.484Z] [DEBUG] [c07d6ee6-4066-4889-9eed-c5f08e703280] Blender Output: Fra:82 Mem:119.20M (Peak 150.84M) | Time:00:00.42 | Rendering 64 / 64 samples

[2025-07-27T17:36:29.562Z] [DEBUG] [c07d6ee6-4066-4889-9eed-c5f08e703280] Blender Output: Append frame 82
Time: 00:00.50 (Saving: 00:00.03)


[2025-07-27T17:36:29.599Z] [DEBUG] [c07d6ee6-4066-4889-9eed-c5f08e703280] Blender Output: Fra:83 Mem:119.20M (Peak 150.84M) | Time:00:00.03 | Rendering 1 / 64 samples

[2025-07-27T17:36:29.750Z] [DEBUG] [c07d6ee6-4066-4889-9eed-c5f08e703280] Blender Output: Fra:83 Mem:119.20M (Peak 150.84M) | Time:00:00.18 | Rendering 25 / 64 samples

[2025-07-27T17:36:29.903Z] [DEBUG] [c07d6ee6-4066-4889-9eed-c5f08e703280] Blender Output: Fra:83 Mem:119.20M (Peak 150.84M) | Time:00:00.34 | Rendering 50 / 64 samples

[2025-07-27T17:36:29.990Z] [DEBUG] [c07d6ee6-4066-4889-9eed-c5f08e703280] Blender Output: Fra:83 Mem:119.20M (Peak 150.84M) | Time:00:00.42 | Rendering 64 / 64 samples

[2025-07-27T17:36:30.066Z] [DEBUG] [c07d6ee6-4066-4889-9eed-c5f08e703280] Blender Output: Append frame 83
Time: 00:00.50 (Saving: 00:00.03)


[2025-07-27T17:36:30.103Z] [DEBUG] [c07d6ee6-4066-4889-9eed-c5f08e703280] Blender Output: Fra:84 Mem:119.20M (Peak 150.84M) | Time:00:00.03 | Rendering 1 / 64 samples

[2025-07-27T17:36:30.257Z] [DEBUG] [c07d6ee6-4066-4889-9eed-c5f08e703280] Blender Output: Fra:84 Mem:119.20M (Peak 150.84M) | Time:00:00.19 | Rendering 25 / 64 samples

[2025-07-27T17:36:30.411Z] [DEBUG] [c07d6ee6-4066-4889-9eed-c5f08e703280] Blender Output: Fra:84 Mem:119.20M (Peak 150.84M) | Time:00:00.34 | Rendering 50 / 64 samples

[2025-07-27T17:36:30.497Z] [DEBUG] [c07d6ee6-4066-4889-9eed-c5f08e703280] Blender Output: Fra:84 Mem:119.20M (Peak 150.84M) | Time:00:00.43 | Rendering 64 / 64 samples

[2025-07-27T17:36:30.573Z] [DEBUG] [c07d6ee6-4066-4889-9eed-c5f08e703280] Blender Output: Append frame 84
Time: 00:00.50 (Saving: 00:00.03)


[2025-07-27T17:36:30.609Z] [DEBUG] [c07d6ee6-4066-4889-9eed-c5f08e703280] Blender Output: Fra:85 Mem:119.20M (Peak 150.84M) | Time:00:00.03 | Rendering 1 / 64 samples

[2025-07-27T17:36:30.760Z] [DEBUG] [c07d6ee6-4066-4889-9eed-c5f08e703280] Blender Output: Fra:85 Mem:119.20M (Peak 150.84M) | Time:00:00.18 | Rendering 25 / 64 samples

[2025-07-27T17:36:30.915Z] [DEBUG] [c07d6ee6-4066-4889-9eed-c5f08e703280] Blender Output: Fra:85 Mem:119.20M (Peak 150.84M) | Time:00:00.34 | Rendering 50 / 64 samples

[2025-07-27T17:36:31.001Z] [DEBUG] [c07d6ee6-4066-4889-9eed-c5f08e703280] Blender Output: Fra:85 Mem:119.20M (Peak 150.84M) | Time:00:00.42 | Rendering 64 / 64 samples

[2025-07-27T17:36:31.079Z] [DEBUG] [c07d6ee6-4066-4889-9eed-c5f08e703280] Blender Output: Append frame 85
Time: 00:00.50 (Saving: 00:00.03)


[2025-07-27T17:36:31.116Z] [DEBUG] [c07d6ee6-4066-4889-9eed-c5f08e703280] Blender Output: Fra:86 Mem:119.20M (Peak 150.84M) | Time:00:00.03 | Rendering 1 / 64 samples

[2025-07-27T17:36:31.269Z] [DEBUG] [c07d6ee6-4066-4889-9eed-c5f08e703280] Blender Output: Fra:86 Mem:119.20M (Peak 150.84M) | Time:00:00.19 | Rendering 25 / 64 samples

[2025-07-27T17:36:31.425Z] [DEBUG] [c07d6ee6-4066-4889-9eed-c5f08e703280] Blender Output: Fra:86 Mem:119.20M (Peak 150.84M) | Time:00:00.34 | Rendering 50 / 64 samples

[2025-07-27T17:36:31.513Z] [DEBUG] [c07d6ee6-4066-4889-9eed-c5f08e703280] Blender Output: Fra:86 Mem:119.20M (Peak 150.84M) | Time:00:00.43 | Rendering 64 / 64 samples

[2025-07-27T17:36:31.588Z] [DEBUG] [c07d6ee6-4066-4889-9eed-c5f08e703280] Blender Output: Append frame 86
Time: 00:00.50 (Saving: 00:00.03)


[2025-07-27T17:36:31.625Z] [DEBUG] [c07d6ee6-4066-4889-9eed-c5f08e703280] Blender Output: Fra:87 Mem:119.20M (Peak 150.84M) | Time:00:00.03 | Rendering 1 / 64 samples

[2025-07-27T17:36:31.779Z] [DEBUG] [c07d6ee6-4066-4889-9eed-c5f08e703280] Blender Output: Fra:87 Mem:119.20M (Peak 150.84M) | Time:00:00.19 | Rendering 25 / 64 samples

[2025-07-27T17:36:31.936Z] [DEBUG] [c07d6ee6-4066-4889-9eed-c5f08e703280] Blender Output: Fra:87 Mem:119.20M (Peak 150.84M) | Time:00:00.34 | Rendering 50 / 64 samples

[2025-07-27T17:36:32.025Z] [DEBUG] [c07d6ee6-4066-4889-9eed-c5f08e703280] Blender Output: Fra:87 Mem:119.20M (Peak 150.84M) | Time:00:00.43 | Rendering 64 / 64 samples

[2025-07-27T17:36:32.102Z] [DEBUG] [c07d6ee6-4066-4889-9eed-c5f08e703280] Blender Output: Append frame 87
Time: 00:00.51 (Saving: 00:00.03)


[2025-07-27T17:36:32.139Z] [DEBUG] [c07d6ee6-4066-4889-9eed-c5f08e703280] Blender Output: Fra:88 Mem:119.20M (Peak 150.84M) | Time:00:00.03 | Rendering 1 / 64 samples

[2025-07-27T17:36:32.294Z] [DEBUG] [c07d6ee6-4066-4889-9eed-c5f08e703280] Blender Output: Fra:88 Mem:119.20M (Peak 150.84M) | Time:00:00.19 | Rendering 25 / 64 samples

[2025-07-27T17:36:32.451Z] [DEBUG] [c07d6ee6-4066-4889-9eed-c5f08e703280] Blender Output: Fra:88 Mem:119.20M (Peak 150.84M) | Time:00:00.34 | Rendering 50 / 64 samples

[2025-07-27T17:36:32.539Z] [DEBUG] [c07d6ee6-4066-4889-9eed-c5f08e703280] Blender Output: Fra:88 Mem:119.20M (Peak 150.84M) | Time:00:00.43 | Rendering 64 / 64 samples

[2025-07-27T17:36:32.615Z] [DEBUG] [c07d6ee6-4066-4889-9eed-c5f08e703280] Blender Output: Append frame 88
Time: 00:00.51 (Saving: 00:00.03)


[2025-07-27T17:36:32.651Z] [DEBUG] [c07d6ee6-4066-4889-9eed-c5f08e703280] Blender Output: Fra:89 Mem:119.20M (Peak 150.84M) | Time:00:00.03 | Rendering 1 / 64 samples

[2025-07-27T17:36:32.807Z] [DEBUG] [c07d6ee6-4066-4889-9eed-c5f08e703280] Blender Output: Fra:89 Mem:119.20M (Peak 150.84M) | Time:00:00.19 | Rendering 25 / 64 samples

[2025-07-27T17:36:32.965Z] [DEBUG] [c07d6ee6-4066-4889-9eed-c5f08e703280] Blender Output: Fra:89 Mem:119.20M (Peak 150.84M) | Time:00:00.34 | Rendering 50 / 64 samples

[2025-07-27T17:36:33.053Z] [DEBUG] [c07d6ee6-4066-4889-9eed-c5f08e703280] Blender Output: Fra:89 Mem:119.20M (Peak 150.84M) | Time:00:00.43 | Rendering 64 / 64 samples

[2025-07-27T17:36:33.132Z] [DEBUG] [c07d6ee6-4066-4889-9eed-c5f08e703280] Blender Output: Append frame 89
Time: 00:00.51 (Saving: 00:00.03)


[2025-07-27T17:36:33.170Z] [DEBUG] [c07d6ee6-4066-4889-9eed-c5f08e703280] Blender Output: Fra:90 Mem:119.20M (Peak 150.84M) | Time:00:00.03 | Rendering 1 / 64 samples

[2025-07-27T17:36:33.322Z] [DEBUG] [c07d6ee6-4066-4889-9eed-c5f08e703280] Blender Output: Fra:90 Mem:119.20M (Peak 150.84M) | Time:00:00.19 | Rendering 25 / 64 samples

[2025-07-27T17:36:33.478Z] [DEBUG] [c07d6ee6-4066-4889-9eed-c5f08e703280] Blender Output: Fra:90 Mem:119.20M (Peak 150.84M) | Time:00:00.34 | Rendering 50 / 64 samples

[2025-07-27T17:36:33.566Z] [DEBUG] [c07d6ee6-4066-4889-9eed-c5f08e703280] Blender Output: Fra:90 Mem:119.20M (Peak 150.84M) | Time:00:00.43 | Rendering 64 / 64 samples

[2025-07-27T17:36:33.643Z] [DEBUG] [c07d6ee6-4066-4889-9eed-c5f08e703280] Blender Output: Append frame 90
Time: 00:00.51 (Saving: 00:00.03)


[2025-07-27T17:36:33.681Z] [DEBUG] [c07d6ee6-4066-4889-9eed-c5f08e703280] Blender Output: Fra:91 Mem:119.20M (Peak 150.84M) | Time:00:00.03 | Rendering 1 / 64 samples

[2025-07-27T17:36:33.832Z] [DEBUG] [c07d6ee6-4066-4889-9eed-c5f08e703280] Blender Output: Fra:91 Mem:119.20M (Peak 150.84M) | Time:00:00.18 | Rendering 25 / 64 samples

[2025-07-27T17:36:33.988Z] [DEBUG] [c07d6ee6-4066-4889-9eed-c5f08e703280] Blender Output: Fra:91 Mem:119.20M (Peak 150.84M) | Time:00:00.34 | Rendering 50 / 64 samples

[2025-07-27T17:36:34.076Z] [DEBUG] [c07d6ee6-4066-4889-9eed-c5f08e703280] Blender Output: Fra:91 Mem:119.20M (Peak 150.84M) | Time:00:00.43 | Rendering 64 / 64 samples

[2025-07-27T17:36:34.152Z] [DEBUG] [c07d6ee6-4066-4889-9eed-c5f08e703280] Blender Output: Append frame 91
Time: 00:00.50 (Saving: 00:00.03)


[2025-07-27T17:36:34.189Z] [DEBUG] [c07d6ee6-4066-4889-9eed-c5f08e703280] Blender Output: Fra:92 Mem:119.20M (Peak 150.84M) | Time:00:00.03 | Rendering 1 / 64 samples

[2025-07-27T17:36:34.342Z] [DEBUG] [c07d6ee6-4066-4889-9eed-c5f08e703280] Blender Output: Fra:92 Mem:119.20M (Peak 150.84M) | Time:00:00.19 | Rendering 25 / 64 samples

[2025-07-27T17:36:34.498Z] [DEBUG] [c07d6ee6-4066-4889-9eed-c5f08e703280] Blender Output: Fra:92 Mem:119.20M (Peak 150.84M) | Time:00:00.34 | Rendering 50 / 64 samples

[2025-07-27T17:36:34.585Z] [DEBUG] [c07d6ee6-4066-4889-9eed-c5f08e703280] Blender Output: Fra:92 Mem:119.20M (Peak 150.84M) | Time:00:00.43 | Rendering 64 / 64 samples

[2025-07-27T17:36:34.660Z] [DEBUG] [c07d6ee6-4066-4889-9eed-c5f08e703280] Blender Output: Append frame 92
Time: 00:00.50 (Saving: 00:00.03)


[2025-07-27T17:36:34.696Z] [DEBUG] [c07d6ee6-4066-4889-9eed-c5f08e703280] Blender Output: Fra:93 Mem:119.20M (Peak 150.84M) | Time:00:00.03 | Rendering 1 / 64 samples

[2025-07-27T17:36:34.850Z] [DEBUG] [c07d6ee6-4066-4889-9eed-c5f08e703280] Blender Output: Fra:93 Mem:119.20M (Peak 150.84M) | Time:00:00.18 | Rendering 25 / 64 samples

[2025-07-27T17:36:35.007Z] [DEBUG] [c07d6ee6-4066-4889-9eed-c5f08e703280] Blender Output: Fra:93 Mem:119.20M (Peak 150.84M) | Time:00:00.34 | Rendering 50 / 64 samples

[2025-07-27T17:36:35.096Z] [DEBUG] [c07d6ee6-4066-4889-9eed-c5f08e703280] Blender Output: Fra:93 Mem:119.20M (Peak 150.84M) | Time:00:00.43 | Rendering 64 / 64 samples

[2025-07-27T17:36:35.175Z] [DEBUG] [c07d6ee6-4066-4889-9eed-c5f08e703280] Blender Output: Append frame 93
Time: 00:00.51 (Saving: 00:00.03)


[2025-07-27T17:36:35.211Z] [DEBUG] [c07d6ee6-4066-4889-9eed-c5f08e703280] Blender Output: Fra:94 Mem:119.20M (Peak 150.84M) | Time:00:00.03 | Rendering 1 / 64 samples

[2025-07-27T17:36:35.365Z] [DEBUG] [c07d6ee6-4066-4889-9eed-c5f08e703280] Blender Output: Fra:94 Mem:119.20M (Peak 150.84M) | Time:00:00.19 | Rendering 25 / 64 samples

[2025-07-27T17:36:35.520Z] [DEBUG] [c07d6ee6-4066-4889-9eed-c5f08e703280] Blender Output: Fra:94 Mem:119.20M (Peak 150.84M) | Time:00:00.34 | Rendering 50 / 64 samples

[2025-07-27T17:36:35.607Z] [DEBUG] [c07d6ee6-4066-4889-9eed-c5f08e703280] Blender Output: Fra:94 Mem:119.20M (Peak 150.84M) | Time:00:00.43 | Rendering 64 / 64 samples

[2025-07-27T17:36:35.685Z] [DEBUG] [c07d6ee6-4066-4889-9eed-c5f08e703280] Blender Output: Append frame 94
Time: 00:00.50 (Saving: 00:00.03)


[2025-07-27T17:36:35.720Z] [DEBUG] [c07d6ee6-4066-4889-9eed-c5f08e703280] Blender Output: Fra:95 Mem:119.20M (Peak 150.84M) | Time:00:00.03 | Rendering 1 / 64 samples

[2025-07-27T17:36:35.873Z] [DEBUG] [c07d6ee6-4066-4889-9eed-c5f08e703280] Blender Output: Fra:95 Mem:119.20M (Peak 150.84M) | Time:00:00.18 | Rendering 25 / 64 samples

[2025-07-27T17:36:36.028Z] [DEBUG] [c07d6ee6-4066-4889-9eed-c5f08e703280] Blender Output: Fra:95 Mem:119.20M (Peak 150.84M) | Time:00:00.34 | Rendering 50 / 64 samples

[2025-07-27T17:36:36.115Z] [DEBUG] [c07d6ee6-4066-4889-9eed-c5f08e703280] Blender Output: Fra:95 Mem:119.20M (Peak 150.84M) | Time:00:00.43 | Rendering 64 / 64 samples

[2025-07-27T17:36:36.194Z] [DEBUG] [c07d6ee6-4066-4889-9eed-c5f08e703280] Blender Output: Append frame 95
Time: 00:00.50 (Saving: 00:00.03)


[2025-07-27T17:36:36.231Z] [DEBUG] [c07d6ee6-4066-4889-9eed-c5f08e703280] Blender Output: Fra:96 Mem:119.20M (Peak 150.84M) | Time:00:00.03 | Rendering 1 / 64 samples

[2025-07-27T17:36:36.384Z] [DEBUG] [c07d6ee6-4066-4889-9eed-c5f08e703280] Blender Output: Fra:96 Mem:119.20M (Peak 150.84M) | Time:00:00.18 | Rendering 25 / 64 samples

[2025-07-27T17:36:36.537Z] [DEBUG] [c07d6ee6-4066-4889-9eed-c5f08e703280] Blender Output: Fra:96 Mem:119.20M (Peak 150.84M) | Time:00:00.34 | Rendering 50 / 64 samples

[2025-07-27T17:36:36.625Z] [DEBUG] [c07d6ee6-4066-4889-9eed-c5f08e703280] Blender Output: Fra:96 Mem:119.20M (Peak 150.84M) | Time:00:00.43 | Rendering 64 / 64 samples

[2025-07-27T17:36:36.700Z] [DEBUG] [c07d6ee6-4066-4889-9eed-c5f08e703280] Blender Output: Append frame 96
Time: 00:00.50 (Saving: 00:00.03)


[2025-07-27T17:36:36.736Z] [DEBUG] [c07d6ee6-4066-4889-9eed-c5f08e703280] Blender Output: Fra:97 Mem:119.20M (Peak 150.84M) | Time:00:00.03 | Rendering 1 / 64 samples

[2025-07-27T17:36:36.887Z] [DEBUG] [c07d6ee6-4066-4889-9eed-c5f08e703280] Blender Output: Fra:97 Mem:119.20M (Peak 150.84M) | Time:00:00.18 | Rendering 25 / 64 samples

[2025-07-27T17:36:37.042Z] [DEBUG] [c07d6ee6-4066-4889-9eed-c5f08e703280] Blender Output: Fra:97 Mem:119.20M (Peak 150.84M) | Time:00:00.34 | Rendering 50 / 64 samples

[2025-07-27T17:36:37.129Z] [DEBUG] [c07d6ee6-4066-4889-9eed-c5f08e703280] Blender Output: Fra:97 Mem:119.20M (Peak 150.84M) | Time:00:00.42 | Rendering 64 / 64 samples

[2025-07-27T17:36:37.206Z] [DEBUG] [c07d6ee6-4066-4889-9eed-c5f08e703280] Blender Output: Append frame 97
Time: 00:00.50 (Saving: 00:00.03)


[2025-07-27T17:36:37.243Z] [DEBUG] [c07d6ee6-4066-4889-9eed-c5f08e703280] Blender Output: Fra:98 Mem:119.20M (Peak 150.84M) | Time:00:00.03 | Rendering 1 / 64 samples

[2025-07-27T17:36:37.394Z] [DEBUG] [c07d6ee6-4066-4889-9eed-c5f08e703280] Blender Output: Fra:98 Mem:119.20M (Peak 150.84M) | Time:00:00.18 | Rendering 25 / 64 samples

[2025-07-27T17:36:37.549Z] [DEBUG] [c07d6ee6-4066-4889-9eed-c5f08e703280] Blender Output: Fra:98 Mem:119.20M (Peak 150.84M) | Time:00:00.34 | Rendering 50 / 64 samples

[2025-07-27T17:36:37.636Z] [DEBUG] [c07d6ee6-4066-4889-9eed-c5f08e703280] Blender Output: Fra:98 Mem:119.20M (Peak 150.84M) | Time:00:00.42 | Rendering 64 / 64 samples

[2025-07-27T17:36:37.711Z] [DEBUG] [c07d6ee6-4066-4889-9eed-c5f08e703280] Blender Output: Append frame 98
Time: 00:00.50 (Saving: 00:00.03)


[2025-07-27T17:36:37.748Z] [DEBUG] [c07d6ee6-4066-4889-9eed-c5f08e703280] Blender Output: Fra:99 Mem:119.20M (Peak 150.84M) | Time:00:00.03 | Rendering 1 / 64 samples

[2025-07-27T17:36:37.900Z] [DEBUG] [c07d6ee6-4066-4889-9eed-c5f08e703280] Blender Output: Fra:99 Mem:119.20M (Peak 150.84M) | Time:00:00.18 | Rendering 25 / 64 samples

[2025-07-27T17:36:38.055Z] [DEBUG] [c07d6ee6-4066-4889-9eed-c5f08e703280] Blender Output: Fra:99 Mem:119.20M (Peak 150.84M) | Time:00:00.34 | Rendering 50 / 64 samples

[2025-07-27T17:36:38.141Z] [DEBUG] [c07d6ee6-4066-4889-9eed-c5f08e703280] Blender Output: Fra:99 Mem:119.20M (Peak 150.84M) | Time:00:00.43 | Rendering 64 / 64 samples

[2025-07-27T17:36:38.218Z] [DEBUG] [c07d6ee6-4066-4889-9eed-c5f08e703280] Blender Output: Append frame 99
Time: 00:00.50 (Saving: 00:00.03)


[2025-07-27T17:36:38.255Z] [DEBUG] [c07d6ee6-4066-4889-9eed-c5f08e703280] Blender Output: Fra:100 Mem:119.20M (Peak 150.84M) | Time:00:00.03 | Rendering 1 / 64 samples

[2025-07-27T17:36:38.411Z] [DEBUG] [c07d6ee6-4066-4889-9eed-c5f08e703280] Blender Output: Fra:100 Mem:119.20M (Peak 150.84M) | Time:00:00.19 | Rendering 25 / 64 samples

[2025-07-27T17:36:38.571Z] [DEBUG] [c07d6ee6-4066-4889-9eed-c5f08e703280] Blender Output: Fra:100 Mem:119.20M (Peak 150.84M) | Time:00:00.35 | Rendering 50 / 64 samples

[2025-07-27T17:36:38.662Z] [DEBUG] [c07d6ee6-4066-4889-9eed-c5f08e703280] Blender Output: Fra:100 Mem:119.20M (Peak 150.84M) | Time:00:00.44 | Rendering 64 / 64 samples

[2025-07-27T17:36:38.738Z] [DEBUG] [c07d6ee6-4066-4889-9eed-c5f08e703280] Blender Output: Append frame 100
Time: 00:00.51 (Saving: 00:00.03)


[2025-07-27T17:36:38.775Z] [DEBUG] [c07d6ee6-4066-4889-9eed-c5f08e703280] Blender Output: Fra:101 Mem:119.20M (Peak 150.84M) | Time:00:00.03 | Rendering 1 / 64 samples

[2025-07-27T17:36:38.929Z] [DEBUG] [c07d6ee6-4066-4889-9eed-c5f08e703280] Blender Output: Fra:101 Mem:119.20M (Peak 150.84M) | Time:00:00.19 | Rendering 25 / 64 samples

[2025-07-27T17:36:39.088Z] [DEBUG] [c07d6ee6-4066-4889-9eed-c5f08e703280] Blender Output: Fra:101 Mem:119.20M (Peak 150.84M) | Time:00:00.34 | Rendering 50 / 64 samples

[2025-07-27T17:36:39.177Z] [DEBUG] [c07d6ee6-4066-4889-9eed-c5f08e703280] Blender Output: Fra:101 Mem:119.20M (Peak 150.84M) | Time:00:00.43 | Rendering 64 / 64 samples

[2025-07-27T17:36:39.253Z] [DEBUG] [c07d6ee6-4066-4889-9eed-c5f08e703280] Blender Output: Append frame 101
Time: 00:00.51 (Saving: 00:00.03)


[2025-07-27T17:36:39.290Z] [DEBUG] [c07d6ee6-4066-4889-9eed-c5f08e703280] Blender Output: Fra:102 Mem:119.20M (Peak 150.84M) | Time:00:00.03 | Rendering 1 / 64 samples

[2025-07-27T17:36:39.443Z] [DEBUG] [c07d6ee6-4066-4889-9eed-c5f08e703280] Blender Output: Fra:102 Mem:119.20M (Peak 150.84M) | Time:00:00.18 | Rendering 25 / 64 samples

[2025-07-27T17:36:39.599Z] [DEBUG] [c07d6ee6-4066-4889-9eed-c5f08e703280] Blender Output: Fra:102 Mem:119.20M (Peak 150.84M) | Time:00:00.34 | Rendering 50 / 64 samples

[2025-07-27T17:36:39.686Z] [DEBUG] [c07d6ee6-4066-4889-9eed-c5f08e703280] Blender Output: Fra:102 Mem:119.20M (Peak 150.84M) | Time:00:00.43 | Rendering 64 / 64 samples

[2025-07-27T17:36:39.763Z] [DEBUG] [c07d6ee6-4066-4889-9eed-c5f08e703280] Blender Output: Append frame 102
Time: 00:00.50 (Saving: 00:00.03)


[2025-07-27T17:36:39.799Z] [DEBUG] [c07d6ee6-4066-4889-9eed-c5f08e703280] Blender Output: Fra:103 Mem:119.20M (Peak 150.84M) | Time:00:00.03 | Rendering 1 / 64 samples

[2025-07-27T17:36:39.952Z] [DEBUG] [c07d6ee6-4066-4889-9eed-c5f08e703280] Blender Output: Fra:103 Mem:119.20M (Peak 150.84M) | Time:00:00.18 | Rendering 25 / 64 samples

[2025-07-27T17:36:40.107Z] [DEBUG] [c07d6ee6-4066-4889-9eed-c5f08e703280] Blender Output: Fra:103 Mem:119.20M (Peak 150.84M) | Time:00:00.34 | Rendering 50 / 64 samples

[2025-07-27T17:36:40.195Z] [DEBUG] [c07d6ee6-4066-4889-9eed-c5f08e703280] Blender Output: Fra:103 Mem:119.20M (Peak 150.84M) | Time:00:00.43 | Rendering 64 / 64 samples

[2025-07-27T17:36:40.274Z] [DEBUG] [c07d6ee6-4066-4889-9eed-c5f08e703280] Blender Output: Append frame 103
Time: 00:00.51 (Saving: 00:00.03)


[2025-07-27T17:36:40.312Z] [DEBUG] [c07d6ee6-4066-4889-9eed-c5f08e703280] Blender Output: Fra:104 Mem:119.20M (Peak 150.84M) | Time:00:00.03 | Rendering 1 / 64 samples

[2025-07-27T17:36:40.466Z] [DEBUG] [c07d6ee6-4066-4889-9eed-c5f08e703280] Blender Output: Fra:104 Mem:119.20M (Peak 150.84M) | Time:00:00.19 | Rendering 25 / 64 samples

[2025-07-27T17:36:40.624Z] [DEBUG] [c07d6ee6-4066-4889-9eed-c5f08e703280] Blender Output: Fra:104 Mem:119.20M (Peak 150.84M) | Time:00:00.35 | Rendering 50 / 64 samples

[2025-07-27T17:36:40.713Z] [DEBUG] [c07d6ee6-4066-4889-9eed-c5f08e703280] Blender Output: Fra:104 Mem:119.20M (Peak 150.84M) | Time:00:00.43 | Rendering 64 / 64 samples

[2025-07-27T17:36:40.791Z] [DEBUG] [c07d6ee6-4066-4889-9eed-c5f08e703280] Blender Output: Append frame 104
Time: 00:00.51 (Saving: 00:00.03)


[2025-07-27T17:36:40.828Z] [DEBUG] [c07d6ee6-4066-4889-9eed-c5f08e703280] Blender Output: Fra:105 Mem:119.20M (Peak 150.84M) | Time:00:00.03 | Rendering 1 / 64 samples

[2025-07-27T17:36:40.980Z] [DEBUG] [c07d6ee6-4066-4889-9eed-c5f08e703280] Blender Output: Fra:105 Mem:119.20M (Peak 150.84M) | Time:00:00.18 | Rendering 25 / 64 samples

[2025-07-27T17:36:41.136Z] [DEBUG] [c07d6ee6-4066-4889-9eed-c5f08e703280] Blender Output: Fra:105 Mem:119.20M (Peak 150.84M) | Time:00:00.34 | Rendering 50 / 64 samples

[2025-07-27T17:36:41.223Z] [DEBUG] [c07d6ee6-4066-4889-9eed-c5f08e703280] Blender Output: Fra:105 Mem:119.20M (Peak 150.84M) | Time:00:00.43 | Rendering 64 / 64 samples

[2025-07-27T17:36:41.300Z] [DEBUG] [c07d6ee6-4066-4889-9eed-c5f08e703280] Blender Output: Append frame 105
Time: 00:00.50 (Saving: 00:00.03)


[2025-07-27T17:36:41.337Z] [DEBUG] [c07d6ee6-4066-4889-9eed-c5f08e703280] Blender Output: Fra:106 Mem:119.20M (Peak 150.84M) | Time:00:00.03 | Rendering 1 / 64 samples

[2025-07-27T17:36:41.496Z] [DEBUG] [c07d6ee6-4066-4889-9eed-c5f08e703280] Blender Output: Fra:106 Mem:119.20M (Peak 150.84M) | Time:00:00.19 | Rendering 25 / 64 samples

[2025-07-27T17:36:41.660Z] [DEBUG] [c07d6ee6-4066-4889-9eed-c5f08e703280] Blender Output: Fra:106 Mem:119.20M (Peak 150.84M) | Time:00:00.35 | Rendering 50 / 64 samples

[2025-07-27T17:36:41.750Z] [DEBUG] [c07d6ee6-4066-4889-9eed-c5f08e703280] Blender Output: Fra:106 Mem:119.20M (Peak 150.84M) | Time:00:00.45 | Rendering 64 / 64 samples

[2025-07-27T17:36:41.826Z] [DEBUG] [c07d6ee6-4066-4889-9eed-c5f08e703280] Blender Output: Append frame 106
Time: 00:00.52 (Saving: 00:00.03)


[2025-07-27T17:36:41.863Z] [DEBUG] [c07d6ee6-4066-4889-9eed-c5f08e703280] Blender Output: Fra:107 Mem:119.20M (Peak 150.84M) | Time:00:00.03 | Rendering 1 / 64 samples

[2025-07-27T17:36:42.015Z] [DEBUG] [c07d6ee6-4066-4889-9eed-c5f08e703280] Blender Output: Fra:107 Mem:119.20M (Peak 150.84M) | Time:00:00.18 | Rendering 25 / 64 samples

[2025-07-27T17:36:42.170Z] [DEBUG] [c07d6ee6-4066-4889-9eed-c5f08e703280] Blender Output: Fra:107 Mem:119.20M (Peak 150.84M) | Time:00:00.34 | Rendering 50 / 64 samples

[2025-07-27T17:36:42.258Z] [DEBUG] [c07d6ee6-4066-4889-9eed-c5f08e703280] Blender Output: Fra:107 Mem:119.20M (Peak 150.84M) | Time:00:00.43 | Rendering 64 / 64 samples

[2025-07-27T17:36:42.333Z] [DEBUG] [c07d6ee6-4066-4889-9eed-c5f08e703280] Blender Output: Append frame 107
Time: 00:00.50 (Saving: 00:00.03)


[2025-07-27T17:36:42.409Z] [DEBUG] [c07d6ee6-4066-4889-9eed-c5f08e703280] Blender Output: Fra:108 Mem:119.20M (Peak 150.84M) | Time:00:00.07 | Rendering 1 / 64 samples

[2025-07-27T17:36:42.561Z] [DEBUG] [c07d6ee6-4066-4889-9eed-c5f08e703280] Blender Output: Fra:108 Mem:119.20M (Peak 150.84M) | Time:00:00.22 | Rendering 25 / 64 samples

[2025-07-27T17:36:42.715Z] [DEBUG] [c07d6ee6-4066-4889-9eed-c5f08e703280] Blender Output: Fra:108 Mem:119.20M (Peak 150.84M) | Time:00:00.38 | Rendering 50 / 64 samples

[2025-07-27T17:36:42.802Z] [DEBUG] [c07d6ee6-4066-4889-9eed-c5f08e703280] Blender Output: Fra:108 Mem:119.20M (Peak 150.84M) | Time:00:00.46 | Rendering 64 / 64 samples

[2025-07-27T17:36:42.879Z] [DEBUG] [c07d6ee6-4066-4889-9eed-c5f08e703280] Blender Output: Append frame 108
Time: 00:00.54 (Saving: 00:00.03)


[2025-07-27T17:36:42.916Z] [DEBUG] [c07d6ee6-4066-4889-9eed-c5f08e703280] Blender Output: Fra:109 Mem:119.20M (Peak 150.84M) | Time:00:00.03 | Rendering 1 / 64 samples

[2025-07-27T17:36:43.071Z] [DEBUG] [c07d6ee6-4066-4889-9eed-c5f08e703280] Blender Output: Fra:109 Mem:119.20M (Peak 150.84M) | Time:00:00.19 | Rendering 25 / 64 samples

[2025-07-27T17:36:43.229Z] [DEBUG] [c07d6ee6-4066-4889-9eed-c5f08e703280] Blender Output: Fra:109 Mem:119.20M (Peak 150.84M) | Time:00:00.35 | Rendering 50 / 64 samples

[2025-07-27T17:36:43.318Z] [DEBUG] [c07d6ee6-4066-4889-9eed-c5f08e703280] Blender Output: Fra:109 Mem:119.20M (Peak 150.84M) | Time:00:00.43 | Rendering 64 / 64 samples

[2025-07-27T17:36:43.395Z] [DEBUG] [c07d6ee6-4066-4889-9eed-c5f08e703280] Blender Output: Append frame 109
Time: 00:00.51 (Saving: 00:00.03)


[2025-07-27T17:36:43.432Z] [DEBUG] [c07d6ee6-4066-4889-9eed-c5f08e703280] Blender Output: Fra:110 Mem:119.20M (Peak 150.84M) | Time:00:00.03 | Rendering 1 / 64 samples

[2025-07-27T17:36:43.583Z] [DEBUG] [c07d6ee6-4066-4889-9eed-c5f08e703280] Blender Output: Fra:110 Mem:119.20M (Peak 150.84M) | Time:00:00.18 | Rendering 25 / 64 samples

[2025-07-27T17:36:43.739Z] [DEBUG] [c07d6ee6-4066-4889-9eed-c5f08e703280] Blender Output: Fra:110 Mem:119.20M (Peak 150.84M) | Time:00:00.34 | Rendering 50 / 64 samples

[2025-07-27T17:36:43.826Z] [DEBUG] [c07d6ee6-4066-4889-9eed-c5f08e703280] Blender Output: Fra:110 Mem:119.20M (Peak 150.84M) | Time:00:00.43 | Rendering 64 / 64 samples

[2025-07-27T17:36:43.901Z] [DEBUG] [c07d6ee6-4066-4889-9eed-c5f08e703280] Blender Output: Append frame 110
Time: 00:00.50 (Saving: 00:00.03)


[2025-07-27T17:36:43.937Z] [DEBUG] [c07d6ee6-4066-4889-9eed-c5f08e703280] Blender Output: Fra:111 Mem:119.20M (Peak 150.84M) | Time:00:00.03 | Rendering 1 / 64 samples

[2025-07-27T17:36:44.089Z] [DEBUG] [c07d6ee6-4066-4889-9eed-c5f08e703280] Blender Output: Fra:111 Mem:119.20M (Peak 150.84M) | Time:00:00.18 | Rendering 25 / 64 samples

[2025-07-27T17:36:44.244Z] [DEBUG] [c07d6ee6-4066-4889-9eed-c5f08e703280] Blender Output: Fra:111 Mem:119.20M (Peak 150.84M) | Time:00:00.34 | Rendering 50 / 64 samples

[2025-07-27T17:36:44.331Z] [DEBUG] [c07d6ee6-4066-4889-9eed-c5f08e703280] Blender Output: Fra:111 Mem:119.20M (Peak 150.84M) | Time:00:00.43 | Rendering 64 / 64 samples

[2025-07-27T17:36:44.407Z] [DEBUG] [c07d6ee6-4066-4889-9eed-c5f08e703280] Blender Output: Append frame 111
Time: 00:00.50 (Saving: 00:00.03)


[2025-07-27T17:36:44.444Z] [DEBUG] [c07d6ee6-4066-4889-9eed-c5f08e703280] Blender Output: Fra:112 Mem:119.20M (Peak 150.84M) | Time:00:00.03 | Rendering 1 / 64 samples

[2025-07-27T17:36:44.595Z] [DEBUG] [c07d6ee6-4066-4889-9eed-c5f08e703280] Blender Output: Fra:112 Mem:119.20M (Peak 150.84M) | Time:00:00.18 | Rendering 25 / 64 samples

[2025-07-27T17:36:44.747Z] [DEBUG] [c07d6ee6-4066-4889-9eed-c5f08e703280] Blender Output: Fra:112 Mem:119.20M (Peak 150.84M) | Time:00:00.34 | Rendering 50 / 64 samples

[2025-07-27T17:36:44.834Z] [DEBUG] [c07d6ee6-4066-4889-9eed-c5f08e703280] Blender Output: Fra:112 Mem:119.20M (Peak 150.84M) | Time:00:00.42 | Rendering 64 / 64 samples

[2025-07-27T17:36:44.912Z] [DEBUG] [c07d6ee6-4066-4889-9eed-c5f08e703280] Blender Output: Append frame 112
Time: 00:00.50 (Saving: 00:00.03)


[2025-07-27T17:36:44.949Z] [DEBUG] [c07d6ee6-4066-4889-9eed-c5f08e703280] Blender Output: Fra:113 Mem:119.20M (Peak 150.84M) | Time:00:00.03 | Rendering 1 / 64 samples

[2025-07-27T17:36:45.101Z] [DEBUG] [c07d6ee6-4066-4889-9eed-c5f08e703280] Blender Output: Fra:113 Mem:119.20M (Peak 150.84M) | Time:00:00.18 | Rendering 25 / 64 samples

[2025-07-27T17:36:45.257Z] [DEBUG] [c07d6ee6-4066-4889-9eed-c5f08e703280] Blender Output: Fra:113 Mem:119.20M (Peak 150.84M) | Time:00:00.34 | Rendering 50 / 64 samples

[2025-07-27T17:36:45.345Z] [DEBUG] [c07d6ee6-4066-4889-9eed-c5f08e703280] Blender Output: Fra:113 Mem:119.20M (Peak 150.84M) | Time:00:00.43 | Rendering 64 / 64 samples

[2025-07-27T17:36:45.423Z] [DEBUG] [c07d6ee6-4066-4889-9eed-c5f08e703280] Blender Output: Append frame 113
Time: 00:00.51 (Saving: 00:00.03)


[2025-07-27T17:36:45.460Z] [DEBUG] [c07d6ee6-4066-4889-9eed-c5f08e703280] Blender Output: Fra:114 Mem:119.20M (Peak 150.84M) | Time:00:00.03 | Rendering 1 / 64 samples

[2025-07-27T17:36:45.610Z] [DEBUG] [c07d6ee6-4066-4889-9eed-c5f08e703280] Blender Output: Fra:114 Mem:119.20M (Peak 150.84M) | Time:00:00.18 | Rendering 25 / 64 samples

[2025-07-27T17:36:45.764Z] [DEBUG] [c07d6ee6-4066-4889-9eed-c5f08e703280] Blender Output: Fra:114 Mem:119.20M (Peak 150.84M) | Time:00:00.34 | Rendering 50 / 64 samples

[2025-07-27T17:36:45.850Z] [DEBUG] [c07d6ee6-4066-4889-9eed-c5f08e703280] Blender Output: Fra:114 Mem:119.20M (Peak 150.84M) | Time:00:00.42 | Rendering 64 / 64 samples

[2025-07-27T17:36:45.929Z] [DEBUG] [c07d6ee6-4066-4889-9eed-c5f08e703280] Blender Output: Append frame 114
Time: 00:00.50 (Saving: 00:00.03)


[2025-07-27T17:36:45.965Z] [DEBUG] [c07d6ee6-4066-4889-9eed-c5f08e703280] Blender Output: Fra:115 Mem:119.20M (Peak 150.84M) | Time:00:00.03 | Rendering 1 / 64 samples

[2025-07-27T17:36:46.120Z] [DEBUG] [c07d6ee6-4066-4889-9eed-c5f08e703280] Blender Output: Fra:115 Mem:119.20M (Peak 150.84M) | Time:00:00.19 | Rendering 25 / 64 samples

[2025-07-27T17:36:46.279Z] [DEBUG] [c07d6ee6-4066-4889-9eed-c5f08e703280] Blender Output: Fra:115 Mem:119.20M (Peak 150.84M) | Time:00:00.34 | Rendering 50 / 64 samples

[2025-07-27T17:36:46.366Z] [DEBUG] [c07d6ee6-4066-4889-9eed-c5f08e703280] Blender Output: Fra:115 Mem:119.20M (Peak 150.84M) | Time:00:00.43 | Rendering 64 / 64 samples

[2025-07-27T17:36:46.443Z] [DEBUG] [c07d6ee6-4066-4889-9eed-c5f08e703280] Blender Output: Append frame 115
Time: 00:00.51 (Saving: 00:00.03)


[2025-07-27T17:36:46.479Z] [DEBUG] [c07d6ee6-4066-4889-9eed-c5f08e703280] Blender Output: Fra:116 Mem:119.20M (Peak 150.84M) | Time:00:00.03 | Rendering 1 / 64 samples

[2025-07-27T17:36:46.632Z] [DEBUG] [c07d6ee6-4066-4889-9eed-c5f08e703280] Blender Output: Fra:116 Mem:119.20M (Peak 150.84M) | Time:00:00.18 | Rendering 25 / 64 samples

[2025-07-27T17:36:46.788Z] [DEBUG] [c07d6ee6-4066-4889-9eed-c5f08e703280] Blender Output: Fra:116 Mem:119.20M (Peak 150.84M) | Time:00:00.34 | Rendering 50 / 64 samples

[2025-07-27T17:36:46.876Z] [DEBUG] [c07d6ee6-4066-4889-9eed-c5f08e703280] Blender Output: Fra:116 Mem:119.20M (Peak 150.84M) | Time:00:00.43 | Rendering 64 / 64 samples

[2025-07-27T17:36:46.953Z] [DEBUG] [c07d6ee6-4066-4889-9eed-c5f08e703280] Blender Output: Append frame 116
Time: 00:00.51 (Saving: 00:00.03)


[2025-07-27T17:36:46.990Z] [DEBUG] [c07d6ee6-4066-4889-9eed-c5f08e703280] Blender Output: Fra:117 Mem:119.20M (Peak 150.84M) | Time:00:00.03 | Rendering 1 / 64 samples

[2025-07-27T17:36:47.143Z] [DEBUG] [c07d6ee6-4066-4889-9eed-c5f08e703280] Blender Output: Fra:117 Mem:119.20M (Peak 150.84M) | Time:00:00.18 | Rendering 25 / 64 samples

[2025-07-27T17:36:47.300Z] [DEBUG] [c07d6ee6-4066-4889-9eed-c5f08e703280] Blender Output: Fra:117 Mem:119.20M (Peak 150.84M) | Time:00:00.34 | Rendering 50 / 64 samples

[2025-07-27T17:36:47.389Z] [DEBUG] [c07d6ee6-4066-4889-9eed-c5f08e703280] Blender Output: Fra:117 Mem:119.20M (Peak 150.84M) | Time:00:00.43 | Rendering 64 / 64 samples

[2025-07-27T17:36:47.468Z] [DEBUG] [c07d6ee6-4066-4889-9eed-c5f08e703280] Blender Output: Append frame 117
Time: 00:00.51 (Saving: 00:00.03)


[2025-07-27T17:36:47.505Z] [DEBUG] [c07d6ee6-4066-4889-9eed-c5f08e703280] Blender Output: Fra:118 Mem:119.20M (Peak 150.84M) | Time:00:00.03 | Rendering 1 / 64 samples

[2025-07-27T17:36:47.658Z] [DEBUG] [c07d6ee6-4066-4889-9eed-c5f08e703280] Blender Output: Fra:118 Mem:119.20M (Peak 150.84M) | Time:00:00.18 | Rendering 25 / 64 samples

[2025-07-27T17:36:47.815Z] [DEBUG] [c07d6ee6-4066-4889-9eed-c5f08e703280] Blender Output: Fra:118 Mem:119.20M (Peak 150.84M) | Time:00:00.34 | Rendering 50 / 64 samples

[2025-07-27T17:36:47.903Z] [DEBUG] [c07d6ee6-4066-4889-9eed-c5f08e703280] Blender Output: Fra:118 Mem:119.20M (Peak 150.84M) | Time:00:00.43 | Rendering 64 / 64 samples

[2025-07-27T17:36:47.977Z] [DEBUG] [c07d6ee6-4066-4889-9eed-c5f08e703280] Blender Output: Append frame 118
Time: 00:00.50 (Saving: 00:00.03)


[2025-07-27T17:36:48.015Z] [DEBUG] [c07d6ee6-4066-4889-9eed-c5f08e703280] Blender Output: Fra:119 Mem:119.20M (Peak 150.84M) | Time:00:00.03 | Rendering 1 / 64 samples

[2025-07-27T17:36:48.170Z] [DEBUG] [c07d6ee6-4066-4889-9eed-c5f08e703280] Blender Output: Fra:119 Mem:119.20M (Peak 150.84M) | Time:00:00.19 | Rendering 25 / 64 samples

[2025-07-27T17:36:48.329Z] [DEBUG] [c07d6ee6-4066-4889-9eed-c5f08e703280] Blender Output: Fra:119 Mem:119.20M (Peak 150.84M) | Time:00:00.35 | Rendering 50 / 64 samples

[2025-07-27T17:36:48.417Z] [DEBUG] [c07d6ee6-4066-4889-9eed-c5f08e703280] Blender Output: Fra:119 Mem:119.20M (Peak 150.84M) | Time:00:00.44 | Rendering 64 / 64 samples

[2025-07-27T17:36:48.495Z] [DEBUG] [c07d6ee6-4066-4889-9eed-c5f08e703280] Blender Output: Append frame 119
Time: 00:00.51 (Saving: 00:00.03)


[2025-07-27T17:36:48.535Z] [DEBUG] [c07d6ee6-4066-4889-9eed-c5f08e703280] Blender Output: Fra:120 Mem:119.20M (Peak 150.84M) | Time:00:00.04 | Rendering 1 / 64 samples

[2025-07-27T17:36:48.689Z] [DEBUG] [c07d6ee6-4066-4889-9eed-c5f08e703280] Blender Output: Fra:120 Mem:119.20M (Peak 150.84M) | Time:00:00.19 | Rendering 25 / 64 samples

[2025-07-27T17:36:48.845Z] [DEBUG] [c07d6ee6-4066-4889-9eed-c5f08e703280] Blender Output: Fra:120 Mem:119.20M (Peak 150.84M) | Time:00:00.35 | Rendering 50 / 64 samples

[2025-07-27T17:36:48.933Z] [DEBUG] [c07d6ee6-4066-4889-9eed-c5f08e703280] Blender Output: Fra:120 Mem:119.20M (Peak 150.84M) | Time:00:00.43 | Rendering 64 / 64 samples

[2025-07-27T17:36:49.007Z] [DEBUG] [c07d6ee6-4066-4889-9eed-c5f08e703280] Blender Output: Append frame 120
Time: 00:00.51 (Saving: 00:00.03)


[2025-07-27T17:36:49.043Z] [DEBUG] [c07d6ee6-4066-4889-9eed-c5f08e703280] Blender Output: Fra:121 Mem:119.20M (Peak 150.84M) | Time:00:00.03 | Rendering 1 / 64 samples

[2025-07-27T17:36:49.197Z] [DEBUG] [c07d6ee6-4066-4889-9eed-c5f08e703280] Blender Output: Fra:121 Mem:119.20M (Peak 150.84M) | Time:00:00.19 | Rendering 25 / 64 samples

[2025-07-27T17:36:49.354Z] [DEBUG] [c07d6ee6-4066-4889-9eed-c5f08e703280] Blender Output: Fra:121 Mem:119.20M (Peak 150.84M) | Time:00:00.34 | Rendering 50 / 64 samples

[2025-07-27T17:36:49.442Z] [DEBUG] [c07d6ee6-4066-4889-9eed-c5f08e703280] Blender Output: Fra:121 Mem:119.20M (Peak 150.84M) | Time:00:00.43 | Rendering 64 / 64 samples

[2025-07-27T17:36:49.522Z] [DEBUG] [c07d6ee6-4066-4889-9eed-c5f08e703280] Blender Output: Append frame 121
Time: 00:00.51 (Saving: 00:00.03)


[2025-07-27T17:36:49.558Z] [DEBUG] [c07d6ee6-4066-4889-9eed-c5f08e703280] Blender Output: Fra:122 Mem:119.20M (Peak 150.84M) | Time:00:00.03 | Rendering 1 / 64 samples

[2025-07-27T17:36:49.712Z] [DEBUG] [c07d6ee6-4066-4889-9eed-c5f08e703280] Blender Output: Fra:122 Mem:119.20M (Peak 150.84M) | Time:00:00.19 | Rendering 25 / 64 samples

[2025-07-27T17:36:49.868Z] [DEBUG] [c07d6ee6-4066-4889-9eed-c5f08e703280] Blender Output: Fra:122 Mem:119.20M (Peak 150.84M) | Time:00:00.34 | Rendering 50 / 64 samples

[2025-07-27T17:36:49.956Z] [DEBUG] [c07d6ee6-4066-4889-9eed-c5f08e703280] Blender Output: Fra:122 Mem:119.20M (Peak 150.84M) | Time:00:00.43 | Rendering 64 / 64 samples

[2025-07-27T17:36:50.034Z] [DEBUG] [c07d6ee6-4066-4889-9eed-c5f08e703280] Blender Output: Append frame 122
Time: 00:00.51 (Saving: 00:00.03)


[2025-07-27T17:36:50.070Z] [DEBUG] [c07d6ee6-4066-4889-9eed-c5f08e703280] Blender Output: Fra:123 Mem:119.20M (Peak 150.84M) | Time:00:00.03 | Rendering 1 / 64 samples

[2025-07-27T17:36:50.221Z] [DEBUG] [c07d6ee6-4066-4889-9eed-c5f08e703280] Blender Output: Fra:123 Mem:119.20M (Peak 150.84M) | Time:00:00.18 | Rendering 25 / 64 samples

[2025-07-27T17:36:50.378Z] [DEBUG] [c07d6ee6-4066-4889-9eed-c5f08e703280] Blender Output: Fra:123 Mem:119.20M (Peak 150.84M) | Time:00:00.34 | Rendering 50 / 64 samples

[2025-07-27T17:36:50.465Z] [DEBUG] [c07d6ee6-4066-4889-9eed-c5f08e703280] Blender Output: Fra:123 Mem:119.20M (Peak 150.84M) | Time:00:00.43 | Rendering 64 / 64 samples

[2025-07-27T17:36:50.540Z] [DEBUG] [c07d6ee6-4066-4889-9eed-c5f08e703280] Blender Output: Append frame 123
Time: 00:00.50 (Saving: 00:00.03)


[2025-07-27T17:36:50.577Z] [DEBUG] [c07d6ee6-4066-4889-9eed-c5f08e703280] Blender Output: Fra:124 Mem:119.20M (Peak 150.84M) | Time:00:00.03 | Rendering 1 / 64 samples

[2025-07-27T17:36:50.729Z] [DEBUG] [c07d6ee6-4066-4889-9eed-c5f08e703280] Blender Output: Fra:124 Mem:119.20M (Peak 150.84M) | Time:00:00.18 | Rendering 25 / 64 samples

[2025-07-27T17:36:50.884Z] [DEBUG] [c07d6ee6-4066-4889-9eed-c5f08e703280] Blender Output: Fra:124 Mem:119.20M (Peak 150.84M) | Time:00:00.34 | Rendering 50 / 64 samples

[2025-07-27T17:36:50.972Z] [DEBUG] [c07d6ee6-4066-4889-9eed-c5f08e703280] Blender Output: Fra:124 Mem:119.20M (Peak 150.84M) | Time:00:00.43 | Rendering 64 / 64 samples

[2025-07-27T17:36:51.050Z] [DEBUG] [c07d6ee6-4066-4889-9eed-c5f08e703280] Blender Output: Append frame 124
Time: 00:00.50 (Saving: 00:00.03)


[2025-07-27T17:36:51.087Z] [DEBUG] [c07d6ee6-4066-4889-9eed-c5f08e703280] Blender Output: Fra:125 Mem:119.20M (Peak 150.84M) | Time:00:00.03 | Rendering 1 / 64 samples

[2025-07-27T17:36:51.238Z] [DEBUG] [c07d6ee6-4066-4889-9eed-c5f08e703280] Blender Output: Fra:125 Mem:119.20M (Peak 150.84M) | Time:00:00.18 | Rendering 25 / 64 samples

[2025-07-27T17:36:51.390Z] [DEBUG] [c07d6ee6-4066-4889-9eed-c5f08e703280] Blender Output: Fra:125 Mem:119.20M (Peak 150.84M) | Time:00:00.34 | Rendering 50 / 64 samples

[2025-07-27T17:36:51.477Z] [DEBUG] [c07d6ee6-4066-4889-9eed-c5f08e703280] Blender Output: Fra:125 Mem:119.20M (Peak 150.84M) | Time:00:00.42 | Rendering 64 / 64 samples

[2025-07-27T17:36:51.553Z] [DEBUG] [c07d6ee6-4066-4889-9eed-c5f08e703280] Blender Output: Append frame 125
Time: 00:00.50 (Saving: 00:00.03)


[2025-07-27T17:36:51.589Z] [DEBUG] [c07d6ee6-4066-4889-9eed-c5f08e703280] Blender Output: Fra:126 Mem:119.20M (Peak 150.84M) | Time:00:00.03 | Rendering 1 / 64 samples

[2025-07-27T17:36:51.741Z] [DEBUG] [c07d6ee6-4066-4889-9eed-c5f08e703280] Blender Output: Fra:126 Mem:119.20M (Peak 150.84M) | Time:00:00.18 | Rendering 25 / 64 samples

[2025-07-27T17:36:51.894Z] [DEBUG] [c07d6ee6-4066-4889-9eed-c5f08e703280] Blender Output: Fra:126 Mem:119.20M (Peak 150.84M) | Time:00:00.34 | Rendering 50 / 64 samples

[2025-07-27T17:36:51.980Z] [DEBUG] [c07d6ee6-4066-4889-9eed-c5f08e703280] Blender Output: Fra:126 Mem:119.20M (Peak 150.84M) | Time:00:00.42 | Rendering 64 / 64 samples

[2025-07-27T17:36:52.055Z] [DEBUG] [c07d6ee6-4066-4889-9eed-c5f08e703280] Blender Output: Append frame 126
Time: 00:00.50 (Saving: 00:00.03)


[2025-07-27T17:36:52.091Z] [DEBUG] [c07d6ee6-4066-4889-9eed-c5f08e703280] Blender Output: Fra:127 Mem:119.20M (Peak 150.84M) | Time:00:00.03 | Rendering 1 / 64 samples

[2025-07-27T17:36:52.243Z] [DEBUG] [c07d6ee6-4066-4889-9eed-c5f08e703280] Blender Output: Fra:127 Mem:119.20M (Peak 150.84M) | Time:00:00.18 | Rendering 25 / 64 samples

[2025-07-27T17:36:52.397Z] [DEBUG] [c07d6ee6-4066-4889-9eed-c5f08e703280] Blender Output: Fra:127 Mem:119.20M (Peak 150.84M) | Time:00:00.34 | Rendering 50 / 64 samples

[2025-07-27T17:36:52.483Z] [DEBUG] [c07d6ee6-4066-4889-9eed-c5f08e703280] Blender Output: Fra:127 Mem:119.20M (Peak 150.84M) | Time:00:00.42 | Rendering 64 / 64 samples

[2025-07-27T17:36:52.562Z] [DEBUG] [c07d6ee6-4066-4889-9eed-c5f08e703280] Blender Output: Append frame 127
Time: 00:00.50 (Saving: 00:00.03)


[2025-07-27T17:36:52.599Z] [DEBUG] [c07d6ee6-4066-4889-9eed-c5f08e703280] Blender Output: Fra:128 Mem:119.20M (Peak 150.84M) | Time:00:00.03 | Rendering 1 / 64 samples

[2025-07-27T17:36:52.750Z] [DEBUG] [c07d6ee6-4066-4889-9eed-c5f08e703280] Blender Output: Fra:128 Mem:119.20M (Peak 150.84M) | Time:00:00.18 | Rendering 25 / 64 samples

[2025-07-27T17:36:52.904Z] [DEBUG] [c07d6ee6-4066-4889-9eed-c5f08e703280] Blender Output: Fra:128 Mem:119.20M (Peak 150.84M) | Time:00:00.34 | Rendering 50 / 64 samples

[2025-07-27T17:36:52.991Z] [DEBUG] [c07d6ee6-4066-4889-9eed-c5f08e703280] Blender Output: Fra:128 Mem:119.20M (Peak 150.84M) | Time:00:00.42 | Rendering 64 / 64 samples

[2025-07-27T17:36:53.069Z] [DEBUG] [c07d6ee6-4066-4889-9eed-c5f08e703280] Blender Output: Append frame 128
Time: 00:00.50 (Saving: 00:00.03)


[2025-07-27T17:36:53.106Z] [DEBUG] [c07d6ee6-4066-4889-9eed-c5f08e703280] Blender Output: Fra:129 Mem:119.20M (Peak 150.84M) | Time:00:00.03 | Rendering 1 / 64 samples

[2025-07-27T17:36:53.259Z] [DEBUG] [c07d6ee6-4066-4889-9eed-c5f08e703280] Blender Output: Fra:129 Mem:119.20M (Peak 150.84M) | Time:00:00.18 | Rendering 25 / 64 samples

[2025-07-27T17:36:53.414Z] [DEBUG] [c07d6ee6-4066-4889-9eed-c5f08e703280] Blender Output: Fra:129 Mem:119.20M (Peak 150.84M) | Time:00:00.34 | Rendering 50 / 64 samples

[2025-07-27T17:36:53.501Z] [DEBUG] [c07d6ee6-4066-4889-9eed-c5f08e703280] Blender Output: Fra:129 Mem:119.20M (Peak 150.84M) | Time:00:00.43 | Rendering 64 / 64 samples

[2025-07-27T17:36:53.578Z] [DEBUG] [c07d6ee6-4066-4889-9eed-c5f08e703280] Blender Output: Append frame 129
Time: 00:00.50 (Saving: 00:00.03)


[2025-07-27T17:36:53.614Z] [DEBUG] [c07d6ee6-4066-4889-9eed-c5f08e703280] Blender Output: Fra:130 Mem:119.20M (Peak 150.84M) | Time:00:00.03 | Rendering 1 / 64 samples

[2025-07-27T17:36:53.767Z] [DEBUG] [c07d6ee6-4066-4889-9eed-c5f08e703280] Blender Output: Fra:130 Mem:119.20M (Peak 150.84M) | Time:00:00.18 | Rendering 25 / 64 samples

[2025-07-27T17:36:53.922Z] [DEBUG] [c07d6ee6-4066-4889-9eed-c5f08e703280] Blender Output: Fra:130 Mem:119.20M (Peak 150.84M) | Time:00:00.34 | Rendering 50 / 64 samples

[2025-07-27T17:36:54.010Z] [DEBUG] [c07d6ee6-4066-4889-9eed-c5f08e703280] Blender Output: Fra:130 Mem:119.20M (Peak 150.84M) | Time:00:00.43 | Rendering 64 / 64 samples

[2025-07-27T17:36:54.084Z] [DEBUG] [c07d6ee6-4066-4889-9eed-c5f08e703280] Blender Output: Append frame 130
Time: 00:00.50 (Saving: 00:00.03)


[2025-07-27T17:36:54.121Z] [DEBUG] [c07d6ee6-4066-4889-9eed-c5f08e703280] Blender Output: Fra:131 Mem:119.20M (Peak 150.84M) | Time:00:00.03 | Rendering 1 / 64 samples

[2025-07-27T17:36:54.277Z] [DEBUG] [c07d6ee6-4066-4889-9eed-c5f08e703280] Blender Output: Fra:131 Mem:119.20M (Peak 150.84M) | Time:00:00.19 | Rendering 25 / 64 samples

[2025-07-27T17:36:54.433Z] [DEBUG] [c07d6ee6-4066-4889-9eed-c5f08e703280] Blender Output: Fra:131 Mem:119.20M (Peak 150.84M) | Time:00:00.34 | Rendering 50 / 64 samples

[2025-07-27T17:36:54.521Z] [DEBUG] [c07d6ee6-4066-4889-9eed-c5f08e703280] Blender Output: Fra:131 Mem:119.20M (Peak 150.84M) | Time:00:00.43 | Rendering 64 / 64 samples

[2025-07-27T17:36:54.598Z] [DEBUG] [c07d6ee6-4066-4889-9eed-c5f08e703280] Blender Output: Append frame 131
Time: 00:00.51 (Saving: 00:00.03)


[2025-07-27T17:36:54.635Z] [DEBUG] [c07d6ee6-4066-4889-9eed-c5f08e703280] Blender Output: Fra:132 Mem:119.20M (Peak 150.84M) | Time:00:00.03 | Rendering 1 / 64 samples

[2025-07-27T17:36:54.788Z] [DEBUG] [c07d6ee6-4066-4889-9eed-c5f08e703280] Blender Output: Fra:132 Mem:119.20M (Peak 150.84M) | Time:00:00.19 | Rendering 25 / 64 samples

[2025-07-27T17:36:54.946Z] [DEBUG] [c07d6ee6-4066-4889-9eed-c5f08e703280] Blender Output: Fra:132 Mem:119.20M (Peak 150.84M) | Time:00:00.34 | Rendering 50 / 64 samples

[2025-07-27T17:36:55.035Z] [DEBUG] [c07d6ee6-4066-4889-9eed-c5f08e703280] Blender Output: Fra:132 Mem:119.20M (Peak 150.84M) | Time:00:00.43 | Rendering 64 / 64 samples

[2025-07-27T17:36:55.114Z] [DEBUG] [c07d6ee6-4066-4889-9eed-c5f08e703280] Blender Output: Append frame 132
Time: 00:00.51 (Saving: 00:00.03)


[2025-07-27T17:36:55.161Z] [DEBUG] [c07d6ee6-4066-4889-9eed-c5f08e703280] Blender Output: Fra:133 Mem:119.20M (Peak 150.84M) | Time:00:00.04 | Rendering 1 / 64 samples

[2025-07-27T17:36:55.314Z] [DEBUG] [c07d6ee6-4066-4889-9eed-c5f08e703280] Blender Output: Fra:133 Mem:119.20M (Peak 150.84M) | Time:00:00.19 | Rendering 25 / 64 samples

[2025-07-27T17:36:55.470Z] [DEBUG] [c07d6ee6-4066-4889-9eed-c5f08e703280] Blender Output: Fra:133 Mem:119.20M (Peak 150.84M) | Time:00:00.35 | Rendering 50 / 64 samples

[2025-07-27T17:36:55.557Z] [DEBUG] [c07d6ee6-4066-4889-9eed-c5f08e703280] Blender Output: Fra:133 Mem:119.20M (Peak 150.84M) | Time:00:00.44 | Rendering 64 / 64 samples

[2025-07-27T17:36:55.631Z] [DEBUG] [c07d6ee6-4066-4889-9eed-c5f08e703280] Blender Output: Append frame 133
Time: 00:00.51 (Saving: 00:00.03)


[2025-07-27T17:36:55.668Z] [DEBUG] [c07d6ee6-4066-4889-9eed-c5f08e703280] Blender Output: Fra:134 Mem:119.20M (Peak 150.84M) | Time:00:00.03 | Rendering 1 / 64 samples

[2025-07-27T17:36:55.821Z] [DEBUG] [c07d6ee6-4066-4889-9eed-c5f08e703280] Blender Output: Fra:134 Mem:119.20M (Peak 150.84M) | Time:00:00.19 | Rendering 25 / 64 samples

[2025-07-27T17:36:55.979Z] [DEBUG] [c07d6ee6-4066-4889-9eed-c5f08e703280] Blender Output: Fra:134 Mem:119.20M (Peak 150.84M) | Time:00:00.34 | Rendering 50 / 64 samples

[2025-07-27T17:36:56.068Z] [DEBUG] [c07d6ee6-4066-4889-9eed-c5f08e703280] Blender Output: Fra:134 Mem:119.20M (Peak 150.84M) | Time:00:00.43 | Rendering 64 / 64 samples

[2025-07-27T17:36:56.147Z] [DEBUG] [c07d6ee6-4066-4889-9eed-c5f08e703280] Blender Output: Append frame 134
Time: 00:00.51 (Saving: 00:00.03)


[2025-07-27T17:36:56.184Z] [DEBUG] [c07d6ee6-4066-4889-9eed-c5f08e703280] Blender Output: Fra:135 Mem:119.20M (Peak 150.84M) | Time:00:00.03 | Rendering 1 / 64 samples

[2025-07-27T17:36:56.338Z] [DEBUG] [c07d6ee6-4066-4889-9eed-c5f08e703280] Blender Output: Fra:135 Mem:119.20M (Peak 150.84M) | Time:00:00.19 | Rendering 25 / 64 samples

[2025-07-27T17:36:56.491Z] [DEBUG] [c07d6ee6-4066-4889-9eed-c5f08e703280] Blender Output: Fra:135 Mem:119.20M (Peak 150.84M) | Time:00:00.34 | Rendering 50 / 64 samples

[2025-07-27T17:36:56.578Z] [DEBUG] [c07d6ee6-4066-4889-9eed-c5f08e703280] Blender Output: Fra:135 Mem:119.20M (Peak 150.84M) | Time:00:00.43 | Rendering 64 / 64 samples

[2025-07-27T17:36:56.654Z] [DEBUG] [c07d6ee6-4066-4889-9eed-c5f08e703280] Blender Output: Append frame 135
Time: 00:00.50 (Saving: 00:00.03)


[2025-07-27T17:36:56.689Z] [DEBUG] [c07d6ee6-4066-4889-9eed-c5f08e703280] Blender Output: Fra:136 Mem:119.20M (Peak 150.84M) | Time:00:00.03 | Rendering 1 / 64 samples

[2025-07-27T17:36:56.840Z] [DEBUG] [c07d6ee6-4066-4889-9eed-c5f08e703280] Blender Output: Fra:136 Mem:119.20M (Peak 150.84M) | Time:00:00.18 | Rendering 25 / 64 samples

[2025-07-27T17:36:56.995Z] [DEBUG] [c07d6ee6-4066-4889-9eed-c5f08e703280] Blender Output: Fra:136 Mem:119.20M (Peak 150.84M) | Time:00:00.34 | Rendering 50 / 64 samples

[2025-07-27T17:36:57.083Z] [DEBUG] [c07d6ee6-4066-4889-9eed-c5f08e703280] Blender Output: Fra:136 Mem:119.20M (Peak 150.84M) | Time:00:00.42 | Rendering 64 / 64 samples

[2025-07-27T17:36:57.162Z] [DEBUG] [c07d6ee6-4066-4889-9eed-c5f08e703280] Blender Output: Append frame 136
Time: 00:00.50 (Saving: 00:00.03)


[2025-07-27T17:36:57.198Z] [DEBUG] [c07d6ee6-4066-4889-9eed-c5f08e703280] Blender Output: Fra:137 Mem:119.20M (Peak 150.84M) | Time:00:00.03 | Rendering 1 / 64 samples

[2025-07-27T17:36:57.349Z] [DEBUG] [c07d6ee6-4066-4889-9eed-c5f08e703280] Blender Output: Fra:137 Mem:119.20M (Peak 150.84M) | Time:00:00.18 | Rendering 25 / 64 samples

[2025-07-27T17:36:57.502Z] [DEBUG] [c07d6ee6-4066-4889-9eed-c5f08e703280] Blender Output: Fra:137 Mem:119.20M (Peak 150.84M) | Time:00:00.34 | Rendering 50 / 64 samples

[2025-07-27T17:36:57.588Z] [DEBUG] [c07d6ee6-4066-4889-9eed-c5f08e703280] Blender Output: Fra:137 Mem:119.20M (Peak 150.84M) | Time:00:00.42 | Rendering 64 / 64 samples

[2025-07-27T17:36:57.666Z] [DEBUG] [c07d6ee6-4066-4889-9eed-c5f08e703280] Blender Output: Append frame 137
Time: 00:00.50 (Saving: 00:00.03)


[2025-07-27T17:36:57.703Z] [DEBUG] [c07d6ee6-4066-4889-9eed-c5f08e703280] Blender Output: Fra:138 Mem:119.20M (Peak 150.84M) | Time:00:00.03 | Rendering 1 / 64 samples

[2025-07-27T17:36:57.854Z] [DEBUG] [c07d6ee6-4066-4889-9eed-c5f08e703280] Blender Output: Fra:138 Mem:119.20M (Peak 150.84M) | Time:00:00.18 | Rendering 25 / 64 samples

[2025-07-27T17:36:58.005Z] [DEBUG] [c07d6ee6-4066-4889-9eed-c5f08e703280] Blender Output: Fra:138 Mem:119.20M (Peak 150.84M) | Time:00:00.33 | Rendering 50 / 64 samples

[2025-07-27T17:36:58.091Z] [DEBUG] [c07d6ee6-4066-4889-9eed-c5f08e703280] Blender Output: Fra:138 Mem:119.20M (Peak 150.84M) | Time:00:00.42 | Rendering 64 / 64 samples

[2025-07-27T17:36:58.165Z] [DEBUG] [c07d6ee6-4066-4889-9eed-c5f08e703280] Blender Output: Append frame 138
Time: 00:00.49 (Saving: 00:00.03)


[2025-07-27T17:36:58.203Z] [DEBUG] [c07d6ee6-4066-4889-9eed-c5f08e703280] Blender Output: Fra:139 Mem:119.20M (Peak 150.84M) | Time:00:00.03 | Rendering 1 / 64 samples

[2025-07-27T17:36:58.355Z] [DEBUG] [c07d6ee6-4066-4889-9eed-c5f08e703280] Blender Output: Fra:139 Mem:119.20M (Peak 150.84M) | Time:00:00.18 | Rendering 25 / 64 samples

[2025-07-27T17:36:58.508Z] [DEBUG] [c07d6ee6-4066-4889-9eed-c5f08e703280] Blender Output: Fra:139 Mem:119.20M (Peak 150.84M) | Time:00:00.34 | Rendering 50 / 64 samples

[2025-07-27T17:36:58.593Z] [DEBUG] [c07d6ee6-4066-4889-9eed-c5f08e703280] Blender Output: Fra:139 Mem:119.20M (Peak 150.84M) | Time:00:00.42 | Rendering 64 / 64 samples

[2025-07-27T17:36:58.670Z] [DEBUG] [c07d6ee6-4066-4889-9eed-c5f08e703280] Blender Output: Append frame 139
Time: 00:00.50 (Saving: 00:00.03)


[2025-07-27T17:36:58.707Z] [DEBUG] [c07d6ee6-4066-4889-9eed-c5f08e703280] Blender Output: Fra:140 Mem:119.20M (Peak 150.84M) | Time:00:00.03 | Rendering 1 / 64 samples

[2025-07-27T17:36:58.857Z] [DEBUG] [c07d6ee6-4066-4889-9eed-c5f08e703280] Blender Output: Fra:140 Mem:119.20M (Peak 150.84M) | Time:00:00.18 | Rendering 25 / 64 samples

[2025-07-27T17:36:59.011Z] [DEBUG] [c07d6ee6-4066-4889-9eed-c5f08e703280] Blender Output: Fra:140 Mem:119.20M (Peak 150.84M) | Time:00:00.34 | Rendering 50 / 64 samples

[2025-07-27T17:36:59.098Z] [DEBUG] [c07d6ee6-4066-4889-9eed-c5f08e703280] Blender Output: Fra:140 Mem:119.20M (Peak 150.84M) | Time:00:00.42 | Rendering 64 / 64 samples

[2025-07-27T17:36:59.177Z] [DEBUG] [c07d6ee6-4066-4889-9eed-c5f08e703280] Blender Output: Append frame 140
Time: 00:00.50 (Saving: 00:00.03)


[2025-07-27T17:36:59.214Z] [DEBUG] [c07d6ee6-4066-4889-9eed-c5f08e703280] Blender Output: Fra:141 Mem:119.20M (Peak 150.84M) | Time:00:00.03 | Rendering 1 / 64 samples

[2025-07-27T17:36:59.365Z] [DEBUG] [c07d6ee6-4066-4889-9eed-c5f08e703280] Blender Output: Fra:141 Mem:119.20M (Peak 150.84M) | Time:00:00.18 | Rendering 25 / 64 samples

[2025-07-27T17:36:59.520Z] [DEBUG] [c07d6ee6-4066-4889-9eed-c5f08e703280] Blender Output: Fra:141 Mem:119.20M (Peak 150.84M) | Time:00:00.34 | Rendering 50 / 64 samples

[2025-07-27T17:36:59.606Z] [DEBUG] [c07d6ee6-4066-4889-9eed-c5f08e703280] Blender Output: Fra:141 Mem:119.20M (Peak 150.84M) | Time:00:00.42 | Rendering 64 / 64 samples

[2025-07-27T17:36:59.684Z] [DEBUG] [c07d6ee6-4066-4889-9eed-c5f08e703280] Blender Output: Append frame 141
Time: 00:00.50 (Saving: 00:00.03)


[2025-07-27T17:36:59.720Z] [DEBUG] [c07d6ee6-4066-4889-9eed-c5f08e703280] Blender Output: Fra:142 Mem:119.20M (Peak 150.84M) | Time:00:00.03 | Rendering 1 / 64 samples

[2025-07-27T17:36:59.872Z] [DEBUG] [c07d6ee6-4066-4889-9eed-c5f08e703280] Blender Output: Fra:142 Mem:119.20M (Peak 150.84M) | Time:00:00.18 | Rendering 25 / 64 samples

[2025-07-27T17:37:00.027Z] [DEBUG] [c07d6ee6-4066-4889-9eed-c5f08e703280] Blender Output: Fra:142 Mem:119.20M (Peak 150.84M) | Time:00:00.34 | Rendering 50 / 64 samples

[2025-07-27T17:37:00.113Z] [DEBUG] [c07d6ee6-4066-4889-9eed-c5f08e703280] Blender Output: Fra:142 Mem:119.20M (Peak 150.84M) | Time:00:00.42 | Rendering 64 / 64 samples

[2025-07-27T17:37:00.190Z] [DEBUG] [c07d6ee6-4066-4889-9eed-c5f08e703280] Blender Output: Append frame 142
Time: 00:00.50 (Saving: 00:00.03)


[2025-07-27T17:37:00.373Z] [DEBUG] [c07d6ee6-4066-4889-9eed-c5f08e703280] Blender Output: 🎯 V1.4.0.a.8.1 - HOTFIX BLENDER 4.5+ INICIADO
🛡️ BLINDAGEM: V1.4.0.a.7 sync perfeito preservado
🔧 HOTFIX: APIs compatíveis com Blender 4.5+ e EEVEE_NEXT
📂 Working directory: C:\Users\Denys Victoriano\Documents\GitHub\clone\zentraw\Zentraw\3d_visualizer\Blender
🐍 Python script: C:\Users\Denys Victoriano\Documents\GitHub\clone\zentraw\Zentraw\3d_visualizer\Blender\render_audio_visualizer_v1.4.0.a.8.1.py
🔍 Verificando existência dos arquivos...
✅ Todos os arquivos validados com sucesso
🎵 Áudio: C:\Users\Denys Victoriano\Documents\GitHub\clone\zentraw\Zentraw\3d_visualizer\uploads\1753637744203_audio.wav
🖼️ Imagem: C:\Users\Denys Victoriano\Documents\GitHub\clone\zentraw\Zentraw\3d_visualizer\uploads\1753637744207_image.jpg
📁 Output (absoluto): C:\Users\Denys Victoriano\Documents\GitHub\clone\zentraw\Zentraw\3d_visualizer\outputs\output_v1.4.0.a.8.mp4
⚙️ Config: C:\Users\Denys Victoriano\Documents\GitHub\clone\zentraw\Zentraw\3d_visualizer\temp\config_c07d6ee6-4066-4889-9eed-c5f08e703280.json
📊 CONFIGURAÇÕES APLICADAS V1.4.0.a.8.1 HOTFIX:
   🎬 Resolução: 1920x1080 (Full HD padrão)
   🎞️ FPS: 30
   🔍 Samples: 128
   ⚡ Engine: BLENDER_EEVEE_NEXT (Eevee Next padrão - Blender 4.5+)
   📊 Amplitude Multiplier: 3.0x (V1.4.0.a.7 BLINDADO)
   🌊 Suavização: 1
   🎧 Canais: mono
   📦 Escala Base: 1.0x
   📈 Escala Máxima: 5.0x
   🎯 Partículas: 64
   📏 Espaçamento: 1.2
🎬 Setting up scene...
🚀 Render engine: BLENDER_EEVEE_NEXT
📐 Resolução: 1920x1080
⚡ Eevee configurado para velocidade (samples: 64)
✅ Samples Eevee configurados
🔒 Definindo caminho de saída do render: C:\Users\Denys Victoriano\Documents\GitHub\clone\zentraw\Zentraw\3d_visualizer\outputs\output_v1.4.0.a.8.mp4
🎵 Carregando áudio...
🎵 Áudio carregado: 227324 samples, 48000Hz, 2 canais
⏱️ Duração: 4.74s, 142 frames @ 30fps
🎯 Criando sistema de cubos...
✅ 64 cubos criados
🎵 Animando baseado no áudio...
✅ Animação completa
🖼️ Adicionando imagem de fundo: C:\Users\Denys Victoriano\Documents\GitHub\clone\zentraw\Zentraw\3d_visualizer\uploads\1753637744207_image.jpg
🎵 Configurando áudio no sequencer...
🎬 Iniciando render...
📊 Engine: BLENDER_EEVEE_NEXT
📐 Resolução: 1920x1080
⏱️ Frames: 142
🎵 Com áudio: True
🎉 Render concluído com sucesso!
📂 Arquivos no diretório de saída (C:\Users\Denys Victoriano\Documents\GitHub\clone\zentraw\Zentraw\3d_visualizer\outputs):
 - output_v1.4.0.a.8.mp4
✅ Arquivo MP4 gerado: C:\Users\Denys Victoriano\Documents\GitHub\clone\zentraw\Zentraw\3d_visualizer\outputs\output_v1.4.0.a.8.mp4

[2025-07-27T17:37:00.621Z] [DEBUG] [c07d6ee6-4066-4889-9eed-c5f08e703280] Blender Output: 
Blender quit

[2025-07-27T17:37:00.678Z] [INFO] [c07d6ee6-4066-4889-9eed-c5f08e703280] Blender process finalizado com código: 0
[2025-07-27T17:37:00.680Z] [SUCCESS] [c07d6ee6-4066-4889-9eed-c5f08e703280] Render concluído: C:\Users\Denys Victoriano\Documents\GitHub\clone\zentraw\Zentraw\3d_visualizer\outputs\output_v1.4.0.a.8.mp4
[2025-07-27T17:40:51.481Z] [INFO] [4640fc3e-67fc-464d-b78b-3e60dad80659] Iniciando render parametrizado
[2025-07-27T17:40:51.482Z] [DEBUG] [4640fc3e-67fc-464d-b78b-3e60dad80659] 🔍 DEBUG - audioFile: {"fieldname":"audio","originalname":"sample_audio3.wav","encoding":"7bit","mimetype":"audio/wav","destination":"C:\\Users\\Denys Victoriano\\Documents\\GitHub\\clone\\zentraw\\Zentraw\\3d_visualizer\\uploads","filename":"1753638051475_audio.wav","path":"C:\\Users\\Denys Victoriano\\Documents\\GitHub\\clone\\zentraw\\Zentraw\\3d_visualizer\\uploads\\1753638051475_audio.wav","size":909502}
[2025-07-27T17:40:51.483Z] [DEBUG] [4640fc3e-67fc-464d-b78b-3e60dad80659] 🔍 DEBUG - imageFile: {"fieldname":"image","originalname":"sample_cover.jpg","encoding":"7bit","mimetype":"image/jpeg","destination":"C:\\Users\\Denys Victoriano\\Documents\\GitHub\\clone\\zentraw\\Zentraw\\3d_visualizer\\uploads","filename":"1753638051479_image.jpg","path":"C:\\Users\\Denys Victoriano\\Documents\\GitHub\\clone\\zentraw\\Zentraw\\3d_visualizer\\uploads\\1753638051479_image.jpg","size":362360}
[2025-07-27T17:40:51.591Z] [INFO] [4640fc3e-67fc-464d-b78b-3e60dad80659] Executando Blender: C:\Program Files\Blender Foundation\Blender 4.5\blender.exe C:\Users\Denys Victoriano\Documents\GitHub\clone\zentraw\Zentraw\3d_visualizer\Blender\template.blend --background --python C:\Users\Denys Victoriano\Documents\GitHub\clone\zentraw\Zentraw\3d_visualizer\Blender\render_audio_visualizer_v1.4.0.a.8.1.py -- C:\Users\Denys Victoriano\Documents\GitHub\clone\zentraw\Zentraw\3d_visualizer\uploads\1753638051475_audio.wav C:\Users\Denys Victoriano\Documents\GitHub\clone\zentraw\Zentraw\3d_visualizer\uploads\1753638051479_image.jpg C:\Users\Denys Victoriano\Documents\GitHub\clone\zentraw\Zentraw\3d_visualizer\outputs\output_v1.4.0.a.8.mp4 C:\Users\Denys Victoriano\Documents\GitHub\clone\zentraw\Zentraw\3d_visualizer\temp\config_4640fc3e-67fc-464d-b78b-3e60dad80659.json
[2025-07-27T17:40:54.887Z] [DEBUG] [4640fc3e-67fc-464d-b78b-3e60dad80659] Blender Output: Blender 4.5.0 (hash 8cb6b388974a built 2025-07-15 01:36:24)
Read blend: "C:\Users\Denys Victoriano\Documents\GitHub\clone\zentraw\Zentraw\3d_visualizer\Blender\template.blend"
Fra:1 Mem:118.68M (Peak 127.29M) | Time:00:00.48 | Rendering 1 / 64 samples

[2025-07-27T17:40:54.967Z] [DEBUG] [4640fc3e-67fc-464d-b78b-3e60dad80659] Blender Output: Fra:1 Mem:119.01M (Peak 127.29M) | Time:00:00.56 | Rendering 25 / 64 samples

[2025-07-27T17:40:55.044Z] [DEBUG] [4640fc3e-67fc-464d-b78b-3e60dad80659] Blender Output: Fra:1 Mem:119.01M (Peak 127.29M) | Time:00:00.64 | Rendering 50 / 64 samples

[2025-07-27T17:40:55.088Z] [DEBUG] [4640fc3e-67fc-464d-b78b-3e60dad80659] Blender Output: Fra:1 Mem:119.01M (Peak 127.29M) | Time:00:00.68 | Rendering 64 / 64 samples

[2025-07-27T17:40:55.346Z] [DEBUG] [4640fc3e-67fc-464d-b78b-3e60dad80659] Blender Output: Append frame 1
Time: 00:00.94 (Saving: 00:00.21)


[2025-07-27T17:40:55.400Z] [DEBUG] [4640fc3e-67fc-464d-b78b-3e60dad80659] Blender Output: Fra:2 Mem:119.15M (Peak 150.65M) | Time:00:00.05 | Rendering 1 / 64 samples

[2025-07-27T17:40:55.491Z] [DEBUG] [4640fc3e-67fc-464d-b78b-3e60dad80659] Blender Output: Fra:2 Mem:119.20M (Peak 150.65M) | Time:00:00.14 | Rendering 25 / 64 samples

[2025-07-27T17:40:55.586Z] [DEBUG] [4640fc3e-67fc-464d-b78b-3e60dad80659] Blender Output: Fra:2 Mem:119.20M (Peak 150.65M) | Time:00:00.24 | Rendering 50 / 64 samples

[2025-07-27T17:40:55.639Z] [DEBUG] [4640fc3e-67fc-464d-b78b-3e60dad80659] Blender Output: Fra:2 Mem:119.20M (Peak 150.65M) | Time:00:00.29 | Rendering 64 / 64 samples

[2025-07-27T17:40:55.732Z] [DEBUG] [4640fc3e-67fc-464d-b78b-3e60dad80659] Blender Output: Append frame 2
Time: 00:00.38 (Saving: 00:00.04)


[2025-07-27T17:40:55.768Z] [DEBUG] [4640fc3e-67fc-464d-b78b-3e60dad80659] Blender Output: Fra:3 Mem:119.20M (Peak 150.84M) | Time:00:00.03 | Rendering 1 / 64 samples

[2025-07-27T17:40:55.861Z] [DEBUG] [4640fc3e-67fc-464d-b78b-3e60dad80659] Blender Output: Fra:3 Mem:119.20M (Peak 150.84M) | Time:00:00.12 | Rendering 25 / 64 samples

[2025-07-27T17:40:55.957Z] [DEBUG] [4640fc3e-67fc-464d-b78b-3e60dad80659] Blender Output: Fra:3 Mem:119.20M (Peak 150.84M) | Time:00:00.22 | Rendering 50 / 64 samples

[2025-07-27T17:40:56.010Z] [DEBUG] [4640fc3e-67fc-464d-b78b-3e60dad80659] Blender Output: Fra:3 Mem:119.20M (Peak 150.84M) | Time:00:00.27 | Rendering 64 / 64 samples

[2025-07-27T17:40:56.090Z] [DEBUG] [4640fc3e-67fc-464d-b78b-3e60dad80659] Blender Output: Append frame 3
Time: 00:00.35 (Saving: 00:00.03)


[2025-07-27T17:40:56.126Z] [DEBUG] [4640fc3e-67fc-464d-b78b-3e60dad80659] Blender Output: Fra:4 Mem:119.20M (Peak 150.84M) | Time:00:00.03 | Rendering 1 / 64 samples

[2025-07-27T17:40:56.218Z] [DEBUG] [4640fc3e-67fc-464d-b78b-3e60dad80659] Blender Output: Fra:4 Mem:119.20M (Peak 150.84M) | Time:00:00.12 | Rendering 25 / 64 samples

[2025-07-27T17:40:56.312Z] [DEBUG] [4640fc3e-67fc-464d-b78b-3e60dad80659] Blender Output: Fra:4 Mem:119.20M (Peak 150.84M) | Time:00:00.22 | Rendering 50 / 64 samples

[2025-07-27T17:40:56.366Z] [DEBUG] [4640fc3e-67fc-464d-b78b-3e60dad80659] Blender Output: Fra:4 Mem:119.20M (Peak 150.84M) | Time:00:00.27 | Rendering 64 / 64 samples

[2025-07-27T17:40:56.438Z] [DEBUG] [4640fc3e-67fc-464d-b78b-3e60dad80659] Blender Output: Append frame 4
Time: 00:00.34 (Saving: 00:00.03)


[2025-07-27T17:40:56.474Z] [DEBUG] [4640fc3e-67fc-464d-b78b-3e60dad80659] Blender Output: Fra:5 Mem:119.20M (Peak 150.84M) | Time:00:00.03 | Rendering 1 / 64 samples

[2025-07-27T17:40:56.566Z] [DEBUG] [4640fc3e-67fc-464d-b78b-3e60dad80659] Blender Output: Fra:5 Mem:119.20M (Peak 150.84M) | Time:00:00.12 | Rendering 25 / 64 samples

[2025-07-27T17:40:56.660Z] [DEBUG] [4640fc3e-67fc-464d-b78b-3e60dad80659] Blender Output: Fra:5 Mem:119.20M (Peak 150.84M) | Time:00:00.22 | Rendering 50 / 64 samples

[2025-07-27T17:40:56.713Z] [DEBUG] [4640fc3e-67fc-464d-b78b-3e60dad80659] Blender Output: Fra:5 Mem:119.20M (Peak 150.84M) | Time:00:00.27 | Rendering 64 / 64 samples

[2025-07-27T17:40:56.790Z] [DEBUG] [4640fc3e-67fc-464d-b78b-3e60dad80659] Blender Output: Append frame 5
Time: 00:00.35 (Saving: 00:00.03)


[2025-07-27T17:40:56.826Z] [DEBUG] [4640fc3e-67fc-464d-b78b-3e60dad80659] Blender Output: Fra:6 Mem:119.20M (Peak 150.84M) | Time:00:00.03 | Rendering 1 / 64 samples

[2025-07-27T17:40:56.917Z] [DEBUG] [4640fc3e-67fc-464d-b78b-3e60dad80659] Blender Output: Fra:6 Mem:119.20M (Peak 150.84M) | Time:00:00.12 | Rendering 25 / 64 samples

[2025-07-27T17:40:57.013Z] [DEBUG] [4640fc3e-67fc-464d-b78b-3e60dad80659] Blender Output: Fra:6 Mem:119.20M (Peak 150.84M) | Time:00:00.22 | Rendering 50 / 64 samples

[2025-07-27T17:40:57.067Z] [DEBUG] [4640fc3e-67fc-464d-b78b-3e60dad80659] Blender Output: Fra:6 Mem:119.20M (Peak 150.84M) | Time:00:00.27 | Rendering 64 / 64 samples

[2025-07-27T17:40:57.141Z] [DEBUG] [4640fc3e-67fc-464d-b78b-3e60dad80659] Blender Output: Append frame 6
Time: 00:00.35 (Saving: 00:00.03)


[2025-07-27T17:40:57.177Z] [DEBUG] [4640fc3e-67fc-464d-b78b-3e60dad80659] Blender Output: Fra:7 Mem:119.20M (Peak 150.84M) | Time:00:00.03 | Rendering 1 / 64 samples

[2025-07-27T17:40:57.270Z] [DEBUG] [4640fc3e-67fc-464d-b78b-3e60dad80659] Blender Output: Fra:7 Mem:119.20M (Peak 150.84M) | Time:00:00.12 | Rendering 25 / 64 samples

[2025-07-27T17:40:57.364Z] [DEBUG] [4640fc3e-67fc-464d-b78b-3e60dad80659] Blender Output: Fra:7 Mem:119.20M (Peak 150.84M) | Time:00:00.22 | Rendering 50 / 64 samples

[2025-07-27T17:40:57.419Z] [DEBUG] [4640fc3e-67fc-464d-b78b-3e60dad80659] Blender Output: Fra:7 Mem:119.20M (Peak 150.84M) | Time:00:00.27 | Rendering 64 / 64 samples

[2025-07-27T17:40:57.496Z] [DEBUG] [4640fc3e-67fc-464d-b78b-3e60dad80659] Blender Output: Append frame 7
Time: 00:00.35 (Saving: 00:00.03)


[2025-07-27T17:40:57.531Z] [DEBUG] [4640fc3e-67fc-464d-b78b-3e60dad80659] Blender Output: Fra:8 Mem:119.20M (Peak 150.84M) | Time:00:00.03 | Rendering 1 / 64 samples

[2025-07-27T17:40:57.625Z] [DEBUG] [4640fc3e-67fc-464d-b78b-3e60dad80659] Blender Output: Fra:8 Mem:119.20M (Peak 150.84M) | Time:00:00.12 | Rendering 25 / 64 samples

[2025-07-27T17:40:57.723Z] [DEBUG] [4640fc3e-67fc-464d-b78b-3e60dad80659] Blender Output: Fra:8 Mem:119.20M (Peak 150.84M) | Time:00:00.22 | Rendering 50 / 64 samples

[2025-07-27T17:40:57.778Z] [DEBUG] [4640fc3e-67fc-464d-b78b-3e60dad80659] Blender Output: Fra:8 Mem:119.20M (Peak 150.84M) | Time:00:00.28 | Rendering 64 / 64 samples

[2025-07-27T17:40:57.853Z] [DEBUG] [4640fc3e-67fc-464d-b78b-3e60dad80659] Blender Output: Append frame 8
Time: 00:00.35 (Saving: 00:00.03)


[2025-07-27T17:40:57.894Z] [DEBUG] [4640fc3e-67fc-464d-b78b-3e60dad80659] Blender Output: Fra:9 Mem:119.20M (Peak 150.84M) | Time:00:00.04 | Rendering 1 / 64 samples

[2025-07-27T17:40:57.994Z] [DEBUG] [4640fc3e-67fc-464d-b78b-3e60dad80659] Blender Output: Fra:9 Mem:119.20M (Peak 150.84M) | Time:00:00.14 | Rendering 25 / 64 samples

[2025-07-27T17:40:58.091Z] [DEBUG] [4640fc3e-67fc-464d-b78b-3e60dad80659] Blender Output: Fra:9 Mem:119.20M (Peak 150.84M) | Time:00:00.23 | Rendering 50 / 64 samples

[2025-07-27T17:40:58.146Z] [DEBUG] [4640fc3e-67fc-464d-b78b-3e60dad80659] Blender Output: Fra:9 Mem:119.20M (Peak 150.84M) | Time:00:00.29 | Rendering 64 / 64 samples

[2025-07-27T17:40:58.226Z] [DEBUG] [4640fc3e-67fc-464d-b78b-3e60dad80659] Blender Output: Append frame 9
Time: 00:00.37 (Saving: 00:00.03)


[2025-07-27T17:40:58.262Z] [DEBUG] [4640fc3e-67fc-464d-b78b-3e60dad80659] Blender Output: Fra:10 Mem:119.20M (Peak 150.84M) | Time:00:00.03 | Rendering 1 / 64 samples

[2025-07-27T17:40:58.354Z] [DEBUG] [4640fc3e-67fc-464d-b78b-3e60dad80659] Blender Output: Fra:10 Mem:119.20M (Peak 150.84M) | Time:00:00.12 | Rendering 25 / 64 samples

[2025-07-27T17:40:58.447Z] [DEBUG] [4640fc3e-67fc-464d-b78b-3e60dad80659] Blender Output: Fra:10 Mem:119.20M (Peak 150.84M) | Time:00:00.22 | Rendering 50 / 64 samples

[2025-07-27T17:40:58.501Z] [DEBUG] [4640fc3e-67fc-464d-b78b-3e60dad80659] Blender Output: Fra:10 Mem:119.20M (Peak 150.84M) | Time:00:00.27 | Rendering 64 / 64 samples

[2025-07-27T17:40:58.579Z] [DEBUG] [4640fc3e-67fc-464d-b78b-3e60dad80659] Blender Output: Append frame 10
Time: 00:00.35 (Saving: 00:00.03)


[2025-07-27T17:40:58.619Z] [DEBUG] [4640fc3e-67fc-464d-b78b-3e60dad80659] Blender Output: Fra:11 Mem:119.20M (Peak 150.84M) | Time:00:00.03 | Rendering 1 / 64 samples

[2025-07-27T17:40:58.715Z] [DEBUG] [4640fc3e-67fc-464d-b78b-3e60dad80659] Blender Output: Fra:11 Mem:119.20M (Peak 150.84M) | Time:00:00.13 | Rendering 25 / 64 samples

[2025-07-27T17:40:58.811Z] [DEBUG] [4640fc3e-67fc-464d-b78b-3e60dad80659] Blender Output: Fra:11 Mem:119.20M (Peak 150.84M) | Time:00:00.23 | Rendering 50 / 64 samples

[2025-07-27T17:40:58.864Z] [DEBUG] [4640fc3e-67fc-464d-b78b-3e60dad80659] Blender Output: Fra:11 Mem:119.20M (Peak 150.84M) | Time:00:00.28 | Rendering 64 / 64 samples

[2025-07-27T17:40:58.941Z] [DEBUG] [4640fc3e-67fc-464d-b78b-3e60dad80659] Blender Output: Append frame 11
Time: 00:00.36 (Saving: 00:00.03)


[2025-07-27T17:40:58.978Z] [DEBUG] [4640fc3e-67fc-464d-b78b-3e60dad80659] Blender Output: Fra:12 Mem:119.20M (Peak 150.84M) | Time:00:00.03 | Rendering 1 / 64 samples

[2025-07-27T17:40:59.071Z] [DEBUG] [4640fc3e-67fc-464d-b78b-3e60dad80659] Blender Output: Fra:12 Mem:119.20M (Peak 150.84M) | Time:00:00.12 | Rendering 25 / 64 samples

[2025-07-27T17:40:59.165Z] [DEBUG] [4640fc3e-67fc-464d-b78b-3e60dad80659] Blender Output: Fra:12 Mem:119.20M (Peak 150.84M) | Time:00:00.22 | Rendering 50 / 64 samples

[2025-07-27T17:40:59.218Z] [DEBUG] [4640fc3e-67fc-464d-b78b-3e60dad80659] Blender Output: Fra:12 Mem:119.20M (Peak 150.84M) | Time:00:00.27 | Rendering 64 / 64 samples

[2025-07-27T17:40:59.298Z] [DEBUG] [4640fc3e-67fc-464d-b78b-3e60dad80659] Blender Output: Append frame 12
Time: 00:00.35 (Saving: 00:00.03)


[2025-07-27T17:40:59.333Z] [DEBUG] [4640fc3e-67fc-464d-b78b-3e60dad80659] Blender Output: Fra:13 Mem:119.20M (Peak 150.84M) | Time:00:00.03 | Rendering 1 / 64 samples

[2025-07-27T17:40:59.426Z] [DEBUG] [4640fc3e-67fc-464d-b78b-3e60dad80659] Blender Output: Fra:13 Mem:119.20M (Peak 150.84M) | Time:00:00.12 | Rendering 25 / 64 samples

[2025-07-27T17:40:59.523Z] [DEBUG] [4640fc3e-67fc-464d-b78b-3e60dad80659] Blender Output: Fra:13 Mem:119.20M (Peak 150.84M) | Time:00:00.22 | Rendering 50 / 64 samples

[2025-07-27T17:40:59.576Z] [DEBUG] [4640fc3e-67fc-464d-b78b-3e60dad80659] Blender Output: Fra:13 Mem:119.20M (Peak 150.84M) | Time:00:00.27 | Rendering 64 / 64 samples

[2025-07-27T17:40:59.651Z] [DEBUG] [4640fc3e-67fc-464d-b78b-3e60dad80659] Blender Output: Append frame 13
Time: 00:00.35 (Saving: 00:00.03)


[2025-07-27T17:40:59.688Z] [DEBUG] [4640fc3e-67fc-464d-b78b-3e60dad80659] Blender Output: Fra:14 Mem:119.20M (Peak 150.84M) | Time:00:00.03 | Rendering 1 / 64 samples

[2025-07-27T17:40:59.780Z] [DEBUG] [4640fc3e-67fc-464d-b78b-3e60dad80659] Blender Output: Fra:14 Mem:119.20M (Peak 150.84M) | Time:00:00.12 | Rendering 25 / 64 samples

[2025-07-27T17:40:59.874Z] [DEBUG] [4640fc3e-67fc-464d-b78b-3e60dad80659] Blender Output: Fra:14 Mem:119.20M (Peak 150.84M) | Time:00:00.22 | Rendering 50 / 64 samples

[2025-07-27T17:40:59.927Z] [DEBUG] [4640fc3e-67fc-464d-b78b-3e60dad80659] Blender Output: Fra:14 Mem:119.20M (Peak 150.84M) | Time:00:00.27 | Rendering 64 / 64 samples

[2025-07-27T17:41:00.004Z] [DEBUG] [4640fc3e-67fc-464d-b78b-3e60dad80659] Blender Output: Append frame 14
Time: 00:00.35 (Saving: 00:00.03)


[2025-07-27T17:41:00.039Z] [DEBUG] [4640fc3e-67fc-464d-b78b-3e60dad80659] Blender Output: Fra:15 Mem:119.20M (Peak 150.84M) | Time:00:00.03 | Rendering 1 / 64 samples

[2025-07-27T17:41:00.132Z] [DEBUG] [4640fc3e-67fc-464d-b78b-3e60dad80659] Blender Output: Fra:15 Mem:119.20M (Peak 150.84M) | Time:00:00.12 | Rendering 25 / 64 samples

[2025-07-27T17:41:00.229Z] [DEBUG] [4640fc3e-67fc-464d-b78b-3e60dad80659] Blender Output: Fra:15 Mem:119.20M (Peak 150.84M) | Time:00:00.22 | Rendering 50 / 64 samples

[2025-07-27T17:41:00.281Z] [DEBUG] [4640fc3e-67fc-464d-b78b-3e60dad80659] Blender Output: Fra:15 Mem:119.20M (Peak 150.84M) | Time:00:00.27 | Rendering 64 / 64 samples

[2025-07-27T17:41:00.357Z] [DEBUG] [4640fc3e-67fc-464d-b78b-3e60dad80659] Blender Output: Append frame 15
Time: 00:00.35 (Saving: 00:00.03)


[2025-07-27T17:41:00.393Z] [DEBUG] [4640fc3e-67fc-464d-b78b-3e60dad80659] Blender Output: Fra:16 Mem:119.20M (Peak 150.84M) | Time:00:00.03 | Rendering 1 / 64 samples

[2025-07-27T17:41:00.485Z] [DEBUG] [4640fc3e-67fc-464d-b78b-3e60dad80659] Blender Output: Fra:16 Mem:119.20M (Peak 150.84M) | Time:00:00.12 | Rendering 25 / 64 samples

[2025-07-27T17:41:00.580Z] [DEBUG] [4640fc3e-67fc-464d-b78b-3e60dad80659] Blender Output: Fra:16 Mem:119.20M (Peak 150.84M) | Time:00:00.22 | Rendering 50 / 64 samples

[2025-07-27T17:41:00.634Z] [DEBUG] [4640fc3e-67fc-464d-b78b-3e60dad80659] Blender Output: Fra:16 Mem:119.20M (Peak 150.84M) | Time:00:00.27 | Rendering 64 / 64 samples

[2025-07-27T17:41:00.712Z] [DEBUG] [4640fc3e-67fc-464d-b78b-3e60dad80659] Blender Output: Append frame 16
Time: 00:00.35 (Saving: 00:00.03)


[2025-07-27T17:41:00.747Z] [DEBUG] [4640fc3e-67fc-464d-b78b-3e60dad80659] Blender Output: Fra:17 Mem:119.20M (Peak 150.84M) | Time:00:00.03 | Rendering 1 / 64 samples

[2025-07-27T17:41:00.841Z] [DEBUG] [4640fc3e-67fc-464d-b78b-3e60dad80659] Blender Output: Fra:17 Mem:119.20M (Peak 150.84M) | Time:00:00.12 | Rendering 25 / 64 samples

[2025-07-27T17:41:00.935Z] [DEBUG] [4640fc3e-67fc-464d-b78b-3e60dad80659] Blender Output: Fra:17 Mem:119.20M (Peak 150.84M) | Time:00:00.22 | Rendering 50 / 64 samples

[2025-07-27T17:41:00.988Z] [DEBUG] [4640fc3e-67fc-464d-b78b-3e60dad80659] Blender Output: Fra:17 Mem:119.20M (Peak 150.84M) | Time:00:00.27 | Rendering 64 / 64 samples

[2025-07-27T17:41:01.064Z] [DEBUG] [4640fc3e-67fc-464d-b78b-3e60dad80659] Blender Output: Append frame 17
Time: 00:00.35 (Saving: 00:00.03)


[2025-07-27T17:41:01.099Z] [DEBUG] [4640fc3e-67fc-464d-b78b-3e60dad80659] Blender Output: Fra:18 Mem:119.20M (Peak 150.84M) | Time:00:00.03 | Rendering 1 / 64 samples

[2025-07-27T17:41:01.192Z] [DEBUG] [4640fc3e-67fc-464d-b78b-3e60dad80659] Blender Output: Fra:18 Mem:119.20M (Peak 150.84M) | Time:00:00.12 | Rendering 25 / 64 samples

[2025-07-27T17:41:01.288Z] [DEBUG] [4640fc3e-67fc-464d-b78b-3e60dad80659] Blender Output: Fra:18 Mem:119.20M (Peak 150.84M) | Time:00:00.22 | Rendering 50 / 64 samples

[2025-07-27T17:41:01.340Z] [DEBUG] [4640fc3e-67fc-464d-b78b-3e60dad80659] Blender Output: Fra:18 Mem:119.20M (Peak 150.84M) | Time:00:00.27 | Rendering 64 / 64 samples

[2025-07-27T17:41:01.416Z] [DEBUG] [4640fc3e-67fc-464d-b78b-3e60dad80659] Blender Output: Append frame 18
Time: 00:00.35 (Saving: 00:00.03)


[2025-07-27T17:41:01.451Z] [DEBUG] [4640fc3e-67fc-464d-b78b-3e60dad80659] Blender Output: Fra:19 Mem:119.20M (Peak 150.84M) | Time:00:00.03 | Rendering 1 / 64 samples

[2025-07-27T17:41:01.544Z] [DEBUG] [4640fc3e-67fc-464d-b78b-3e60dad80659] Blender Output: Fra:19 Mem:119.20M (Peak 150.84M) | Time:00:00.12 | Rendering 25 / 64 samples

[2025-07-27T17:41:01.639Z] [DEBUG] [4640fc3e-67fc-464d-b78b-3e60dad80659] Blender Output: Fra:19 Mem:119.20M (Peak 150.84M) | Time:00:00.22 | Rendering 50 / 64 samples

[2025-07-27T17:41:01.693Z] [DEBUG] [4640fc3e-67fc-464d-b78b-3e60dad80659] Blender Output: Fra:19 Mem:119.20M (Peak 150.84M) | Time:00:00.27 | Rendering 64 / 64 samples

[2025-07-27T17:41:01.769Z] [DEBUG] [4640fc3e-67fc-464d-b78b-3e60dad80659] Blender Output: Append frame 19
Time: 00:00.35 (Saving: 00:00.03)


[2025-07-27T17:41:01.805Z] [DEBUG] [4640fc3e-67fc-464d-b78b-3e60dad80659] Blender Output: Fra:20 Mem:119.20M (Peak 150.84M) | Time:00:00.03 | Rendering 1 / 64 samples

[2025-07-27T17:41:01.897Z] [DEBUG] [4640fc3e-67fc-464d-b78b-3e60dad80659] Blender Output: Fra:20 Mem:119.20M (Peak 150.84M) | Time:00:00.12 | Rendering 25 / 64 samples

[2025-07-27T17:41:01.991Z] [DEBUG] [4640fc3e-67fc-464d-b78b-3e60dad80659] Blender Output: Fra:20 Mem:119.20M (Peak 150.84M) | Time:00:00.22 | Rendering 50 / 64 samples

[2025-07-27T17:41:02.045Z] [DEBUG] [4640fc3e-67fc-464d-b78b-3e60dad80659] Blender Output: Fra:20 Mem:119.20M (Peak 150.84M) | Time:00:00.27 | Rendering 64 / 64 samples

[2025-07-27T17:41:02.124Z] [DEBUG] [4640fc3e-67fc-464d-b78b-3e60dad80659] Blender Output: Append frame 20
Time: 00:00.35 (Saving: 00:00.03)


[2025-07-27T17:41:02.160Z] [DEBUG] [4640fc3e-67fc-464d-b78b-3e60dad80659] Blender Output: Fra:21 Mem:119.20M (Peak 150.84M) | Time:00:00.03 | Rendering 1 / 64 samples

[2025-07-27T17:41:02.253Z] [DEBUG] [4640fc3e-67fc-464d-b78b-3e60dad80659] Blender Output: Fra:21 Mem:119.20M (Peak 150.84M) | Time:00:00.12 | Rendering 25 / 64 samples

[2025-07-27T17:41:02.348Z] [DEBUG] [4640fc3e-67fc-464d-b78b-3e60dad80659] Blender Output: Fra:21 Mem:119.20M (Peak 150.84M) | Time:00:00.22 | Rendering 50 / 64 samples

[2025-07-27T17:41:02.403Z] [DEBUG] [4640fc3e-67fc-464d-b78b-3e60dad80659] Blender Output: Fra:21 Mem:119.20M (Peak 150.84M) | Time:00:00.27 | Rendering 64 / 64 samples

[2025-07-27T17:41:02.481Z] [DEBUG] [4640fc3e-67fc-464d-b78b-3e60dad80659] Blender Output: Append frame 21
Time: 00:00.35 (Saving: 00:00.03)


[2025-07-27T17:41:02.517Z] [DEBUG] [4640fc3e-67fc-464d-b78b-3e60dad80659] Blender Output: Fra:22 Mem:119.20M (Peak 150.84M) | Time:00:00.03 | Rendering 1 / 64 samples

[2025-07-27T17:41:02.611Z] [DEBUG] [4640fc3e-67fc-464d-b78b-3e60dad80659] Blender Output: Fra:22 Mem:119.20M (Peak 150.84M) | Time:00:00.12 | Rendering 25 / 64 samples

[2025-07-27T17:41:02.706Z] [DEBUG] [4640fc3e-67fc-464d-b78b-3e60dad80659] Blender Output: Fra:22 Mem:119.20M (Peak 150.84M) | Time:00:00.22 | Rendering 50 / 64 samples

[2025-07-27T17:41:02.759Z] [DEBUG] [4640fc3e-67fc-464d-b78b-3e60dad80659] Blender Output: Fra:22 Mem:119.20M (Peak 150.84M) | Time:00:00.27 | Rendering 64 / 64 samples

[2025-07-27T17:41:02.836Z] [DEBUG] [4640fc3e-67fc-464d-b78b-3e60dad80659] Blender Output: Append frame 22
Time: 00:00.35 (Saving: 00:00.03)


[2025-07-27T17:41:02.873Z] [DEBUG] [4640fc3e-67fc-464d-b78b-3e60dad80659] Blender Output: Fra:23 Mem:119.20M (Peak 150.84M) | Time:00:00.03 | Rendering 1 / 64 samples

[2025-07-27T17:41:02.965Z] [DEBUG] [4640fc3e-67fc-464d-b78b-3e60dad80659] Blender Output: Fra:23 Mem:119.20M (Peak 150.84M) | Time:00:00.12 | Rendering 25 / 64 samples

[2025-07-27T17:41:03.060Z] [DEBUG] [4640fc3e-67fc-464d-b78b-3e60dad80659] Blender Output: Fra:23 Mem:119.20M (Peak 150.84M) | Time:00:00.22 | Rendering 50 / 64 samples

[2025-07-27T17:41:03.113Z] [DEBUG] [4640fc3e-67fc-464d-b78b-3e60dad80659] Blender Output: Fra:23 Mem:119.20M (Peak 150.84M) | Time:00:00.27 | Rendering 64 / 64 samples

[2025-07-27T17:41:03.190Z] [DEBUG] [4640fc3e-67fc-464d-b78b-3e60dad80659] Blender Output: Append frame 23
Time: 00:00.35 (Saving: 00:00.03)


[2025-07-27T17:41:03.226Z] [DEBUG] [4640fc3e-67fc-464d-b78b-3e60dad80659] Blender Output: Fra:24 Mem:119.20M (Peak 150.84M) | Time:00:00.03 | Rendering 1 / 64 samples

[2025-07-27T17:41:03.318Z] [DEBUG] [4640fc3e-67fc-464d-b78b-3e60dad80659] Blender Output: Fra:24 Mem:119.20M (Peak 150.84M) | Time:00:00.12 | Rendering 25 / 64 samples

[2025-07-27T17:41:03.412Z] [DEBUG] [4640fc3e-67fc-464d-b78b-3e60dad80659] Blender Output: Fra:24 Mem:119.20M (Peak 150.84M) | Time:00:00.22 | Rendering 50 / 64 samples

[2025-07-27T17:41:03.465Z] [DEBUG] [4640fc3e-67fc-464d-b78b-3e60dad80659] Blender Output: Fra:24 Mem:119.20M (Peak 150.84M) | Time:00:00.27 | Rendering 64 / 64 samples

[2025-07-27T17:41:03.538Z] [DEBUG] [4640fc3e-67fc-464d-b78b-3e60dad80659] Blender Output: Append frame 24
Time: 00:00.34 (Saving: 00:00.03)


[2025-07-27T17:41:03.576Z] [DEBUG] [4640fc3e-67fc-464d-b78b-3e60dad80659] Blender Output: Fra:25 Mem:119.20M (Peak 150.84M) | Time:00:00.03 | Rendering 1 / 64 samples

[2025-07-27T17:41:03.668Z] [DEBUG] [4640fc3e-67fc-464d-b78b-3e60dad80659] Blender Output: Fra:25 Mem:119.20M (Peak 150.84M) | Time:00:00.12 | Rendering 25 / 64 samples

[2025-07-27T17:41:03.761Z] [DEBUG] [4640fc3e-67fc-464d-b78b-3e60dad80659] Blender Output: Fra:25 Mem:119.20M (Peak 150.84M) | Time:00:00.22 | Rendering 50 / 64 samples

[2025-07-27T17:41:03.813Z] [DEBUG] [4640fc3e-67fc-464d-b78b-3e60dad80659] Blender Output: Fra:25 Mem:119.20M (Peak 150.84M) | Time:00:00.27 | Rendering 64 / 64 samples

[2025-07-27T17:41:03.890Z] [DEBUG] [4640fc3e-67fc-464d-b78b-3e60dad80659] Blender Output: Append frame 25
Time: 00:00.35 (Saving: 00:00.03)


[2025-07-27T17:41:03.926Z] [DEBUG] [4640fc3e-67fc-464d-b78b-3e60dad80659] Blender Output: Fra:26 Mem:119.20M (Peak 150.84M) | Time:00:00.03 | Rendering 1 / 64 samples

[2025-07-27T17:41:04.017Z] [DEBUG] [4640fc3e-67fc-464d-b78b-3e60dad80659] Blender Output: Fra:26 Mem:119.20M (Peak 150.84M) | Time:00:00.12 | Rendering 25 / 64 samples

[2025-07-27T17:41:04.113Z] [DEBUG] [4640fc3e-67fc-464d-b78b-3e60dad80659] Blender Output: Fra:26 Mem:119.20M (Peak 150.84M) | Time:00:00.22 | Rendering 50 / 64 samples

[2025-07-27T17:41:04.166Z] [DEBUG] [4640fc3e-67fc-464d-b78b-3e60dad80659] Blender Output: Fra:26 Mem:119.20M (Peak 150.84M) | Time:00:00.27 | Rendering 64 / 64 samples

[2025-07-27T17:41:04.243Z] [DEBUG] [4640fc3e-67fc-464d-b78b-3e60dad80659] Blender Output: Append frame 26
Time: 00:00.35 (Saving: 00:00.03)


[2025-07-27T17:41:04.279Z] [DEBUG] [4640fc3e-67fc-464d-b78b-3e60dad80659] Blender Output: Fra:27 Mem:119.20M (Peak 150.84M) | Time:00:00.03 | Rendering 1 / 64 samples

[2025-07-27T17:41:04.372Z] [DEBUG] [4640fc3e-67fc-464d-b78b-3e60dad80659] Blender Output: Fra:27 Mem:119.20M (Peak 150.84M) | Time:00:00.12 | Rendering 25 / 64 samples

[2025-07-27T17:41:04.465Z] [DEBUG] [4640fc3e-67fc-464d-b78b-3e60dad80659] Blender Output: Fra:27 Mem:119.20M (Peak 150.84M) | Time:00:00.22 | Rendering 50 / 64 samples

[2025-07-27T17:41:04.516Z] [DEBUG] [4640fc3e-67fc-464d-b78b-3e60dad80659] Blender Output: Fra:27 Mem:119.20M (Peak 150.84M) | Time:00:00.27 | Rendering 64 / 64 samples

[2025-07-27T17:41:04.592Z] [DEBUG] [4640fc3e-67fc-464d-b78b-3e60dad80659] Blender Output: Append frame 27
Time: 00:00.34 (Saving: 00:00.03)


[2025-07-27T17:41:04.628Z] [DEBUG] [4640fc3e-67fc-464d-b78b-3e60dad80659] Blender Output: Fra:28 Mem:119.20M (Peak 150.84M) | Time:00:00.03 | Rendering 1 / 64 samples

[2025-07-27T17:41:04.722Z] [DEBUG] [4640fc3e-67fc-464d-b78b-3e60dad80659] Blender Output: Fra:28 Mem:119.20M (Peak 150.84M) | Time:00:00.13 | Rendering 25 / 64 samples

[2025-07-27T17:41:04.816Z] [DEBUG] [4640fc3e-67fc-464d-b78b-3e60dad80659] Blender Output: Fra:28 Mem:119.20M (Peak 150.84M) | Time:00:00.22 | Rendering 50 / 64 samples

[2025-07-27T17:41:04.869Z] [DEBUG] [4640fc3e-67fc-464d-b78b-3e60dad80659] Blender Output: Fra:28 Mem:119.20M (Peak 150.84M) | Time:00:00.27 | Rendering 64 / 64 samples

[2025-07-27T17:41:04.947Z] [DEBUG] [4640fc3e-67fc-464d-b78b-3e60dad80659] Blender Output: Append frame 28
Time: 00:00.35 (Saving: 00:00.03)


[2025-07-27T17:41:04.984Z] [DEBUG] [4640fc3e-67fc-464d-b78b-3e60dad80659] Blender Output: Fra:29 Mem:119.20M (Peak 150.84M) | Time:00:00.03 | Rendering 1 / 64 samples

[2025-07-27T17:41:05.077Z] [DEBUG] [4640fc3e-67fc-464d-b78b-3e60dad80659] Blender Output: Fra:29 Mem:119.20M (Peak 150.84M) | Time:00:00.12 | Rendering 25 / 64 samples

[2025-07-27T17:41:05.174Z] [DEBUG] [4640fc3e-67fc-464d-b78b-3e60dad80659] Blender Output: Fra:29 Mem:119.20M (Peak 150.84M) | Time:00:00.22 | Rendering 50 / 64 samples

[2025-07-27T17:41:05.227Z] [DEBUG] [4640fc3e-67fc-464d-b78b-3e60dad80659] Blender Output: Fra:29 Mem:119.20M (Peak 150.84M) | Time:00:00.27 | Rendering 64 / 64 samples

[2025-07-27T17:41:05.303Z] [DEBUG] [4640fc3e-67fc-464d-b78b-3e60dad80659] Blender Output: Append frame 29
Time: 00:00.35 (Saving: 00:00.03)


[2025-07-27T17:41:05.340Z] [DEBUG] [4640fc3e-67fc-464d-b78b-3e60dad80659] Blender Output: Fra:30 Mem:119.20M (Peak 150.84M) | Time:00:00.03 | Rendering 1 / 64 samples

[2025-07-27T17:41:05.432Z] [DEBUG] [4640fc3e-67fc-464d-b78b-3e60dad80659] Blender Output: Fra:30 Mem:119.20M (Peak 150.84M) | Time:00:00.12 | Rendering 25 / 64 samples

[2025-07-27T17:41:05.529Z] [DEBUG] [4640fc3e-67fc-464d-b78b-3e60dad80659] Blender Output: Fra:30 Mem:119.20M (Peak 150.84M) | Time:00:00.22 | Rendering 50 / 64 samples

[2025-07-27T17:41:05.582Z] [DEBUG] [4640fc3e-67fc-464d-b78b-3e60dad80659] Blender Output: Fra:30 Mem:119.20M (Peak 150.84M) | Time:00:00.27 | Rendering 64 / 64 samples

[2025-07-27T17:41:05.658Z] [DEBUG] [4640fc3e-67fc-464d-b78b-3e60dad80659] Blender Output: Append frame 30
Time: 00:00.35 (Saving: 00:00.03)


[2025-07-27T17:41:05.694Z] [DEBUG] [4640fc3e-67fc-464d-b78b-3e60dad80659] Blender Output: Fra:31 Mem:119.20M (Peak 150.84M) | Time:00:00.03 | Rendering 1 / 64 samples

[2025-07-27T17:41:05.786Z] [DEBUG] [4640fc3e-67fc-464d-b78b-3e60dad80659] Blender Output: Fra:31 Mem:119.20M (Peak 150.84M) | Time:00:00.12 | Rendering 25 / 64 samples

[2025-07-27T17:41:05.882Z] [DEBUG] [4640fc3e-67fc-464d-b78b-3e60dad80659] Blender Output: Fra:31 Mem:119.20M (Peak 150.84M) | Time:00:00.22 | Rendering 50 / 64 samples

[2025-07-27T17:41:05.935Z] [DEBUG] [4640fc3e-67fc-464d-b78b-3e60dad80659] Blender Output: Fra:31 Mem:119.20M (Peak 150.84M) | Time:00:00.27 | Rendering 64 / 64 samples

[2025-07-27T17:41:06.011Z] [DEBUG] [4640fc3e-67fc-464d-b78b-3e60dad80659] Blender Output: Append frame 31
Time: 00:00.35 (Saving: 00:00.03)


[2025-07-27T17:41:06.047Z] [DEBUG] [4640fc3e-67fc-464d-b78b-3e60dad80659] Blender Output: Fra:32 Mem:119.20M (Peak 150.84M) | Time:00:00.03 | Rendering 1 / 64 samples

[2025-07-27T17:41:06.140Z] [DEBUG] [4640fc3e-67fc-464d-b78b-3e60dad80659] Blender Output: Fra:32 Mem:119.20M (Peak 150.84M) | Time:00:00.12 | Rendering 25 / 64 samples

[2025-07-27T17:41:06.234Z] [DEBUG] [4640fc3e-67fc-464d-b78b-3e60dad80659] Blender Output: Fra:32 Mem:119.20M (Peak 150.84M) | Time:00:00.22 | Rendering 50 / 64 samples

[2025-07-27T17:41:06.287Z] [DEBUG] [4640fc3e-67fc-464d-b78b-3e60dad80659] Blender Output: Fra:32 Mem:119.20M (Peak 150.84M) | Time:00:00.27 | Rendering 64 / 64 samples

[2025-07-27T17:41:06.363Z] [DEBUG] [4640fc3e-67fc-464d-b78b-3e60dad80659] Blender Output: Append frame 32
Time: 00:00.35 (Saving: 00:00.03)


[2025-07-27T17:41:06.400Z] [DEBUG] [4640fc3e-67fc-464d-b78b-3e60dad80659] Blender Output: Fra:33 Mem:119.20M (Peak 150.84M) | Time:00:00.03 | Rendering 1 / 64 samples

[2025-07-27T17:41:06.492Z] [DEBUG] [4640fc3e-67fc-464d-b78b-3e60dad80659] Blender Output: Fra:33 Mem:119.20M (Peak 150.84M) | Time:00:00.12 | Rendering 25 / 64 samples

[2025-07-27T17:41:06.586Z] [DEBUG] [4640fc3e-67fc-464d-b78b-3e60dad80659] Blender Output: Fra:33 Mem:119.20M (Peak 150.84M) | Time:00:00.22 | Rendering 50 / 64 samples

[2025-07-27T17:41:06.639Z] [DEBUG] [4640fc3e-67fc-464d-b78b-3e60dad80659] Blender Output: Fra:33 Mem:119.20M (Peak 150.84M) | Time:00:00.27 | Rendering 64 / 64 samples

[2025-07-27T17:41:06.715Z] [DEBUG] [4640fc3e-67fc-464d-b78b-3e60dad80659] Blender Output: Append frame 33
Time: 00:00.35 (Saving: 00:00.03)


[2025-07-27T17:41:06.751Z] [DEBUG] [4640fc3e-67fc-464d-b78b-3e60dad80659] Blender Output: Fra:34 Mem:119.20M (Peak 150.84M) | Time:00:00.03 | Rendering 1 / 64 samples

[2025-07-27T17:41:06.844Z] [DEBUG] [4640fc3e-67fc-464d-b78b-3e60dad80659] Blender Output: Fra:34 Mem:119.20M (Peak 150.84M) | Time:00:00.12 | Rendering 25 / 64 samples

[2025-07-27T17:41:06.939Z] [DEBUG] [4640fc3e-67fc-464d-b78b-3e60dad80659] Blender Output: Fra:34 Mem:119.20M (Peak 150.84M) | Time:00:00.22 | Rendering 50 / 64 samples

[2025-07-27T17:41:06.992Z] [DEBUG] [4640fc3e-67fc-464d-b78b-3e60dad80659] Blender Output: Fra:34 Mem:119.20M (Peak 150.84M) | Time:00:00.27 | Rendering 64 / 64 samples

[2025-07-27T17:41:07.069Z] [DEBUG] [4640fc3e-67fc-464d-b78b-3e60dad80659] Blender Output: Append frame 34
Time: 00:00.35 (Saving: 00:00.03)


[2025-07-27T17:41:07.105Z] [DEBUG] [4640fc3e-67fc-464d-b78b-3e60dad80659] Blender Output: Fra:35 Mem:119.20M (Peak 150.84M) | Time:00:00.03 | Rendering 1 / 64 samples

[2025-07-27T17:41:07.198Z] [DEBUG] [4640fc3e-67fc-464d-b78b-3e60dad80659] Blender Output: Fra:35 Mem:119.20M (Peak 150.84M) | Time:00:00.12 | Rendering 25 / 64 samples

[2025-07-27T17:41:07.294Z] [DEBUG] [4640fc3e-67fc-464d-b78b-3e60dad80659] Blender Output: Fra:35 Mem:119.20M (Peak 150.84M) | Time:00:00.22 | Rendering 50 / 64 samples

[2025-07-27T17:41:07.348Z] [DEBUG] [4640fc3e-67fc-464d-b78b-3e60dad80659] Blender Output: Fra:35 Mem:119.20M (Peak 150.84M) | Time:00:00.27 | Rendering 64 / 64 samples

[2025-07-27T17:41:07.422Z] [DEBUG] [4640fc3e-67fc-464d-b78b-3e60dad80659] Blender Output: Append frame 35
Time: 00:00.35 (Saving: 00:00.03)


[2025-07-27T17:41:07.458Z] [DEBUG] [4640fc3e-67fc-464d-b78b-3e60dad80659] Blender Output: Fra:36 Mem:119.20M (Peak 150.84M) | Time:00:00.03 | Rendering 1 / 64 samples

[2025-07-27T17:41:07.553Z] [DEBUG] [4640fc3e-67fc-464d-b78b-3e60dad80659] Blender Output: Fra:36 Mem:119.20M (Peak 150.84M) | Time:00:00.13 | Rendering 25 / 64 samples

[2025-07-27T17:41:07.649Z] [DEBUG] [4640fc3e-67fc-464d-b78b-3e60dad80659] Blender Output: Fra:36 Mem:119.20M (Peak 150.84M) | Time:00:00.22 | Rendering 50 / 64 samples

[2025-07-27T17:41:07.703Z] [DEBUG] [4640fc3e-67fc-464d-b78b-3e60dad80659] Blender Output: Fra:36 Mem:119.20M (Peak 150.84M) | Time:00:00.28 | Rendering 64 / 64 samples

[2025-07-27T17:41:07.780Z] [DEBUG] [4640fc3e-67fc-464d-b78b-3e60dad80659] Blender Output: Append frame 36
Time: 00:00.35 (Saving: 00:00.03)


[2025-07-27T17:41:07.816Z] [DEBUG] [4640fc3e-67fc-464d-b78b-3e60dad80659] Blender Output: Fra:37 Mem:119.20M (Peak 150.84M) | Time:00:00.03 | Rendering 1 / 64 samples

[2025-07-27T17:41:07.909Z] [DEBUG] [4640fc3e-67fc-464d-b78b-3e60dad80659] Blender Output: Fra:37 Mem:119.20M (Peak 150.84M) | Time:00:00.12 | Rendering 25 / 64 samples

[2025-07-27T17:41:08.003Z] [DEBUG] [4640fc3e-67fc-464d-b78b-3e60dad80659] Blender Output: Fra:37 Mem:119.20M (Peak 150.84M) | Time:00:00.22 | Rendering 50 / 64 samples

[2025-07-27T17:41:08.056Z] [DEBUG] [4640fc3e-67fc-464d-b78b-3e60dad80659] Blender Output: Fra:37 Mem:119.20M (Peak 150.84M) | Time:00:00.27 | Rendering 64 / 64 samples

[2025-07-27T17:41:08.132Z] [DEBUG] [4640fc3e-67fc-464d-b78b-3e60dad80659] Blender Output: Append frame 37
Time: 00:00.35 (Saving: 00:00.03)


[2025-07-27T17:41:08.168Z] [DEBUG] [4640fc3e-67fc-464d-b78b-3e60dad80659] Blender Output: Fra:38 Mem:119.20M (Peak 150.84M) | Time:00:00.03 | Rendering 1 / 64 samples

[2025-07-27T17:41:08.262Z] [DEBUG] [4640fc3e-67fc-464d-b78b-3e60dad80659] Blender Output: Fra:38 Mem:119.20M (Peak 150.84M) | Time:00:00.13 | Rendering 25 / 64 samples

[2025-07-27T17:41:08.355Z] [DEBUG] [4640fc3e-67fc-464d-b78b-3e60dad80659] Blender Output: Fra:38 Mem:119.20M (Peak 150.84M) | Time:00:00.22 | Rendering 50 / 64 samples

[2025-07-27T17:41:08.408Z] [DEBUG] [4640fc3e-67fc-464d-b78b-3e60dad80659] Blender Output: Fra:38 Mem:119.20M (Peak 150.84M) | Time:00:00.27 | Rendering 64 / 64 samples

[2025-07-27T17:41:08.485Z] [DEBUG] [4640fc3e-67fc-464d-b78b-3e60dad80659] Blender Output: Append frame 38
Time: 00:00.35 (Saving: 00:00.03)


[2025-07-27T17:41:08.522Z] [DEBUG] [4640fc3e-67fc-464d-b78b-3e60dad80659] Blender Output: Fra:39 Mem:119.20M (Peak 150.84M) | Time:00:00.03 | Rendering 1 / 64 samples

[2025-07-27T17:41:08.615Z] [DEBUG] [4640fc3e-67fc-464d-b78b-3e60dad80659] Blender Output: Fra:39 Mem:119.20M (Peak 150.84M) | Time:00:00.12 | Rendering 25 / 64 samples

[2025-07-27T17:41:08.711Z] [DEBUG] [4640fc3e-67fc-464d-b78b-3e60dad80659] Blender Output: Fra:39 Mem:119.20M (Peak 150.84M) | Time:00:00.22 | Rendering 50 / 64 samples

[2025-07-27T17:41:08.764Z] [DEBUG] [4640fc3e-67fc-464d-b78b-3e60dad80659] Blender Output: Fra:39 Mem:119.20M (Peak 150.84M) | Time:00:00.27 | Rendering 64 / 64 samples

[2025-07-27T17:41:08.842Z] [DEBUG] [4640fc3e-67fc-464d-b78b-3e60dad80659] Blender Output: Append frame 39
Time: 00:00.35 (Saving: 00:00.03)


[2025-07-27T17:41:08.878Z] [DEBUG] [4640fc3e-67fc-464d-b78b-3e60dad80659] Blender Output: Fra:40 Mem:119.20M (Peak 150.84M) | Time:00:00.03 | Rendering 1 / 64 samples

[2025-07-27T17:41:08.971Z] [DEBUG] [4640fc3e-67fc-464d-b78b-3e60dad80659] Blender Output: Fra:40 Mem:119.20M (Peak 150.84M) | Time:00:00.12 | Rendering 25 / 64 samples

[2025-07-27T17:41:09.065Z] [DEBUG] [4640fc3e-67fc-464d-b78b-3e60dad80659] Blender Output: Fra:40 Mem:119.20M (Peak 150.84M) | Time:00:00.22 | Rendering 50 / 64 samples

[2025-07-27T17:41:09.118Z] [DEBUG] [4640fc3e-67fc-464d-b78b-3e60dad80659] Blender Output: Fra:40 Mem:119.20M (Peak 150.84M) | Time:00:00.27 | Rendering 64 / 64 samples

[2025-07-27T17:41:09.194Z] [DEBUG] [4640fc3e-67fc-464d-b78b-3e60dad80659] Blender Output: Append frame 40
Time: 00:00.35 (Saving: 00:00.03)


[2025-07-27T17:41:09.231Z] [DEBUG] [4640fc3e-67fc-464d-b78b-3e60dad80659] Blender Output: Fra:41 Mem:119.20M (Peak 150.84M) | Time:00:00.03 | Rendering 1 / 64 samples

[2025-07-27T17:41:09.323Z] [DEBUG] [4640fc3e-67fc-464d-b78b-3e60dad80659] Blender Output: Fra:41 Mem:119.20M (Peak 150.84M) | Time:00:00.12 | Rendering 25 / 64 samples

[2025-07-27T17:41:09.419Z] [DEBUG] [4640fc3e-67fc-464d-b78b-3e60dad80659] Blender Output: Fra:41 Mem:119.20M (Peak 150.84M) | Time:00:00.22 | Rendering 50 / 64 samples

[2025-07-27T17:41:09.473Z] [DEBUG] [4640fc3e-67fc-464d-b78b-3e60dad80659] Blender Output: Fra:41 Mem:119.20M (Peak 150.84M) | Time:00:00.27 | Rendering 64 / 64 samples

[2025-07-27T17:41:09.549Z] [DEBUG] [4640fc3e-67fc-464d-b78b-3e60dad80659] Blender Output: Append frame 41
Time: 00:00.35 (Saving: 00:00.03)


[2025-07-27T17:41:09.586Z] [DEBUG] [4640fc3e-67fc-464d-b78b-3e60dad80659] Blender Output: Fra:42 Mem:119.20M (Peak 150.84M) | Time:00:00.03 | Rendering 1 / 64 samples

[2025-07-27T17:41:09.678Z] [DEBUG] [4640fc3e-67fc-464d-b78b-3e60dad80659] Blender Output: Fra:42 Mem:119.20M (Peak 150.84M) | Time:00:00.12 | Rendering 25 / 64 samples

[2025-07-27T17:41:09.773Z] [DEBUG] [4640fc3e-67fc-464d-b78b-3e60dad80659] Blender Output: Fra:42 Mem:119.20M (Peak 150.84M) | Time:00:00.22 | Rendering 50 / 64 samples

[2025-07-27T17:41:09.827Z] [DEBUG] [4640fc3e-67fc-464d-b78b-3e60dad80659] Blender Output: Fra:42 Mem:119.20M (Peak 150.84M) | Time:00:00.27 | Rendering 64 / 64 samples

[2025-07-27T17:41:09.902Z] [DEBUG] [4640fc3e-67fc-464d-b78b-3e60dad80659] Blender Output: Append frame 42
Time: 00:00.35 (Saving: 00:00.03)


[2025-07-27T17:41:09.938Z] [DEBUG] [4640fc3e-67fc-464d-b78b-3e60dad80659] Blender Output: Fra:43 Mem:119.20M (Peak 150.84M) | Time:00:00.03 | Rendering 1 / 64 samples

[2025-07-27T17:41:10.031Z] [DEBUG] [4640fc3e-67fc-464d-b78b-3e60dad80659] Blender Output: Fra:43 Mem:119.20M (Peak 150.84M) | Time:00:00.12 | Rendering 25 / 64 samples

[2025-07-27T17:41:10.127Z] [DEBUG] [4640fc3e-67fc-464d-b78b-3e60dad80659] Blender Output: Fra:43 Mem:119.20M (Peak 150.84M) | Time:00:00.22 | Rendering 50 / 64 samples

[2025-07-27T17:41:10.180Z] [DEBUG] [4640fc3e-67fc-464d-b78b-3e60dad80659] Blender Output: Fra:43 Mem:119.20M (Peak 150.84M) | Time:00:00.27 | Rendering 64 / 64 samples

[2025-07-27T17:41:10.256Z] [DEBUG] [4640fc3e-67fc-464d-b78b-3e60dad80659] Blender Output: Append frame 43
Time: 00:00.35 (Saving: 00:00.03)


[2025-07-27T17:41:10.292Z] [DEBUG] [4640fc3e-67fc-464d-b78b-3e60dad80659] Blender Output: Fra:44 Mem:119.20M (Peak 150.84M) | Time:00:00.03 | Rendering 1 / 64 samples

[2025-07-27T17:41:10.385Z] [DEBUG] [4640fc3e-67fc-464d-b78b-3e60dad80659] Blender Output: Fra:44 Mem:119.20M (Peak 150.84M) | Time:00:00.12 | Rendering 25 / 64 samples

[2025-07-27T17:41:10.479Z] [DEBUG] [4640fc3e-67fc-464d-b78b-3e60dad80659] Blender Output: Fra:44 Mem:119.20M (Peak 150.84M) | Time:00:00.22 | Rendering 50 / 64 samples

[2025-07-27T17:41:10.531Z] [DEBUG] [4640fc3e-67fc-464d-b78b-3e60dad80659] Blender Output: Fra:44 Mem:119.20M (Peak 150.84M) | Time:00:00.27 | Rendering 64 / 64 samples

[2025-07-27T17:41:10.608Z] [DEBUG] [4640fc3e-67fc-464d-b78b-3e60dad80659] Blender Output: Append frame 44
Time: 00:00.35 (Saving: 00:00.03)


[2025-07-27T17:41:10.645Z] [DEBUG] [4640fc3e-67fc-464d-b78b-3e60dad80659] Blender Output: Fra:45 Mem:119.20M (Peak 150.84M) | Time:00:00.03 | Rendering 1 / 64 samples

[2025-07-27T17:41:10.738Z] [DEBUG] [4640fc3e-67fc-464d-b78b-3e60dad80659] Blender Output: Fra:45 Mem:119.20M (Peak 150.84M) | Time:00:00.12 | Rendering 25 / 64 samples

[2025-07-27T17:41:10.833Z] [DEBUG] [4640fc3e-67fc-464d-b78b-3e60dad80659] Blender Output: Fra:45 Mem:119.20M (Peak 150.84M) | Time:00:00.22 | Rendering 50 / 64 samples

[2025-07-27T17:41:10.887Z] [DEBUG] [4640fc3e-67fc-464d-b78b-3e60dad80659] Blender Output: Fra:45 Mem:119.20M (Peak 150.84M) | Time:00:00.27 | Rendering 64 / 64 samples

[2025-07-27T17:41:10.965Z] [DEBUG] [4640fc3e-67fc-464d-b78b-3e60dad80659] Blender Output: Append frame 45
Time: 00:00.35 (Saving: 00:00.03)


[2025-07-27T17:41:11.001Z] [DEBUG] [4640fc3e-67fc-464d-b78b-3e60dad80659] Blender Output: Fra:46 Mem:119.20M (Peak 150.84M) | Time:00:00.03 | Rendering 1 / 64 samples

[2025-07-27T17:41:11.094Z] [DEBUG] [4640fc3e-67fc-464d-b78b-3e60dad80659] Blender Output: Fra:46 Mem:119.20M (Peak 150.84M) | Time:00:00.12 | Rendering 25 / 64 samples

[2025-07-27T17:41:11.189Z] [DEBUG] [4640fc3e-67fc-464d-b78b-3e60dad80659] Blender Output: Fra:46 Mem:119.20M (Peak 150.84M) | Time:00:00.22 | Rendering 50 / 64 samples

[2025-07-27T17:41:11.242Z] [DEBUG] [4640fc3e-67fc-464d-b78b-3e60dad80659] Blender Output: Fra:46 Mem:119.20M (Peak 150.84M) | Time:00:00.27 | Rendering 64 / 64 samples

[2025-07-27T17:41:11.319Z] [DEBUG] [4640fc3e-67fc-464d-b78b-3e60dad80659] Blender Output: Append frame 46
Time: 00:00.35 (Saving: 00:00.03)


[2025-07-27T17:41:11.356Z] [DEBUG] [4640fc3e-67fc-464d-b78b-3e60dad80659] Blender Output: Fra:47 Mem:119.20M (Peak 150.84M) | Time:00:00.03 | Rendering 1 / 64 samples

[2025-07-27T17:41:11.449Z] [DEBUG] [4640fc3e-67fc-464d-b78b-3e60dad80659] Blender Output: Fra:47 Mem:119.20M (Peak 150.84M) | Time:00:00.13 | Rendering 25 / 64 samples

[2025-07-27T17:41:11.547Z] [DEBUG] [4640fc3e-67fc-464d-b78b-3e60dad80659] Blender Output: Fra:47 Mem:119.20M (Peak 150.84M) | Time:00:00.22 | Rendering 50 / 64 samples

[2025-07-27T17:41:11.601Z] [DEBUG] [4640fc3e-67fc-464d-b78b-3e60dad80659] Blender Output: Fra:47 Mem:119.20M (Peak 150.84M) | Time:00:00.28 | Rendering 64 / 64 samples

[2025-07-27T17:41:11.677Z] [DEBUG] [4640fc3e-67fc-464d-b78b-3e60dad80659] Blender Output: Append frame 47
Time: 00:00.35 (Saving: 00:00.03)


[2025-07-27T17:41:11.713Z] [DEBUG] [4640fc3e-67fc-464d-b78b-3e60dad80659] Blender Output: Fra:48 Mem:119.20M (Peak 150.84M) | Time:00:00.03 | Rendering 1 / 64 samples

[2025-07-27T17:41:11.805Z] [DEBUG] [4640fc3e-67fc-464d-b78b-3e60dad80659] Blender Output: Fra:48 Mem:119.20M (Peak 150.84M) | Time:00:00.12 | Rendering 25 / 64 samples

[2025-07-27T17:41:11.899Z] [DEBUG] [4640fc3e-67fc-464d-b78b-3e60dad80659] Blender Output: Fra:48 Mem:119.20M (Peak 150.84M) | Time:00:00.22 | Rendering 50 / 64 samples

[2025-07-27T17:41:11.951Z] [DEBUG] [4640fc3e-67fc-464d-b78b-3e60dad80659] Blender Output: Fra:48 Mem:119.20M (Peak 150.84M) | Time:00:00.27 | Rendering 64 / 64 samples

[2025-07-27T17:41:12.028Z] [DEBUG] [4640fc3e-67fc-464d-b78b-3e60dad80659] Blender Output: Append frame 48
Time: 00:00.35 (Saving: 00:00.03)


[2025-07-27T17:41:12.064Z] [DEBUG] [4640fc3e-67fc-464d-b78b-3e60dad80659] Blender Output: Fra:49 Mem:119.20M (Peak 150.84M) | Time:00:00.03 | Rendering 1 / 64 samples

[2025-07-27T17:41:12.157Z] [DEBUG] [4640fc3e-67fc-464d-b78b-3e60dad80659] Blender Output: Fra:49 Mem:119.20M (Peak 150.84M) | Time:00:00.12 | Rendering 25 / 64 samples

[2025-07-27T17:41:12.253Z] [DEBUG] [4640fc3e-67fc-464d-b78b-3e60dad80659] Blender Output: Fra:49 Mem:119.20M (Peak 150.84M) | Time:00:00.22 | Rendering 50 / 64 samples

[2025-07-27T17:41:12.307Z] [DEBUG] [4640fc3e-67fc-464d-b78b-3e60dad80659] Blender Output: Fra:49 Mem:119.20M (Peak 150.84M) | Time:00:00.27 | Rendering 64 / 64 samples

[2025-07-27T17:41:12.384Z] [DEBUG] [4640fc3e-67fc-464d-b78b-3e60dad80659] Blender Output: Append frame 49
Time: 00:00.35 (Saving: 00:00.03)


[2025-07-27T17:41:12.421Z] [DEBUG] [4640fc3e-67fc-464d-b78b-3e60dad80659] Blender Output: Fra:50 Mem:119.20M (Peak 150.84M) | Time:00:00.03 | Rendering 1 / 64 samples

[2025-07-27T17:41:12.514Z] [DEBUG] [4640fc3e-67fc-464d-b78b-3e60dad80659] Blender Output: Fra:50 Mem:119.20M (Peak 150.84M) | Time:00:00.13 | Rendering 25 / 64 samples

[2025-07-27T17:41:12.610Z] [DEBUG] [4640fc3e-67fc-464d-b78b-3e60dad80659] Blender Output: Fra:50 Mem:119.20M (Peak 150.84M) | Time:00:00.22 | Rendering 50 / 64 samples

[2025-07-27T17:41:12.663Z] [DEBUG] [4640fc3e-67fc-464d-b78b-3e60dad80659] Blender Output: Fra:50 Mem:119.20M (Peak 150.84M) | Time:00:00.27 | Rendering 64 / 64 samples

[2025-07-27T17:41:12.739Z] [DEBUG] [4640fc3e-67fc-464d-b78b-3e60dad80659] Blender Output: Append frame 50
Time: 00:00.35 (Saving: 00:00.03)


[2025-07-27T17:41:12.775Z] [DEBUG] [4640fc3e-67fc-464d-b78b-3e60dad80659] Blender Output: Fra:51 Mem:119.20M (Peak 150.84M) | Time:00:00.03 | Rendering 1 / 64 samples

[2025-07-27T17:41:12.868Z] [DEBUG] [4640fc3e-67fc-464d-b78b-3e60dad80659] Blender Output: Fra:51 Mem:119.20M (Peak 150.84M) | Time:00:00.12 | Rendering 25 / 64 samples

[2025-07-27T17:41:12.964Z] [DEBUG] [4640fc3e-67fc-464d-b78b-3e60dad80659] Blender Output: Fra:51 Mem:119.20M (Peak 150.84M) | Time:00:00.22 | Rendering 50 / 64 samples

[2025-07-27T17:41:13.018Z] [DEBUG] [4640fc3e-67fc-464d-b78b-3e60dad80659] Blender Output: Fra:51 Mem:119.20M (Peak 150.84M) | Time:00:00.27 | Rendering 64 / 64 samples

[2025-07-27T17:41:13.093Z] [DEBUG] [4640fc3e-67fc-464d-b78b-3e60dad80659] Blender Output: Append frame 51
Time: 00:00.35 (Saving: 00:00.03)


[2025-07-27T17:41:13.130Z] [DEBUG] [4640fc3e-67fc-464d-b78b-3e60dad80659] Blender Output: Fra:52 Mem:119.20M (Peak 150.84M) | Time:00:00.03 | Rendering 1 / 64 samples

[2025-07-27T17:41:13.222Z] [DEBUG] [4640fc3e-67fc-464d-b78b-3e60dad80659] Blender Output: Fra:52 Mem:119.20M (Peak 150.84M) | Time:00:00.12 | Rendering 25 / 64 samples

[2025-07-27T17:41:13.317Z] [DEBUG] [4640fc3e-67fc-464d-b78b-3e60dad80659] Blender Output: Fra:52 Mem:119.20M (Peak 150.84M) | Time:00:00.22 | Rendering 50 / 64 samples

[2025-07-27T17:41:13.370Z] [DEBUG] [4640fc3e-67fc-464d-b78b-3e60dad80659] Blender Output: Fra:52 Mem:119.20M (Peak 150.84M) | Time:00:00.27 | Rendering 64 / 64 samples

[2025-07-27T17:41:13.447Z] [DEBUG] [4640fc3e-67fc-464d-b78b-3e60dad80659] Blender Output: Append frame 52
Time: 00:00.35 (Saving: 00:00.03)


[2025-07-27T17:41:13.489Z] [DEBUG] [4640fc3e-67fc-464d-b78b-3e60dad80659] Blender Output: Fra:53 Mem:119.20M (Peak 150.84M) | Time:00:00.04 | Rendering 1 / 64 samples

[2025-07-27T17:41:13.582Z] [DEBUG] [4640fc3e-67fc-464d-b78b-3e60dad80659] Blender Output: Fra:53 Mem:119.20M (Peak 150.84M) | Time:00:00.13 | Rendering 25 / 64 samples

[2025-07-27T17:41:13.676Z] [DEBUG] [4640fc3e-67fc-464d-b78b-3e60dad80659] Blender Output: Fra:53 Mem:119.20M (Peak 150.84M) | Time:00:00.22 | Rendering 50 / 64 samples

[2025-07-27T17:41:13.729Z] [DEBUG] [4640fc3e-67fc-464d-b78b-3e60dad80659] Blender Output: Fra:53 Mem:119.20M (Peak 150.84M) | Time:00:00.28 | Rendering 64 / 64 samples

[2025-07-27T17:41:13.805Z] [DEBUG] [4640fc3e-67fc-464d-b78b-3e60dad80659] Blender Output: Append frame 53
Time: 00:00.35 (Saving: 00:00.03)


[2025-07-27T17:41:13.842Z] [DEBUG] [4640fc3e-67fc-464d-b78b-3e60dad80659] Blender Output: Fra:54 Mem:119.20M (Peak 150.84M) | Time:00:00.03 | Rendering 1 / 64 samples

[2025-07-27T17:41:13.936Z] [DEBUG] [4640fc3e-67fc-464d-b78b-3e60dad80659] Blender Output: Fra:54 Mem:119.20M (Peak 150.84M) | Time:00:00.13 | Rendering 25 / 64 samples

[2025-07-27T17:41:14.031Z] [DEBUG] [4640fc3e-67fc-464d-b78b-3e60dad80659] Blender Output: Fra:54 Mem:119.20M (Peak 150.84M) | Time:00:00.22 | Rendering 50 / 64 samples

[2025-07-27T17:41:14.083Z] [DEBUG] [4640fc3e-67fc-464d-b78b-3e60dad80659] Blender Output: Fra:54 Mem:119.20M (Peak 150.84M) | Time:00:00.27 | Rendering 64 / 64 samples

[2025-07-27T17:41:14.157Z] [DEBUG] [4640fc3e-67fc-464d-b78b-3e60dad80659] Blender Output: Append frame 54
Time: 00:00.35 (Saving: 00:00.03)


[2025-07-27T17:41:14.193Z] [DEBUG] [4640fc3e-67fc-464d-b78b-3e60dad80659] Blender Output: Fra:55 Mem:119.20M (Peak 150.84M) | Time:00:00.03 | Rendering 1 / 64 samples

[2025-07-27T17:41:14.286Z] [DEBUG] [4640fc3e-67fc-464d-b78b-3e60dad80659] Blender Output: Fra:55 Mem:119.20M (Peak 150.84M) | Time:00:00.12 | Rendering 25 / 64 samples

[2025-07-27T17:41:14.382Z] [DEBUG] [4640fc3e-67fc-464d-b78b-3e60dad80659] Blender Output: Fra:55 Mem:119.20M (Peak 150.84M) | Time:00:00.22 | Rendering 50 / 64 samples

[2025-07-27T17:41:14.435Z] [DEBUG] [4640fc3e-67fc-464d-b78b-3e60dad80659] Blender Output: Fra:55 Mem:119.20M (Peak 150.84M) | Time:00:00.27 | Rendering 64 / 64 samples

[2025-07-27T17:41:14.509Z] [DEBUG] [4640fc3e-67fc-464d-b78b-3e60dad80659] Blender Output: Append frame 55
Time: 00:00.35 (Saving: 00:00.03)


[2025-07-27T17:41:14.546Z] [DEBUG] [4640fc3e-67fc-464d-b78b-3e60dad80659] Blender Output: Fra:56 Mem:119.20M (Peak 150.84M) | Time:00:00.03 | Rendering 1 / 64 samples

[2025-07-27T17:41:14.639Z] [DEBUG] [4640fc3e-67fc-464d-b78b-3e60dad80659] Blender Output: Fra:56 Mem:119.20M (Peak 150.84M) | Time:00:00.12 | Rendering 25 / 64 samples

[2025-07-27T17:41:14.734Z] [DEBUG] [4640fc3e-67fc-464d-b78b-3e60dad80659] Blender Output: Fra:56 Mem:119.20M (Peak 150.84M) | Time:00:00.22 | Rendering 50 / 64 samples

[2025-07-27T17:41:14.787Z] [DEBUG] [4640fc3e-67fc-464d-b78b-3e60dad80659] Blender Output: Fra:56 Mem:119.20M (Peak 150.84M) | Time:00:00.27 | Rendering 64 / 64 samples

[2025-07-27T17:41:14.862Z] [DEBUG] [4640fc3e-67fc-464d-b78b-3e60dad80659] Blender Output: Append frame 56
Time: 00:00.35 (Saving: 00:00.03)


[2025-07-27T17:41:14.899Z] [DEBUG] [4640fc3e-67fc-464d-b78b-3e60dad80659] Blender Output: Fra:57 Mem:119.20M (Peak 150.84M) | Time:00:00.03 | Rendering 1 / 64 samples

[2025-07-27T17:41:14.992Z] [DEBUG] [4640fc3e-67fc-464d-b78b-3e60dad80659] Blender Output: Fra:57 Mem:119.20M (Peak 150.84M) | Time:00:00.13 | Rendering 25 / 64 samples

[2025-07-27T17:41:15.087Z] [DEBUG] [4640fc3e-67fc-464d-b78b-3e60dad80659] Blender Output: Fra:57 Mem:119.20M (Peak 150.84M) | Time:00:00.22 | Rendering 50 / 64 samples

[2025-07-27T17:41:15.140Z] [DEBUG] [4640fc3e-67fc-464d-b78b-3e60dad80659] Blender Output: Fra:57 Mem:119.20M (Peak 150.84M) | Time:00:00.27 | Rendering 64 / 64 samples

[2025-07-27T17:41:15.216Z] [DEBUG] [4640fc3e-67fc-464d-b78b-3e60dad80659] Blender Output: Append frame 57
Time: 00:00.35 (Saving: 00:00.03)


[2025-07-27T17:41:15.252Z] [DEBUG] [4640fc3e-67fc-464d-b78b-3e60dad80659] Blender Output: Fra:58 Mem:119.20M (Peak 150.84M) | Time:00:00.03 | Rendering 1 / 64 samples

[2025-07-27T17:41:15.345Z] [DEBUG] [4640fc3e-67fc-464d-b78b-3e60dad80659] Blender Output: Fra:58 Mem:119.20M (Peak 150.84M) | Time:00:00.12 | Rendering 25 / 64 samples

[2025-07-27T17:41:15.439Z] [DEBUG] [4640fc3e-67fc-464d-b78b-3e60dad80659] Blender Output: Fra:58 Mem:119.20M (Peak 150.84M) | Time:00:00.22 | Rendering 50 / 64 samples

[2025-07-27T17:41:15.492Z] [DEBUG] [4640fc3e-67fc-464d-b78b-3e60dad80659] Blender Output: Fra:58 Mem:119.20M (Peak 150.84M) | Time:00:00.27 | Rendering 64 / 64 samples

[2025-07-27T17:41:15.564Z] [DEBUG] [4640fc3e-67fc-464d-b78b-3e60dad80659] Blender Output: Append frame 58
Time: 00:00.34 (Saving: 00:00.03)


[2025-07-27T17:41:15.601Z] [DEBUG] [4640fc3e-67fc-464d-b78b-3e60dad80659] Blender Output: Fra:59 Mem:119.20M (Peak 150.84M) | Time:00:00.03 | Rendering 1 / 64 samples

[2025-07-27T17:41:15.692Z] [DEBUG] [4640fc3e-67fc-464d-b78b-3e60dad80659] Blender Output: Fra:59 Mem:119.20M (Peak 150.84M) | Time:00:00.12 | Rendering 25 / 64 samples

[2025-07-27T17:41:15.785Z] [DEBUG] [4640fc3e-67fc-464d-b78b-3e60dad80659] Blender Output: Fra:59 Mem:119.20M (Peak 150.84M) | Time:00:00.22 | Rendering 50 / 64 samples

[2025-07-27T17:41:15.839Z] [DEBUG] [4640fc3e-67fc-464d-b78b-3e60dad80659] Blender Output: Fra:59 Mem:119.20M (Peak 150.84M) | Time:00:00.27 | Rendering 64 / 64 samples

[2025-07-27T17:41:15.913Z] [DEBUG] [4640fc3e-67fc-464d-b78b-3e60dad80659] Blender Output: Append frame 59
Time: 00:00.34 (Saving: 00:00.03)


[2025-07-27T17:41:15.950Z] [DEBUG] [4640fc3e-67fc-464d-b78b-3e60dad80659] Blender Output: Fra:60 Mem:119.20M (Peak 150.84M) | Time:00:00.03 | Rendering 1 / 64 samples

[2025-07-27T17:41:16.042Z] [DEBUG] [4640fc3e-67fc-464d-b78b-3e60dad80659] Blender Output: Fra:60 Mem:119.20M (Peak 150.84M) | Time:00:00.12 | Rendering 25 / 64 samples

[2025-07-27T17:41:16.137Z] [DEBUG] [4640fc3e-67fc-464d-b78b-3e60dad80659] Blender Output: Fra:60 Mem:119.20M (Peak 150.84M) | Time:00:00.22 | Rendering 50 / 64 samples

[2025-07-27T17:41:16.190Z] [DEBUG] [4640fc3e-67fc-464d-b78b-3e60dad80659] Blender Output: Fra:60 Mem:119.20M (Peak 150.84M) | Time:00:00.27 | Rendering 64 / 64 samples

[2025-07-27T17:41:16.265Z] [DEBUG] [4640fc3e-67fc-464d-b78b-3e60dad80659] Blender Output: Append frame 60
Time: 00:00.35 (Saving: 00:00.03)


[2025-07-27T17:41:16.302Z] [DEBUG] [4640fc3e-67fc-464d-b78b-3e60dad80659] Blender Output: Fra:61 Mem:119.20M (Peak 150.84M) | Time:00:00.03 | Rendering 1 / 64 samples

[2025-07-27T17:41:16.395Z] [DEBUG] [4640fc3e-67fc-464d-b78b-3e60dad80659] Blender Output: Fra:61 Mem:119.20M (Peak 150.84M) | Time:00:00.13 | Rendering 25 / 64 samples

[2025-07-27T17:41:16.490Z] [DEBUG] [4640fc3e-67fc-464d-b78b-3e60dad80659] Blender Output: Fra:61 Mem:119.20M (Peak 150.84M) | Time:00:00.22 | Rendering 50 / 64 samples

[2025-07-27T17:41:16.543Z] [DEBUG] [4640fc3e-67fc-464d-b78b-3e60dad80659] Blender Output: Fra:61 Mem:119.20M (Peak 150.84M) | Time:00:00.27 | Rendering 64 / 64 samples

[2025-07-27T17:41:16.618Z] [DEBUG] [4640fc3e-67fc-464d-b78b-3e60dad80659] Blender Output: Append frame 61
Time: 00:00.35 (Saving: 00:00.03)


[2025-07-27T17:41:16.658Z] [DEBUG] [4640fc3e-67fc-464d-b78b-3e60dad80659] Blender Output: Fra:62 Mem:119.20M (Peak 150.84M) | Time:00:00.03 | Rendering 1 / 64 samples

[2025-07-27T17:41:16.749Z] [DEBUG] [4640fc3e-67fc-464d-b78b-3e60dad80659] Blender Output: Fra:62 Mem:119.20M (Peak 150.84M) | Time:00:00.13 | Rendering 25 / 64 samples

[2025-07-27T17:41:16.844Z] [DEBUG] [4640fc3e-67fc-464d-b78b-3e60dad80659] Blender Output: Fra:62 Mem:119.20M (Peak 150.84M) | Time:00:00.22 | Rendering 50 / 64 samples

[2025-07-27T17:41:16.898Z] [DEBUG] [4640fc3e-67fc-464d-b78b-3e60dad80659] Blender Output: Fra:62 Mem:119.20M (Peak 150.84M) | Time:00:00.28 | Rendering 64 / 64 samples

[2025-07-27T17:41:16.971Z] [DEBUG] [4640fc3e-67fc-464d-b78b-3e60dad80659] Blender Output: Append frame 62
Time: 00:00.35 (Saving: 00:00.03)


[2025-07-27T17:41:17.010Z] [DEBUG] [4640fc3e-67fc-464d-b78b-3e60dad80659] Blender Output: Fra:63 Mem:119.20M (Peak 150.84M) | Time:00:00.03 | Rendering 1 / 64 samples

[2025-07-27T17:41:17.105Z] [DEBUG] [4640fc3e-67fc-464d-b78b-3e60dad80659] Blender Output: Fra:63 Mem:119.20M (Peak 150.84M) | Time:00:00.13 | Rendering 25 / 64 samples

[2025-07-27T17:41:17.201Z] [DEBUG] [4640fc3e-67fc-464d-b78b-3e60dad80659] Blender Output: Fra:63 Mem:119.20M (Peak 150.84M) | Time:00:00.23 | Rendering 50 / 64 samples

[2025-07-27T17:41:17.257Z] [DEBUG] [4640fc3e-67fc-464d-b78b-3e60dad80659] Blender Output: Fra:63 Mem:119.20M (Peak 150.84M) | Time:00:00.28 | Rendering 64 / 64 samples

[2025-07-27T17:41:17.331Z] [DEBUG] [4640fc3e-67fc-464d-b78b-3e60dad80659] Blender Output: Append frame 63
Time: 00:00.35 (Saving: 00:00.03)


[2025-07-27T17:41:17.367Z] [DEBUG] [4640fc3e-67fc-464d-b78b-3e60dad80659] Blender Output: Fra:64 Mem:119.20M (Peak 150.84M) | Time:00:00.03 | Rendering 1 / 64 samples

[2025-07-27T17:41:17.459Z] [DEBUG] [4640fc3e-67fc-464d-b78b-3e60dad80659] Blender Output: Fra:64 Mem:119.20M (Peak 150.84M) | Time:00:00.12 | Rendering 25 / 64 samples

[2025-07-27T17:41:17.557Z] [DEBUG] [4640fc3e-67fc-464d-b78b-3e60dad80659] Blender Output: Fra:64 Mem:119.20M (Peak 150.84M) | Time:00:00.22 | Rendering 50 / 64 samples

[2025-07-27T17:41:17.610Z] [DEBUG] [4640fc3e-67fc-464d-b78b-3e60dad80659] Blender Output: Fra:64 Mem:119.20M (Peak 150.84M) | Time:00:00.27 | Rendering 64 / 64 samples

[2025-07-27T17:41:17.685Z] [DEBUG] [4640fc3e-67fc-464d-b78b-3e60dad80659] Blender Output: Append frame 64
Time: 00:00.35 (Saving: 00:00.03)


[2025-07-27T17:41:17.722Z] [DEBUG] [4640fc3e-67fc-464d-b78b-3e60dad80659] Blender Output: Fra:65 Mem:119.20M (Peak 150.84M) | Time:00:00.03 | Rendering 1 / 64 samples

[2025-07-27T17:41:17.814Z] [DEBUG] [4640fc3e-67fc-464d-b78b-3e60dad80659] Blender Output: Fra:65 Mem:119.20M (Peak 150.84M) | Time:00:00.12 | Rendering 25 / 64 samples

[2025-07-27T17:41:17.908Z] [DEBUG] [4640fc3e-67fc-464d-b78b-3e60dad80659] Blender Output: Fra:65 Mem:119.20M (Peak 150.84M) | Time:00:00.22 | Rendering 50 / 64 samples

[2025-07-27T17:41:17.961Z] [DEBUG] [4640fc3e-67fc-464d-b78b-3e60dad80659] Blender Output: Fra:65 Mem:119.20M (Peak 150.84M) | Time:00:00.27 | Rendering 64 / 64 samples

[2025-07-27T17:41:18.036Z] [DEBUG] [4640fc3e-67fc-464d-b78b-3e60dad80659] Blender Output: Append frame 65
Time: 00:00.35 (Saving: 00:00.03)


[2025-07-27T17:41:18.072Z] [DEBUG] [4640fc3e-67fc-464d-b78b-3e60dad80659] Blender Output: Fra:66 Mem:119.20M (Peak 150.84M) | Time:00:00.03 | Rendering 1 / 64 samples

[2025-07-27T17:41:18.164Z] [DEBUG] [4640fc3e-67fc-464d-b78b-3e60dad80659] Blender Output: Fra:66 Mem:119.20M (Peak 150.84M) | Time:00:00.12 | Rendering 25 / 64 samples

[2025-07-27T17:41:18.257Z] [DEBUG] [4640fc3e-67fc-464d-b78b-3e60dad80659] Blender Output: Fra:66 Mem:119.20M (Peak 150.84M) | Time:00:00.22 | Rendering 50 / 64 samples

[2025-07-27T17:41:18.309Z] [DEBUG] [4640fc3e-67fc-464d-b78b-3e60dad80659] Blender Output: Fra:66 Mem:119.20M (Peak 150.84M) | Time:00:00.27 | Rendering 64 / 64 samples

[2025-07-27T17:41:18.384Z] [DEBUG] [4640fc3e-67fc-464d-b78b-3e60dad80659] Blender Output: Append frame 66
Time: 00:00.34 (Saving: 00:00.03)


[2025-07-27T17:41:18.420Z] [DEBUG] [4640fc3e-67fc-464d-b78b-3e60dad80659] Blender Output: Fra:67 Mem:119.20M (Peak 150.84M) | Time:00:00.03 | Rendering 1 / 64 samples

[2025-07-27T17:41:18.512Z] [DEBUG] [4640fc3e-67fc-464d-b78b-3e60dad80659] Blender Output: Fra:67 Mem:119.20M (Peak 150.84M) | Time:00:00.12 | Rendering 25 / 64 samples

[2025-07-27T17:41:18.605Z] [DEBUG] [4640fc3e-67fc-464d-b78b-3e60dad80659] Blender Output: Fra:67 Mem:119.20M (Peak 150.84M) | Time:00:00.22 | Rendering 50 / 64 samples

[2025-07-27T17:41:18.657Z] [DEBUG] [4640fc3e-67fc-464d-b78b-3e60dad80659] Blender Output: Fra:67 Mem:119.20M (Peak 150.84M) | Time:00:00.27 | Rendering 64 / 64 samples

[2025-07-27T17:41:18.727Z] [DEBUG] [4640fc3e-67fc-464d-b78b-3e60dad80659] Blender Output: Append frame 67
Time: 00:00.34 (Saving: 00:00.03)


[2025-07-27T17:41:18.764Z] [DEBUG] [4640fc3e-67fc-464d-b78b-3e60dad80659] Blender Output: Fra:68 Mem:119.20M (Peak 150.84M) | Time:00:00.03 | Rendering 1 / 64 samples

[2025-07-27T17:41:18.856Z] [DEBUG] [4640fc3e-67fc-464d-b78b-3e60dad80659] Blender Output: Fra:68 Mem:119.20M (Peak 150.84M) | Time:00:00.12 | Rendering 25 / 64 samples

[2025-07-27T17:41:18.950Z] [DEBUG] [4640fc3e-67fc-464d-b78b-3e60dad80659] Blender Output: Fra:68 Mem:119.20M (Peak 150.84M) | Time:00:00.22 | Rendering 50 / 64 samples

[2025-07-27T17:41:19.003Z] [DEBUG] [4640fc3e-67fc-464d-b78b-3e60dad80659] Blender Output: Fra:68 Mem:119.20M (Peak 150.84M) | Time:00:00.27 | Rendering 64 / 64 samples

[2025-07-27T17:41:19.078Z] [DEBUG] [4640fc3e-67fc-464d-b78b-3e60dad80659] Blender Output: Append frame 68
Time: 00:00.35 (Saving: 00:00.03)


[2025-07-27T17:41:19.114Z] [DEBUG] [4640fc3e-67fc-464d-b78b-3e60dad80659] Blender Output: Fra:69 Mem:119.20M (Peak 150.84M) | Time:00:00.03 | Rendering 1 / 64 samples

[2025-07-27T17:41:19.206Z] [DEBUG] [4640fc3e-67fc-464d-b78b-3e60dad80659] Blender Output: Fra:69 Mem:119.20M (Peak 150.84M) | Time:00:00.12 | Rendering 25 / 64 samples

[2025-07-27T17:41:19.300Z] [DEBUG] [4640fc3e-67fc-464d-b78b-3e60dad80659] Blender Output: Fra:69 Mem:119.20M (Peak 150.84M) | Time:00:00.22 | Rendering 50 / 64 samples

[2025-07-27T17:41:19.352Z] [DEBUG] [4640fc3e-67fc-464d-b78b-3e60dad80659] Blender Output: Fra:69 Mem:119.20M (Peak 150.84M) | Time:00:00.27 | Rendering 64 / 64 samples

[2025-07-27T17:41:19.427Z] [DEBUG] [4640fc3e-67fc-464d-b78b-3e60dad80659] Blender Output: Append frame 69
Time: 00:00.34 (Saving: 00:00.03)


[2025-07-27T17:41:19.464Z] [DEBUG] [4640fc3e-67fc-464d-b78b-3e60dad80659] Blender Output: Fra:70 Mem:119.20M (Peak 150.84M) | Time:00:00.03 | Rendering 1 / 64 samples

[2025-07-27T17:41:19.556Z] [DEBUG] [4640fc3e-67fc-464d-b78b-3e60dad80659] Blender Output: Fra:70 Mem:119.20M (Peak 150.84M) | Time:00:00.12 | Rendering 25 / 64 samples

[2025-07-27T17:41:19.650Z] [DEBUG] [4640fc3e-67fc-464d-b78b-3e60dad80659] Blender Output: Fra:70 Mem:119.20M (Peak 150.84M) | Time:00:00.22 | Rendering 50 / 64 samples

[2025-07-27T17:41:19.703Z] [DEBUG] [4640fc3e-67fc-464d-b78b-3e60dad80659] Blender Output: Fra:70 Mem:119.20M (Peak 150.84M) | Time:00:00.27 | Rendering 64 / 64 samples

[2025-07-27T17:41:19.779Z] [DEBUG] [4640fc3e-67fc-464d-b78b-3e60dad80659] Blender Output: Append frame 70
Time: 00:00.35 (Saving: 00:00.03)


[2025-07-27T17:41:19.816Z] [DEBUG] [4640fc3e-67fc-464d-b78b-3e60dad80659] Blender Output: Fra:71 Mem:119.20M (Peak 150.84M) | Time:00:00.03 | Rendering 1 / 64 samples

[2025-07-27T17:41:19.908Z] [DEBUG] [4640fc3e-67fc-464d-b78b-3e60dad80659] Blender Output: Fra:71 Mem:119.20M (Peak 150.84M) | Time:00:00.12 | Rendering 25 / 64 samples

[2025-07-27T17:41:20.002Z] [DEBUG] [4640fc3e-67fc-464d-b78b-3e60dad80659] Blender Output: Fra:71 Mem:119.20M (Peak 150.84M) | Time:00:00.22 | Rendering 50 / 64 samples

[2025-07-27T17:41:20.054Z] [DEBUG] [4640fc3e-67fc-464d-b78b-3e60dad80659] Blender Output: Fra:71 Mem:119.20M (Peak 150.84M) | Time:00:00.27 | Rendering 64 / 64 samples

[2025-07-27T17:41:20.128Z] [DEBUG] [4640fc3e-67fc-464d-b78b-3e60dad80659] Blender Output: Append frame 71
Time: 00:00.34 (Saving: 00:00.03)


[2025-07-27T17:41:20.164Z] [DEBUG] [4640fc3e-67fc-464d-b78b-3e60dad80659] Blender Output: Fra:72 Mem:119.20M (Peak 150.84M) | Time:00:00.03 | Rendering 1 / 64 samples

[2025-07-27T17:41:20.255Z] [DEBUG] [4640fc3e-67fc-464d-b78b-3e60dad80659] Blender Output: Fra:72 Mem:119.20M (Peak 150.84M) | Time:00:00.12 | Rendering 25 / 64 samples

[2025-07-27T17:41:20.349Z] [DEBUG] [4640fc3e-67fc-464d-b78b-3e60dad80659] Blender Output: Fra:72 Mem:119.20M (Peak 150.84M) | Time:00:00.22 | Rendering 50 / 64 samples

[2025-07-27T17:41:20.402Z] [DEBUG] [4640fc3e-67fc-464d-b78b-3e60dad80659] Blender Output: Fra:72 Mem:119.20M (Peak 150.84M) | Time:00:00.27 | Rendering 64 / 64 samples

[2025-07-27T17:41:20.478Z] [DEBUG] [4640fc3e-67fc-464d-b78b-3e60dad80659] Blender Output: Append frame 72
Time: 00:00.34 (Saving: 00:00.03)


[2025-07-27T17:41:20.514Z] [DEBUG] [4640fc3e-67fc-464d-b78b-3e60dad80659] Blender Output: Fra:73 Mem:119.20M (Peak 150.84M) | Time:00:00.03 | Rendering 1 / 64 samples

[2025-07-27T17:41:20.605Z] [DEBUG] [4640fc3e-67fc-464d-b78b-3e60dad80659] Blender Output: Fra:73 Mem:119.20M (Peak 150.84M) | Time:00:00.12 | Rendering 25 / 64 samples

[2025-07-27T17:41:20.699Z] [DEBUG] [4640fc3e-67fc-464d-b78b-3e60dad80659] Blender Output: Fra:73 Mem:119.20M (Peak 150.84M) | Time:00:00.22 | Rendering 50 / 64 samples

[2025-07-27T17:41:20.751Z] [DEBUG] [4640fc3e-67fc-464d-b78b-3e60dad80659] Blender Output: Fra:73 Mem:119.20M (Peak 150.84M) | Time:00:00.27 | Rendering 64 / 64 samples

[2025-07-27T17:41:20.826Z] [DEBUG] [4640fc3e-67fc-464d-b78b-3e60dad80659] Blender Output: Append frame 73
Time: 00:00.34 (Saving: 00:00.03)


[2025-07-27T17:41:20.863Z] [DEBUG] [4640fc3e-67fc-464d-b78b-3e60dad80659] Blender Output: Fra:74 Mem:119.20M (Peak 150.84M) | Time:00:00.03 | Rendering 1 / 64 samples

[2025-07-27T17:41:20.953Z] [DEBUG] [4640fc3e-67fc-464d-b78b-3e60dad80659] Blender Output: Fra:74 Mem:119.20M (Peak 150.84M) | Time:00:00.12 | Rendering 25 / 64 samples

[2025-07-27T17:41:21.047Z] [DEBUG] [4640fc3e-67fc-464d-b78b-3e60dad80659] Blender Output: Fra:74 Mem:119.20M (Peak 150.84M) | Time:00:00.22 | Rendering 50 / 64 samples

[2025-07-27T17:41:21.099Z] [DEBUG] [4640fc3e-67fc-464d-b78b-3e60dad80659] Blender Output: Fra:74 Mem:119.20M (Peak 150.84M) | Time:00:00.27 | Rendering 64 / 64 samples

[2025-07-27T17:41:21.173Z] [DEBUG] [4640fc3e-67fc-464d-b78b-3e60dad80659] Blender Output: Append frame 74
Time: 00:00.34 (Saving: 00:00.03)


[2025-07-27T17:41:21.209Z] [DEBUG] [4640fc3e-67fc-464d-b78b-3e60dad80659] Blender Output: Fra:75 Mem:119.20M (Peak 150.84M) | Time:00:00.03 | Rendering 1 / 64 samples

[2025-07-27T17:41:21.301Z] [DEBUG] [4640fc3e-67fc-464d-b78b-3e60dad80659] Blender Output: Fra:75 Mem:119.20M (Peak 150.84M) | Time:00:00.12 | Rendering 25 / 64 samples

[2025-07-27T17:41:21.394Z] [DEBUG] [4640fc3e-67fc-464d-b78b-3e60dad80659] Blender Output: Fra:75 Mem:119.20M (Peak 150.84M) | Time:00:00.22 | Rendering 50 / 64 samples

[2025-07-27T17:41:21.446Z] [DEBUG] [4640fc3e-67fc-464d-b78b-3e60dad80659] Blender Output: Fra:75 Mem:119.20M (Peak 150.84M) | Time:00:00.27 | Rendering 64 / 64 samples

[2025-07-27T17:41:21.520Z] [DEBUG] [4640fc3e-67fc-464d-b78b-3e60dad80659] Blender Output: Append frame 75
Time: 00:00.34 (Saving: 00:00.03)


[2025-07-27T17:41:21.557Z] [DEBUG] [4640fc3e-67fc-464d-b78b-3e60dad80659] Blender Output: Fra:76 Mem:119.20M (Peak 150.84M) | Time:00:00.03 | Rendering 1 / 64 samples

[2025-07-27T17:41:21.649Z] [DEBUG] [4640fc3e-67fc-464d-b78b-3e60dad80659] Blender Output: Fra:76 Mem:119.20M (Peak 150.84M) | Time:00:00.12 | Rendering 25 / 64 samples

[2025-07-27T17:41:21.745Z] [DEBUG] [4640fc3e-67fc-464d-b78b-3e60dad80659] Blender Output: Fra:76 Mem:119.20M (Peak 150.84M) | Time:00:00.22 | Rendering 50 / 64 samples

[2025-07-27T17:41:21.798Z] [DEBUG] [4640fc3e-67fc-464d-b78b-3e60dad80659] Blender Output: Fra:76 Mem:119.20M (Peak 150.84M) | Time:00:00.27 | Rendering 64 / 64 samples

[2025-07-27T17:41:21.877Z] [DEBUG] [4640fc3e-67fc-464d-b78b-3e60dad80659] Blender Output: Append frame 76
Time: 00:00.35 (Saving: 00:00.03)


[2025-07-27T17:41:21.916Z] [DEBUG] [4640fc3e-67fc-464d-b78b-3e60dad80659] Blender Output: Fra:77 Mem:119.20M (Peak 150.84M) | Time:00:00.03 | Rendering 1 / 64 samples

[2025-07-27T17:41:22.011Z] [DEBUG] [4640fc3e-67fc-464d-b78b-3e60dad80659] Blender Output: Fra:77 Mem:119.20M (Peak 150.84M) | Time:00:00.13 | Rendering 25 / 64 samples

[2025-07-27T17:41:22.106Z] [DEBUG] [4640fc3e-67fc-464d-b78b-3e60dad80659] Blender Output: Fra:77 Mem:119.20M (Peak 150.84M) | Time:00:00.22 | Rendering 50 / 64 samples

[2025-07-27T17:41:22.160Z] [DEBUG] [4640fc3e-67fc-464d-b78b-3e60dad80659] Blender Output: Fra:77 Mem:119.20M (Peak 150.84M) | Time:00:00.28 | Rendering 64 / 64 samples

[2025-07-27T17:41:22.231Z] [DEBUG] [4640fc3e-67fc-464d-b78b-3e60dad80659] Blender Output: Append frame 77
Time: 00:00.35 (Saving: 00:00.03)


[2025-07-27T17:41:22.268Z] [DEBUG] [4640fc3e-67fc-464d-b78b-3e60dad80659] Blender Output: Fra:78 Mem:119.20M (Peak 150.84M) | Time:00:00.03 | Rendering 1 / 64 samples

[2025-07-27T17:41:22.362Z] [DEBUG] [4640fc3e-67fc-464d-b78b-3e60dad80659] Blender Output: Fra:78 Mem:119.20M (Peak 150.84M) | Time:00:00.13 | Rendering 25 / 64 samples

[2025-07-27T17:41:22.456Z] [DEBUG] [4640fc3e-67fc-464d-b78b-3e60dad80659] Blender Output: Fra:78 Mem:119.20M (Peak 150.84M) | Time:00:00.22 | Rendering 50 / 64 samples

[2025-07-27T17:41:22.508Z] [DEBUG] [4640fc3e-67fc-464d-b78b-3e60dad80659] Blender Output: Fra:78 Mem:119.20M (Peak 150.84M) | Time:00:00.27 | Rendering 64 / 64 samples

[2025-07-27T17:41:22.583Z] [DEBUG] [4640fc3e-67fc-464d-b78b-3e60dad80659] Blender Output: Append frame 78
Time: 00:00.35 (Saving: 00:00.03)


[2025-07-27T17:41:22.620Z] [DEBUG] [4640fc3e-67fc-464d-b78b-3e60dad80659] Blender Output: Fra:79 Mem:119.20M (Peak 150.84M) | Time:00:00.03 | Rendering 1 / 64 samples

[2025-07-27T17:41:22.713Z] [DEBUG] [4640fc3e-67fc-464d-b78b-3e60dad80659] Blender Output: Fra:79 Mem:119.20M (Peak 150.84M) | Time:00:00.12 | Rendering 25 / 64 samples

[2025-07-27T17:41:22.808Z] [DEBUG] [4640fc3e-67fc-464d-b78b-3e60dad80659] Blender Output: Fra:79 Mem:119.20M (Peak 150.84M) | Time:00:00.22 | Rendering 50 / 64 samples

[2025-07-27T17:41:22.861Z] [DEBUG] [4640fc3e-67fc-464d-b78b-3e60dad80659] Blender Output: Fra:79 Mem:119.20M (Peak 150.84M) | Time:00:00.27 | Rendering 64 / 64 samples

[2025-07-27T17:41:22.935Z] [DEBUG] [4640fc3e-67fc-464d-b78b-3e60dad80659] Blender Output: Append frame 79
Time: 00:00.35 (Saving: 00:00.03)


[2025-07-27T17:41:22.972Z] [DEBUG] [4640fc3e-67fc-464d-b78b-3e60dad80659] Blender Output: Fra:80 Mem:119.20M (Peak 150.84M) | Time:00:00.03 | Rendering 1 / 64 samples

[2025-07-27T17:41:23.065Z] [DEBUG] [4640fc3e-67fc-464d-b78b-3e60dad80659] Blender Output: Fra:80 Mem:119.20M (Peak 150.84M) | Time:00:00.13 | Rendering 25 / 64 samples

[2025-07-27T17:41:23.159Z] [DEBUG] [4640fc3e-67fc-464d-b78b-3e60dad80659] Blender Output: Fra:80 Mem:119.20M (Peak 150.84M) | Time:00:00.22 | Rendering 50 / 64 samples

[2025-07-27T17:41:23.212Z] [DEBUG] [4640fc3e-67fc-464d-b78b-3e60dad80659] Blender Output: Fra:80 Mem:119.20M (Peak 150.84M) | Time:00:00.27 | Rendering 64 / 64 samples

[2025-07-27T17:41:23.285Z] [DEBUG] [4640fc3e-67fc-464d-b78b-3e60dad80659] Blender Output: Append frame 80
Time: 00:00.35 (Saving: 00:00.03)


[2025-07-27T17:41:23.322Z] [DEBUG] [4640fc3e-67fc-464d-b78b-3e60dad80659] Blender Output: Fra:81 Mem:119.20M (Peak 150.84M) | Time:00:00.03 | Rendering 1 / 64 samples

[2025-07-27T17:41:23.415Z] [DEBUG] [4640fc3e-67fc-464d-b78b-3e60dad80659] Blender Output: Fra:81 Mem:119.20M (Peak 150.84M) | Time:00:00.13 | Rendering 25 / 64 samples

[2025-07-27T17:41:23.511Z] [DEBUG] [4640fc3e-67fc-464d-b78b-3e60dad80659] Blender Output: Fra:81 Mem:119.20M (Peak 150.84M) | Time:00:00.22 | Rendering 50 / 64 samples

[2025-07-27T17:41:23.565Z] [DEBUG] [4640fc3e-67fc-464d-b78b-3e60dad80659] Blender Output: Fra:81 Mem:119.20M (Peak 150.84M) | Time:00:00.27 | Rendering 64 / 64 samples

[2025-07-27T17:41:23.637Z] [DEBUG] [4640fc3e-67fc-464d-b78b-3e60dad80659] Blender Output: Append frame 81
Time: 00:00.35 (Saving: 00:00.03)


[2025-07-27T17:41:23.673Z] [DEBUG] [4640fc3e-67fc-464d-b78b-3e60dad80659] Blender Output: Fra:82 Mem:119.20M (Peak 150.84M) | Time:00:00.03 | Rendering 1 / 64 samples

[2025-07-27T17:41:23.766Z] [DEBUG] [4640fc3e-67fc-464d-b78b-3e60dad80659] Blender Output: Fra:82 Mem:119.20M (Peak 150.84M) | Time:00:00.12 | Rendering 25 / 64 samples

[2025-07-27T17:41:23.861Z] [DEBUG] [4640fc3e-67fc-464d-b78b-3e60dad80659] Blender Output: Fra:82 Mem:119.20M (Peak 150.84M) | Time:00:00.22 | Rendering 50 / 64 samples

[2025-07-27T17:41:23.913Z] [DEBUG] [4640fc3e-67fc-464d-b78b-3e60dad80659] Blender Output: Fra:82 Mem:119.20M (Peak 150.84M) | Time:00:00.27 | Rendering 64 / 64 samples

[2025-07-27T17:41:23.987Z] [DEBUG] [4640fc3e-67fc-464d-b78b-3e60dad80659] Blender Output: Append frame 82
Time: 00:00.34 (Saving: 00:00.03)


[2025-07-27T17:41:24.024Z] [DEBUG] [4640fc3e-67fc-464d-b78b-3e60dad80659] Blender Output: Fra:83 Mem:119.20M (Peak 150.84M) | Time:00:00.03 | Rendering 1 / 64 samples

[2025-07-27T17:41:24.117Z] [DEBUG] [4640fc3e-67fc-464d-b78b-3e60dad80659] Blender Output: Fra:83 Mem:119.20M (Peak 150.84M) | Time:00:00.13 | Rendering 25 / 64 samples

[2025-07-27T17:41:24.213Z] [DEBUG] [4640fc3e-67fc-464d-b78b-3e60dad80659] Blender Output: Fra:83 Mem:119.20M (Peak 150.84M) | Time:00:00.22 | Rendering 50 / 64 samples

[2025-07-27T17:41:24.267Z] [DEBUG] [4640fc3e-67fc-464d-b78b-3e60dad80659] Blender Output: Fra:83 Mem:119.20M (Peak 150.84M) | Time:00:00.27 | Rendering 64 / 64 samples

[2025-07-27T17:41:24.340Z] [DEBUG] [4640fc3e-67fc-464d-b78b-3e60dad80659] Blender Output: Append frame 83
Time: 00:00.35 (Saving: 00:00.03)


[2025-07-27T17:41:24.376Z] [DEBUG] [4640fc3e-67fc-464d-b78b-3e60dad80659] Blender Output: Fra:84 Mem:119.20M (Peak 150.84M) | Time:00:00.03 | Rendering 1 / 64 samples

[2025-07-27T17:41:24.469Z] [DEBUG] [4640fc3e-67fc-464d-b78b-3e60dad80659] Blender Output: Fra:84 Mem:119.20M (Peak 150.84M) | Time:00:00.12 | Rendering 25 / 64 samples

[2025-07-27T17:41:24.564Z] [DEBUG] [4640fc3e-67fc-464d-b78b-3e60dad80659] Blender Output: Fra:84 Mem:119.20M (Peak 150.84M) | Time:00:00.22 | Rendering 50 / 64 samples

[2025-07-27T17:41:24.617Z] [DEBUG] [4640fc3e-67fc-464d-b78b-3e60dad80659] Blender Output: Fra:84 Mem:119.20M (Peak 150.84M) | Time:00:00.27 | Rendering 64 / 64 samples

[2025-07-27T17:41:24.692Z] [DEBUG] [4640fc3e-67fc-464d-b78b-3e60dad80659] Blender Output: Append frame 84
Time: 00:00.35 (Saving: 00:00.03)


[2025-07-27T17:41:24.728Z] [DEBUG] [4640fc3e-67fc-464d-b78b-3e60dad80659] Blender Output: Fra:85 Mem:119.20M (Peak 150.84M) | Time:00:00.03 | Rendering 1 / 64 samples

[2025-07-27T17:41:24.820Z] [DEBUG] [4640fc3e-67fc-464d-b78b-3e60dad80659] Blender Output: Fra:85 Mem:119.20M (Peak 150.84M) | Time:00:00.12 | Rendering 25 / 64 samples

[2025-07-27T17:41:24.916Z] [DEBUG] [4640fc3e-67fc-464d-b78b-3e60dad80659] Blender Output: Fra:85 Mem:119.20M (Peak 150.84M) | Time:00:00.22 | Rendering 50 / 64 samples

[2025-07-27T17:41:24.969Z] [DEBUG] [4640fc3e-67fc-464d-b78b-3e60dad80659] Blender Output: Fra:85 Mem:119.20M (Peak 150.84M) | Time:00:00.27 | Rendering 64 / 64 samples

[2025-07-27T17:41:25.044Z] [DEBUG] [4640fc3e-67fc-464d-b78b-3e60dad80659] Blender Output: Append frame 85
Time: 00:00.35 (Saving: 00:00.03)


[2025-07-27T17:41:25.081Z] [DEBUG] [4640fc3e-67fc-464d-b78b-3e60dad80659] Blender Output: Fra:86 Mem:119.20M (Peak 150.84M) | Time:00:00.03 | Rendering 1 / 64 samples

[2025-07-27T17:41:25.173Z] [DEBUG] [4640fc3e-67fc-464d-b78b-3e60dad80659] Blender Output: Fra:86 Mem:119.20M (Peak 150.84M) | Time:00:00.12 | Rendering 25 / 64 samples

[2025-07-27T17:41:25.268Z] [DEBUG] [4640fc3e-67fc-464d-b78b-3e60dad80659] Blender Output: Fra:86 Mem:119.20M (Peak 150.84M) | Time:00:00.22 | Rendering 50 / 64 samples

[2025-07-27T17:41:25.321Z] [DEBUG] [4640fc3e-67fc-464d-b78b-3e60dad80659] Blender Output: Fra:86 Mem:119.20M (Peak 150.84M) | Time:00:00.27 | Rendering 64 / 64 samples

[2025-07-27T17:41:25.396Z] [DEBUG] [4640fc3e-67fc-464d-b78b-3e60dad80659] Blender Output: Append frame 86
Time: 00:00.35 (Saving: 00:00.03)


[2025-07-27T17:41:25.433Z] [DEBUG] [4640fc3e-67fc-464d-b78b-3e60dad80659] Blender Output: Fra:87 Mem:119.20M (Peak 150.84M) | Time:00:00.03 | Rendering 1 / 64 samples

[2025-07-27T17:41:25.526Z] [DEBUG] [4640fc3e-67fc-464d-b78b-3e60dad80659] Blender Output: Fra:87 Mem:119.20M (Peak 150.84M) | Time:00:00.12 | Rendering 25 / 64 samples

[2025-07-27T17:41:25.620Z] [DEBUG] [4640fc3e-67fc-464d-b78b-3e60dad80659] Blender Output: Fra:87 Mem:119.20M (Peak 150.84M) | Time:00:00.22 | Rendering 50 / 64 samples

[2025-07-27T17:41:25.673Z] [DEBUG] [4640fc3e-67fc-464d-b78b-3e60dad80659] Blender Output: Fra:87 Mem:119.20M (Peak 150.84M) | Time:00:00.27 | Rendering 64 / 64 samples

[2025-07-27T17:41:25.747Z] [DEBUG] [4640fc3e-67fc-464d-b78b-3e60dad80659] Blender Output: Append frame 87
Time: 00:00.35 (Saving: 00:00.03)


[2025-07-27T17:41:25.783Z] [DEBUG] [4640fc3e-67fc-464d-b78b-3e60dad80659] Blender Output: Fra:88 Mem:119.20M (Peak 150.84M) | Time:00:00.03 | Rendering 1 / 64 samples

[2025-07-27T17:41:25.876Z] [DEBUG] [4640fc3e-67fc-464d-b78b-3e60dad80659] Blender Output: Fra:88 Mem:119.20M (Peak 150.84M) | Time:00:00.12 | Rendering 25 / 64 samples

[2025-07-27T17:41:25.972Z] [DEBUG] [4640fc3e-67fc-464d-b78b-3e60dad80659] Blender Output: Fra:88 Mem:119.20M (Peak 150.84M) | Time:00:00.22 | Rendering 50 / 64 samples

[2025-07-27T17:41:26.024Z] [DEBUG] [4640fc3e-67fc-464d-b78b-3e60dad80659] Blender Output: Fra:88 Mem:119.20M (Peak 150.84M) | Time:00:00.27 | Rendering 64 / 64 samples

[2025-07-27T17:41:26.096Z] [DEBUG] [4640fc3e-67fc-464d-b78b-3e60dad80659] Blender Output: Append frame 88
Time: 00:00.34 (Saving: 00:00.03)


[2025-07-27T17:41:26.133Z] [DEBUG] [4640fc3e-67fc-464d-b78b-3e60dad80659] Blender Output: Fra:89 Mem:119.20M (Peak 150.84M) | Time:00:00.03 | Rendering 1 / 64 samples

[2025-07-27T17:41:26.224Z] [DEBUG] [4640fc3e-67fc-464d-b78b-3e60dad80659] Blender Output: Fra:89 Mem:119.20M (Peak 150.84M) | Time:00:00.12 | Rendering 25 / 64 samples

[2025-07-27T17:41:26.319Z] [DEBUG] [4640fc3e-67fc-464d-b78b-3e60dad80659] Blender Output: Fra:89 Mem:119.20M (Peak 150.84M) | Time:00:00.22 | Rendering 50 / 64 samples

[2025-07-27T17:41:26.372Z] [DEBUG] [4640fc3e-67fc-464d-b78b-3e60dad80659] Blender Output: Fra:89 Mem:119.20M (Peak 150.84M) | Time:00:00.27 | Rendering 64 / 64 samples

[2025-07-27T17:41:26.446Z] [DEBUG] [4640fc3e-67fc-464d-b78b-3e60dad80659] Blender Output: Append frame 89
Time: 00:00.35 (Saving: 00:00.03)


[2025-07-27T17:41:26.482Z] [DEBUG] [4640fc3e-67fc-464d-b78b-3e60dad80659] Blender Output: Fra:90 Mem:119.20M (Peak 150.84M) | Time:00:00.03 | Rendering 1 / 64 samples

[2025-07-27T17:41:26.575Z] [DEBUG] [4640fc3e-67fc-464d-b78b-3e60dad80659] Blender Output: Fra:90 Mem:119.20M (Peak 150.84M) | Time:00:00.12 | Rendering 25 / 64 samples

[2025-07-27T17:41:26.671Z] [DEBUG] [4640fc3e-67fc-464d-b78b-3e60dad80659] Blender Output: Fra:90 Mem:119.20M (Peak 150.84M) | Time:00:00.22 | Rendering 50 / 64 samples

[2025-07-27T17:41:26.724Z] [DEBUG] [4640fc3e-67fc-464d-b78b-3e60dad80659] Blender Output: Fra:90 Mem:119.20M (Peak 150.84M) | Time:00:00.27 | Rendering 64 / 64 samples

[2025-07-27T17:41:26.796Z] [DEBUG] [4640fc3e-67fc-464d-b78b-3e60dad80659] Blender Output: Append frame 90
Time: 00:00.35 (Saving: 00:00.03)


[2025-07-27T17:41:26.832Z] [DEBUG] [4640fc3e-67fc-464d-b78b-3e60dad80659] Blender Output: Fra:91 Mem:119.20M (Peak 150.84M) | Time:00:00.03 | Rendering 1 / 64 samples

[2025-07-27T17:41:26.924Z] [DEBUG] [4640fc3e-67fc-464d-b78b-3e60dad80659] Blender Output: Fra:91 Mem:119.20M (Peak 150.84M) | Time:00:00.12 | Rendering 25 / 64 samples

[2025-07-27T17:41:27.020Z] [DEBUG] [4640fc3e-67fc-464d-b78b-3e60dad80659] Blender Output: Fra:91 Mem:119.20M (Peak 150.84M) | Time:00:00.22 | Rendering 50 / 64 samples

[2025-07-27T17:41:27.073Z] [DEBUG] [4640fc3e-67fc-464d-b78b-3e60dad80659] Blender Output: Fra:91 Mem:119.20M (Peak 150.84M) | Time:00:00.27 | Rendering 64 / 64 samples

[2025-07-27T17:41:27.148Z] [DEBUG] [4640fc3e-67fc-464d-b78b-3e60dad80659] Blender Output: Append frame 91
Time: 00:00.35 (Saving: 00:00.03)


[2025-07-27T17:41:27.184Z] [DEBUG] [4640fc3e-67fc-464d-b78b-3e60dad80659] Blender Output: Fra:92 Mem:119.20M (Peak 150.84M) | Time:00:00.03 | Rendering 1 / 64 samples

[2025-07-27T17:41:27.277Z] [DEBUG] [4640fc3e-67fc-464d-b78b-3e60dad80659] Blender Output: Fra:92 Mem:119.20M (Peak 150.84M) | Time:00:00.12 | Rendering 25 / 64 samples

[2025-07-27T17:41:27.373Z] [DEBUG] [4640fc3e-67fc-464d-b78b-3e60dad80659] Blender Output: Fra:92 Mem:119.20M (Peak 150.84M) | Time:00:00.22 | Rendering 50 / 64 samples

[2025-07-27T17:41:27.427Z] [DEBUG] [4640fc3e-67fc-464d-b78b-3e60dad80659] Blender Output: Fra:92 Mem:119.20M (Peak 150.84M) | Time:00:00.27 | Rendering 64 / 64 samples

[2025-07-27T17:41:27.498Z] [DEBUG] [4640fc3e-67fc-464d-b78b-3e60dad80659] Blender Output: Append frame 92
Time: 00:00.35 (Saving: 00:00.03)


[2025-07-27T17:41:27.534Z] [DEBUG] [4640fc3e-67fc-464d-b78b-3e60dad80659] Blender Output: Fra:93 Mem:119.20M (Peak 150.84M) | Time:00:00.03 | Rendering 1 / 64 samples

[2025-07-27T17:41:27.627Z] [DEBUG] [4640fc3e-67fc-464d-b78b-3e60dad80659] Blender Output: Fra:93 Mem:119.20M (Peak 150.84M) | Time:00:00.12 | Rendering 25 / 64 samples

[2025-07-27T17:41:27.723Z] [DEBUG] [4640fc3e-67fc-464d-b78b-3e60dad80659] Blender Output: Fra:93 Mem:119.20M (Peak 150.84M) | Time:00:00.22 | Rendering 50 / 64 samples

[2025-07-27T17:41:27.776Z] [DEBUG] [4640fc3e-67fc-464d-b78b-3e60dad80659] Blender Output: Fra:93 Mem:119.20M (Peak 150.84M) | Time:00:00.27 | Rendering 64 / 64 samples

[2025-07-27T17:41:27.850Z] [DEBUG] [4640fc3e-67fc-464d-b78b-3e60dad80659] Blender Output: Append frame 93
Time: 00:00.35 (Saving: 00:00.03)


[2025-07-27T17:41:27.886Z] [DEBUG] [4640fc3e-67fc-464d-b78b-3e60dad80659] Blender Output: Fra:94 Mem:119.20M (Peak 150.84M) | Time:00:00.03 | Rendering 1 / 64 samples

[2025-07-27T17:41:27.979Z] [DEBUG] [4640fc3e-67fc-464d-b78b-3e60dad80659] Blender Output: Fra:94 Mem:119.20M (Peak 150.84M) | Time:00:00.12 | Rendering 25 / 64 samples

[2025-07-27T17:41:28.074Z] [DEBUG] [4640fc3e-67fc-464d-b78b-3e60dad80659] Blender Output: Fra:94 Mem:119.20M (Peak 150.84M) | Time:00:00.22 | Rendering 50 / 64 samples

[2025-07-27T17:41:28.127Z] [DEBUG] [4640fc3e-67fc-464d-b78b-3e60dad80659] Blender Output: Fra:94 Mem:119.20M (Peak 150.84M) | Time:00:00.27 | Rendering 64 / 64 samples

[2025-07-27T17:41:28.200Z] [DEBUG] [4640fc3e-67fc-464d-b78b-3e60dad80659] Blender Output: Append frame 94
Time: 00:00.34 (Saving: 00:00.03)


[2025-07-27T17:41:28.237Z] [DEBUG] [4640fc3e-67fc-464d-b78b-3e60dad80659] Blender Output: Fra:95 Mem:119.20M (Peak 150.84M) | Time:00:00.03 | Rendering 1 / 64 samples

[2025-07-27T17:41:28.331Z] [DEBUG] [4640fc3e-67fc-464d-b78b-3e60dad80659] Blender Output: Fra:95 Mem:119.20M (Peak 150.84M) | Time:00:00.13 | Rendering 25 / 64 samples

[2025-07-27T17:41:28.426Z] [DEBUG] [4640fc3e-67fc-464d-b78b-3e60dad80659] Blender Output: Fra:95 Mem:119.20M (Peak 150.84M) | Time:00:00.22 | Rendering 50 / 64 samples

[2025-07-27T17:41:28.480Z] [DEBUG] [4640fc3e-67fc-464d-b78b-3e60dad80659] Blender Output: Fra:95 Mem:119.20M (Peak 150.84M) | Time:00:00.28 | Rendering 64 / 64 samples

[2025-07-27T17:41:28.557Z] [DEBUG] [4640fc3e-67fc-464d-b78b-3e60dad80659] Blender Output: Append frame 95
Time: 00:00.35 (Saving: 00:00.03)


[2025-07-27T17:41:28.593Z] [DEBUG] [4640fc3e-67fc-464d-b78b-3e60dad80659] Blender Output: Fra:96 Mem:119.20M (Peak 150.84M) | Time:00:00.03 | Rendering 1 / 64 samples

[2025-07-27T17:41:28.685Z] [DEBUG] [4640fc3e-67fc-464d-b78b-3e60dad80659] Blender Output: Fra:96 Mem:119.20M (Peak 150.84M) | Time:00:00.12 | Rendering 25 / 64 samples

[2025-07-27T17:41:28.778Z] [DEBUG] [4640fc3e-67fc-464d-b78b-3e60dad80659] Blender Output: Fra:96 Mem:119.20M (Peak 150.84M) | Time:00:00.22 | Rendering 50 / 64 samples

[2025-07-27T17:41:28.831Z] [DEBUG] [4640fc3e-67fc-464d-b78b-3e60dad80659] Blender Output: Fra:96 Mem:119.20M (Peak 150.84M) | Time:00:00.27 | Rendering 64 / 64 samples

[2025-07-27T17:41:28.903Z] [DEBUG] [4640fc3e-67fc-464d-b78b-3e60dad80659] Blender Output: Append frame 96
Time: 00:00.34 (Saving: 00:00.03)


[2025-07-27T17:41:28.940Z] [DEBUG] [4640fc3e-67fc-464d-b78b-3e60dad80659] Blender Output: Fra:97 Mem:119.20M (Peak 150.84M) | Time:00:00.03 | Rendering 1 / 64 samples

[2025-07-27T17:41:29.033Z] [DEBUG] [4640fc3e-67fc-464d-b78b-3e60dad80659] Blender Output: Fra:97 Mem:119.20M (Peak 150.84M) | Time:00:00.12 | Rendering 25 / 64 samples

[2025-07-27T17:41:29.127Z] [DEBUG] [4640fc3e-67fc-464d-b78b-3e60dad80659] Blender Output: Fra:97 Mem:119.20M (Peak 150.84M) | Time:00:00.22 | Rendering 50 / 64 samples

[2025-07-27T17:41:29.180Z] [DEBUG] [4640fc3e-67fc-464d-b78b-3e60dad80659] Blender Output: Fra:97 Mem:119.20M (Peak 150.84M) | Time:00:00.27 | Rendering 64 / 64 samples

[2025-07-27T17:41:29.257Z] [DEBUG] [4640fc3e-67fc-464d-b78b-3e60dad80659] Blender Output: Append frame 97
Time: 00:00.35 (Saving: 00:00.03)


[2025-07-27T17:41:29.294Z] [DEBUG] [4640fc3e-67fc-464d-b78b-3e60dad80659] Blender Output: Fra:98 Mem:119.20M (Peak 150.84M) | Time:00:00.03 | Rendering 1 / 64 samples

[2025-07-27T17:41:29.387Z] [DEBUG] [4640fc3e-67fc-464d-b78b-3e60dad80659] Blender Output: Fra:98 Mem:119.20M (Peak 150.84M) | Time:00:00.13 | Rendering 25 / 64 samples

[2025-07-27T17:41:29.481Z] [DEBUG] [4640fc3e-67fc-464d-b78b-3e60dad80659] Blender Output: Fra:98 Mem:119.20M (Peak 150.84M) | Time:00:00.22 | Rendering 50 / 64 samples

[2025-07-27T17:41:29.535Z] [DEBUG] [4640fc3e-67fc-464d-b78b-3e60dad80659] Blender Output: Fra:98 Mem:119.20M (Peak 150.84M) | Time:00:00.27 | Rendering 64 / 64 samples

[2025-07-27T17:41:29.607Z] [DEBUG] [4640fc3e-67fc-464d-b78b-3e60dad80659] Blender Output: Append frame 98
Time: 00:00.35 (Saving: 00:00.03)


[2025-07-27T17:41:29.644Z] [DEBUG] [4640fc3e-67fc-464d-b78b-3e60dad80659] Blender Output: Fra:99 Mem:119.20M (Peak 150.84M) | Time:00:00.03 | Rendering 1 / 64 samples

[2025-07-27T17:41:29.736Z] [DEBUG] [4640fc3e-67fc-464d-b78b-3e60dad80659] Blender Output: Fra:99 Mem:119.20M (Peak 150.84M) | Time:00:00.12 | Rendering 25 / 64 samples

[2025-07-27T17:41:29.831Z] [DEBUG] [4640fc3e-67fc-464d-b78b-3e60dad80659] Blender Output: Fra:99 Mem:119.20M (Peak 150.84M) | Time:00:00.22 | Rendering 50 / 64 samples

[2025-07-27T17:41:29.883Z] [DEBUG] [4640fc3e-67fc-464d-b78b-3e60dad80659] Blender Output: Fra:99 Mem:119.20M (Peak 150.84M) | Time:00:00.27 | Rendering 64 / 64 samples

[2025-07-27T17:41:29.955Z] [DEBUG] [4640fc3e-67fc-464d-b78b-3e60dad80659] Blender Output: Append frame 99
Time: 00:00.34 (Saving: 00:00.03)


[2025-07-27T17:41:29.992Z] [DEBUG] [4640fc3e-67fc-464d-b78b-3e60dad80659] Blender Output: Fra:100 Mem:119.20M (Peak 150.84M) | Time:00:00.03 | Rendering 1 / 64 samples

[2025-07-27T17:41:30.084Z] [DEBUG] [4640fc3e-67fc-464d-b78b-3e60dad80659] Blender Output: Fra:100 Mem:119.20M (Peak 150.84M) | Time:00:00.12 | Rendering 25 / 64 samples

[2025-07-27T17:41:30.178Z] [DEBUG] [4640fc3e-67fc-464d-b78b-3e60dad80659] Blender Output: Fra:100 Mem:119.20M (Peak 150.84M) | Time:00:00.22 | Rendering 50 / 64 samples

[2025-07-27T17:41:30.230Z] [DEBUG] [4640fc3e-67fc-464d-b78b-3e60dad80659] Blender Output: Fra:100 Mem:119.20M (Peak 150.84M) | Time:00:00.27 | Rendering 64 / 64 samples

[2025-07-27T17:41:30.307Z] [DEBUG] [4640fc3e-67fc-464d-b78b-3e60dad80659] Blender Output: Append frame 100
Time: 00:00.35 (Saving: 00:00.03)


[2025-07-27T17:41:30.343Z] [DEBUG] [4640fc3e-67fc-464d-b78b-3e60dad80659] Blender Output: Fra:101 Mem:119.20M (Peak 150.84M) | Time:00:00.03 | Rendering 1 / 64 samples

[2025-07-27T17:41:30.436Z] [DEBUG] [4640fc3e-67fc-464d-b78b-3e60dad80659] Blender Output: Fra:101 Mem:119.20M (Peak 150.84M) | Time:00:00.12 | Rendering 25 / 64 samples

[2025-07-27T17:41:30.530Z] [DEBUG] [4640fc3e-67fc-464d-b78b-3e60dad80659] Blender Output: Fra:101 Mem:119.20M (Peak 150.84M) | Time:00:00.22 | Rendering 50 / 64 samples

[2025-07-27T17:41:30.583Z] [DEBUG] [4640fc3e-67fc-464d-b78b-3e60dad80659] Blender Output: Fra:101 Mem:119.20M (Peak 150.84M) | Time:00:00.27 | Rendering 64 / 64 samples

[2025-07-27T17:41:30.659Z] [DEBUG] [4640fc3e-67fc-464d-b78b-3e60dad80659] Blender Output: Append frame 101
Time: 00:00.35 (Saving: 00:00.03)


[2025-07-27T17:41:30.695Z] [DEBUG] [4640fc3e-67fc-464d-b78b-3e60dad80659] Blender Output: Fra:102 Mem:119.20M (Peak 150.84M) | Time:00:00.03 | Rendering 1 / 64 samples

[2025-07-27T17:41:30.787Z] [DEBUG] [4640fc3e-67fc-464d-b78b-3e60dad80659] Blender Output: Fra:102 Mem:119.20M (Peak 150.84M) | Time:00:00.12 | Rendering 25 / 64 samples

[2025-07-27T17:41:30.882Z] [DEBUG] [4640fc3e-67fc-464d-b78b-3e60dad80659] Blender Output: Fra:102 Mem:119.20M (Peak 150.84M) | Time:00:00.22 | Rendering 50 / 64 samples

[2025-07-27T17:41:30.935Z] [DEBUG] [4640fc3e-67fc-464d-b78b-3e60dad80659] Blender Output: Fra:102 Mem:119.20M (Peak 150.84M) | Time:00:00.27 | Rendering 64 / 64 samples

[2025-07-27T17:41:31.008Z] [DEBUG] [4640fc3e-67fc-464d-b78b-3e60dad80659] Blender Output: Append frame 102
Time: 00:00.34 (Saving: 00:00.03)


[2025-07-27T17:41:31.044Z] [DEBUG] [4640fc3e-67fc-464d-b78b-3e60dad80659] Blender Output: Fra:103 Mem:119.20M (Peak 150.84M) | Time:00:00.03 | Rendering 1 / 64 samples

[2025-07-27T17:41:31.138Z] [DEBUG] [4640fc3e-67fc-464d-b78b-3e60dad80659] Blender Output: Fra:103 Mem:119.20M (Peak 150.84M) | Time:00:00.13 | Rendering 25 / 64 samples

[2025-07-27T17:41:31.233Z] [DEBUG] [4640fc3e-67fc-464d-b78b-3e60dad80659] Blender Output: Fra:103 Mem:119.20M (Peak 150.84M) | Time:00:00.22 | Rendering 50 / 64 samples

[2025-07-27T17:41:31.286Z] [DEBUG] [4640fc3e-67fc-464d-b78b-3e60dad80659] Blender Output: Fra:103 Mem:119.20M (Peak 150.84M) | Time:00:00.27 | Rendering 64 / 64 samples

[2025-07-27T17:41:31.362Z] [DEBUG] [4640fc3e-67fc-464d-b78b-3e60dad80659] Blender Output: Append frame 103
Time: 00:00.35 (Saving: 00:00.03)


[2025-07-27T17:41:31.399Z] [DEBUG] [4640fc3e-67fc-464d-b78b-3e60dad80659] Blender Output: Fra:104 Mem:119.20M (Peak 150.84M) | Time:00:00.03 | Rendering 1 / 64 samples

[2025-07-27T17:41:31.490Z] [DEBUG] [4640fc3e-67fc-464d-b78b-3e60dad80659] Blender Output: Fra:104 Mem:119.20M (Peak 150.84M) | Time:00:00.12 | Rendering 25 / 64 samples

[2025-07-27T17:41:31.585Z] [DEBUG] [4640fc3e-67fc-464d-b78b-3e60dad80659] Blender Output: Fra:104 Mem:119.20M (Peak 150.84M) | Time:00:00.22 | Rendering 50 / 64 samples

[2025-07-27T17:41:31.638Z] [DEBUG] [4640fc3e-67fc-464d-b78b-3e60dad80659] Blender Output: Fra:104 Mem:119.20M (Peak 150.84M) | Time:00:00.27 | Rendering 64 / 64 samples

[2025-07-27T17:41:31.711Z] [DEBUG] [4640fc3e-67fc-464d-b78b-3e60dad80659] Blender Output: Append frame 104
Time: 00:00.34 (Saving: 00:00.03)


[2025-07-27T17:41:31.747Z] [DEBUG] [4640fc3e-67fc-464d-b78b-3e60dad80659] Blender Output: Fra:105 Mem:119.20M (Peak 150.84M) | Time:00:00.03 | Rendering 1 / 64 samples

[2025-07-27T17:41:31.839Z] [DEBUG] [4640fc3e-67fc-464d-b78b-3e60dad80659] Blender Output: Fra:105 Mem:119.20M (Peak 150.84M) | Time:00:00.12 | Rendering 25 / 64 samples

[2025-07-27T17:41:31.932Z] [DEBUG] [4640fc3e-67fc-464d-b78b-3e60dad80659] Blender Output: Fra:105 Mem:119.20M (Peak 150.84M) | Time:00:00.22 | Rendering 50 / 64 samples

[2025-07-27T17:41:31.984Z] [DEBUG] [4640fc3e-67fc-464d-b78b-3e60dad80659] Blender Output: Fra:105 Mem:119.20M (Peak 150.84M) | Time:00:00.27 | Rendering 64 / 64 samples

[2025-07-27T17:41:32.060Z] [DEBUG] [4640fc3e-67fc-464d-b78b-3e60dad80659] Blender Output: Append frame 105
Time: 00:00.34 (Saving: 00:00.03)


[2025-07-27T17:41:32.097Z] [DEBUG] [4640fc3e-67fc-464d-b78b-3e60dad80659] Blender Output: Fra:106 Mem:119.20M (Peak 150.84M) | Time:00:00.03 | Rendering 1 / 64 samples

[2025-07-27T17:41:32.190Z] [DEBUG] [4640fc3e-67fc-464d-b78b-3e60dad80659] Blender Output: Fra:106 Mem:119.20M (Peak 150.84M) | Time:00:00.13 | Rendering 25 / 64 samples

[2025-07-27T17:41:32.286Z] [DEBUG] [4640fc3e-67fc-464d-b78b-3e60dad80659] Blender Output: Fra:106 Mem:119.20M (Peak 150.84M) | Time:00:00.22 | Rendering 50 / 64 samples

[2025-07-27T17:41:32.339Z] [DEBUG] [4640fc3e-67fc-464d-b78b-3e60dad80659] Blender Output: Fra:106 Mem:119.20M (Peak 150.84M) | Time:00:00.27 | Rendering 64 / 64 samples

[2025-07-27T17:41:32.415Z] [DEBUG] [4640fc3e-67fc-464d-b78b-3e60dad80659] Blender Output: Append frame 106
Time: 00:00.35 (Saving: 00:00.03)


[2025-07-27T17:41:32.451Z] [DEBUG] [4640fc3e-67fc-464d-b78b-3e60dad80659] Blender Output: Fra:107 Mem:119.20M (Peak 150.84M) | Time:00:00.03 | Rendering 1 / 64 samples

[2025-07-27T17:41:32.545Z] [DEBUG] [4640fc3e-67fc-464d-b78b-3e60dad80659] Blender Output: Fra:107 Mem:119.20M (Peak 150.84M) | Time:00:00.12 | Rendering 25 / 64 samples

[2025-07-27T17:41:32.639Z] [DEBUG] [4640fc3e-67fc-464d-b78b-3e60dad80659] Blender Output: Fra:107 Mem:119.20M (Peak 150.84M) | Time:00:00.22 | Rendering 50 / 64 samples

[2025-07-27T17:41:32.691Z] [DEBUG] [4640fc3e-67fc-464d-b78b-3e60dad80659] Blender Output: Fra:107 Mem:119.20M (Peak 150.84M) | Time:00:00.27 | Rendering 64 / 64 samples

[2025-07-27T17:41:32.765Z] [DEBUG] [4640fc3e-67fc-464d-b78b-3e60dad80659] Blender Output: Append frame 107
Time: 00:00.34 (Saving: 00:00.03)


[2025-07-27T17:41:32.802Z] [DEBUG] [4640fc3e-67fc-464d-b78b-3e60dad80659] Blender Output: Fra:108 Mem:119.20M (Peak 150.84M) | Time:00:00.03 | Rendering 1 / 64 samples

[2025-07-27T17:41:32.895Z] [DEBUG] [4640fc3e-67fc-464d-b78b-3e60dad80659] Blender Output: Fra:108 Mem:119.20M (Peak 150.84M) | Time:00:00.12 | Rendering 25 / 64 samples

[2025-07-27T17:41:32.991Z] [DEBUG] [4640fc3e-67fc-464d-b78b-3e60dad80659] Blender Output: Fra:108 Mem:119.20M (Peak 150.84M) | Time:00:00.22 | Rendering 50 / 64 samples

[2025-07-27T17:41:33.045Z] [DEBUG] [4640fc3e-67fc-464d-b78b-3e60dad80659] Blender Output: Fra:108 Mem:119.20M (Peak 150.84M) | Time:00:00.28 | Rendering 64 / 64 samples

[2025-07-27T17:41:33.121Z] [DEBUG] [4640fc3e-67fc-464d-b78b-3e60dad80659] Blender Output: Append frame 108
Time: 00:00.35 (Saving: 00:00.03)


[2025-07-27T17:41:33.159Z] [DEBUG] [4640fc3e-67fc-464d-b78b-3e60dad80659] Blender Output: Fra:109 Mem:119.20M (Peak 150.84M) | Time:00:00.03 | Rendering 1 / 64 samples

[2025-07-27T17:41:33.253Z] [DEBUG] [4640fc3e-67fc-464d-b78b-3e60dad80659] Blender Output: Fra:109 Mem:119.20M (Peak 150.84M) | Time:00:00.13 | Rendering 25 / 64 samples

[2025-07-27T17:41:33.348Z] [DEBUG] [4640fc3e-67fc-464d-b78b-3e60dad80659] Blender Output: Fra:109 Mem:119.20M (Peak 150.84M) | Time:00:00.22 | Rendering 50 / 64 samples

[2025-07-27T17:41:33.402Z] [DEBUG] [4640fc3e-67fc-464d-b78b-3e60dad80659] Blender Output: Fra:109 Mem:119.20M (Peak 150.84M) | Time:00:00.28 | Rendering 64 / 64 samples

[2025-07-27T17:41:33.473Z] [DEBUG] [4640fc3e-67fc-464d-b78b-3e60dad80659] Blender Output: Append frame 109
Time: 00:00.35 (Saving: 00:00.03)


[2025-07-27T17:41:33.510Z] [DEBUG] [4640fc3e-67fc-464d-b78b-3e60dad80659] Blender Output: Fra:110 Mem:119.20M (Peak 150.84M) | Time:00:00.03 | Rendering 1 / 64 samples

[2025-07-27T17:41:33.603Z] [DEBUG] [4640fc3e-67fc-464d-b78b-3e60dad80659] Blender Output: Fra:110 Mem:119.20M (Peak 150.84M) | Time:00:00.13 | Rendering 25 / 64 samples

[2025-07-27T17:41:33.699Z] [DEBUG] [4640fc3e-67fc-464d-b78b-3e60dad80659] Blender Output: Fra:110 Mem:119.20M (Peak 150.84M) | Time:00:00.22 | Rendering 50 / 64 samples

[2025-07-27T17:41:33.752Z] [DEBUG] [4640fc3e-67fc-464d-b78b-3e60dad80659] Blender Output: Fra:110 Mem:119.20M (Peak 150.84M) | Time:00:00.27 | Rendering 64 / 64 samples

[2025-07-27T17:41:33.826Z] [DEBUG] [4640fc3e-67fc-464d-b78b-3e60dad80659] Blender Output: Append frame 110
Time: 00:00.35 (Saving: 00:00.03)


[2025-07-27T17:41:33.862Z] [DEBUG] [4640fc3e-67fc-464d-b78b-3e60dad80659] Blender Output: Fra:111 Mem:119.20M (Peak 150.84M) | Time:00:00.03 | Rendering 1 / 64 samples

[2025-07-27T17:41:33.955Z] [DEBUG] [4640fc3e-67fc-464d-b78b-3e60dad80659] Blender Output: Fra:111 Mem:119.20M (Peak 150.84M) | Time:00:00.12 | Rendering 25 / 64 samples

[2025-07-27T17:41:34.050Z] [DEBUG] [4640fc3e-67fc-464d-b78b-3e60dad80659] Blender Output: Fra:111 Mem:119.20M (Peak 150.84M) | Time:00:00.22 | Rendering 50 / 64 samples

[2025-07-27T17:41:34.103Z] [DEBUG] [4640fc3e-67fc-464d-b78b-3e60dad80659] Blender Output: Fra:111 Mem:119.20M (Peak 150.84M) | Time:00:00.27 | Rendering 64 / 64 samples

[2025-07-27T17:41:34.178Z] [DEBUG] [4640fc3e-67fc-464d-b78b-3e60dad80659] Blender Output: Append frame 111
Time: 00:00.35 (Saving: 00:00.03)


[2025-07-27T17:41:34.214Z] [DEBUG] [4640fc3e-67fc-464d-b78b-3e60dad80659] Blender Output: Fra:112 Mem:119.20M (Peak 150.84M) | Time:00:00.03 | Rendering 1 / 64 samples

[2025-07-27T17:41:34.307Z] [DEBUG] [4640fc3e-67fc-464d-b78b-3e60dad80659] Blender Output: Fra:112 Mem:119.20M (Peak 150.84M) | Time:00:00.12 | Rendering 25 / 64 samples

[2025-07-27T17:41:34.401Z] [DEBUG] [4640fc3e-67fc-464d-b78b-3e60dad80659] Blender Output: Fra:112 Mem:119.20M (Peak 150.84M) | Time:00:00.22 | Rendering 50 / 64 samples

[2025-07-27T17:41:34.455Z] [DEBUG] [4640fc3e-67fc-464d-b78b-3e60dad80659] Blender Output: Fra:112 Mem:119.20M (Peak 150.84M) | Time:00:00.27 | Rendering 64 / 64 samples

[2025-07-27T17:41:34.530Z] [DEBUG] [4640fc3e-67fc-464d-b78b-3e60dad80659] Blender Output: Append frame 112
Time: 00:00.35 (Saving: 00:00.03)


[2025-07-27T17:41:34.567Z] [DEBUG] [4640fc3e-67fc-464d-b78b-3e60dad80659] Blender Output: Fra:113 Mem:119.20M (Peak 150.84M) | Time:00:00.03 | Rendering 1 / 64 samples

[2025-07-27T17:41:34.660Z] [DEBUG] [4640fc3e-67fc-464d-b78b-3e60dad80659] Blender Output: Fra:113 Mem:119.20M (Peak 150.84M) | Time:00:00.12 | Rendering 25 / 64 samples

[2025-07-27T17:41:34.756Z] [DEBUG] [4640fc3e-67fc-464d-b78b-3e60dad80659] Blender Output: Fra:113 Mem:119.20M (Peak 150.84M) | Time:00:00.22 | Rendering 50 / 64 samples

[2025-07-27T17:41:34.809Z] [DEBUG] [4640fc3e-67fc-464d-b78b-3e60dad80659] Blender Output: Fra:113 Mem:119.20M (Peak 150.84M) | Time:00:00.27 | Rendering 64 / 64 samples

[2025-07-27T17:41:34.881Z] [DEBUG] [4640fc3e-67fc-464d-b78b-3e60dad80659] Blender Output: Append frame 113
Time: 00:00.35 (Saving: 00:00.03)


[2025-07-27T17:41:34.918Z] [DEBUG] [4640fc3e-67fc-464d-b78b-3e60dad80659] Blender Output: Fra:114 Mem:119.20M (Peak 150.84M) | Time:00:00.03 | Rendering 1 / 64 samples

[2025-07-27T17:41:35.011Z] [DEBUG] [4640fc3e-67fc-464d-b78b-3e60dad80659] Blender Output: Fra:114 Mem:119.20M (Peak 150.84M) | Time:00:00.12 | Rendering 25 / 64 samples

[2025-07-27T17:41:35.107Z] [DEBUG] [4640fc3e-67fc-464d-b78b-3e60dad80659] Blender Output: Fra:114 Mem:119.20M (Peak 150.84M) | Time:00:00.22 | Rendering 50 / 64 samples

[2025-07-27T17:41:35.161Z] [DEBUG] [4640fc3e-67fc-464d-b78b-3e60dad80659] Blender Output: Fra:114 Mem:119.20M (Peak 150.84M) | Time:00:00.27 | Rendering 64 / 64 samples

[2025-07-27T17:41:35.233Z] [DEBUG] [4640fc3e-67fc-464d-b78b-3e60dad80659] Blender Output: Append frame 114
Time: 00:00.35 (Saving: 00:00.03)


[2025-07-27T17:41:35.269Z] [DEBUG] [4640fc3e-67fc-464d-b78b-3e60dad80659] Blender Output: Fra:115 Mem:119.20M (Peak 150.84M) | Time:00:00.03 | Rendering 1 / 64 samples

[2025-07-27T17:41:35.361Z] [DEBUG] [4640fc3e-67fc-464d-b78b-3e60dad80659] Blender Output: Fra:115 Mem:119.20M (Peak 150.84M) | Time:00:00.12 | Rendering 25 / 64 samples

[2025-07-27T17:41:35.457Z] [DEBUG] [4640fc3e-67fc-464d-b78b-3e60dad80659] Blender Output: Fra:115 Mem:119.20M (Peak 150.84M) | Time:00:00.22 | Rendering 50 / 64 samples

[2025-07-27T17:41:35.511Z] [DEBUG] [4640fc3e-67fc-464d-b78b-3e60dad80659] Blender Output: Fra:115 Mem:119.20M (Peak 150.84M) | Time:00:00.27 | Rendering 64 / 64 samples

[2025-07-27T17:41:35.586Z] [DEBUG] [4640fc3e-67fc-464d-b78b-3e60dad80659] Blender Output: Append frame 115
Time: 00:00.35 (Saving: 00:00.03)


[2025-07-27T17:41:35.623Z] [DEBUG] [4640fc3e-67fc-464d-b78b-3e60dad80659] Blender Output: Fra:116 Mem:119.20M (Peak 150.84M) | Time:00:00.03 | Rendering 1 / 64 samples

[2025-07-27T17:41:35.717Z] [DEBUG] [4640fc3e-67fc-464d-b78b-3e60dad80659] Blender Output: Fra:116 Mem:119.20M (Peak 150.84M) | Time:00:00.13 | Rendering 25 / 64 samples

[2025-07-27T17:41:35.812Z] [DEBUG] [4640fc3e-67fc-464d-b78b-3e60dad80659] Blender Output: Fra:116 Mem:119.20M (Peak 150.84M) | Time:00:00.22 | Rendering 50 / 64 samples

[2025-07-27T17:41:35.865Z] [DEBUG] [4640fc3e-67fc-464d-b78b-3e60dad80659] Blender Output: Fra:116 Mem:119.20M (Peak 150.84M) | Time:00:00.27 | Rendering 64 / 64 samples

[2025-07-27T17:41:35.938Z] [DEBUG] [4640fc3e-67fc-464d-b78b-3e60dad80659] Blender Output: Append frame 116
Time: 00:00.35 (Saving: 00:00.03)


[2025-07-27T17:41:35.974Z] [DEBUG] [4640fc3e-67fc-464d-b78b-3e60dad80659] Blender Output: Fra:117 Mem:119.20M (Peak 150.84M) | Time:00:00.03 | Rendering 1 / 64 samples

[2025-07-27T17:41:36.068Z] [DEBUG] [4640fc3e-67fc-464d-b78b-3e60dad80659] Blender Output: Fra:117 Mem:119.20M (Peak 150.84M) | Time:00:00.12 | Rendering 25 / 64 samples

[2025-07-27T17:41:36.163Z] [DEBUG] [4640fc3e-67fc-464d-b78b-3e60dad80659] Blender Output: Fra:117 Mem:119.20M (Peak 150.84M) | Time:00:00.22 | Rendering 50 / 64 samples

[2025-07-27T17:41:36.216Z] [DEBUG] [4640fc3e-67fc-464d-b78b-3e60dad80659] Blender Output: Fra:117 Mem:119.20M (Peak 150.84M) | Time:00:00.27 | Rendering 64 / 64 samples

[2025-07-27T17:41:36.292Z] [DEBUG] [4640fc3e-67fc-464d-b78b-3e60dad80659] Blender Output: Append frame 117
Time: 00:00.35 (Saving: 00:00.03)


[2025-07-27T17:41:36.328Z] [DEBUG] [4640fc3e-67fc-464d-b78b-3e60dad80659] Blender Output: Fra:118 Mem:119.20M (Peak 150.84M) | Time:00:00.03 | Rendering 1 / 64 samples

[2025-07-27T17:41:36.419Z] [DEBUG] [4640fc3e-67fc-464d-b78b-3e60dad80659] Blender Output: Fra:118 Mem:119.20M (Peak 150.84M) | Time:00:00.12 | Rendering 25 / 64 samples

[2025-07-27T17:41:36.513Z] [DEBUG] [4640fc3e-67fc-464d-b78b-3e60dad80659] Blender Output: Fra:118 Mem:119.20M (Peak 150.84M) | Time:00:00.22 | Rendering 50 / 64 samples

[2025-07-27T17:41:36.567Z] [DEBUG] [4640fc3e-67fc-464d-b78b-3e60dad80659] Blender Output: Fra:118 Mem:119.20M (Peak 150.84M) | Time:00:00.27 | Rendering 64 / 64 samples

[2025-07-27T17:41:36.642Z] [DEBUG] [4640fc3e-67fc-464d-b78b-3e60dad80659] Blender Output: Append frame 118
Time: 00:00.35 (Saving: 00:00.03)


[2025-07-27T17:41:36.679Z] [DEBUG] [4640fc3e-67fc-464d-b78b-3e60dad80659] Blender Output: Fra:119 Mem:119.20M (Peak 150.84M) | Time:00:00.03 | Rendering 1 / 64 samples

[2025-07-27T17:41:36.773Z] [DEBUG] [4640fc3e-67fc-464d-b78b-3e60dad80659] Blender Output: Fra:119 Mem:119.20M (Peak 150.84M) | Time:00:00.13 | Rendering 25 / 64 samples

[2025-07-27T17:41:36.869Z] [DEBUG] [4640fc3e-67fc-464d-b78b-3e60dad80659] Blender Output: Fra:119 Mem:119.20M (Peak 150.84M) | Time:00:00.22 | Rendering 50 / 64 samples

[2025-07-27T17:41:36.923Z] [DEBUG] [4640fc3e-67fc-464d-b78b-3e60dad80659] Blender Output: Fra:119 Mem:119.20M (Peak 150.84M) | Time:00:00.28 | Rendering 64 / 64 samples

[2025-07-27T17:41:36.994Z] [DEBUG] [4640fc3e-67fc-464d-b78b-3e60dad80659] Blender Output: Append frame 119
Time: 00:00.35 (Saving: 00:00.03)


[2025-07-27T17:41:37.030Z] [DEBUG] [4640fc3e-67fc-464d-b78b-3e60dad80659] Blender Output: Fra:120 Mem:119.20M (Peak 150.84M) | Time:00:00.03 | Rendering 1 / 64 samples

[2025-07-27T17:41:37.121Z] [DEBUG] [4640fc3e-67fc-464d-b78b-3e60dad80659] Blender Output: Fra:120 Mem:119.20M (Peak 150.84M) | Time:00:00.12 | Rendering 25 / 64 samples

[2025-07-27T17:41:37.215Z] [DEBUG] [4640fc3e-67fc-464d-b78b-3e60dad80659] Blender Output: Fra:120 Mem:119.20M (Peak 150.84M) | Time:00:00.22 | Rendering 50 / 64 samples

[2025-07-27T17:41:37.267Z] [DEBUG] [4640fc3e-67fc-464d-b78b-3e60dad80659] Blender Output: Fra:120 Mem:119.20M (Peak 150.84M) | Time:00:00.27 | Rendering 64 / 64 samples

[2025-07-27T17:41:37.340Z] [DEBUG] [4640fc3e-67fc-464d-b78b-3e60dad80659] Blender Output: Append frame 120
Time: 00:00.34 (Saving: 00:00.03)


[2025-07-27T17:41:37.377Z] [DEBUG] [4640fc3e-67fc-464d-b78b-3e60dad80659] Blender Output: Fra:121 Mem:119.20M (Peak 150.84M) | Time:00:00.03 | Rendering 1 / 64 samples

[2025-07-27T17:41:37.471Z] [DEBUG] [4640fc3e-67fc-464d-b78b-3e60dad80659] Blender Output: Fra:121 Mem:119.20M (Peak 150.84M) | Time:00:00.13 | Rendering 25 / 64 samples

[2025-07-27T17:41:37.567Z] [DEBUG] [4640fc3e-67fc-464d-b78b-3e60dad80659] Blender Output: Fra:121 Mem:119.20M (Peak 150.84M) | Time:00:00.22 | Rendering 50 / 64 samples

[2025-07-27T17:41:37.619Z] [DEBUG] [4640fc3e-67fc-464d-b78b-3e60dad80659] Blender Output: Fra:121 Mem:119.20M (Peak 150.84M) | Time:00:00.27 | Rendering 64 / 64 samples

[2025-07-27T17:41:37.695Z] [DEBUG] [4640fc3e-67fc-464d-b78b-3e60dad80659] Blender Output: Append frame 121
Time: 00:00.35 (Saving: 00:00.03)


[2025-07-27T17:41:37.731Z] [DEBUG] [4640fc3e-67fc-464d-b78b-3e60dad80659] Blender Output: Fra:122 Mem:119.20M (Peak 150.84M) | Time:00:00.03 | Rendering 1 / 64 samples

[2025-07-27T17:41:37.824Z] [DEBUG] [4640fc3e-67fc-464d-b78b-3e60dad80659] Blender Output: Fra:122 Mem:119.20M (Peak 150.84M) | Time:00:00.12 | Rendering 25 / 64 samples

[2025-07-27T17:41:37.919Z] [DEBUG] [4640fc3e-67fc-464d-b78b-3e60dad80659] Blender Output: Fra:122 Mem:119.20M (Peak 150.84M) | Time:00:00.22 | Rendering 50 / 64 samples

[2025-07-27T17:41:37.972Z] [DEBUG] [4640fc3e-67fc-464d-b78b-3e60dad80659] Blender Output: Fra:122 Mem:119.20M (Peak 150.84M) | Time:00:00.27 | Rendering 64 / 64 samples

[2025-07-27T17:41:38.046Z] [DEBUG] [4640fc3e-67fc-464d-b78b-3e60dad80659] Blender Output: Append frame 122
Time: 00:00.35 (Saving: 00:00.03)


[2025-07-27T17:41:38.083Z] [DEBUG] [4640fc3e-67fc-464d-b78b-3e60dad80659] Blender Output: Fra:123 Mem:119.20M (Peak 150.84M) | Time:00:00.03 | Rendering 1 / 64 samples

[2025-07-27T17:41:38.175Z] [DEBUG] [4640fc3e-67fc-464d-b78b-3e60dad80659] Blender Output: Fra:123 Mem:119.20M (Peak 150.84M) | Time:00:00.12 | Rendering 25 / 64 samples

[2025-07-27T17:41:38.269Z] [DEBUG] [4640fc3e-67fc-464d-b78b-3e60dad80659] Blender Output: Fra:123 Mem:119.20M (Peak 150.84M) | Time:00:00.22 | Rendering 50 / 64 samples

[2025-07-27T17:41:38.323Z] [DEBUG] [4640fc3e-67fc-464d-b78b-3e60dad80659] Blender Output: Fra:123 Mem:119.20M (Peak 150.84M) | Time:00:00.27 | Rendering 64 / 64 samples

[2025-07-27T17:41:38.397Z] [DEBUG] [4640fc3e-67fc-464d-b78b-3e60dad80659] Blender Output: Append frame 123
Time: 00:00.35 (Saving: 00:00.03)


[2025-07-27T17:41:38.434Z] [DEBUG] [4640fc3e-67fc-464d-b78b-3e60dad80659] Blender Output: Fra:124 Mem:119.20M (Peak 150.84M) | Time:00:00.03 | Rendering 1 / 64 samples

[2025-07-27T17:41:38.526Z] [DEBUG] [4640fc3e-67fc-464d-b78b-3e60dad80659] Blender Output: Fra:124 Mem:119.20M (Peak 150.84M) | Time:00:00.12 | Rendering 25 / 64 samples

[2025-07-27T17:41:38.619Z] [DEBUG] [4640fc3e-67fc-464d-b78b-3e60dad80659] Blender Output: Fra:124 Mem:119.20M (Peak 150.84M) | Time:00:00.22 | Rendering 50 / 64 samples

[2025-07-27T17:41:38.670Z] [DEBUG] [4640fc3e-67fc-464d-b78b-3e60dad80659] Blender Output: Fra:124 Mem:119.20M (Peak 150.84M) | Time:00:00.27 | Rendering 64 / 64 samples

[2025-07-27T17:41:38.747Z] [DEBUG] [4640fc3e-67fc-464d-b78b-3e60dad80659] Blender Output: Append frame 124
Time: 00:00.34 (Saving: 00:00.03)


[2025-07-27T17:41:38.783Z] [DEBUG] [4640fc3e-67fc-464d-b78b-3e60dad80659] Blender Output: Fra:125 Mem:119.20M (Peak 150.84M) | Time:00:00.03 | Rendering 1 / 64 samples

[2025-07-27T17:41:38.877Z] [DEBUG] [4640fc3e-67fc-464d-b78b-3e60dad80659] Blender Output: Fra:125 Mem:119.20M (Peak 150.84M) | Time:00:00.13 | Rendering 25 / 64 samples

[2025-07-27T17:41:38.972Z] [DEBUG] [4640fc3e-67fc-464d-b78b-3e60dad80659] Blender Output: Fra:125 Mem:119.20M (Peak 150.84M) | Time:00:00.22 | Rendering 50 / 64 samples

[2025-07-27T17:41:39.026Z] [DEBUG] [4640fc3e-67fc-464d-b78b-3e60dad80659] Blender Output: Fra:125 Mem:119.20M (Peak 150.84M) | Time:00:00.27 | Rendering 64 / 64 samples

[2025-07-27T17:41:39.101Z] [DEBUG] [4640fc3e-67fc-464d-b78b-3e60dad80659] Blender Output: Append frame 125
Time: 00:00.35 (Saving: 00:00.03)


[2025-07-27T17:41:39.138Z] [DEBUG] [4640fc3e-67fc-464d-b78b-3e60dad80659] Blender Output: Fra:126 Mem:119.20M (Peak 150.84M) | Time:00:00.03 | Rendering 1 / 64 samples

[2025-07-27T17:41:39.230Z] [DEBUG] [4640fc3e-67fc-464d-b78b-3e60dad80659] Blender Output: Fra:126 Mem:119.20M (Peak 150.84M) | Time:00:00.12 | Rendering 25 / 64 samples

[2025-07-27T17:41:39.324Z] [DEBUG] [4640fc3e-67fc-464d-b78b-3e60dad80659] Blender Output: Fra:126 Mem:119.20M (Peak 150.84M) | Time:00:00.22 | Rendering 50 / 64 samples

[2025-07-27T17:41:39.378Z] [DEBUG] [4640fc3e-67fc-464d-b78b-3e60dad80659] Blender Output: Fra:126 Mem:119.20M (Peak 150.84M) | Time:00:00.27 | Rendering 64 / 64 samples

[2025-07-27T17:41:39.449Z] [DEBUG] [4640fc3e-67fc-464d-b78b-3e60dad80659] Blender Output: Append frame 126
Time: 00:00.34 (Saving: 00:00.03)


[2025-07-27T17:41:39.486Z] [DEBUG] [4640fc3e-67fc-464d-b78b-3e60dad80659] Blender Output: Fra:127 Mem:119.20M (Peak 150.84M) | Time:00:00.03 | Rendering 1 / 64 samples

[2025-07-27T17:41:39.580Z] [DEBUG] [4640fc3e-67fc-464d-b78b-3e60dad80659] Blender Output: Fra:127 Mem:119.20M (Peak 150.84M) | Time:00:00.13 | Rendering 25 / 64 samples

[2025-07-27T17:41:39.675Z] [DEBUG] [4640fc3e-67fc-464d-b78b-3e60dad80659] Blender Output: Fra:127 Mem:119.20M (Peak 150.84M) | Time:00:00.22 | Rendering 50 / 64 samples

[2025-07-27T17:41:39.728Z] [DEBUG] [4640fc3e-67fc-464d-b78b-3e60dad80659] Blender Output: Fra:127 Mem:119.20M (Peak 150.84M) | Time:00:00.27 | Rendering 64 / 64 samples

[2025-07-27T17:41:39.801Z] [DEBUG] [4640fc3e-67fc-464d-b78b-3e60dad80659] Blender Output: Append frame 127
Time: 00:00.35 (Saving: 00:00.03)


[2025-07-27T17:41:39.837Z] [DEBUG] [4640fc3e-67fc-464d-b78b-3e60dad80659] Blender Output: Fra:128 Mem:119.20M (Peak 150.84M) | Time:00:00.03 | Rendering 1 / 64 samples

[2025-07-27T17:41:39.930Z] [DEBUG] [4640fc3e-67fc-464d-b78b-3e60dad80659] Blender Output: Fra:128 Mem:119.20M (Peak 150.84M) | Time:00:00.12 | Rendering 25 / 64 samples

[2025-07-27T17:41:40.025Z] [DEBUG] [4640fc3e-67fc-464d-b78b-3e60dad80659] Blender Output: Fra:128 Mem:119.20M (Peak 150.84M) | Time:00:00.22 | Rendering 50 / 64 samples

[2025-07-27T17:41:40.078Z] [DEBUG] [4640fc3e-67fc-464d-b78b-3e60dad80659] Blender Output: Fra:128 Mem:119.20M (Peak 150.84M) | Time:00:00.27 | Rendering 64 / 64 samples

[2025-07-27T17:41:40.154Z] [DEBUG] [4640fc3e-67fc-464d-b78b-3e60dad80659] Blender Output: Append frame 128
Time: 00:00.35 (Saving: 00:00.03)


[2025-07-27T17:41:40.191Z] [DEBUG] [4640fc3e-67fc-464d-b78b-3e60dad80659] Blender Output: Fra:129 Mem:119.20M (Peak 150.84M) | Time:00:00.03 | Rendering 1 / 64 samples

[2025-07-27T17:41:40.283Z] [DEBUG] [4640fc3e-67fc-464d-b78b-3e60dad80659] Blender Output: Fra:129 Mem:119.20M (Peak 150.84M) | Time:00:00.12 | Rendering 25 / 64 samples

[2025-07-27T17:41:40.377Z] [DEBUG] [4640fc3e-67fc-464d-b78b-3e60dad80659] Blender Output: Fra:129 Mem:119.20M (Peak 150.84M) | Time:00:00.22 | Rendering 50 / 64 samples

[2025-07-27T17:41:40.430Z] [DEBUG] [4640fc3e-67fc-464d-b78b-3e60dad80659] Blender Output: Fra:129 Mem:119.20M (Peak 150.84M) | Time:00:00.27 | Rendering 64 / 64 samples

[2025-07-27T17:41:40.504Z] [DEBUG] [4640fc3e-67fc-464d-b78b-3e60dad80659] Blender Output: Append frame 129
Time: 00:00.35 (Saving: 00:00.03)


[2025-07-27T17:41:40.541Z] [DEBUG] [4640fc3e-67fc-464d-b78b-3e60dad80659] Blender Output: Fra:130 Mem:119.20M (Peak 150.84M) | Time:00:00.03 | Rendering 1 / 64 samples

[2025-07-27T17:41:40.635Z] [DEBUG] [4640fc3e-67fc-464d-b78b-3e60dad80659] Blender Output: Fra:130 Mem:119.20M (Peak 150.84M) | Time:00:00.13 | Rendering 25 / 64 samples

[2025-07-27T17:41:40.730Z] [DEBUG] [4640fc3e-67fc-464d-b78b-3e60dad80659] Blender Output: Fra:130 Mem:119.20M (Peak 150.84M) | Time:00:00.22 | Rendering 50 / 64 samples

[2025-07-27T17:41:40.783Z] [DEBUG] [4640fc3e-67fc-464d-b78b-3e60dad80659] Blender Output: Fra:130 Mem:119.20M (Peak 150.84M) | Time:00:00.27 | Rendering 64 / 64 samples

[2025-07-27T17:41:40.859Z] [DEBUG] [4640fc3e-67fc-464d-b78b-3e60dad80659] Blender Output: Append frame 130
Time: 00:00.35 (Saving: 00:00.03)


[2025-07-27T17:41:40.895Z] [DEBUG] [4640fc3e-67fc-464d-b78b-3e60dad80659] Blender Output: Fra:131 Mem:119.20M (Peak 150.84M) | Time:00:00.03 | Rendering 1 / 64 samples

[2025-07-27T17:41:40.988Z] [DEBUG] [4640fc3e-67fc-464d-b78b-3e60dad80659] Blender Output: Fra:131 Mem:119.20M (Peak 150.84M) | Time:00:00.12 | Rendering 25 / 64 samples

[2025-07-27T17:41:41.081Z] [DEBUG] [4640fc3e-67fc-464d-b78b-3e60dad80659] Blender Output: Fra:131 Mem:119.20M (Peak 150.84M) | Time:00:00.22 | Rendering 50 / 64 samples

[2025-07-27T17:41:41.135Z] [DEBUG] [4640fc3e-67fc-464d-b78b-3e60dad80659] Blender Output: Fra:131 Mem:119.20M (Peak 150.84M) | Time:00:00.27 | Rendering 64 / 64 samples

[2025-07-27T17:41:41.209Z] [DEBUG] [4640fc3e-67fc-464d-b78b-3e60dad80659] Blender Output: Append frame 131
Time: 00:00.35 (Saving: 00:00.03)


[2025-07-27T17:41:41.246Z] [DEBUG] [4640fc3e-67fc-464d-b78b-3e60dad80659] Blender Output: Fra:132 Mem:119.20M (Peak 150.84M) | Time:00:00.03 | Rendering 1 / 64 samples

[2025-07-27T17:41:41.338Z] [DEBUG] [4640fc3e-67fc-464d-b78b-3e60dad80659] Blender Output: Fra:132 Mem:119.20M (Peak 150.84M) | Time:00:00.12 | Rendering 25 / 64 samples

[2025-07-27T17:41:41.431Z] [DEBUG] [4640fc3e-67fc-464d-b78b-3e60dad80659] Blender Output: Fra:132 Mem:119.20M (Peak 150.84M) | Time:00:00.22 | Rendering 50 / 64 samples

[2025-07-27T17:41:41.484Z] [DEBUG] [4640fc3e-67fc-464d-b78b-3e60dad80659] Blender Output: Fra:132 Mem:119.20M (Peak 150.84M) | Time:00:00.27 | Rendering 64 / 64 samples

[2025-07-27T17:41:41.559Z] [DEBUG] [4640fc3e-67fc-464d-b78b-3e60dad80659] Blender Output: Append frame 132
Time: 00:00.34 (Saving: 00:00.03)


[2025-07-27T17:41:41.605Z] [DEBUG] [4640fc3e-67fc-464d-b78b-3e60dad80659] Blender Output: Fra:133 Mem:119.20M (Peak 150.84M) | Time:00:00.04 | Rendering 1 / 64 samples

[2025-07-27T17:41:41.698Z] [DEBUG] [4640fc3e-67fc-464d-b78b-3e60dad80659] Blender Output: Fra:133 Mem:119.20M (Peak 150.84M) | Time:00:00.13 | Rendering 25 / 64 samples

[2025-07-27T17:41:41.791Z] [DEBUG] [4640fc3e-67fc-464d-b78b-3e60dad80659] Blender Output: Fra:133 Mem:119.20M (Peak 150.84M) | Time:00:00.23 | Rendering 50 / 64 samples

[2025-07-27T17:41:41.844Z] [DEBUG] [4640fc3e-67fc-464d-b78b-3e60dad80659] Blender Output: Fra:133 Mem:119.20M (Peak 150.84M) | Time:00:00.28 | Rendering 64 / 64 samples

[2025-07-27T17:41:41.919Z] [DEBUG] [4640fc3e-67fc-464d-b78b-3e60dad80659] Blender Output: Append frame 133
Time: 00:00.35 (Saving: 00:00.03)


[2025-07-27T17:41:41.956Z] [DEBUG] [4640fc3e-67fc-464d-b78b-3e60dad80659] Blender Output: Fra:134 Mem:119.20M (Peak 150.84M) | Time:00:00.03 | Rendering 1 / 64 samples

[2025-07-27T17:41:42.048Z] [DEBUG] [4640fc3e-67fc-464d-b78b-3e60dad80659] Blender Output: Fra:134 Mem:119.20M (Peak 150.84M) | Time:00:00.12 | Rendering 25 / 64 samples

[2025-07-27T17:41:42.142Z] [DEBUG] [4640fc3e-67fc-464d-b78b-3e60dad80659] Blender Output: Fra:134 Mem:119.20M (Peak 150.84M) | Time:00:00.22 | Rendering 50 / 64 samples

[2025-07-27T17:41:42.197Z] [DEBUG] [4640fc3e-67fc-464d-b78b-3e60dad80659] Blender Output: Fra:134 Mem:119.20M (Peak 150.84M) | Time:00:00.27 | Rendering 64 / 64 samples

[2025-07-27T17:41:42.271Z] [DEBUG] [4640fc3e-67fc-464d-b78b-3e60dad80659] Blender Output: Append frame 134
Time: 00:00.35 (Saving: 00:00.03)


[2025-07-27T17:41:42.308Z] [DEBUG] [4640fc3e-67fc-464d-b78b-3e60dad80659] Blender Output: Fra:135 Mem:119.20M (Peak 150.84M) | Time:00:00.03 | Rendering 1 / 64 samples

[2025-07-27T17:41:42.400Z] [DEBUG] [4640fc3e-67fc-464d-b78b-3e60dad80659] Blender Output: Fra:135 Mem:119.20M (Peak 150.84M) | Time:00:00.12 | Rendering 25 / 64 samples

[2025-07-27T17:41:42.495Z] [DEBUG] [4640fc3e-67fc-464d-b78b-3e60dad80659] Blender Output: Fra:135 Mem:119.20M (Peak 150.84M) | Time:00:00.22 | Rendering 50 / 64 samples

[2025-07-27T17:41:42.549Z] [DEBUG] [4640fc3e-67fc-464d-b78b-3e60dad80659] Blender Output: Fra:135 Mem:119.20M (Peak 150.84M) | Time:00:00.27 | Rendering 64 / 64 samples

[2025-07-27T17:41:42.623Z] [DEBUG] [4640fc3e-67fc-464d-b78b-3e60dad80659] Blender Output: Append frame 135
Time: 00:00.35 (Saving: 00:00.03)


[2025-07-27T17:41:42.659Z] [DEBUG] [4640fc3e-67fc-464d-b78b-3e60dad80659] Blender Output: Fra:136 Mem:119.20M (Peak 150.84M) | Time:00:00.03 | Rendering 1 / 64 samples

[2025-07-27T17:41:42.751Z] [DEBUG] [4640fc3e-67fc-464d-b78b-3e60dad80659] Blender Output: Fra:136 Mem:119.20M (Peak 150.84M) | Time:00:00.12 | Rendering 25 / 64 samples

[2025-07-27T17:41:42.845Z] [DEBUG] [4640fc3e-67fc-464d-b78b-3e60dad80659] Blender Output: Fra:136 Mem:119.20M (Peak 150.84M) | Time:00:00.22 | Rendering 50 / 64 samples

[2025-07-27T17:41:42.898Z] [DEBUG] [4640fc3e-67fc-464d-b78b-3e60dad80659] Blender Output: Fra:136 Mem:119.20M (Peak 150.84M) | Time:00:00.27 | Rendering 64 / 64 samples

[2025-07-27T17:41:42.971Z] [DEBUG] [4640fc3e-67fc-464d-b78b-3e60dad80659] Blender Output: Append frame 136
Time: 00:00.34 (Saving: 00:00.03)


[2025-07-27T17:41:43.008Z] [DEBUG] [4640fc3e-67fc-464d-b78b-3e60dad80659] Blender Output: Fra:137 Mem:119.20M (Peak 150.84M) | Time:00:00.03 | Rendering 1 / 64 samples

[2025-07-27T17:41:43.100Z] [DEBUG] [4640fc3e-67fc-464d-b78b-3e60dad80659] Blender Output: Fra:137 Mem:119.20M (Peak 150.84M) | Time:00:00.12 | Rendering 25 / 64 samples

[2025-07-27T17:41:43.197Z] [DEBUG] [4640fc3e-67fc-464d-b78b-3e60dad80659] Blender Output: Fra:137 Mem:119.20M (Peak 150.84M) | Time:00:00.22 | Rendering 50 / 64 samples

[2025-07-27T17:41:43.250Z] [DEBUG] [4640fc3e-67fc-464d-b78b-3e60dad80659] Blender Output: Fra:137 Mem:119.20M (Peak 150.84M) | Time:00:00.27 | Rendering 64 / 64 samples

[2025-07-27T17:41:43.325Z] [DEBUG] [4640fc3e-67fc-464d-b78b-3e60dad80659] Blender Output: Append frame 137
Time: 00:00.35 (Saving: 00:00.03)


[2025-07-27T17:41:43.362Z] [DEBUG] [4640fc3e-67fc-464d-b78b-3e60dad80659] Blender Output: Fra:138 Mem:119.20M (Peak 150.84M) | Time:00:00.03 | Rendering 1 / 64 samples

[2025-07-27T17:41:43.455Z] [DEBUG] [4640fc3e-67fc-464d-b78b-3e60dad80659] Blender Output: Fra:138 Mem:119.20M (Peak 150.84M) | Time:00:00.12 | Rendering 25 / 64 samples

[2025-07-27T17:41:43.553Z] [DEBUG] [4640fc3e-67fc-464d-b78b-3e60dad80659] Blender Output: Fra:138 Mem:119.20M (Peak 150.84M) | Time:00:00.22 | Rendering 50 / 64 samples

[2025-07-27T17:41:43.606Z] [DEBUG] [4640fc3e-67fc-464d-b78b-3e60dad80659] Blender Output: Fra:138 Mem:119.20M (Peak 150.84M) | Time:00:00.28 | Rendering 64 / 64 samples

[2025-07-27T17:41:43.680Z] [DEBUG] [4640fc3e-67fc-464d-b78b-3e60dad80659] Blender Output: Append frame 138
Time: 00:00.35 (Saving: 00:00.03)


[2025-07-27T17:41:43.716Z] [DEBUG] [4640fc3e-67fc-464d-b78b-3e60dad80659] Blender Output: Fra:139 Mem:119.20M (Peak 150.84M) | Time:00:00.03 | Rendering 1 / 64 samples

[2025-07-27T17:41:43.810Z] [DEBUG] [4640fc3e-67fc-464d-b78b-3e60dad80659] Blender Output: Fra:139 Mem:119.20M (Peak 150.84M) | Time:00:00.13 | Rendering 25 / 64 samples

[2025-07-27T17:41:43.904Z] [DEBUG] [4640fc3e-67fc-464d-b78b-3e60dad80659] Blender Output: Fra:139 Mem:119.20M (Peak 150.84M) | Time:00:00.22 | Rendering 50 / 64 samples

[2025-07-27T17:41:43.957Z] [DEBUG] [4640fc3e-67fc-464d-b78b-3e60dad80659] Blender Output: Fra:139 Mem:119.20M (Peak 150.84M) | Time:00:00.27 | Rendering 64 / 64 samples

[2025-07-27T17:41:44.032Z] [DEBUG] [4640fc3e-67fc-464d-b78b-3e60dad80659] Blender Output: Append frame 139
Time: 00:00.35 (Saving: 00:00.03)


[2025-07-27T17:41:44.068Z] [DEBUG] [4640fc3e-67fc-464d-b78b-3e60dad80659] Blender Output: Fra:140 Mem:119.20M (Peak 150.84M) | Time:00:00.03 | Rendering 1 / 64 samples

[2025-07-27T17:41:44.161Z] [DEBUG] [4640fc3e-67fc-464d-b78b-3e60dad80659] Blender Output: Fra:140 Mem:119.20M (Peak 150.84M) | Time:00:00.12 | Rendering 25 / 64 samples

[2025-07-27T17:41:44.255Z] [DEBUG] [4640fc3e-67fc-464d-b78b-3e60dad80659] Blender Output: Fra:140 Mem:119.20M (Peak 150.84M) | Time:00:00.22 | Rendering 50 / 64 samples

[2025-07-27T17:41:44.307Z] [DEBUG] [4640fc3e-67fc-464d-b78b-3e60dad80659] Blender Output: Fra:140 Mem:119.20M (Peak 150.84M) | Time:00:00.27 | Rendering 64 / 64 samples

[2025-07-27T17:41:44.382Z] [DEBUG] [4640fc3e-67fc-464d-b78b-3e60dad80659] Blender Output: Append frame 140
Time: 00:00.35 (Saving: 00:00.03)


[2025-07-27T17:41:44.418Z] [DEBUG] [4640fc3e-67fc-464d-b78b-3e60dad80659] Blender Output: Fra:141 Mem:119.20M (Peak 150.84M) | Time:00:00.03 | Rendering 1 / 64 samples

[2025-07-27T17:41:44.510Z] [DEBUG] [4640fc3e-67fc-464d-b78b-3e60dad80659] Blender Output: Fra:141 Mem:119.20M (Peak 150.84M) | Time:00:00.12 | Rendering 25 / 64 samples

[2025-07-27T17:41:44.606Z] [DEBUG] [4640fc3e-67fc-464d-b78b-3e60dad80659] Blender Output: Fra:141 Mem:119.20M (Peak 150.84M) | Time:00:00.22 | Rendering 50 / 64 samples

[2025-07-27T17:41:44.660Z] [DEBUG] [4640fc3e-67fc-464d-b78b-3e60dad80659] Blender Output: Fra:141 Mem:119.20M (Peak 150.84M) | Time:00:00.27 | Rendering 64 / 64 samples

[2025-07-27T17:41:44.730Z] [DEBUG] [4640fc3e-67fc-464d-b78b-3e60dad80659] Blender Output: Append frame 141
Time: 00:00.34 (Saving: 00:00.03)


[2025-07-27T17:41:44.767Z] [DEBUG] [4640fc3e-67fc-464d-b78b-3e60dad80659] Blender Output: Fra:142 Mem:119.20M (Peak 150.84M) | Time:00:00.03 | Rendering 1 / 64 samples

[2025-07-27T17:41:44.859Z] [DEBUG] [4640fc3e-67fc-464d-b78b-3e60dad80659] Blender Output: Fra:142 Mem:119.20M (Peak 150.84M) | Time:00:00.12 | Rendering 25 / 64 samples

[2025-07-27T17:41:44.956Z] [DEBUG] [4640fc3e-67fc-464d-b78b-3e60dad80659] Blender Output: Fra:142 Mem:119.20M (Peak 150.84M) | Time:00:00.22 | Rendering 50 / 64 samples

[2025-07-27T17:41:45.008Z] [DEBUG] [4640fc3e-67fc-464d-b78b-3e60dad80659] Blender Output: Fra:142 Mem:119.20M (Peak 150.84M) | Time:00:00.27 | Rendering 64 / 64 samples

[2025-07-27T17:41:45.084Z] [DEBUG] [4640fc3e-67fc-464d-b78b-3e60dad80659] Blender Output: Append frame 142
Time: 00:00.35 (Saving: 00:00.03)


[2025-07-27T17:41:45.277Z] [DEBUG] [4640fc3e-67fc-464d-b78b-3e60dad80659] Blender Output: 🎯 V1.4.0.a.8.1 - HOTFIX BLENDER 4.5+ INICIADO
🛡️ BLINDAGEM: V1.4.0.a.7 sync perfeito preservado
🔧 HOTFIX: APIs compatíveis com Blender 4.5+ e EEVEE_NEXT
📂 Working directory: C:\Users\Denys Victoriano\Documents\GitHub\clone\zentraw\Zentraw\3d_visualizer\Blender
🐍 Python script: C:\Users\Denys Victoriano\Documents\GitHub\clone\zentraw\Zentraw\3d_visualizer\Blender\render_audio_visualizer_v1.4.0.a.8.1.py
🔍 Verificando existência dos arquivos...
✅ Todos os arquivos validados com sucesso
🎵 Áudio: C:\Users\Denys Victoriano\Documents\GitHub\clone\zentraw\Zentraw\3d_visualizer\uploads\1753638051475_audio.wav
🖼️ Imagem: C:\Users\Denys Victoriano\Documents\GitHub\clone\zentraw\Zentraw\3d_visualizer\uploads\1753638051479_image.jpg
📁 Output (absoluto): C:\Users\Denys Victoriano\Documents\GitHub\clone\zentraw\Zentraw\3d_visualizer\outputs\output_v1.4.0.a.8.mp4
⚙️ Config: C:\Users\Denys Victoriano\Documents\GitHub\clone\zentraw\Zentraw\3d_visualizer\temp\config_4640fc3e-67fc-464d-b78b-3e60dad80659.json
📊 CONFIGURAÇÕES APLICADAS V1.4.0.a.8.1 HOTFIX:
   🎬 Resolução: 1920x1080 (Full HD padrão)
   🎞️ FPS: 30
   🔍 Samples: 128
   ⚡ Engine: BLENDER_EEVEE_NEXT (Eevee Next padrão - Blender 4.5+)
   📊 Amplitude Multiplier: 1.0x (V1.4.0.a.7 BLINDADO)
   🌊 Suavização: 1
   🎧 Canais: mono
   📦 Escala Base: 1.0x
   📈 Escala Máxima: 2.0x
   🎯 Partículas: 64
   📏 Espaçamento: 1.2
🎬 Setting up scene...
🚀 Render engine: BLENDER_EEVEE_NEXT
📐 Resolução: 1920x1080
⚡ Eevee configurado para velocidade (samples: 64)
✅ Samples Eevee configurados
🔒 Definindo caminho de saída do render: C:\Users\Denys Victoriano\Documents\GitHub\clone\zentraw\Zentraw\3d_visualizer\outputs\output_v1.4.0.a.8.mp4
🎵 Carregando áudio...
🎵 Áudio carregado: 227324 samples, 48000Hz, 2 canais
⏱️ Duração: 4.74s, 142 frames @ 30fps
🎯 Criando sistema de cubos...
✅ 64 cubos criados
🎵 Animando baseado no áudio...
✅ Animação completa
🖼️ Adicionando imagem de fundo: C:\Users\Denys Victoriano\Documents\GitHub\clone\zentraw\Zentraw\3d_visualizer\uploads\1753638051479_image.jpg
🎵 Configurando áudio no sequencer...
🎬 Iniciando render...
📊 Engine: BLENDER_EEVEE_NEXT
📐 Resolução: 1920x1080
⏱️ Frames: 142
🎵 Com áudio: True
🎉 Render concluído com sucesso!
📂 Arquivos no diretório de saída (C:\Users\Denys Victoriano\Documents\GitHub\clone\zentraw\Zentraw\3d_visualizer\outputs):
 - output_v1.4.0.a.8.mp4
✅ Arquivo MP4 gerado: C:\Users\Denys Victoriano\Documents\GitHub\clone\zentraw\Zentraw\3d_visualizer\outputs\output_v1.4.0.a.8.mp4

[2025-07-27T17:41:45.524Z] [DEBUG] [4640fc3e-67fc-464d-b78b-3e60dad80659] Blender Output: 
Blender quit

[2025-07-27T17:41:45.580Z] [INFO] [4640fc3e-67fc-464d-b78b-3e60dad80659] Blender process finalizado com código: 0
[2025-07-27T17:41:45.581Z] [SUCCESS] [4640fc3e-67fc-464d-b78b-3e60dad80659] Render concluído: C:\Users\Denys Victoriano\Documents\GitHub\clone\zentraw\Zentraw\3d_visualizer\outputs\output_v1.4.0.a.8.mp4
